epoch,iso,phase,interval_ms,power.draw,utilization.gpu,utilization.memory,memory.used,clocks.sm,clocks.mem,temperature.gpu
1789867859.215,2026-09-20T01:30:59.215440+00:00,baseline,35.9,643.55,99.0,5.0,884.0,1980.0,3201.0,53.0
1789867859.249,2026-09-20T01:30:59.249157+00:00,baseline,33.7,643.47,99.0,5.0,884.0,1980.0,3201.0,53.0
1789867859.278,2026-09-20T01:30:59.278064+00:00,baseline,28.9,643.47,99.0,5.0,884.0,1980.0,3201.0,53.0
1789867859.31,2026-09-20T01:30:59.309623+00:00,baseline,31.6,643.47,99.0,5.0,884.0,1980.0,3201.0,53.0
1789867859.338,2026-09-20T01:30:59.338158+00:00,baseline,28.5,643.68,99.0,5.0,884.0,1980.0,3201.0,53.0
1789867859.37,2026-09-20T01:30:59.369765+00:00,baseline,31.6,643.68,99.0,5.0,884.0,1980.0,3201.0,53.0
1789867859.401,2026-09-20T01:30:59.400991+00:00,baseline,31.2,643.68,99.0,5.0,884.0,1980.0,3201.0,53.0
1789867859.432,2026-09-20T01:30:59.432497+00:00,baseline,31.5,643.22,99.0,5.0,884.0,1980.0,3201.0,53.0
1789867859.464,2026-09-20T01:30:59.464298+00:00,baseline,31.8,643.22,99.0,5.0,884.0,1980.0,3201.0,53.0
1789867859.494,2026-09-20T01:30:59.493740+00:00,baseline,29.4,643.22,99.0,5.0,884.0,1980.0,3201.0,53.0
1789867859.525,2026-09-20T01:30:59.525406+00:00,baseline,31.7,643.22,99.0,5.0,884.0,1980.0,3201.0,53.0
1789867859.554,2026-09-20T01:30:59.554014+00:00,baseline,28.6,643.25,99.0,5.0,884.0,1980.0,3201.0,53.0
1789867859.583,2026-09-20T01:30:59.582986+00:00,baseline,29.0,643.25,99.0,5.0,884.0,1980.0,3201.0,54.0
1789867859.612,2026-09-20T01:30:59.611520+00:00,baseline,28.5,643.25,99.0,5.0,884.0,1980.0,3201.0,54.0
1789867859.641,2026-09-20T01:30:59.641437+00:00,baseline,29.9,643.38,99.0,5.0,884.0,1980.0,3201.0,54.0
1789867859.67,2026-09-20T01:30:59.670496+00:00,baseline,29.1,643.38,99.0,5.0,884.0,1980.0,3201.0,54.0
1789867859.7,2026-09-20T01:30:59.699681+00:00,baseline,29.2,643.38,99.0,5.0,884.0,1980.0,3201.0,54.0
1789867859.731,2026-09-20T01:30:59.731112+00:00,baseline,31.4,643.61,99.0,5.0,884.0,1980.0,3201.0,54.0
1789867859.76,2026-09-20T01:30:59.759655+00:00,baseline,28.5,643.61,99.0,5.0,884.0,1980.0,3201.0,54.0
1789867859.791,2026-09-20T01:30:59.791269+00:00,baseline,31.6,643.61,99.0,5.0,884.0,1980.0,3201.0,54.0
1789867859.822,2026-09-20T01:30:59.822468+00:00,baseline,31.2,643.61,99.0,5.0,884.0,1980.0,3201.0,54.0
1789867859.856,2026-09-20T01:30:59.855813+00:00,baseline,33.3,643.79,99.0,5.0,884.0,1980.0,3201.0,54.0
1789867859.885,2026-09-20T01:30:59.885077+00:00,baseline,29.3,643.79,99.0,5.0,884.0,1980.0,3201.0,54.0
1789867859.916,2026-09-20T01:30:59.916472+00:00,baseline,31.4,643.79,99.0,5.0,884.0,1980.0,3201.0,54.0
1789867859.946,2026-09-20T01:30:59.945522+00:00,baseline,29.0,643.8,99.0,5.0,884.0,1980.0,3201.0,54.0
1789867859.974,2026-09-20T01:30:59.974039+00:00,baseline,28.5,643.8,99.0,5.0,884.0,1980.0,3201.0,54.0
1789867860.003,2026-09-20T01:31:00.002535+00:00,baseline,28.5,643.8,99.0,5.0,884.0,1980.0,3201.0,54.0
1789867860.034,2026-09-20T01:31:00.034208+00:00,baseline,31.7,643.68,99.0,5.0,884.0,1980.0,3201.0,54.0
1789867860.063,2026-09-20T01:31:00.062813+00:00,baseline,28.6,643.68,99.0,5.0,884.0,1980.0,3201.0,54.0
1789867860.091,2026-09-20T01:31:00.091333+00:00,baseline,28.5,643.68,99.0,5.0,884.0,1980.0,3201.0,54.0
1789867860.123,2026-09-20T01:31:00.122619+00:00,baseline,31.3,643.68,99.0,5.0,884.0,1980.0,3201.0,54.0
1789867860.153,2026-09-20T01:31:00.153333+00:00,baseline,30.7,643.95,99.0,5.0,884.0,1980.0,3201.0,54.0
1789867860.184,2026-09-20T01:31:00.184446+00:00,baseline,31.1,643.95,99.0,5.0,884.0,1980.0,3201.0,54.0
1789867860.213,2026-09-20T01:31:00.212846+00:00,baseline,28.4,643.95,99.0,5.0,884.0,1980.0,3201.0,54.0
1789867860.241,2026-09-20T01:31:00.241386+00:00,baseline,28.5,644.1,99.0,5.0,884.0,1980.0,3201.0,54.0
1789867860.271,2026-09-20T01:31:00.270698+00:00,baseline,29.3,644.1,99.0,5.0,884.0,1980.0,3201.0,54.0
1789867860.299,2026-09-20T01:31:00.299260+00:00,baseline,28.6,644.1,99.0,5.0,884.0,1980.0,3201.0,54.0
1789867860.328,2026-09-20T01:31:00.327513+00:00,baseline,28.3,644.1,99.0,5.0,884.0,1980.0,3201.0,54.0
1789867860.357,2026-09-20T01:31:00.357312+00:00,baseline,29.8,644.28,99.0,5.0,884.0,1980.0,3201.0,54.0
1789867860.388,2026-09-20T01:31:00.388234+00:00,baseline,30.9,644.28,99.0,5.0,884.0,1980.0,3201.0,54.0
1789867860.417,2026-09-20T01:31:00.416798+00:00,baseline,28.6,644.28,99.0,5.0,884.0,1980.0,3201.0,54.0
1789867860.445,2026-09-20T01:31:00.445084+00:00,baseline,28.3,644.88,99.0,5.0,884.0,1980.0,3201.0,54.0
1789867860.474,2026-09-20T01:31:00.473669+00:00,baseline,28.6,644.88,99.0,5.0,884.0,1980.0,3201.0,54.0
1789867860.505,2026-09-20T01:31:00.504840+00:00,baseline,31.2,644.88,99.0,5.0,884.0,1980.0,3201.0,54.0
1789867860.533,2026-09-20T01:31:00.533391+00:00,baseline,28.6,644.88,99.0,5.0,884.0,1980.0,3201.0,54.0
1789867860.563,2026-09-20T01:31:00.562547+00:00,baseline,29.2,644.79,99.0,5.0,884.0,1980.0,3201.0,54.0
1789867860.593,2026-09-20T01:31:00.593446+00:00,baseline,30.9,644.79,99.0,5.0,884.0,1980.0,3201.0,54.0
1789867860.622,2026-09-20T01:31:00.621773+00:00,baseline,28.3,644.79,99.0,5.0,884.0,1980.0,3201.0,54.0
1789867860.651,2026-09-20T01:31:00.650949+00:00,baseline,29.2,645.37,99.0,5.0,884.0,1980.0,3201.0,54.0
1789867860.68,2026-09-20T01:31:00.679669+00:00,baseline,28.7,645.37,99.0,5.0,884.0,1980.0,3201.0,54.0
1789867860.708,2026-09-20T01:31:00.707942+00:00,baseline,28.3,645.37,99.0,5.0,884.0,1980.0,3201.0,54.0
1789867860.739,2026-09-20T01:31:00.739296+00:00,baseline,31.4,645.0,99.0,5.0,884.0,1980.0,3201.0,54.0
1789867860.768,2026-09-20T01:31:00.767879+00:00,baseline,28.6,645.0,99.0,5.0,884.0,1980.0,3201.0,54.0
1789867860.798,2026-09-20T01:31:00.798033+00:00,baseline,30.2,645.0,99.0,5.0,884.0,1980.0,3201.0,54.0
1789867860.826,2026-09-20T01:31:00.826413+00:00,baseline,28.4,645.0,99.0,5.0,884.0,1980.0,3201.0,54.0
1789867860.855,2026-09-20T01:31:00.854932+00:00,baseline,28.5,645.11,99.0,5.0,884.0,1980.0,3201.0,54.0
1789867860.884,2026-09-20T01:31:00.884249+00:00,baseline,29.3,645.11,99.0,5.0,884.0,1980.0,3201.0,54.0
1789867860.913,2026-09-20T01:31:00.912564+00:00,baseline,28.3,645.11,99.0,5.0,884.0,1980.0,3201.0,54.0
1789867860.941,2026-09-20T01:31:00.940914+00:00,baseline,28.4,645.0,99.0,5.0,884.0,1980.0,3201.0,54.0
1789867860.969,2026-09-20T01:31:00.969380+00:00,baseline,28.5,645.0,99.0,5.0,884.0,1980.0,3201.0,54.0
1789867860.998,2026-09-20T01:31:00.998099+00:00,baseline,28.7,645.0,99.0,5.0,884.0,1980.0,3201.0,54.0
1789867861.031,2026-09-20T01:31:01.031050+00:00,baseline,33.0,645.0,99.0,5.0,884.0,1980.0,3201.0,54.0
1789867861.061,2026-09-20T01:31:01.061075+00:00,baseline,30.0,644.83,99.0,5.0,884.0,1980.0,3201.0,54.0
1789867861.089,2026-09-20T01:31:01.089337+00:00,baseline,28.3,644.83,99.0,5.0,884.0,1980.0,3201.0,54.0
1789867861.118,2026-09-20T01:31:01.118064+00:00,baseline,28.7,644.83,99.0,5.0,884.0,1980.0,3201.0,54.0
1789867861.147,2026-09-20T01:31:01.146801+00:00,baseline,28.7,644.25,99.0,5.0,884.0,1980.0,3201.0,54.0
1789867861.176,2026-09-20T01:31:01.176453+00:00,baseline,29.7,644.25,99.0,5.0,884.0,1980.0,3201.0,54.0
1789867861.205,2026-09-20T01:31:01.205226+00:00,baseline,28.8,644.25,99.0,5.0,884.0,1980.0,3201.0,54.0
1789867861.234,2026-09-20T01:31:01.233523+00:00,baseline,28.3,644.25,99.0,5.0,884.0,1980.0,3201.0,54.0
1789867861.264,2026-09-20T01:31:01.263899+00:00,baseline,30.4,644.3,99.0,5.0,884.0,1980.0,3201.0,54.0
1789867861.293,2026-09-20T01:31:01.293072+00:00,baseline,29.2,644.3,99.0,5.0,884.0,1980.0,3201.0,54.0
1789867861.322,2026-09-20T01:31:01.321753+00:00,baseline,28.7,644.3,99.0,5.0,884.0,1980.0,3201.0,54.0
1789867861.353,2026-09-20T01:31:01.352513+00:00,baseline,30.8,642.89,99.0,5.0,884.0,1980.0,3201.0,54.0
1789867861.383,2026-09-20T01:31:01.382665+00:00,baseline,30.2,642.89,99.0,5.0,884.0,1980.0,3201.0,54.0
1789867861.411,2026-09-20T01:31:01.411163+00:00,baseline,28.5,642.89,99.0,5.0,884.0,1980.0,3201.0,54.0
1789867861.443,2026-09-20T01:31:01.442741+00:00,baseline,31.6,642.72,99.0,5.0,884.0,1980.0,3201.0,54.0
1789867861.471,2026-09-20T01:31:01.471229+00:00,baseline,28.5,642.72,99.0,5.0,884.0,1980.0,3201.0,54.0
1789867861.5,2026-09-20T01:31:01.500135+00:00,baseline,28.9,642.72,99.0,5.0,884.0,1980.0,3201.0,54.0
1789867861.529,2026-09-20T01:31:01.528906+00:00,baseline,28.8,642.72,99.0,5.0,884.0,1980.0,3201.0,54.0
1789867861.557,2026-09-20T01:31:01.557178+00:00,baseline,28.3,642.61,99.0,5.0,884.0,1980.0,3201.0,54.0
1789867861.586,2026-09-20T01:31:01.586001+00:00,baseline,28.8,642.61,99.0,5.0,884.0,1980.0,3201.0,54.0
1789867861.615,2026-09-20T01:31:01.614728+00:00,baseline,28.7,642.61,99.0,5.0,884.0,1980.0,3201.0,54.0
1789867861.645,2026-09-20T01:31:01.644802+00:00,baseline,30.1,642.64,99.0,5.0,884.0,1980.0,3201.0,54.0
1789867861.675,2026-09-20T01:31:01.675088+00:00,baseline,30.3,642.64,99.0,5.0,884.0,1980.0,3201.0,54.0
1789867861.704,2026-09-20T01:31:01.704061+00:00,baseline,29.0,642.64,99.0,5.0,884.0,1980.0,3201.0,55.0
1789867861.734,2026-09-20T01:31:01.734171+00:00,baseline,30.1,642.64,99.0,5.0,884.0,1980.0,3201.0,55.0
1789867861.763,2026-09-20T01:31:01.763426+00:00,baseline,29.3,644.72,99.0,5.0,884.0,1980.0,3201.0,55.0
1789867861.792,2026-09-20T01:31:01.792046+00:00,baseline,28.6,644.72,99.0,5.0,884.0,1980.0,3201.0,55.0
1789867861.82,2026-09-20T01:31:01.820207+00:00,baseline,28.2,644.72,99.0,5.0,884.0,1980.0,3201.0,55.0
1789867861.851,2026-09-20T01:31:01.851313+00:00,baseline,31.1,645.51,99.0,5.0,884.0,1980.0,3201.0,55.0
1789867861.88,2026-09-20T01:31:01.879756+00:00,baseline,28.4,645.51,99.0,5.0,884.0,1980.0,3201.0,55.0
1789867861.912,2026-09-20T01:31:01.912162+00:00,baseline,32.4,645.51,99.0,5.0,884.0,1980.0,3201.0,55.0
1789867861.94,2026-09-20T01:31:01.940309+00:00,baseline,28.1,645.51,99.0,5.0,884.0,1980.0,3201.0,55.0
1789867861.969,2026-09-20T01:31:01.968887+00:00,baseline,28.6,647.28,99.0,5.0,884.0,1980.0,3201.0,55.0
1789867861.998,2026-09-20T01:31:01.998097+00:00,baseline,29.2,647.28,99.0,5.0,884.0,1980.0,3201.0,55.0
1789867862.032,2026-09-20T01:31:02.031995+00:00,baseline,33.9,647.28,99.0,5.0,884.0,1980.0,3201.0,55.0
1789867862.061,2026-09-20T01:31:02.060861+00:00,baseline,28.9,648.3,99.0,5.0,884.0,1980.0,3201.0,55.0
1789867862.09,2026-09-20T01:31:02.089802+00:00,baseline,28.9,648.3,99.0,5.0,884.0,1980.0,3201.0,55.0
1789867862.118,2026-09-20T01:31:02.118167+00:00,baseline,28.4,648.3,99.0,5.0,884.0,1980.0,3201.0,55.0
1789867862.147,2026-09-20T01:31:02.146565+00:00,baseline,28.4,650.64,99.0,5.0,884.0,1980.0,3201.0,55.0
1789867862.176,2026-09-20T01:31:02.175737+00:00,baseline,29.2,650.64,99.0,5.0,884.0,1980.0,3201.0,55.0
1789867862.204,2026-09-20T01:31:02.204372+00:00,baseline,28.6,650.64,99.0,5.0,884.0,1980.0,3201.0,55.0
1789867862.233,2026-09-20T01:31:02.232949+00:00,baseline,28.6,650.64,99.0,5.0,884.0,1980.0,3201.0,55.0
1789867862.262,2026-09-20T01:31:02.261594+00:00,baseline,28.6,651.36,99.0,5.0,884.0,1980.0,3201.0,55.0
1789867862.29,2026-09-20T01:31:02.289979+00:00,baseline,28.4,651.36,99.0,5.0,884.0,1980.0,3201.0,55.0
1789867862.318,2026-09-20T01:31:02.318324+00:00,baseline,28.3,651.36,99.0,5.0,884.0,1980.0,3201.0,55.0
1789867862.347,2026-09-20T01:31:02.346804+00:00,baseline,28.5,654.17,99.0,5.0,884.0,1980.0,3201.0,55.0
1789867862.377,2026-09-20T01:31:02.376701+00:00,baseline,29.9,654.17,99.0,5.0,884.0,1980.0,3201.0,55.0
1789867862.405,2026-09-20T01:31:02.405294+00:00,baseline,28.6,654.17,99.0,5.0,884.0,1980.0,3201.0,55.0
1789867862.434,2026-09-20T01:31:02.433586+00:00,baseline,28.3,654.17,99.0,5.0,884.0,1980.0,3201.0,55.0
1789867862.462,2026-09-20T01:31:02.462415+00:00,baseline,28.8,655.37,99.0,5.0,884.0,1980.0,3201.0,55.0
1789867862.491,2026-09-20T01:31:02.490721+00:00,baseline,28.3,655.37,99.0,5.0,884.0,1980.0,3201.0,55.0
1789867862.519,2026-09-20T01:31:02.519053+00:00,baseline,28.3,655.37,99.0,5.0,884.0,1980.0,3201.0,55.0
1789867862.547,2026-09-20T01:31:02.547297+00:00,baseline,28.2,655.37,99.0,5.0,884.0,1980.0,3201.0,55.0
1789867862.575,2026-09-20T01:31:02.575293+00:00,baseline,28.0,657.18,99.0,5.0,884.0,1980.0,3201.0,55.0
1789867862.604,2026-09-20T01:31:02.603948+00:00,baseline,28.7,657.18,99.0,5.0,884.0,1980.0,3201.0,56.0
1789867862.633,2026-09-20T01:31:02.633128+00:00,baseline,29.2,657.18,99.0,5.0,884.0,1980.0,3201.0,56.0
1789867862.663,2026-09-20T01:31:02.663043+00:00,baseline,29.9,657.54,99.0,5.0,884.0,1980.0,3201.0,56.0
1789867862.691,2026-09-20T01:31:02.691494+00:00,baseline,28.5,657.54,99.0,5.0,884.0,1980.0,3201.0,55.0
1789867862.72,2026-09-20T01:31:02.720373+00:00,baseline,28.9,657.54,99.0,5.0,884.0,1980.0,3201.0,55.0
1789867862.749,2026-09-20T01:31:02.748662+00:00,baseline,28.3,657.54,99.0,5.0,884.0,1980.0,3201.0,55.0
1789867862.777,2026-09-20T01:31:02.777165+00:00,baseline,28.5,657.56,99.0,5.0,884.0,1980.0,3201.0,55.0
1789867862.807,2026-09-20T01:31:02.806759+00:00,baseline,29.6,657.56,99.0,5.0,884.0,1980.0,3201.0,56.0
1789867862.835,2026-09-20T01:31:02.835393+00:00,baseline,28.6,657.56,99.0,5.0,884.0,1980.0,3201.0,56.0
1789867862.864,2026-09-20T01:31:02.864364+00:00,baseline,29.0,657.59,99.0,5.0,884.0,1980.0,3201.0,56.0
1789867862.893,2026-09-20T01:31:02.892801+00:00,baseline,28.4,657.59,99.0,5.0,884.0,1980.0,3201.0,55.0
1789867862.921,2026-09-20T01:31:02.921281+00:00,baseline,28.5,657.59,99.0,5.0,884.0,1980.0,3201.0,55.0
1789867862.95,2026-09-20T01:31:02.949606+00:00,baseline,28.3,657.59,99.0,5.0,884.0,1980.0,3201.0,55.0
1789867862.979,2026-09-20T01:31:02.978822+00:00,baseline,29.2,657.51,99.0,5.0,884.0,1980.0,3201.0,55.0
1789867863.008,2026-09-20T01:31:03.007854+00:00,baseline,29.0,657.51,99.0,5.0,884.0,1980.0,3201.0,56.0
1789867863.036,2026-09-20T01:31:03.036331+00:00,baseline,28.5,657.51,99.0,5.0,884.0,1980.0,3201.0,56.0
1789867863.064,2026-09-20T01:31:03.064495+00:00,baseline,28.2,657.58,99.0,5.0,884.0,1980.0,3201.0,56.0
1789867863.093,2026-09-20T01:31:03.092860+00:00,baseline,28.4,657.58,99.0,5.0,884.0,1980.0,3201.0,56.0
1789867863.121,2026-09-20T01:31:03.121259+00:00,baseline,28.4,657.58,99.0,5.0,884.0,1980.0,3201.0,56.0
1789867863.149,2026-09-20T01:31:03.149461+00:00,baseline,28.2,657.58,99.0,5.0,884.0,1980.0,3201.0,56.0
1789867863.179,2026-09-20T01:31:03.178784+00:00,baseline,29.3,657.47,99.0,5.0,884.0,1980.0,3201.0,56.0
1789867863.208,2026-09-20T01:31:03.208199+00:00,baseline,29.4,657.47,99.0,5.0,884.0,1980.0,3201.0,56.0
1789867863.237,2026-09-20T01:31:03.236521+00:00,baseline,28.3,657.47,99.0,5.0,884.0,1980.0,3201.0,56.0
1789867863.265,2026-09-20T01:31:03.264793+00:00,baseline,28.3,657.66,99.0,5.0,884.0,1980.0,3201.0,56.0
1789867863.295,2026-09-20T01:31:03.294965+00:00,baseline,30.2,657.66,99.0,5.0,884.0,1980.0,3201.0,56.0
1789867863.323,2026-09-20T01:31:03.323280+00:00,baseline,28.3,657.66,99.0,5.0,884.0,1980.0,3201.0,56.0
1789867863.352,2026-09-20T01:31:03.352000+00:00,baseline,28.7,657.66,99.0,5.0,884.0,1980.0,3201.0,56.0
1789867863.381,2026-09-20T01:31:03.381281+00:00,baseline,29.3,658.18,99.0,5.0,884.0,1980.0,3201.0,56.0
1789867863.412,2026-09-20T01:31:03.411784+00:00,baseline,30.5,658.18,99.0,5.0,884.0,1980.0,3201.0,56.0
1789867863.441,2026-09-20T01:31:03.440554+00:00,baseline,28.8,658.18,99.0,5.0,884.0,1980.0,3201.0,56.0
1789867863.469,2026-09-20T01:31:03.469024+00:00,baseline,28.5,658.19,99.0,5.0,884.0,1980.0,3201.0,56.0
1789867863.498,2026-09-20T01:31:03.497561+00:00,baseline,28.5,658.19,99.0,5.0,884.0,1980.0,3201.0,56.0
1789867863.526,2026-09-20T01:31:03.525908+00:00,baseline,28.3,658.19,99.0,5.0,884.0,1980.0,3201.0,56.0
1789867863.554,2026-09-20T01:31:03.554376+00:00,baseline,28.5,658.19,99.0,5.0,884.0,1980.0,3201.0,56.0
1789867863.583,2026-09-20T01:31:03.583169+00:00,baseline,28.8,658.47,99.0,5.0,884.0,1980.0,3201.0,56.0
1789867863.612,2026-09-20T01:31:03.612032+00:00,baseline,28.9,658.47,99.0,5.0,884.0,1980.0,3201.0,56.0
1789867863.64,2026-09-20T01:31:03.640472+00:00,baseline,28.4,658.47,99.0,5.0,884.0,1980.0,3201.0,56.0
1789867863.669,2026-09-20T01:31:03.668980+00:00,baseline,28.5,658.56,99.0,5.0,884.0,1980.0,3201.0,56.0
1789867863.698,2026-09-20T01:31:03.698050+00:00,baseline,29.1,658.56,99.0,5.0,884.0,1980.0,3201.0,56.0
1789867863.727,2026-09-20T01:31:03.727347+00:00,baseline,29.3,658.56,99.0,5.0,884.0,1980.0,3201.0,56.0
1789867863.756,2026-09-20T01:31:03.756115+00:00,baseline,28.8,658.56,99.0,5.0,884.0,1980.0,3201.0,56.0
1789867863.785,2026-09-20T01:31:03.785148+00:00,baseline,29.0,658.32,99.0,5.0,884.0,1980.0,3201.0,56.0
1789867863.814,2026-09-20T01:31:03.814149+00:00,baseline,29.0,658.32,99.0,5.0,884.0,1980.0,3201.0,56.0
1789867863.843,2026-09-20T01:31:03.842723+00:00,baseline,28.6,658.32,99.0,5.0,884.0,1980.0,3201.0,56.0
1789867863.871,2026-09-20T01:31:03.871326+00:00,baseline,28.6,658.34,99.0,5.0,884.0,1980.0,3201.0,56.0
1789867863.901,2026-09-20T01:31:03.900504+00:00,baseline,29.2,658.34,99.0,5.0,884.0,1980.0,3201.0,56.0
1789867863.929,2026-09-20T01:31:03.928790+00:00,baseline,28.3,658.34,99.0,5.0,884.0,1980.0,3201.0,56.0
1789867863.957,2026-09-20T01:31:03.957059+00:00,baseline,28.3,658.34,99.0,5.0,884.0,1980.0,3201.0,56.0
1789867863.986,2026-09-20T01:31:03.986012+00:00,baseline,29.0,658.84,99.0,5.0,884.0,1980.0,3201.0,56.0
1789867864.015,2026-09-20T01:31:04.014744+00:00,baseline,28.7,658.84,99.0,5.0,884.0,1980.0,3201.0,56.0
1789867864.043,2026-09-20T01:31:04.043132+00:00,baseline,28.4,658.84,99.0,5.0,884.0,1980.0,3201.0,56.0
1789867864.071,2026-09-20T01:31:04.071454+00:00,baseline,28.3,658.97,99.0,5.0,884.0,1980.0,3201.0,56.0
1789867864.1,2026-09-20T01:31:04.099846+00:00,baseline,28.4,658.97,99.0,5.0,884.0,1980.0,3201.0,56.0
1789867864.129,2026-09-20T01:31:04.129273+00:00,baseline,29.4,658.97,99.0,5.0,884.0,1980.0,3201.0,56.0
1789867864.158,2026-09-20T01:31:04.158004+00:00,baseline,28.7,658.97,99.0,5.0,884.0,1980.0,3201.0,56.0
1789867864.186,2026-09-20T01:31:04.186102+00:00,baseline,28.1,659.29,99.0,5.0,884.0,1980.0,3201.0,56.0
1789867864.215,2026-09-20T01:31:04.215107+00:00,baseline,29.0,659.29,99.0,5.0,884.0,1980.0,3201.0,56.0
1789867864.244,2026-09-20T01:31:04.243854+00:00,baseline,28.7,659.29,99.0,5.0,884.0,1980.0,3201.0,56.0
1789867864.272,2026-09-20T01:31:04.271981+00:00,baseline,28.1,659.45,99.0,5.0,884.0,1980.0,3201.0,56.0
1789867864.303,2026-09-20T01:31:04.303132+00:00,baseline,31.2,659.45,99.0,5.0,884.0,1980.0,3201.0,56.0
1789867864.334,2026-09-20T01:31:04.334327+00:00,baseline,31.2,659.45,99.0,5.0,884.0,1980.0,3201.0,56.0
1789867864.363,2026-09-20T01:31:04.362647+00:00,baseline,28.3,659.22,99.0,5.0,884.0,1980.0,3201.0,56.0
1789867864.392,2026-09-20T01:31:04.391850+00:00,baseline,29.2,659.22,99.0,5.0,884.0,1980.0,3201.0,56.0
1789867864.421,2026-09-20T01:31:04.421254+00:00,baseline,29.4,659.22,99.0,5.0,884.0,1980.0,3201.0,56.0
1789867864.45,2026-09-20T01:31:04.449885+00:00,baseline,28.6,659.22,99.0,5.0,884.0,1980.0,3201.0,56.0
1789867864.479,2026-09-20T01:31:04.479377+00:00,baseline,29.5,659.22,99.0,5.0,884.0,1980.0,3201.0,56.0
1789867864.508,2026-09-20T01:31:04.507926+00:00,baseline,28.5,659.22,99.0,5.0,884.0,1980.0,3201.0,56.0
1789867864.537,2026-09-20T01:31:04.536528+00:00,baseline,28.6,659.22,99.0,5.0,884.0,1980.0,3201.0,56.0
1789867864.565,2026-09-20T01:31:04.565184+00:00,baseline,28.7,659.1,99.0,5.0,884.0,1980.0,3201.0,56.0
1789867864.596,2026-09-20T01:31:04.596202+00:00,baseline,31.0,659.1,99.0,5.0,884.0,1980.0,3201.0,56.0
1789867864.625,2026-09-20T01:31:04.625029+00:00,baseline,28.8,659.1,99.0,5.0,884.0,1980.0,3201.0,57.0
1789867864.654,2026-09-20T01:31:04.654005+00:00,baseline,29.0,659.1,99.0,5.0,884.0,1980.0,3201.0,57.0
1789867864.682,2026-09-20T01:31:04.682287+00:00,baseline,28.3,659.16,99.0,5.0,884.0,1980.0,3201.0,57.0
1789867864.711,2026-09-20T01:31:04.711443+00:00,baseline,29.2,659.16,99.0,5.0,884.0,1980.0,3201.0,56.0
1789867864.741,2026-09-20T01:31:04.741168+00:00,baseline,29.7,659.16,99.0,5.0,884.0,1980.0,3201.0,56.0
1789867864.769,2026-09-20T01:31:04.769492+00:00,baseline,28.3,659.33,99.0,5.0,884.0,1980.0,3201.0,56.0
1789867864.798,2026-09-20T01:31:04.798057+00:00,baseline,28.6,659.33,99.0,5.0,884.0,1980.0,3201.0,56.0
1789867864.826,2026-09-20T01:31:04.826304+00:00,baseline,28.2,659.33,99.0,5.0,884.0,1980.0,3201.0,57.0
1789867864.855,2026-09-20T01:31:04.854838+00:00,baseline,28.5,659.33,99.0,5.0,884.0,1980.0,3201.0,57.0
1789867864.883,2026-09-20T01:31:04.882879+00:00,baseline,28.0,659.6,99.0,5.0,884.0,1980.0,3201.0,57.0
1789867864.912,2026-09-20T01:31:04.911689+00:00,baseline,28.8,659.6,99.0,5.0,884.0,1980.0,3201.0,56.0
1789867864.94,2026-09-20T01:31:04.940192+00:00,baseline,28.5,659.6,99.0,5.0,884.0,1980.0,3201.0,56.0
1789867864.968,2026-09-20T01:31:04.968465+00:00,baseline,28.3,659.54,99.0,5.0,884.0,1980.0,3201.0,56.0
1789867864.998,2026-09-20T01:31:04.997512+00:00,baseline,29.0,659.54,99.0,5.0,884.0,1980.0,3201.0,56.0
1789867865.031,2026-09-20T01:31:05.031482+00:00,baseline,34.0,659.54,99.0,5.0,884.0,1980.0,3201.0,57.0
1789867865.06,2026-09-20T01:31:05.059785+00:00,baseline,28.3,659.54,99.0,5.0,884.0,1980.0,3201.0,57.0
1789867865.09,2026-09-20T01:31:05.089555+00:00,baseline,29.8,659.96,99.0,5.0,884.0,1980.0,3201.0,57.0
1789867865.118,2026-09-20T01:31:05.118270+00:00,baseline,28.7,659.96,99.0,5.0,884.0,1980.0,3201.0,56.0
1789867865.147,2026-09-20T01:31:05.146992+00:00,baseline,28.7,659.96,99.0,5.0,884.0,1980.0,3201.0,56.0
1789867865.175,2026-09-20T01:31:05.175339+00:00,baseline,28.3,659.61,99.0,5.0,884.0,1980.0,3201.0,56.0
1789867865.204,2026-09-20T01:31:05.204014+00:00,baseline,28.7,659.61,99.0,5.0,884.0,1980.0,3201.0,56.0
1789867865.233,2026-09-20T01:31:05.233083+00:00,baseline,29.1,659.61,99.0,5.0,884.0,1980.0,3201.0,57.0
1789867865.262,2026-09-20T01:31:05.262043+00:00,baseline,29.0,659.61,99.0,5.0,884.0,1980.0,3201.0,57.0
1789867865.291,2026-09-20T01:31:05.290857+00:00,baseline,28.8,659.88,99.0,5.0,884.0,1980.0,3201.0,57.0
1789867865.319,2026-09-20T01:31:05.319430+00:00,baseline,28.6,659.88,99.0,5.0,884.0,1980.0,3201.0,57.0
1789867865.348,2026-09-20T01:31:05.348067+00:00,baseline,28.6,659.88,99.0,5.0,884.0,1980.0,3201.0,57.0
1789867865.377,2026-09-20T01:31:05.376803+00:00,baseline,28.7,660.03,99.0,5.0,884.0,1980.0,3201.0,57.0
1789867865.405,2026-09-20T01:31:05.405044+00:00,baseline,28.2,660.03,99.0,5.0,884.0,1980.0,3201.0,57.0
1789867865.434,2026-09-20T01:31:05.433995+00:00,baseline,29.0,660.03,99.0,5.0,884.0,1980.0,3201.0,57.0
1789867865.463,2026-09-20T01:31:05.462590+00:00,baseline,28.6,660.03,99.0,5.0,884.0,1980.0,3201.0,57.0
1789867865.491,2026-09-20T01:31:05.490923+00:00,baseline,28.3,660.1,99.0,5.0,884.0,1980.0,3201.0,57.0
1789867865.52,2026-09-20T01:31:05.519523+00:00,baseline,28.6,660.1,99.0,5.0,884.0,1980.0,3201.0,57.0
1789867865.548,2026-09-20T01:31:05.548200+00:00,baseline,28.7,660.1,99.0,5.0,884.0,1980.0,3201.0,57.0
1789867865.576,2026-09-20T01:31:05.576440+00:00,baseline,28.2,660.32,99.0,5.0,884.0,1980.0,3201.0,57.0
1789867865.606,2026-09-20T01:31:05.605695+00:00,baseline,29.3,660.32,99.0,5.0,884.0,1980.0,3201.0,57.0
1789867865.634,2026-09-20T01:31:05.634407+00:00,baseline,28.7,660.32,99.0,5.0,884.0,1980.0,3201.0,57.0
1789867865.663,2026-09-20T01:31:05.662855+00:00,baseline,28.4,660.32,99.0,5.0,884.0,1980.0,3201.0,57.0
1789867865.691,2026-09-20T01:31:05.691342+00:00,baseline,28.5,660.52,99.0,5.0,884.0,1980.0,3201.0,57.0
1789867865.721,2026-09-20T01:31:05.720909+00:00,baseline,29.6,660.52,99.0,5.0,884.0,1980.0,3201.0,57.0
1789867865.749,2026-09-20T01:31:05.749434+00:00,baseline,28.5,660.52,99.0,5.0,884.0,1980.0,3201.0,57.0
1789867865.778,2026-09-20T01:31:05.778191+00:00,baseline,28.8,660.13,99.0,5.0,884.0,1980.0,3201.0,57.0
1789867865.806,2026-09-20T01:31:05.806329+00:00,baseline,28.1,660.13,99.0,5.0,884.0,1980.0,3201.0,57.0
1789867865.835,2026-09-20T01:31:05.834801+00:00,baseline,28.5,660.13,99.0,5.0,884.0,1980.0,3201.0,57.0
1789867865.863,2026-09-20T01:31:05.863072+00:00,baseline,28.3,660.13,99.0,5.0,884.0,1980.0,3201.0,57.0
1789867865.891,2026-09-20T01:31:05.891441+00:00,baseline,28.4,660.21,99.0,5.0,884.0,1980.0,3201.0,57.0
1789867865.92,2026-09-20T01:31:05.920368+00:00,baseline,28.9,660.21,99.0,5.0,884.0,1980.0,3201.0,57.0
1789867865.949,2026-09-20T01:31:05.949374+00:00,baseline,29.0,660.21,99.0,5.0,884.0,1980.0,3201.0,57.0
1789867865.979,2026-09-20T01:31:05.978944+00:00,baseline,29.6,660.05,99.0,5.0,884.0,1980.0,3201.0,57.0
1789867866.007,2026-09-20T01:31:06.007258+00:00,baseline,28.3,660.05,99.0,5.0,884.0,1980.0,3201.0,57.0
1789867866.036,2026-09-20T01:31:06.035717+00:00,baseline,28.5,660.05,99.0,5.0,884.0,1980.0,3201.0,57.0
1789867866.064,2026-09-20T01:31:06.064123+00:00,baseline,28.4,660.05,99.0,5.0,884.0,1980.0,3201.0,57.0
1789867866.092,2026-09-20T01:31:06.092250+00:00,baseline,28.1,660.18,99.0,5.0,884.0,1980.0,3201.0,57.0
1789867866.122,2026-09-20T01:31:06.122117+00:00,baseline,29.9,660.18,99.0,5.0,884.0,1980.0,3201.0,57.0
1789867866.152,2026-09-20T01:31:06.151722+00:00,baseline,29.6,660.18,99.0,5.0,884.0,1980.0,3201.0,57.0
1789867866.18,2026-09-20T01:31:06.180066+00:00,baseline,28.3,660.09,99.0,5.0,884.0,1980.0,3201.0,57.0
1789867866.208,2026-09-20T01:31:06.208485+00:00,baseline,28.4,660.09,99.0,5.0,884.0,1980.0,3201.0,57.0
1789867866.237,2026-09-20T01:31:06.237319+00:00,baseline,28.8,660.09,99.0,5.0,884.0,1980.0,3201.0,57.0
1789867866.268,2026-09-20T01:31:06.267778+00:00,baseline,30.5,660.09,99.0,5.0,884.0,1980.0,3201.0,57.0
1789867866.296,2026-09-20T01:31:06.295983+00:00,baseline,28.2,660.0,99.0,5.0,884.0,1980.0,3201.0,57.0
1789867866.324,2026-09-20T01:31:06.324457+00:00,baseline,28.5,660.0,99.0,5.0,884.0,1980.0,3201.0,57.0
1789867866.354,2026-09-20T01:31:06.354083+00:00,baseline,29.6,660.0,99.0,5.0,884.0,1980.0,3201.0,57.0
1789867866.383,2026-09-20T01:31:06.382991+00:00,baseline,28.9,660.0,99.0,5.0,884.0,1980.0,3201.0,57.0
1789867866.411,2026-09-20T01:31:06.411291+00:00,baseline,28.3,660.0,99.0,5.0,884.0,1980.0,3201.0,57.0
1789867866.442,2026-09-20T01:31:06.442319+00:00,baseline,31.0,660.0,99.0,5.0,884.0,1980.0,3201.0,57.0
1789867866.471,2026-09-20T01:31:06.470630+00:00,baseline,28.3,660.0,99.0,5.0,884.0,1980.0,3201.0,57.0
1789867866.499,2026-09-20T01:31:06.498990+00:00,baseline,28.4,660.27,99.0,5.0,884.0,1980.0,3201.0,57.0
1789867866.529,2026-09-20T01:31:06.528644+00:00,baseline,29.7,660.27,99.0,5.0,884.0,1980.0,3201.0,57.0
1789867866.558,2026-09-20T01:31:06.557576+00:00,baseline,28.9,660.27,99.0,5.0,884.0,1980.0,3201.0,57.0
1789867866.586,2026-09-20T01:31:06.586499+00:00,baseline,28.9,659.92,99.0,5.0,884.0,1980.0,3201.0,57.0
1789867866.616,2026-09-20T01:31:06.615661+00:00,baseline,29.2,659.92,99.0,5.0,884.0,1980.0,3201.0,57.0
1789867866.644,2026-09-20T01:31:06.644326+00:00,baseline,28.7,659.92,99.0,5.0,884.0,1980.0,3201.0,57.0
1789867866.704,2026-09-20T01:31:06.703728+00:00,baseline,59.4,660.1,99.0,5.0,884.0,1980.0,3201.0,57.0
1789867866.737,2026-09-20T01:31:06.737287+00:00,baseline,33.6,660.1,99.0,5.0,884.0,1980.0,3201.0,57.0
1789867866.782,2026-09-20T01:31:06.782405+00:00,baseline,45.1,660.1,99.0,5.0,884.0,1980.0,3201.0,57.0
1789867866.831,2026-09-20T01:31:06.831270+00:00,baseline,48.9,660.6,99.0,5.0,884.0,1980.0,3201.0,57.0
1789867866.88,2026-09-20T01:31:06.879847+00:00,baseline,48.6,660.6,99.0,5.0,884.0,1980.0,3201.0,57.0
1789867866.946,2026-09-20T01:31:06.945540+00:00,baseline,65.7,660.67,99.0,5.0,884.0,1980.0,3201.0,57.0
1789867867.008,2026-09-20T01:31:07.007631+00:00,baseline,62.1,660.47,99.0,5.0,884.0,1980.0,3201.0,57.0
1789867867.039,2026-09-20T01:31:07.038526+00:00,baseline,30.9,660.47,99.0,5.0,884.0,1980.0,3201.0,57.0
1789867867.07,2026-09-20T01:31:07.070483+00:00,baseline,32.0,660.47,99.0,5.0,884.0,1980.0,3201.0,57.0
1789867867.109,2026-09-20T01:31:07.108969+00:00,baseline,38.5,660.83,99.0,5.0,884.0,1980.0,3201.0,57.0
1789867867.138,2026-09-20T01:31:07.138051+00:00,baseline,29.1,660.83,99.0,5.0,884.0,1980.0,3201.0,57.0
1789867867.166,2026-09-20T01:31:07.166396+00:00,baseline,28.3,660.83,99.0,5.0,884.0,1980.0,3201.0,57.0
1789867867.195,2026-09-20T01:31:07.194763+00:00,baseline,28.4,660.99,99.0,5.0,884.0,1980.0,3201.0,57.0
1789867867.223,2026-09-20T01:31:07.223245+00:00,baseline,28.5,660.99,99.0,5.0,884.0,1980.0,3201.0,57.0
1789867867.252,2026-09-20T01:31:07.251692+00:00,baseline,28.4,660.99,99.0,5.0,884.0,1980.0,3201.0,57.0
1789867867.28,2026-09-20T01:31:07.279966+00:00,baseline,28.3,660.99,99.0,5.0,884.0,1980.0,3201.0,57.0
1789867867.309,2026-09-20T01:31:07.308980+00:00,baseline,29.0,661.17,99.0,5.0,884.0,1980.0,3201.0,57.0
1789867867.339,2026-09-20T01:31:07.338802+00:00,baseline,29.8,661.17,99.0,5.0,884.0,1980.0,3201.0,57.0
1789867867.367,2026-09-20T01:31:07.367264+00:00,baseline,28.5,661.17,99.0,5.0,884.0,1980.0,3201.0,57.0
1789867867.396,2026-09-20T01:31:07.395713+00:00,baseline,28.4,661.05,99.0,5.0,884.0,1980.0,3201.0,57.0
1789867867.424,2026-09-20T01:31:07.423979+00:00,baseline,28.3,661.05,99.0,5.0,884.0,1980.0,3201.0,57.0
1789867867.453,2026-09-20T01:31:07.452553+00:00,baseline,28.6,661.05,99.0,5.0,884.0,1980.0,3201.0,57.0
1789867867.481,2026-09-20T01:31:07.481258+00:00,baseline,28.7,661.05,99.0,5.0,884.0,1980.0,3201.0,57.0
1789867867.512,2026-09-20T01:31:07.511901+00:00,baseline,30.6,661.21,99.0,5.0,884.0,1980.0,3201.0,57.0
1789867867.543,2026-09-20T01:31:07.543444+00:00,baseline,31.5,661.21,99.0,5.0,884.0,1980.0,3201.0,57.0
1789867867.573,2026-09-20T01:31:07.572843+00:00,baseline,29.4,661.21,99.0,5.0,884.0,1980.0,3201.0,57.0
1789867867.601,2026-09-20T01:31:07.601234+00:00,baseline,28.4,661.6,99.0,5.0,884.0,1980.0,3201.0,57.0
1789867867.63,2026-09-20T01:31:07.629971+00:00,baseline,28.7,661.6,99.0,5.0,884.0,1980.0,3201.0,57.0
1789867867.663,2026-09-20T01:31:07.662699+00:00,baseline,32.7,661.6,99.0,5.0,884.0,1980.0,3201.0,57.0
1789867867.692,2026-09-20T01:31:07.692302+00:00,baseline,29.6,661.61,99.0,5.0,884.0,1980.0,3201.0,57.0
1789867867.723,2026-09-20T01:31:07.723255+00:00,baseline,31.0,661.61,99.0,5.0,884.0,1980.0,3201.0,57.0
1789867867.752,2026-09-20T01:31:07.752173+00:00,baseline,28.9,661.61,99.0,5.0,884.0,1980.0,3201.0,57.0
1789867867.781,2026-09-20T01:31:07.780687+00:00,baseline,28.5,661.61,99.0,5.0,884.0,1980.0,3201.0,57.0
1789867867.809,2026-09-20T01:31:07.809033+00:00,baseline,28.3,662.09,99.0,5.0,884.0,1980.0,3201.0,57.0
1789867867.839,2026-09-20T01:31:07.838552+00:00,baseline,29.5,662.09,99.0,5.0,884.0,1980.0,3201.0,58.0
1789867867.867,2026-09-20T01:31:07.866716+00:00,baseline,28.2,662.09,99.0,5.0,884.0,1980.0,3201.0,58.0
1789867867.895,2026-09-20T01:31:07.895499+00:00,baseline,28.8,662.51,99.0,5.0,884.0,1980.0,3201.0,58.0
1789867867.924,2026-09-20T01:31:07.924447+00:00,baseline,28.9,662.51,99.0,5.0,884.0,1980.0,3201.0,58.0
1789867867.958,2026-09-20T01:31:07.958294+00:00,baseline,33.8,662.51,99.0,5.0,884.0,1980.0,3201.0,57.0
1789867867.987,2026-09-20T01:31:07.986664+00:00,baseline,28.4,662.46,99.0,5.0,884.0,1980.0,3201.0,57.0
1789867868.015,2026-09-20T01:31:08.014788+00:00,baseline,28.1,662.46,99.0,5.0,884.0,1980.0,3201.0,57.0
1789867868.044,2026-09-20T01:31:08.043751+00:00,baseline,29.0,662.46,99.0,5.0,884.0,1980.0,3201.0,58.0
1789867868.073,2026-09-20T01:31:08.073436+00:00,baseline,29.7,662.46,99.0,5.0,884.0,1980.0,3201.0,58.0
1789867868.102,2026-09-20T01:31:08.101820+00:00,baseline,28.4,662.64,99.0,5.0,884.0,1980.0,3201.0,58.0
1789867868.13,2026-09-20T01:31:08.130369+00:00,baseline,28.6,662.64,99.0,5.0,884.0,1980.0,3201.0,57.0
1789867868.159,2026-09-20T01:31:08.158779+00:00,baseline,28.4,662.64,99.0,5.0,884.0,1980.0,3201.0,57.0
1789867868.188,2026-09-20T01:31:08.187578+00:00,baseline,28.8,662.64,99.0,5.0,884.0,1980.0,3201.0,57.0
1789867868.217,2026-09-20T01:31:08.216983+00:00,baseline,29.4,662.16,99.0,5.0,884.0,1980.0,3201.0,57.0
1789867868.249,2026-09-20T01:31:08.249376+00:00,baseline,32.4,662.16,99.0,5.0,884.0,1980.0,3201.0,58.0
1789867868.277,2026-09-20T01:31:08.277431+00:00,baseline,28.1,662.16,99.0,5.0,884.0,1980.0,3201.0,58.0
1789867868.306,2026-09-20T01:31:08.305745+00:00,baseline,28.3,662.54,99.0,5.0,884.0,1980.0,3201.0,58.0
1789867868.335,2026-09-20T01:31:08.334754+00:00,baseline,29.0,662.54,99.0,5.0,884.0,1980.0,3201.0,57.0
1789867868.363,2026-09-20T01:31:08.363333+00:00,baseline,28.6,662.54,99.0,5.0,884.0,1980.0,3201.0,57.0
1789867868.392,2026-09-20T01:31:08.391967+00:00,baseline,28.6,662.31,99.0,5.0,884.0,1980.0,3201.0,57.0
1789867868.422,2026-09-20T01:31:08.422055+00:00,baseline,30.1,662.31,99.0,5.0,884.0,1980.0,3201.0,57.0
1789867868.451,2026-09-20T01:31:08.451164+00:00,baseline,29.1,662.31,99.0,5.0,884.0,1980.0,3201.0,58.0
1789867868.479,2026-09-20T01:31:08.479389+00:00,baseline,28.2,662.31,99.0,5.0,884.0,1980.0,3201.0,58.0
1789867868.508,2026-09-20T01:31:08.508358+00:00,baseline,29.0,662.55,99.0,5.0,884.0,1980.0,3201.0,58.0
1789867868.539,2026-09-20T01:31:08.538787+00:00,baseline,30.4,662.55,99.0,5.0,884.0,1980.0,3201.0,57.0
1789867868.568,2026-09-20T01:31:08.567870+00:00,baseline,29.1,662.55,99.0,5.0,884.0,1980.0,3201.0,57.0
1789867868.601,2026-09-20T01:31:08.600852+00:00,baseline,33.0,662.3,99.0,5.0,884.0,1980.0,3201.0,57.0
1789867868.633,2026-09-20T01:31:08.632714+00:00,baseline,31.9,662.3,99.0,5.0,884.0,1980.0,3201.0,57.0
1789867868.664,2026-09-20T01:31:08.664181+00:00,baseline,31.5,662.3,99.0,5.0,884.0,1980.0,3201.0,57.0
1789867868.694,2026-09-20T01:31:08.693714+00:00,baseline,29.5,662.36,99.0,5.0,884.0,1980.0,3201.0,57.0
1789867868.725,2026-09-20T01:31:08.724729+00:00,baseline,31.0,662.36,99.0,5.0,884.0,1980.0,3201.0,57.0
1789867868.756,2026-09-20T01:31:08.755665+00:00,baseline,30.9,662.36,99.0,5.0,884.0,1980.0,3201.0,58.0
1789867868.784,2026-09-20T01:31:08.784465+00:00,baseline,28.8,662.36,99.0,5.0,884.0,1980.0,3201.0,58.0
1789867868.813,2026-09-20T01:31:08.813441+00:00,baseline,29.0,661.79,99.0,5.0,884.0,1980.0,3201.0,58.0
1789867868.844,2026-09-20T01:31:08.843794+00:00,baseline,30.4,661.79,99.0,5.0,884.0,1980.0,3201.0,58.0
1789867868.874,2026-09-20T01:31:08.873537+00:00,baseline,29.7,661.79,99.0,5.0,884.0,1980.0,3201.0,58.0
1789867868.904,2026-09-20T01:31:08.903863+00:00,baseline,30.3,662.11,99.0,5.0,884.0,1980.0,3201.0,58.0
1789867868.935,2026-09-20T01:31:08.934832+00:00,baseline,31.0,662.11,99.0,5.0,884.0,1980.0,3201.0,58.0
1789867868.966,2026-09-20T01:31:08.966277+00:00,baseline,31.4,662.11,99.0,5.0,884.0,1980.0,3201.0,58.0
1789867868.997,2026-09-20T01:31:08.997311+00:00,baseline,31.0,661.98,99.0,5.0,884.0,1980.0,3201.0,58.0
1789867869.033,2026-09-20T01:31:09.032605+00:00,baseline,35.3,661.98,99.0,5.0,884.0,1980.0,3201.0,58.0
1789867869.062,2026-09-20T01:31:09.062316+00:00,baseline,29.7,661.98,99.0,5.0,884.0,1980.0,3201.0,58.0
1789867869.094,2026-09-20T01:31:09.093887+00:00,baseline,31.6,661.98,99.0,5.0,884.0,1980.0,3201.0,58.0
1789867869.123,2026-09-20T01:31:09.123301+00:00,baseline,29.4,662.05,99.0,5.0,884.0,1980.0,3201.0,58.0
1789867869.154,2026-09-20T01:31:09.154011+00:00,baseline,30.7,662.05,99.0,5.0,884.0,1980.0,3201.0,58.0
1789867869.182,2026-09-20T01:31:09.182249+00:00,baseline,28.2,662.05,99.0,5.0,884.0,1980.0,3201.0,58.0
1789867869.211,2026-09-20T01:31:09.210823+00:00,baseline,28.6,662.29,99.0,5.0,884.0,1980.0,3201.0,58.0
1789867869.242,2026-09-20T01:31:09.241592+00:00,baseline,30.8,662.29,99.0,5.0,884.0,1980.0,3201.0,58.0
1789867869.27,2026-09-20T01:31:09.269942+00:00,baseline,28.4,662.29,99.0,5.0,884.0,1980.0,3201.0,58.0
1789867869.299,2026-09-20T01:31:09.299468+00:00,baseline,29.5,662.28,99.0,5.0,884.0,1980.0,3201.0,58.0
1789867869.328,2026-09-20T01:31:09.327922+00:00,baseline,28.5,662.28,99.0,5.0,884.0,1980.0,3201.0,58.0
1789867869.359,2026-09-20T01:31:09.358570+00:00,baseline,30.6,662.28,99.0,5.0,884.0,1980.0,3201.0,58.0
1789867869.388,2026-09-20T01:31:09.388236+00:00,baseline,29.7,662.28,99.0,5.0,884.0,1980.0,3201.0,58.0
1789867869.417,2026-09-20T01:31:09.416646+00:00,baseline,28.4,662.31,99.0,5.0,884.0,1980.0,3201.0,58.0
1789867869.445,2026-09-20T01:31:09.445125+00:00,baseline,28.5,662.31,99.0,5.0,884.0,1980.0,3201.0,58.0
1789867869.474,2026-09-20T01:31:09.473909+00:00,baseline,28.8,662.31,99.0,5.0,884.0,1980.0,3201.0,58.0
1789867869.502,2026-09-20T01:31:09.502401+00:00,baseline,28.5,662.37,99.0,5.0,884.0,1980.0,3201.0,58.0
1789867869.53,2026-09-20T01:31:09.530399+00:00,baseline,28.0,662.37,99.0,5.0,884.0,1980.0,3201.0,58.0
1789867869.561,2026-09-20T01:31:09.560971+00:00,baseline,30.6,662.37,99.0,5.0,884.0,1980.0,3201.0,58.0
1789867869.59,2026-09-20T01:31:09.590385+00:00,baseline,29.4,662.37,99.0,5.0,884.0,1980.0,3201.0,58.0
1789867869.619,2026-09-20T01:31:09.618687+00:00,baseline,28.3,662.07,99.0,5.0,884.0,1980.0,3201.0,58.0
1789867869.648,2026-09-20T01:31:09.648420+00:00,baseline,29.7,662.07,99.0,5.0,884.0,1980.0,3201.0,58.0
1789867869.679,2026-09-20T01:31:09.679002+00:00,baseline,30.6,662.07,99.0,5.0,884.0,1980.0,3201.0,58.0
1789867869.707,2026-09-20T01:31:09.707360+00:00,baseline,28.4,662.5,99.0,5.0,884.0,1980.0,3201.0,58.0
1789867869.737,2026-09-20T01:31:09.736516+00:00,baseline,29.2,662.5,99.0,5.0,884.0,1980.0,3201.0,58.0
1789867869.767,2026-09-20T01:31:09.766636+00:00,baseline,30.1,662.5,99.0,5.0,884.0,1980.0,3201.0,58.0
1789867869.795,2026-09-20T01:31:09.795066+00:00,baseline,28.4,662.5,99.0,5.0,884.0,1980.0,3201.0,58.0
1789867869.826,2026-09-20T01:31:09.825513+00:00,baseline,30.4,662.29,99.0,5.0,884.0,1980.0,3201.0,58.0
1789867869.855,2026-09-20T01:31:09.854786+00:00,baseline,29.3,662.29,99.0,5.0,884.0,1980.0,3201.0,58.0
1789867869.883,2026-09-20T01:31:09.883017+00:00,baseline,28.2,662.29,99.0,5.0,884.0,1980.0,3201.0,58.0
1789867869.911,2026-09-20T01:31:09.911307+00:00,baseline,28.3,662.43,99.0,5.0,884.0,1980.0,3201.0,58.0
1789867869.94,2026-09-20T01:31:09.939581+00:00,baseline,28.3,662.43,99.0,5.0,884.0,1980.0,3201.0,58.0
1789867869.968,2026-09-20T01:31:09.968388+00:00,baseline,28.8,662.43,99.0,5.0,884.0,1980.0,3201.0,58.0
1789867869.997,2026-09-20T01:31:09.996622+00:00,baseline,28.2,662.43,99.0,5.0,884.0,1980.0,3201.0,58.0
1789867870.031,2026-09-20T01:31:10.031403+00:00,baseline,34.8,662.53,99.0,5.0,884.0,1980.0,3201.0,58.0
1789867870.06,2026-09-20T01:31:10.059986+00:00,baseline,28.6,662.53,99.0,5.0,884.0,1980.0,3201.0,58.0
1789867870.089,2026-09-20T01:31:10.089049+00:00,baseline,29.1,662.53,99.0,5.0,884.0,1980.0,3201.0,58.0
1789867870.118,2026-09-20T01:31:10.118101+00:00,baseline,29.1,662.59,99.0,5.0,884.0,1980.0,3201.0,58.0
1789867870.147,2026-09-20T01:31:10.147216+00:00,baseline,29.1,662.59,99.0,5.0,884.0,1980.0,3201.0,58.0
1789867870.176,2026-09-20T01:31:10.175963+00:00,baseline,28.7,662.59,99.0,5.0,884.0,1980.0,3201.0,58.0
1789867870.205,2026-09-20T01:31:10.204804+00:00,baseline,28.8,662.33,99.0,5.0,884.0,1980.0,3201.0,58.0
1789867870.233,2026-09-20T01:31:10.233101+00:00,baseline,28.3,662.33,99.0,5.0,884.0,1980.0,3201.0,58.0
1789867870.261,2026-09-20T01:31:10.261378+00:00,baseline,28.3,662.33,99.0,5.0,884.0,1980.0,3201.0,58.0
1789867870.29,2026-09-20T01:31:10.290026+00:00,baseline,28.6,662.33,99.0,5.0,884.0,1980.0,3201.0,58.0
1789867870.319,2026-09-20T01:31:10.318752+00:00,baseline,28.7,662.73,99.0,5.0,884.0,1980.0,3201.0,58.0
1789867870.347,2026-09-20T01:31:10.346842+00:00,baseline,28.1,662.73,99.0,5.0,884.0,1980.0,3201.0,58.0
1789867870.375,2026-09-20T01:31:10.375215+00:00,baseline,28.4,662.73,99.0,5.0,884.0,1980.0,3201.0,58.0
1789867870.404,2026-09-20T01:31:10.404417+00:00,baseline,29.2,662.84,99.0,5.0,884.0,1980.0,3201.0,58.0
1789867870.436,2026-09-20T01:31:10.435689+00:00,baseline,31.3,662.84,99.0,5.0,884.0,1980.0,3201.0,58.0
1789867870.464,2026-09-20T01:31:10.464056+00:00,baseline,28.4,662.84,99.0,5.0,884.0,1980.0,3201.0,58.0
1789867870.492,2026-09-20T01:31:10.492298+00:00,baseline,28.2,662.84,99.0,5.0,884.0,1980.0,3201.0,58.0
1789867870.521,2026-09-20T01:31:10.520965+00:00,baseline,28.7,663.06,99.0,5.0,884.0,1980.0,3201.0,58.0
1789867870.551,2026-09-20T01:31:10.550804+00:00,baseline,29.8,663.06,99.0,5.0,884.0,1980.0,3201.0,58.0
1789867870.58,2026-09-20T01:31:10.580465+00:00,baseline,29.7,663.06,99.0,5.0,884.0,1980.0,3201.0,58.0
1789867870.609,2026-09-20T01:31:10.608903+00:00,baseline,28.4,663.1,99.0,5.0,884.0,1980.0,3201.0,58.0
1789867870.637,2026-09-20T01:31:10.637301+00:00,baseline,28.4,663.1,99.0,5.0,884.0,1980.0,3201.0,58.0
1789867870.669,2026-09-20T01:31:10.668900+00:00,baseline,31.6,663.1,99.0,5.0,884.0,1980.0,3201.0,58.0
1789867870.698,2026-09-20T01:31:10.697541+00:00,baseline,28.6,663.1,99.0,5.0,884.0,1980.0,3201.0,58.0
1789867870.729,2026-09-20T01:31:10.728690+00:00,baseline,31.1,663.16,99.0,5.0,884.0,1980.0,3201.0,58.0
1789867870.758,2026-09-20T01:31:10.758278+00:00,baseline,29.6,663.16,99.0,5.0,884.0,1980.0,3201.0,58.0
1789867870.787,2026-09-20T01:31:10.786801+00:00,baseline,28.5,663.16,99.0,5.0,884.0,1980.0,3201.0,58.0
1789867870.815,2026-09-20T01:31:10.815316+00:00,baseline,28.5,663.19,99.0,5.0,884.0,1980.0,3201.0,58.0
1789867870.844,2026-09-20T01:31:10.844284+00:00,baseline,29.0,663.19,99.0,5.0,884.0,1980.0,3201.0,58.0
1789867870.874,2026-09-20T01:31:10.873636+00:00,baseline,29.4,663.19,99.0,5.0,884.0,1980.0,3201.0,58.0
1789867870.902,2026-09-20T01:31:10.901826+00:00,baseline,28.2,663.19,99.0,5.0,884.0,1980.0,3201.0,58.0
1789867870.931,2026-09-20T01:31:10.931177+00:00,baseline,29.4,663.44,99.0,5.0,884.0,1980.0,3201.0,58.0
1789867870.959,2026-09-20T01:31:10.959411+00:00,baseline,28.2,663.44,99.0,5.0,884.0,1980.0,3201.0,58.0
1789867870.988,2026-09-20T01:31:10.987976+00:00,baseline,28.6,663.44,99.0,5.0,884.0,1980.0,3201.0,58.0
1789867871.016,2026-09-20T01:31:11.016452+00:00,baseline,28.5,663.13,99.0,5.0,884.0,1980.0,3201.0,58.0
1789867871.046,2026-09-20T01:31:11.045557+00:00,baseline,29.1,663.13,99.0,5.0,884.0,1980.0,3201.0,58.0
1789867871.075,2026-09-20T01:31:11.075115+00:00,baseline,29.6,663.13,99.0,5.0,884.0,1980.0,3201.0,58.0
1789867871.103,2026-09-20T01:31:11.103385+00:00,baseline,28.3,663.13,99.0,5.0,884.0,1980.0,3201.0,58.0
1789867871.132,2026-09-20T01:31:11.132209+00:00,baseline,28.8,663.41,99.0,5.0,884.0,1980.0,3201.0,58.0
1789867871.161,2026-09-20T01:31:11.160932+00:00,baseline,28.7,663.41,99.0,5.0,884.0,1980.0,3201.0,58.0
1789867871.19,2026-09-20T01:31:11.190294+00:00,baseline,29.4,663.41,99.0,5.0,884.0,1980.0,3201.0,58.0
1789867871.219,2026-09-20T01:31:11.218903+00:00,baseline,28.6,663.51,99.0,5.0,884.0,1980.0,3201.0,58.0
1789867871.247,2026-09-20T01:31:11.247474+00:00,baseline,28.6,663.51,99.0,5.0,884.0,1980.0,3201.0,58.0
1789867871.278,2026-09-20T01:31:11.278127+00:00,baseline,30.7,663.51,99.0,5.0,884.0,1980.0,3201.0,58.0
1789867871.308,2026-09-20T01:31:11.308232+00:00,baseline,30.1,663.51,99.0,5.0,884.0,1980.0,3201.0,58.0
1789867871.337,2026-09-20T01:31:11.336594+00:00,baseline,28.4,663.5,99.0,5.0,884.0,1980.0,3201.0,58.0
1789867871.365,2026-09-20T01:31:11.365412+00:00,baseline,28.8,663.5,99.0,5.0,884.0,1980.0,3201.0,58.0
1789867871.394,2026-09-20T01:31:11.393745+00:00,baseline,28.3,663.5,99.0,5.0,884.0,1980.0,3201.0,58.0
1789867871.422,2026-09-20T01:31:11.422131+00:00,baseline,28.4,663.25,99.0,5.0,884.0,1980.0,3201.0,58.0
1789867871.451,2026-09-20T01:31:11.450734+00:00,baseline,28.6,663.25,99.0,5.0,884.0,1980.0,3201.0,58.0
1789867871.479,2026-09-20T01:31:11.479261+00:00,baseline,28.5,663.25,99.0,5.0,884.0,1980.0,3201.0,58.0
1789867871.508,2026-09-20T01:31:11.507704+00:00,baseline,28.4,663.25,99.0,5.0,884.0,1980.0,3201.0,58.0
1789867871.536,2026-09-20T01:31:11.536004+00:00,baseline,28.3,663.33,99.0,5.0,884.0,1980.0,3201.0,58.0
1789867871.565,2026-09-20T01:31:11.565366+00:00,baseline,29.4,663.33,99.0,5.0,884.0,1980.0,3201.0,58.0
1789867871.594,2026-09-20T01:31:11.593739+00:00,baseline,28.4,663.33,99.0,5.0,884.0,1980.0,3201.0,58.0
1789867871.622,2026-09-20T01:31:11.622114+00:00,baseline,28.4,663.48,99.0,5.0,884.0,1980.0,3201.0,58.0
1789867871.651,2026-09-20T01:31:11.650935+00:00,baseline,28.8,663.48,99.0,5.0,884.0,1980.0,3201.0,58.0
1789867871.682,2026-09-20T01:31:11.682417+00:00,baseline,31.5,663.48,99.0,5.0,884.0,1980.0,3201.0,58.0
1789867871.712,2026-09-20T01:31:11.712481+00:00,baseline,30.1,663.74,99.0,5.0,884.0,1980.0,3201.0,58.0
1789867871.741,2026-09-20T01:31:11.741015+00:00,baseline,28.5,663.74,99.0,5.0,884.0,1980.0,3201.0,58.0
1789867871.77,2026-09-20T01:31:11.769719+00:00,baseline,28.7,663.74,99.0,5.0,884.0,1980.0,3201.0,58.0
1789867871.799,2026-09-20T01:31:11.799207+00:00,baseline,29.5,663.74,99.0,5.0,884.0,1980.0,3201.0,58.0
1789867871.828,2026-09-20T01:31:11.827826+00:00,baseline,28.6,663.63,99.0,5.0,884.0,1980.0,3201.0,58.0
1789867871.856,2026-09-20T01:31:11.856481+00:00,baseline,28.7,663.63,99.0,5.0,884.0,1980.0,3201.0,58.0
1789867871.887,2026-09-20T01:31:11.886758+00:00,baseline,30.3,663.63,99.0,5.0,884.0,1980.0,3201.0,58.0
1789867871.916,2026-09-20T01:31:11.916153+00:00,baseline,29.4,663.8,99.0,5.0,884.0,1980.0,3201.0,58.0
1789867871.944,2026-09-20T01:31:11.944468+00:00,baseline,28.3,663.8,99.0,5.0,884.0,1980.0,3201.0,58.0
1789867871.973,2026-09-20T01:31:11.973152+00:00,baseline,28.7,663.8,99.0,5.0,884.0,1980.0,3201.0,58.0
1789867872.001,2026-09-20T01:31:12.001444+00:00,baseline,28.3,663.8,99.0,5.0,884.0,1980.0,3201.0,58.0
1789867872.032,2026-09-20T01:31:12.031644+00:00,baseline,30.2,663.68,99.0,5.0,884.0,1980.0,3201.0,58.0
1789867872.06,2026-09-20T01:31:12.060262+00:00,baseline,28.6,663.68,99.0,5.0,884.0,1980.0,3201.0,58.0
1789867872.089,2026-09-20T01:31:12.089197+00:00,baseline,28.9,663.68,99.0,5.0,884.0,1980.0,3201.0,58.0
1789867872.118,2026-09-20T01:31:12.118437+00:00,baseline,29.2,663.88,99.0,5.0,884.0,1980.0,3201.0,58.0
1789867872.147,2026-09-20T01:31:12.146629+00:00,baseline,28.2,663.88,99.0,5.0,884.0,1980.0,3201.0,58.0
1789867872.175,2026-09-20T01:31:12.175060+00:00,baseline,28.4,663.88,99.0,5.0,884.0,1980.0,3201.0,58.0
1789867872.204,2026-09-20T01:31:12.203846+00:00,baseline,28.8,663.88,99.0,5.0,884.0,1980.0,3201.0,58.0
1789867872.233,2026-09-20T01:31:12.233323+00:00,baseline,29.5,663.78,99.0,5.0,884.0,1980.0,3201.0,58.0
1789867872.262,2026-09-20T01:31:12.261542+00:00,baseline,28.2,663.78,99.0,5.0,884.0,1980.0,3201.0,58.0
1789867872.292,2026-09-20T01:31:12.291783+00:00,baseline,30.2,663.78,99.0,5.0,884.0,1980.0,3201.0,58.0
1789867872.321,2026-09-20T01:31:12.320982+00:00,baseline,29.2,664.03,99.0,5.0,884.0,1980.0,3201.0,58.0
1789867872.351,2026-09-20T01:31:12.351490+00:00,baseline,30.5,664.03,99.0,5.0,884.0,1980.0,3201.0,58.0
1789867872.383,2026-09-20T01:31:12.382612+00:00,baseline,31.1,664.03,99.0,5.0,884.0,1980.0,3201.0,58.0
1789867872.413,2026-09-20T01:31:12.412872+00:00,baseline,30.3,664.03,99.0,5.0,884.0,1980.0,3201.0,58.0
1789867872.444,2026-09-20T01:31:12.443894+00:00,baseline,31.0,663.84,99.0,5.0,884.0,1980.0,3201.0,58.0
1789867872.474,2026-09-20T01:31:12.474185+00:00,baseline,30.3,663.84,99.0,5.0,884.0,1980.0,3201.0,58.0
1789867872.506,2026-09-20T01:31:12.505635+00:00,baseline,31.5,663.84,99.0,5.0,884.0,1980.0,3201.0,58.0
1789867872.535,2026-09-20T01:31:12.535219+00:00,baseline,29.6,664.08,99.0,5.0,884.0,1980.0,3201.0,58.0
1789867872.564,2026-09-20T01:31:12.564171+00:00,baseline,29.0,664.08,99.0,5.0,884.0,1980.0,3201.0,59.0
1789867872.595,2026-09-20T01:31:12.594890+00:00,baseline,30.7,664.08,99.0,5.0,884.0,1980.0,3201.0,59.0
1789867872.625,2026-09-20T01:31:12.624576+00:00,baseline,29.7,664.09,99.0,5.0,884.0,1980.0,3201.0,59.0
1789867872.653,2026-09-20T01:31:12.653458+00:00,baseline,28.9,664.09,99.0,5.0,884.0,1980.0,3201.0,59.0
1789867872.684,2026-09-20T01:31:12.684041+00:00,baseline,30.6,664.09,99.0,5.0,884.0,1980.0,3201.0,58.0
1789867872.715,2026-09-20T01:31:12.714753+00:00,baseline,30.7,664.09,99.0,5.0,884.0,1980.0,3201.0,58.0
1789867872.746,2026-09-20T01:31:12.745761+00:00,baseline,31.0,664.11,99.0,5.0,884.0,1980.0,3201.0,58.0
1789867872.775,2026-09-20T01:31:12.775044+00:00,baseline,29.3,664.11,99.0,5.0,884.0,1980.0,3201.0,59.0
1789867872.804,2026-09-20T01:31:12.804206+00:00,baseline,29.2,664.11,99.0,5.0,884.0,1980.0,3201.0,59.0
1789867872.834,2026-09-20T01:31:12.834332+00:00,baseline,30.1,663.91,99.0,5.0,884.0,1980.0,3201.0,59.0
1789867872.863,2026-09-20T01:31:12.863343+00:00,baseline,29.0,663.91,99.0,5.0,884.0,1980.0,3201.0,58.0
1789867872.892,2026-09-20T01:31:12.891880+00:00,baseline,28.5,663.91,99.0,5.0,884.0,1980.0,3201.0,58.0
1789867872.921,2026-09-20T01:31:12.920714+00:00,baseline,28.8,664.28,99.0,5.0,884.0,1980.0,3201.0,58.0
1789867872.951,2026-09-20T01:31:12.951339+00:00,baseline,30.6,664.28,99.0,5.0,884.0,1980.0,3201.0,58.0
1789867872.981,2026-09-20T01:31:12.980945+00:00,baseline,29.6,664.28,99.0,5.0,884.0,1980.0,3201.0,59.0
1789867873.01,2026-09-20T01:31:13.010308+00:00,baseline,29.4,664.28,99.0,5.0,884.0,1980.0,3201.0,59.0
1789867873.041,2026-09-20T01:31:13.041245+00:00,baseline,30.9,664.28,99.0,5.0,884.0,1980.0,3201.0,59.0
1789867873.07,2026-09-20T01:31:13.070057+00:00,baseline,28.8,664.28,99.0,5.0,884.0,1980.0,3201.0,58.0
1789867873.101,2026-09-20T01:31:13.100693+00:00,baseline,30.6,664.28,99.0,5.0,884.0,1980.0,3201.0,58.0
1789867873.131,2026-09-20T01:31:13.130996+00:00,baseline,30.3,664.16,99.0,5.0,884.0,1980.0,3201.0,58.0
1789867873.159,2026-09-20T01:31:13.159299+00:00,baseline,28.3,664.16,99.0,5.0,884.0,1980.0,3201.0,58.0
1789867873.188,2026-09-20T01:31:13.187789+00:00,baseline,28.5,664.16,99.0,5.0,884.0,1980.0,3201.0,59.0
1789867873.216,2026-09-20T01:31:13.216197+00:00,baseline,28.4,664.16,99.0,5.0,884.0,1980.0,3201.0,59.0
1789867873.245,2026-09-20T01:31:13.244954+00:00,baseline,28.8,664.16,99.0,5.0,884.0,1980.0,3201.0,59.0
1789867873.273,2026-09-20T01:31:13.273111+00:00,baseline,28.2,664.16,99.0,5.0,884.0,1980.0,3201.0,58.0
1789867873.303,2026-09-20T01:31:13.303056+00:00,baseline,29.9,664.16,99.0,5.0,884.0,1980.0,3201.0,58.0
1789867873.333,2026-09-20T01:31:13.332780+00:00,baseline,29.7,664.31,99.0,5.0,884.0,1980.0,3201.0,58.0
1789867873.363,2026-09-20T01:31:13.362889+00:00,baseline,30.1,664.31,99.0,5.0,884.0,1980.0,3201.0,58.0
1789867873.394,2026-09-20T01:31:13.394164+00:00,baseline,31.3,664.31,99.0,5.0,884.0,1980.0,3201.0,59.0
1789867873.426,2026-09-20T01:31:13.425689+00:00,baseline,31.5,664.18,99.0,5.0,884.0,1980.0,3201.0,59.0
1789867873.457,2026-09-20T01:31:13.456954+00:00,baseline,31.3,664.18,99.0,5.0,884.0,1980.0,3201.0,59.0
1789867873.486,2026-09-20T01:31:13.485653+00:00,baseline,28.7,664.18,99.0,5.0,884.0,1980.0,3201.0,58.0
1789867873.515,2026-09-20T01:31:13.514964+00:00,baseline,29.3,664.18,99.0,5.0,884.0,1980.0,3201.0,58.0
1789867873.545,2026-09-20T01:31:13.544938+00:00,baseline,30.0,664.34,99.0,5.0,884.0,1980.0,3201.0,58.0
1789867873.576,2026-09-20T01:31:13.576210+00:00,baseline,31.3,664.34,99.0,5.0,884.0,1980.0,3201.0,59.0
1789867873.606,2026-09-20T01:31:13.606156+00:00,baseline,29.9,664.34,99.0,5.0,884.0,1980.0,3201.0,59.0
1789867873.635,2026-09-20T01:31:13.634761+00:00,baseline,28.6,664.17,99.0,5.0,884.0,1980.0,3201.0,59.0
1789867873.664,2026-09-20T01:31:13.664306+00:00,baseline,29.5,664.17,99.0,5.0,884.0,1980.0,3201.0,59.0
1789867873.693,2026-09-20T01:31:13.692572+00:00,baseline,28.3,664.17,99.0,5.0,884.0,1980.0,3201.0,58.0
1789867873.721,2026-09-20T01:31:13.721485+00:00,baseline,28.9,664.17,99.0,5.0,884.0,1980.0,3201.0,58.0
1789867873.752,2026-09-20T01:31:13.751736+00:00,baseline,30.3,664.61,99.0,5.0,884.0,1980.0,3201.0,58.0
1789867873.78,2026-09-20T01:31:13.780480+00:00,baseline,28.7,664.61,99.0,5.0,884.0,1980.0,3201.0,59.0
1789867873.812,2026-09-20T01:31:13.812215+00:00,baseline,31.7,664.61,99.0,5.0,884.0,1980.0,3201.0,59.0
1789867873.845,2026-09-20T01:31:13.844929+00:00,baseline,32.7,664.37,99.0,5.0,884.0,1980.0,3201.0,59.0
1789867873.873,2026-09-20T01:31:13.873055+00:00,baseline,28.1,664.37,99.0,5.0,884.0,1980.0,3201.0,58.0
1789867873.902,2026-09-20T01:31:13.901859+00:00,baseline,28.8,664.37,99.0,5.0,884.0,1980.0,3201.0,58.0
1789867873.93,2026-09-20T01:31:13.930373+00:00,baseline,28.5,664.19,99.0,5.0,884.0,1980.0,3201.0,58.0
1789867873.959,2026-09-20T01:31:13.959365+00:00,baseline,29.0,664.19,99.0,5.0,884.0,1980.0,3201.0,58.0
1789867873.988,2026-09-20T01:31:13.987795+00:00,baseline,28.4,664.19,99.0,5.0,884.0,1980.0,3201.0,59.0
1789867874.025,2026-09-20T01:31:14.025403+00:00,baseline,37.6,664.19,99.0,5.0,884.0,1980.0,3201.0,59.0
1789867874.054,2026-09-20T01:31:14.053636+00:00,baseline,28.2,664.06,99.0,5.0,884.0,1980.0,3201.0,59.0
1789867874.083,2026-09-20T01:31:14.082758+00:00,baseline,29.1,664.06,99.0,5.0,884.0,1980.0,3201.0,59.0
1789867874.115,2026-09-20T01:31:14.115439+00:00,baseline,32.7,664.06,99.0,5.0,884.0,1980.0,3201.0,59.0
1789867874.146,2026-09-20T01:31:14.146444+00:00,baseline,31.0,664.23,99.0,5.0,884.0,1980.0,3201.0,59.0
1789867874.175,2026-09-20T01:31:14.174591+00:00,baseline,28.1,664.23,99.0,5.0,884.0,1980.0,3201.0,59.0
1789867874.203,2026-09-20T01:31:14.202924+00:00,baseline,28.3,664.23,99.0,5.0,884.0,1980.0,3201.0,59.0
1789867874.232,2026-09-20T01:31:14.231574+00:00,baseline,28.7,663.96,99.0,5.0,884.0,1980.0,3201.0,59.0
1789867874.26,2026-09-20T01:31:14.259705+00:00,baseline,28.1,663.96,99.0,5.0,884.0,1980.0,3201.0,59.0
1789867874.289,2026-09-20T01:31:14.288611+00:00,baseline,28.9,663.96,99.0,5.0,884.0,1980.0,3201.0,59.0
1789867874.317,2026-09-20T01:31:14.316904+00:00,baseline,28.3,663.96,99.0,5.0,884.0,1980.0,3201.0,59.0
1789867874.346,2026-09-20T01:31:14.345572+00:00,baseline,28.7,664.46,99.0,5.0,884.0,1980.0,3201.0,59.0
1789867874.374,2026-09-20T01:31:14.373803+00:00,baseline,28.2,664.46,99.0,5.0,884.0,1980.0,3201.0,59.0
1789867874.403,2026-09-20T01:31:14.403069+00:00,baseline,29.3,664.46,99.0,5.0,884.0,1980.0,3201.0,59.0
1789867874.433,2026-09-20T01:31:14.433328+00:00,baseline,30.3,664.28,99.0,5.0,884.0,1980.0,3201.0,59.0
1789867874.461,2026-09-20T01:31:14.461363+00:00,baseline,28.0,664.28,99.0,5.0,884.0,1980.0,3201.0,59.0
1789867874.493,2026-09-20T01:31:14.492768+00:00,baseline,31.4,664.28,99.0,5.0,884.0,1980.0,3201.0,59.0
1789867874.521,2026-09-20T01:31:14.521216+00:00,baseline,28.4,664.28,99.0,5.0,884.0,1980.0,3201.0,59.0
1789867874.55,2026-09-20T01:31:14.549924+00:00,baseline,28.7,664.4,99.0,5.0,884.0,1980.0,3201.0,59.0
1789867874.578,2026-09-20T01:31:14.577859+00:00,baseline,27.9,664.4,99.0,5.0,884.0,1980.0,3201.0,59.0
1789867874.608,2026-09-20T01:31:14.607507+00:00,baseline,29.6,664.4,99.0,5.0,884.0,1980.0,3201.0,59.0
1789867874.636,2026-09-20T01:31:14.636272+00:00,baseline,28.8,664.21,99.0,5.0,884.0,1980.0,3201.0,59.0
1789867874.665,2026-09-20T01:31:14.664758+00:00,baseline,28.5,664.21,99.0,5.0,884.0,1980.0,3201.0,59.0
1789867874.696,2026-09-20T01:31:14.695700+00:00,baseline,30.9,664.21,99.0,5.0,884.0,1980.0,3201.0,59.0
1789867874.728,2026-09-20T01:31:14.728403+00:00,baseline,32.7,664.21,99.0,5.0,884.0,1980.0,3201.0,59.0
1789867874.757,2026-09-20T01:31:14.756992+00:00,baseline,28.6,664.52,99.0,5.0,884.0,1980.0,3201.0,59.0
1789867874.785,2026-09-20T01:31:14.785375+00:00,baseline,28.4,664.52,99.0,5.0,884.0,1980.0,3201.0,59.0
1789867874.816,2026-09-20T01:31:14.815585+00:00,baseline,30.2,664.52,99.0,5.0,884.0,1980.0,3201.0,59.0
1789867874.845,2026-09-20T01:31:14.844908+00:00,baseline,29.3,664.41,99.0,5.0,884.0,1980.0,3201.0,59.0
1789867874.876,2026-09-20T01:31:14.876399+00:00,baseline,31.5,664.41,99.0,5.0,884.0,1980.0,3201.0,59.0
1789867874.906,2026-09-20T01:31:14.906266+00:00,baseline,29.9,664.41,99.0,5.0,884.0,1980.0,3201.0,59.0
1789867874.937,2026-09-20T01:31:14.937327+00:00,baseline,31.1,664.74,99.0,5.0,884.0,1980.0,3201.0,59.0
1789867874.966,2026-09-20T01:31:14.965852+00:00,baseline,28.5,664.74,99.0,5.0,884.0,1980.0,3201.0,59.0
1789867874.995,2026-09-20T01:31:14.994558+00:00,baseline,28.7,664.74,99.0,5.0,884.0,1980.0,3201.0,59.0
1789867875.028,2026-09-20T01:31:15.028057+00:00,baseline,33.5,664.74,99.0,5.0,884.0,1980.0,3201.0,59.0
1789867875.058,2026-09-20T01:31:15.057901+00:00,baseline,29.8,664.52,99.0,5.0,884.0,1980.0,3201.0,59.0
1789867875.087,2026-09-20T01:31:15.086619+00:00,baseline,28.7,664.52,99.0,5.0,884.0,1980.0,3201.0,59.0
1789867875.115,2026-09-20T01:31:15.115044+00:00,baseline,28.4,664.52,99.0,5.0,884.0,1980.0,3201.0,59.0
1789867875.144,2026-09-20T01:31:15.144331+00:00,baseline,29.3,664.93,99.0,5.0,884.0,1980.0,3201.0,59.0
1789867875.172,2026-09-20T01:31:15.172474+00:00,baseline,28.1,664.93,99.0,5.0,884.0,1980.0,3201.0,59.0
1789867875.201,2026-09-20T01:31:15.200619+00:00,baseline,28.1,664.93,99.0,5.0,884.0,1980.0,3201.0,59.0
1789867875.229,2026-09-20T01:31:15.229330+00:00,baseline,28.7,664.93,99.0,5.0,884.0,1980.0,3201.0,59.0
1789867875.261,2026-09-20T01:31:15.260726+00:00,baseline,31.4,665.1,99.0,5.0,884.0,1980.0,3201.0,59.0
1789867875.289,2026-09-20T01:31:15.288960+00:00,baseline,28.2,665.1,99.0,5.0,884.0,1980.0,3201.0,59.0
1789867875.317,2026-09-20T01:31:15.317327+00:00,baseline,28.4,665.1,99.0,5.0,884.0,1980.0,3201.0,59.0
1789867875.346,2026-09-20T01:31:15.346265+00:00,baseline,28.9,664.98,99.0,5.0,884.0,1980.0,3201.0,59.0
1789867875.375,2026-09-20T01:31:15.374602+00:00,baseline,28.3,664.98,99.0,5.0,884.0,1980.0,3201.0,59.0
1789867875.403,2026-09-20T01:31:15.402913+00:00,baseline,28.3,664.98,99.0,5.0,884.0,1980.0,3201.0,59.0
1789867875.431,2026-09-20T01:31:15.431291+00:00,baseline,28.4,664.98,99.0,5.0,884.0,1980.0,3201.0,59.0
1789867875.46,2026-09-20T01:31:15.459675+00:00,baseline,28.4,664.89,99.0,5.0,884.0,1980.0,3201.0,59.0
1789867875.491,2026-09-20T01:31:15.491087+00:00,baseline,31.4,664.89,99.0,5.0,884.0,1980.0,3201.0,59.0
1789867875.524,2026-09-20T01:31:15.524257+00:00,baseline,33.2,664.89,99.0,5.0,884.0,1980.0,3201.0,59.0
1789867875.556,2026-09-20T01:31:15.555552+00:00,baseline,31.3,665.01,99.0,5.0,884.0,1980.0,3201.0,59.0
1789867875.584,2026-09-20T01:31:15.584095+00:00,baseline,28.5,665.01,99.0,5.0,884.0,1980.0,3201.0,59.0
1789867875.612,2026-09-20T01:31:15.612286+00:00,baseline,28.2,665.01,99.0,5.0,884.0,1980.0,3201.0,59.0
1789867875.643,2026-09-20T01:31:15.642550+00:00,baseline,30.3,665.2,99.0,5.0,884.0,1980.0,3201.0,59.0
1789867875.671,2026-09-20T01:31:15.671291+00:00,baseline,28.7,665.2,99.0,5.0,884.0,1980.0,3201.0,59.0
1789867875.7,2026-09-20T01:31:15.700346+00:00,baseline,29.1,665.2,99.0,5.0,884.0,1980.0,3201.0,59.0
1789867875.734,2026-09-20T01:31:15.733575+00:00,baseline,33.2,665.2,99.0,5.0,884.0,1980.0,3201.0,59.0
1789867875.762,2026-09-20T01:31:15.761791+00:00,baseline,28.2,665.39,99.0,5.0,884.0,1980.0,3201.0,59.0
1789867875.792,2026-09-20T01:31:15.791857+00:00,baseline,30.1,665.39,99.0,5.0,884.0,1980.0,3201.0,59.0
1789867875.821,2026-09-20T01:31:15.820957+00:00,baseline,29.1,665.39,99.0,5.0,884.0,1980.0,3201.0,59.0
1789867875.85,2026-09-20T01:31:15.850120+00:00,baseline,29.2,665.12,99.0,5.0,884.0,1980.0,3201.0,59.0
1789867875.879,2026-09-20T01:31:15.879418+00:00,baseline,29.3,665.12,99.0,5.0,884.0,1980.0,3201.0,59.0
1789867875.908,2026-09-20T01:31:15.907681+00:00,baseline,28.3,665.12,99.0,5.0,884.0,1980.0,3201.0,59.0
1789867875.937,2026-09-20T01:31:15.937374+00:00,baseline,29.7,665.12,99.0,5.0,884.0,1980.0,3201.0,59.0
1789867875.966,2026-09-20T01:31:15.965964+00:00,baseline,28.6,665.27,99.0,5.0,884.0,1980.0,3201.0,59.0
1789867875.998,2026-09-20T01:31:15.997796+00:00,baseline,31.8,665.27,99.0,5.0,884.0,1980.0,3201.0,59.0
1789867876.033,2026-09-20T01:31:16.033412+00:00,baseline,35.6,665.27,99.0,5.0,884.0,1980.0,3201.0,59.0
1789867876.066,2026-09-20T01:31:16.065767+00:00,baseline,32.4,665.15,99.0,5.0,884.0,1980.0,3201.0,59.0
1789867876.096,2026-09-20T01:31:16.096255+00:00,baseline,30.5,665.15,99.0,5.0,884.0,1980.0,3201.0,59.0
1789867876.126,2026-09-20T01:31:16.125709+00:00,baseline,29.4,665.15,99.0,5.0,884.0,1980.0,3201.0,59.0
1789867876.154,2026-09-20T01:31:16.154314+00:00,baseline,28.6,665.23,99.0,5.0,884.0,1980.0,3201.0,59.0
1789867876.185,2026-09-20T01:31:16.185312+00:00,baseline,31.0,665.23,99.0,5.0,884.0,1980.0,3201.0,59.0
1789867876.214,2026-09-20T01:31:16.213851+00:00,baseline,28.5,665.23,99.0,5.0,884.0,1980.0,3201.0,59.0
1789867876.242,2026-09-20T01:31:16.242409+00:00,baseline,28.6,665.23,99.0,5.0,884.0,1980.0,3201.0,59.0
1789867876.272,2026-09-20T01:31:16.271875+00:00,baseline,29.5,664.87,99.0,5.0,884.0,1980.0,3201.0,59.0
1789867876.303,2026-09-20T01:31:16.303045+00:00,baseline,31.2,664.87,99.0,5.0,884.0,1980.0,3201.0,59.0
1789867876.333,2026-09-20T01:31:16.332840+00:00,baseline,29.8,664.87,99.0,5.0,884.0,1980.0,3201.0,59.0
1789867876.364,2026-09-20T01:31:16.363906+00:00,baseline,31.1,665.25,99.0,5.0,884.0,1980.0,3201.0,59.0
1789867876.393,2026-09-20T01:31:16.393155+00:00,baseline,29.2,665.25,99.0,5.0,884.0,1980.0,3201.0,59.0
1789867876.423,2026-09-20T01:31:16.422530+00:00,baseline,29.4,665.25,99.0,5.0,884.0,1980.0,3201.0,59.0
1789867876.451,2026-09-20T01:31:16.451187+00:00,baseline,28.7,665.33,99.0,5.0,884.0,1980.0,3201.0,59.0
1789867876.479,2026-09-20T01:31:16.479448+00:00,baseline,28.3,665.33,99.0,5.0,884.0,1980.0,3201.0,59.0
1789867876.51,2026-09-20T01:31:16.510228+00:00,baseline,30.8,665.33,99.0,5.0,884.0,1980.0,3201.0,59.0
1789867876.539,2026-09-20T01:31:16.539264+00:00,baseline,29.0,665.33,99.0,5.0,884.0,1980.0,3201.0,59.0
1789867876.568,2026-09-20T01:31:16.567999+00:00,baseline,28.7,665.22,99.0,5.0,884.0,1980.0,3201.0,59.0
1789867876.596,2026-09-20T01:31:16.596335+00:00,baseline,28.3,665.22,99.0,5.0,884.0,1980.0,3201.0,59.0
1789867876.625,2026-09-20T01:31:16.624698+00:00,baseline,28.4,665.22,99.0,5.0,884.0,1980.0,3201.0,59.0
1789867876.653,2026-09-20T01:31:16.653385+00:00,baseline,28.7,665.08,99.0,5.0,884.0,1980.0,3201.0,59.0
1789867876.682,2026-09-20T01:31:16.681912+00:00,baseline,28.5,665.08,99.0,5.0,884.0,1980.0,3201.0,59.0
1789867876.711,2026-09-20T01:31:16.711056+00:00,baseline,29.1,665.08,99.0,5.0,884.0,1980.0,3201.0,59.0
1789867876.741,2026-09-20T01:31:16.741400+00:00,baseline,30.3,665.08,99.0,5.0,884.0,1980.0,3201.0,59.0
1789867876.773,2026-09-20T01:31:16.772558+00:00,baseline,31.2,665.18,99.0,5.0,884.0,1980.0,3201.0,59.0
1789867876.801,2026-09-20T01:31:16.801410+00:00,baseline,28.9,665.18,99.0,5.0,884.0,1980.0,3201.0,59.0
1789867876.832,2026-09-20T01:31:16.832400+00:00,baseline,31.0,665.18,99.0,5.0,884.0,1980.0,3201.0,59.0
1789867876.861,2026-09-20T01:31:16.861185+00:00,baseline,28.8,665.19,99.0,5.0,884.0,1980.0,3201.0,59.0
1789867876.89,2026-09-20T01:31:16.889599+00:00,baseline,28.4,665.19,99.0,5.0,884.0,1980.0,3201.0,59.0
1789867876.918,2026-09-20T01:31:16.918411+00:00,baseline,28.8,665.19,99.0,5.0,884.0,1980.0,3201.0,59.0
1789867876.947,2026-09-20T01:31:16.947295+00:00,baseline,28.9,665.19,99.0,5.0,884.0,1980.0,3201.0,59.0
1789867876.976,2026-09-20T01:31:16.975869+00:00,baseline,28.6,665.27,99.0,5.0,884.0,1980.0,3201.0,59.0
1789867877.004,2026-09-20T01:31:17.004335+00:00,baseline,28.5,665.27,99.0,5.0,884.0,1980.0,3201.0,59.0
1789867877.035,2026-09-20T01:31:17.035445+00:00,baseline,31.1,665.27,99.0,5.0,884.0,1980.0,3201.0,59.0
1789867877.065,2026-09-20T01:31:17.064631+00:00,baseline,29.2,665.16,99.0,5.0,884.0,1980.0,3201.0,59.0
1789867877.093,2026-09-20T01:31:17.093266+00:00,baseline,28.6,665.16,99.0,5.0,884.0,1980.0,3201.0,59.0
1789867877.122,2026-09-20T01:31:17.122394+00:00,baseline,29.1,665.16,99.0,5.0,884.0,1980.0,3201.0,59.0
1789867877.151,2026-09-20T01:31:17.151180+00:00,baseline,28.8,665.29,99.0,5.0,884.0,1980.0,3201.0,59.0
1789867877.18,2026-09-20T01:31:17.179512+00:00,baseline,28.3,665.29,99.0,5.0,884.0,1980.0,3201.0,59.0
1789867877.209,2026-09-20T01:31:17.209180+00:00,baseline,29.7,665.29,99.0,5.0,884.0,1980.0,3201.0,59.0
1789867877.237,2026-09-20T01:31:17.237476+00:00,baseline,28.3,665.29,99.0,5.0,884.0,1980.0,3201.0,59.0
1789867877.267,2026-09-20T01:31:17.266605+00:00,baseline,29.1,665.18,99.0,5.0,884.0,1980.0,3201.0,59.0
1789867877.296,2026-09-20T01:31:17.295855+00:00,baseline,29.2,665.18,99.0,5.0,884.0,1980.0,3201.0,59.0
1789867877.324,2026-09-20T01:31:17.324320+00:00,baseline,28.5,665.18,99.0,5.0,884.0,1980.0,3201.0,59.0
1789867877.353,2026-09-20T01:31:17.353159+00:00,baseline,28.8,664.83,99.0,5.0,884.0,1980.0,3201.0,59.0
1789867877.382,2026-09-20T01:31:17.382446+00:00,baseline,29.3,664.83,99.0,5.0,884.0,1980.0,3201.0,59.0
1789867877.411,2026-09-20T01:31:17.411432+00:00,baseline,29.0,664.83,99.0,5.0,884.0,1980.0,3201.0,59.0
1789867877.44,2026-09-20T01:31:17.439856+00:00,baseline,28.4,664.83,99.0,5.0,884.0,1980.0,3201.0,59.0
1789867877.469,2026-09-20T01:31:17.468613+00:00,baseline,28.8,664.67,99.0,5.0,884.0,1980.0,3201.0,59.0
1789867877.497,2026-09-20T01:31:17.496923+00:00,baseline,28.3,664.67,99.0,5.0,884.0,1980.0,3201.0,59.0
1789867877.525,2026-09-20T01:31:17.525413+00:00,baseline,28.5,664.67,99.0,5.0,884.0,1980.0,3201.0,59.0
1789867877.554,2026-09-20T01:31:17.553841+00:00,baseline,28.4,664.76,99.0,5.0,884.0,1980.0,3201.0,59.0
1789867877.582,2026-09-20T01:31:17.582284+00:00,baseline,28.4,664.76,99.0,5.0,884.0,1980.0,3201.0,59.0
1789867877.612,2026-09-20T01:31:17.611940+00:00,baseline,29.7,664.76,99.0,5.0,884.0,1980.0,3201.0,59.0
1789867877.64,2026-09-20T01:31:17.640486+00:00,baseline,28.5,664.76,99.0,5.0,884.0,1980.0,3201.0,59.0
1789867877.67,2026-09-20T01:31:17.669656+00:00,baseline,29.2,664.82,99.0,5.0,884.0,1980.0,3201.0,59.0
1789867877.698,2026-09-20T01:31:17.698161+00:00,baseline,28.5,664.82,99.0,5.0,884.0,1980.0,3201.0,59.0
1789867877.729,2026-09-20T01:31:17.729123+00:00,baseline,31.0,664.82,99.0,5.0,884.0,1980.0,3201.0,59.0
1789867877.758,2026-09-20T01:31:17.758207+00:00,baseline,29.1,664.67,99.0,5.0,884.0,1980.0,3201.0,59.0
1789867877.786,2026-09-20T01:31:17.786280+00:00,baseline,28.1,664.67,99.0,5.0,884.0,1980.0,3201.0,59.0
1789867877.815,2026-09-20T01:31:17.815042+00:00,baseline,28.8,664.67,99.0,5.0,884.0,1980.0,3201.0,59.0
1789867877.844,2026-09-20T01:31:17.844263+00:00,baseline,29.2,664.67,99.0,5.0,884.0,1980.0,3201.0,59.0
1789867877.873,2026-09-20T01:31:17.872727+00:00,baseline,28.5,664.75,99.0,5.0,884.0,1980.0,3201.0,59.0
1789867877.901,2026-09-20T01:31:17.901009+00:00,baseline,28.3,664.75,99.0,5.0,884.0,1980.0,3201.0,59.0
1789867877.93,2026-09-20T01:31:17.929862+00:00,baseline,28.9,664.75,99.0,5.0,884.0,1980.0,3201.0,59.0
1789867877.958,2026-09-20T01:31:17.958501+00:00,baseline,28.6,664.58,99.0,5.0,884.0,1980.0,3201.0,59.0
1789867877.987,2026-09-20T01:31:17.987005+00:00,baseline,28.5,664.58,99.0,5.0,884.0,1980.0,3201.0,59.0
1789867878.015,2026-09-20T01:31:18.015397+00:00,baseline,28.4,664.58,99.0,5.0,884.0,1980.0,3201.0,60.0
1789867878.044,2026-09-20T01:31:18.043884+00:00,baseline,28.5,664.58,99.0,5.0,884.0,1980.0,3201.0,60.0
1789867878.072,2026-09-20T01:31:18.072443+00:00,baseline,28.6,664.72,99.0,5.0,884.0,1980.0,3201.0,60.0
1789867878.101,2026-09-20T01:31:18.101330+00:00,baseline,28.9,664.72,99.0,5.0,884.0,1980.0,3201.0,59.0
1789867878.13,2026-09-20T01:31:18.129707+00:00,baseline,28.4,664.72,99.0,5.0,884.0,1980.0,3201.0,59.0
1789867878.16,2026-09-20T01:31:18.160170+00:00,baseline,30.5,665.03,99.0,5.0,884.0,1980.0,3201.0,59.0
1789867878.189,2026-09-20T01:31:18.189151+00:00,baseline,29.0,665.03,99.0,5.0,884.0,1980.0,3201.0,59.0
1789867878.218,2026-09-20T01:31:18.217656+00:00,baseline,28.5,665.03,99.0,5.0,884.0,1980.0,3201.0,60.0
1789867878.246,2026-09-20T01:31:18.245869+00:00,baseline,28.2,665.03,99.0,5.0,884.0,1980.0,3201.0,60.0
1789867878.275,2026-09-20T01:31:18.274845+00:00,baseline,29.0,665.33,99.0,5.0,884.0,1980.0,3201.0,60.0
1789867878.303,2026-09-20T01:31:18.303475+00:00,baseline,28.6,665.33,99.0,5.0,884.0,1980.0,3201.0,59.0
1789867878.332,2026-09-20T01:31:18.331803+00:00,baseline,28.3,665.33,99.0,5.0,884.0,1980.0,3201.0,59.0
1789867878.361,2026-09-20T01:31:18.361489+00:00,baseline,29.7,665.19,99.0,5.0,884.0,1980.0,3201.0,59.0
1789867878.39,2026-09-20T01:31:18.390186+00:00,baseline,28.7,665.19,99.0,5.0,884.0,1980.0,3201.0,59.0
1789867878.419,2026-09-20T01:31:18.418845+00:00,baseline,28.7,665.19,99.0,5.0,884.0,1980.0,3201.0,60.0
1789867878.447,2026-09-20T01:31:18.447155+00:00,baseline,28.3,665.19,99.0,5.0,884.0,1980.0,3201.0,60.0
1789867878.476,2026-09-20T01:31:18.476256+00:00,baseline,29.1,665.28,99.0,5.0,884.0,1980.0,3201.0,60.0
1789867878.506,2026-09-20T01:31:18.506446+00:00,baseline,30.2,665.28,99.0,5.0,884.0,1980.0,3201.0,59.0
1789867878.535,2026-09-20T01:31:18.535472+00:00,baseline,29.0,665.28,99.0,5.0,884.0,1980.0,3201.0,59.0
1789867878.566,2026-09-20T01:31:18.566316+00:00,baseline,30.8,665.6,99.0,5.0,884.0,1980.0,3201.0,59.0
1789867878.599,2026-09-20T01:31:18.599215+00:00,baseline,32.9,665.6,99.0,5.0,884.0,1980.0,3201.0,59.0
1789867878.628,2026-09-20T01:31:18.627760+00:00,baseline,28.5,665.6,99.0,5.0,884.0,1980.0,3201.0,60.0
1789867878.661,2026-09-20T01:31:18.660826+00:00,baseline,33.1,665.6,99.0,5.0,884.0,1980.0,3201.0,60.0
1789867878.693,2026-09-20T01:31:18.692553+00:00,baseline,31.7,665.71,99.0,5.0,884.0,1980.0,3201.0,60.0
1789867878.722,2026-09-20T01:31:18.721599+00:00,baseline,29.0,665.71,99.0,5.0,884.0,1980.0,3201.0,59.0
1789867878.752,2026-09-20T01:31:18.752295+00:00,baseline,30.7,665.71,99.0,5.0,884.0,1980.0,3201.0,59.0
1789867878.781,2026-09-20T01:31:18.780891+00:00,baseline,28.6,665.9,99.0,5.0,884.0,1980.0,3201.0,59.0
1789867878.81,2026-09-20T01:31:18.810035+00:00,baseline,29.1,665.9,99.0,5.0,884.0,1980.0,3201.0,60.0
1789867878.839,2026-09-20T01:31:18.838922+00:00,baseline,28.9,665.9,99.0,5.0,884.0,1980.0,3201.0,60.0
1789867878.868,2026-09-20T01:31:18.868072+00:00,baseline,29.1,665.99,99.0,5.0,884.0,1980.0,3201.0,60.0
1789867878.897,2026-09-20T01:31:18.897319+00:00,baseline,29.2,665.99,99.0,5.0,884.0,1980.0,3201.0,60.0
1789867878.926,2026-09-20T01:31:18.925964+00:00,baseline,28.6,665.99,99.0,5.0,884.0,1980.0,3201.0,59.0
1789867878.955,2026-09-20T01:31:18.955282+00:00,baseline,29.3,665.99,99.0,5.0,884.0,1980.0,3201.0,59.0
1789867878.984,2026-09-20T01:31:18.984042+00:00,baseline,28.8,666.31,99.0,5.0,884.0,1980.0,3201.0,59.0
1789867879.013,2026-09-20T01:31:19.012516+00:00,baseline,28.5,666.31,99.0,5.0,884.0,1980.0,3201.0,60.0
1789867879.041,2026-09-20T01:31:19.041450+00:00,baseline,28.9,666.31,99.0,5.0,884.0,1980.0,3201.0,60.0
1789867879.072,2026-09-20T01:31:19.071959+00:00,baseline,30.5,666.45,99.0,5.0,884.0,1980.0,3201.0,60.0
1789867879.1,2026-09-20T01:31:19.100272+00:00,baseline,28.3,666.45,99.0,5.0,884.0,1980.0,3201.0,60.0
1789867879.129,2026-09-20T01:31:19.128655+00:00,baseline,28.4,666.45,99.0,5.0,884.0,1980.0,3201.0,59.0
1789867879.158,2026-09-20T01:31:19.157704+00:00,baseline,29.0,666.45,99.0,5.0,884.0,1980.0,3201.0,59.0
1789867879.186,2026-09-20T01:31:19.185975+00:00,baseline,28.3,666.16,99.0,5.0,884.0,1980.0,3201.0,59.0
1789867880.218,2026-09-20T01:31:20.217567+00:00,contended,1031.6,666.47,99.0,5.0,884.0,1980.0,3201.0,60.0
1789867880.248,2026-09-20T01:31:20.248468+00:00,contended,30.9,666.47,99.0,5.0,884.0,1980.0,3201.0,60.0
1789867880.292,2026-09-20T01:31:20.292267+00:00,contended,43.8,666.45,99.0,5.0,884.0,1980.0,3201.0,60.0
1789867880.333,2026-09-20T01:31:20.332588+00:00,contended,40.3,666.45,99.0,5.0,884.0,1980.0,3201.0,60.0
1789867880.393,2026-09-20T01:31:20.393190+00:00,contended,60.6,666.47,99.0,5.0,884.0,1980.0,3201.0,60.0
1789867880.426,2026-09-20T01:31:20.426111+00:00,contended,32.9,666.47,99.0,5.0,884.0,1980.0,3201.0,60.0
1789867880.46,2026-09-20T01:31:20.459937+00:00,contended,33.8,666.47,99.0,5.0,884.0,1980.0,3201.0,60.0
1789867880.506,2026-09-20T01:31:20.506386+00:00,contended,46.4,666.66,99.0,5.0,884.0,1980.0,3201.0,60.0
1789867880.574,2026-09-20T01:31:20.574019+00:00,contended,67.6,666.66,99.0,5.0,902.0,1980.0,3201.0,60.0
1789867880.657,2026-09-20T01:31:20.656972+00:00,contended,83.0,666.15,99.0,5.0,903.0,1980.0,3201.0,60.0
1789867880.707,2026-09-20T01:31:20.707005+00:00,contended,50.0,666.52,99.0,5.0,903.0,1980.0,3201.0,60.0
1789867880.738,2026-09-20T01:31:20.737777+00:00,contended,30.8,666.52,99.0,5.0,917.0,1980.0,3201.0,60.0
1789867880.767,2026-09-20T01:31:20.766905+00:00,contended,29.1,666.52,99.0,5.0,921.0,1980.0,3201.0,60.0
1789867880.797,2026-09-20T01:31:20.797028+00:00,contended,30.1,663.43,99.0,5.0,1407.0,1980.0,3201.0,60.0
1789867880.828,2026-09-20T01:31:20.828228+00:00,contended,31.2,663.43,99.0,5.0,1537.0,1980.0,3201.0,60.0
1789867880.863,2026-09-20T01:31:20.862944+00:00,contended,34.7,663.43,99.0,5.0,1601.0,1980.0,3201.0,60.0
1789867880.892,2026-09-20T01:31:20.892294+00:00,contended,29.4,657.01,99.0,5.0,1699.0,1980.0,3201.0,60.0
1789867880.921,2026-09-20T01:31:20.920847+00:00,contended,28.6,657.01,100.0,5.0,1699.0,1980.0,3201.0,60.0
1789867880.951,2026-09-20T01:31:20.951334+00:00,contended,30.5,657.01,100.0,5.0,1699.0,1980.0,3201.0,59.0
1789867880.98,2026-09-20T01:31:20.980363+00:00,contended,29.0,657.01,100.0,5.0,1763.0,1980.0,3201.0,59.0
1789867881.009,2026-09-20T01:31:21.009127+00:00,contended,28.8,654.53,100.0,5.0,1763.0,1980.0,3201.0,59.0
1789867881.039,2026-09-20T01:31:21.038982+00:00,contended,29.9,654.53,100.0,5.0,1763.0,1980.0,3201.0,60.0
1789867881.068,2026-09-20T01:31:21.067964+00:00,contended,29.0,654.53,100.0,5.0,1763.0,1980.0,3201.0,60.0
1789867881.097,2026-09-20T01:31:21.096702+00:00,contended,28.7,648.56,100.0,5.0,1763.0,1980.0,3201.0,60.0
1789867881.126,2026-09-20T01:31:21.125961+00:00,contended,29.3,648.56,100.0,5.0,1763.0,1980.0,3201.0,58.0
1789867881.156,2026-09-20T01:31:21.156292+00:00,contended,30.3,648.56,100.0,5.0,1763.0,1980.0,3201.0,58.0
1789867881.187,2026-09-20T01:31:21.186733+00:00,contended,30.4,642.63,100.0,5.0,1763.0,1980.0,3201.0,58.0
1789867881.215,2026-09-20T01:31:21.214946+00:00,contended,28.2,642.63,100.0,5.0,1763.0,1980.0,3201.0,58.0
1789867881.244,2026-09-20T01:31:21.243713+00:00,contended,28.8,642.63,100.0,5.0,1763.0,1980.0,3201.0,58.0
1789867881.272,2026-09-20T01:31:21.272489+00:00,contended,28.8,642.63,100.0,5.0,1763.0,1980.0,3201.0,58.0
1789867881.301,2026-09-20T01:31:21.300932+00:00,contended,28.4,635.87,100.0,5.0,1763.0,1980.0,3201.0,58.0
1789867881.33,2026-09-20T01:31:21.329630+00:00,contended,28.7,635.87,100.0,5.0,1763.0,1980.0,3201.0,58.0
1789867881.358,2026-09-20T01:31:21.358261+00:00,contended,28.6,635.87,100.0,5.0,1763.0,1980.0,3201.0,58.0
1789867881.387,2026-09-20T01:31:21.386814+00:00,contended,28.6,629.33,100.0,5.0,1763.0,1980.0,3201.0,58.0
1789867881.415,2026-09-20T01:31:21.415209+00:00,contended,28.4,629.33,100.0,5.0,1763.0,1980.0,3201.0,58.0
1789867881.444,2026-09-20T01:31:21.444356+00:00,contended,29.1,629.33,100.0,5.0,1763.0,1980.0,3201.0,58.0
1789867881.473,2026-09-20T01:31:21.472516+00:00,contended,28.2,629.33,100.0,5.0,1763.0,1980.0,3201.0,58.0
1789867881.501,2026-09-20T01:31:21.501301+00:00,contended,28.8,621.68,100.0,5.0,1763.0,1980.0,3201.0,58.0
1789867881.53,2026-09-20T01:31:21.530247+00:00,contended,28.9,621.68,100.0,5.0,1763.0,1980.0,3201.0,58.0
1789867881.561,2026-09-20T01:31:21.561456+00:00,contended,31.2,621.68,100.0,5.0,1763.0,1980.0,3201.0,58.0
1789867881.591,2026-09-20T01:31:21.591072+00:00,contended,29.6,616.45,100.0,5.0,1763.0,1980.0,3201.0,58.0
1789867881.62,2026-09-20T01:31:21.619673+00:00,contended,28.6,616.45,100.0,5.0,1763.0,1980.0,3201.0,58.0
1789867881.648,2026-09-20T01:31:21.648327+00:00,contended,28.7,616.45,100.0,5.0,1763.0,1980.0,3201.0,58.0
1789867881.684,2026-09-20T01:31:21.684257+00:00,contended,35.9,616.45,100.0,5.0,1763.0,1980.0,3201.0,58.0
1789867881.713,2026-09-20T01:31:21.712666+00:00,contended,28.4,609.47,100.0,5.0,1763.0,1980.0,3201.0,58.0
1789867881.741,2026-09-20T01:31:21.741136+00:00,contended,28.5,609.47,100.0,5.0,1763.0,1980.0,3201.0,58.0
1789867881.77,2026-09-20T01:31:21.769641+00:00,contended,28.5,609.47,100.0,5.0,1763.0,1980.0,3201.0,58.0
1789867881.801,2026-09-20T01:31:21.801073+00:00,contended,31.4,606.94,100.0,5.0,1763.0,1980.0,3201.0,58.0
1789867881.83,2026-09-20T01:31:21.830367+00:00,contended,29.3,606.94,100.0,5.0,1763.0,1980.0,3201.0,58.0
1789867881.859,2026-09-20T01:31:21.858917+00:00,contended,28.5,606.94,100.0,5.0,1763.0,1980.0,3201.0,58.0
1789867881.888,2026-09-20T01:31:21.887732+00:00,contended,28.8,606.9,100.0,5.0,1763.0,1980.0,3201.0,58.0
1789867881.916,2026-09-20T01:31:21.916032+00:00,contended,28.3,606.9,100.0,5.0,1763.0,1980.0,3201.0,58.0
1789867881.945,2026-09-20T01:31:21.944747+00:00,contended,28.7,606.9,100.0,5.0,1763.0,1980.0,3201.0,58.0
1789867881.973,2026-09-20T01:31:21.973123+00:00,contended,28.4,606.9,100.0,5.0,1763.0,1980.0,3201.0,58.0
1789867882.003,2026-09-20T01:31:22.002634+00:00,contended,29.5,602.37,100.0,5.0,1763.0,1980.0,3201.0,58.0
1789867882.032,2026-09-20T01:31:22.032402+00:00,contended,29.8,602.37,100.0,5.0,1763.0,1980.0,3201.0,58.0
1789867882.063,2026-09-20T01:31:22.062712+00:00,contended,30.3,602.37,100.0,5.0,1763.0,1980.0,3201.0,58.0
1789867882.092,2026-09-20T01:31:22.091504+00:00,contended,28.8,601.29,100.0,5.0,1763.0,1980.0,3201.0,58.0
1789867882.12,2026-09-20T01:31:22.119975+00:00,contended,28.5,601.29,100.0,5.0,1763.0,1980.0,3201.0,58.0
1789867882.149,2026-09-20T01:31:22.148839+00:00,contended,28.9,601.29,100.0,5.0,1763.0,1980.0,3201.0,58.0
1789867882.177,2026-09-20T01:31:22.177365+00:00,contended,28.5,601.29,100.0,5.0,1763.0,1980.0,3201.0,58.0
1789867882.208,2026-09-20T01:31:22.207952+00:00,contended,30.6,599.57,100.0,5.0,1763.0,1980.0,3201.0,58.0
1789867882.239,2026-09-20T01:31:22.238623+00:00,contended,30.7,599.57,100.0,5.0,1763.0,1980.0,3201.0,58.0
1789867882.267,2026-09-20T01:31:22.267162+00:00,contended,28.5,599.57,100.0,5.0,1763.0,1980.0,3201.0,58.0
1789867882.296,2026-09-20T01:31:22.295670+00:00,contended,28.5,599.06,100.0,5.0,1763.0,1980.0,3201.0,58.0
1789867882.325,2026-09-20T01:31:22.324868+00:00,contended,29.2,599.06,100.0,5.0,1763.0,1980.0,3201.0,58.0
1789867882.353,2026-09-20T01:31:22.353055+00:00,contended,28.2,599.06,100.0,5.0,1763.0,1980.0,3201.0,58.0
1789867882.382,2026-09-20T01:31:22.382358+00:00,contended,29.3,599.06,100.0,5.0,1763.0,1980.0,3201.0,58.0
1789867882.411,2026-09-20T01:31:22.411269+00:00,contended,28.9,599.72,100.0,5.0,1763.0,1980.0,3201.0,58.0
1789867882.442,2026-09-20T01:31:22.441964+00:00,contended,30.7,599.72,100.0,5.0,1763.0,1980.0,3201.0,58.0
1789867882.473,2026-09-20T01:31:22.473107+00:00,contended,31.1,599.72,100.0,5.0,1763.0,1980.0,3201.0,58.0
1789867882.503,2026-09-20T01:31:22.502530+00:00,contended,29.4,600.68,100.0,5.0,1763.0,1980.0,3201.0,58.0
1789867882.534,2026-09-20T01:31:22.533607+00:00,contended,31.1,600.68,100.0,5.0,1763.0,1980.0,3201.0,58.0
1789867882.565,2026-09-20T01:31:22.565230+00:00,contended,31.6,600.68,100.0,5.0,1763.0,1980.0,3201.0,58.0
1789867882.594,2026-09-20T01:31:22.593556+00:00,contended,28.3,600.01,100.0,5.0,1763.0,1980.0,3201.0,58.0
1789867882.625,2026-09-20T01:31:22.624712+00:00,contended,31.2,600.01,100.0,5.0,1763.0,1980.0,3201.0,58.0
1789867882.654,2026-09-20T01:31:22.653957+00:00,contended,29.2,600.01,100.0,5.0,1763.0,1980.0,3201.0,58.0
1789867882.683,2026-09-20T01:31:22.682949+00:00,contended,29.0,600.01,100.0,5.0,1763.0,1980.0,3201.0,58.0
1789867882.711,2026-09-20T01:31:22.711444+00:00,contended,28.5,598.72,100.0,5.0,1763.0,1980.0,3201.0,58.0
1789867882.741,2026-09-20T01:31:22.741305+00:00,contended,29.9,598.72,100.0,5.0,1763.0,1980.0,3201.0,58.0
1789867882.77,2026-09-20T01:31:22.770403+00:00,contended,29.1,598.72,100.0,5.0,1763.0,1980.0,3201.0,58.0
1789867882.799,2026-09-20T01:31:22.799496+00:00,contended,29.1,598.1,100.0,5.0,1763.0,1980.0,3201.0,58.0
1789867882.828,2026-09-20T01:31:22.827832+00:00,contended,28.3,598.1,100.0,5.0,1763.0,1980.0,3201.0,58.0
1789867882.857,2026-09-20T01:31:22.856599+00:00,contended,28.8,598.1,100.0,5.0,1763.0,1980.0,3201.0,58.0
1789867882.885,2026-09-20T01:31:22.884895+00:00,contended,28.3,598.1,100.0,5.0,1763.0,1980.0,3201.0,58.0
1789867882.914,2026-09-20T01:31:22.913890+00:00,contended,29.0,598.08,100.0,5.0,1763.0,1980.0,3201.0,58.0
1789867882.942,2026-09-20T01:31:22.942006+00:00,contended,28.1,598.08,100.0,5.0,1763.0,1980.0,3201.0,58.0
1789867882.971,2026-09-20T01:31:22.970701+00:00,contended,28.7,598.08,100.0,5.0,1763.0,1980.0,3201.0,58.0
1789867883.002,2026-09-20T01:31:23.002286+00:00,contended,31.6,598.19,100.0,5.0,1763.0,1980.0,3201.0,58.0
1789867883.031,2026-09-20T01:31:23.031001+00:00,contended,28.7,598.19,100.0,5.0,1763.0,1980.0,3201.0,58.0
1789867883.062,2026-09-20T01:31:23.061885+00:00,contended,30.9,598.19,100.0,5.0,1763.0,1980.0,3201.0,58.0
1789867883.09,2026-09-20T01:31:23.090433+00:00,contended,28.5,598.19,100.0,5.0,1763.0,1980.0,3201.0,58.0
1789867883.119,2026-09-20T01:31:23.119241+00:00,contended,28.8,599.45,100.0,5.0,1763.0,1980.0,3201.0,58.0
1789867883.148,2026-09-20T01:31:23.148411+00:00,contended,29.2,599.45,100.0,5.0,1763.0,1980.0,3201.0,58.0
1789867883.177,2026-09-20T01:31:23.176649+00:00,contended,28.2,599.45,100.0,5.0,1763.0,1980.0,3201.0,58.0
1789867883.206,2026-09-20T01:31:23.205529+00:00,contended,28.9,601.18,100.0,5.0,1763.0,1980.0,3201.0,58.0
1789867883.235,2026-09-20T01:31:23.234620+00:00,contended,29.1,601.18,100.0,5.0,1763.0,1980.0,3201.0,58.0
1789867883.263,2026-09-20T01:31:23.263116+00:00,contended,28.5,601.18,100.0,5.0,1763.0,1980.0,3201.0,58.0
1789867883.292,2026-09-20T01:31:23.291719+00:00,contended,28.6,601.18,100.0,5.0,1763.0,1980.0,3201.0,58.0
1789867883.32,2026-09-20T01:31:23.320495+00:00,contended,28.8,600.38,100.0,5.0,1763.0,1980.0,3201.0,58.0
1789867883.349,2026-09-20T01:31:23.348972+00:00,contended,28.5,600.38,100.0,5.0,1763.0,1980.0,3201.0,58.0
1789867883.377,2026-09-20T01:31:23.377402+00:00,contended,28.4,600.38,100.0,5.0,1763.0,1980.0,3201.0,58.0
1789867883.407,2026-09-20T01:31:23.407119+00:00,contended,29.7,599.47,100.0,5.0,1763.0,1980.0,3201.0,58.0
1789867883.436,2026-09-20T01:31:23.435551+00:00,contended,28.4,599.47,100.0,5.0,1763.0,1980.0,3201.0,58.0
1789867883.464,2026-09-20T01:31:23.464032+00:00,contended,28.5,599.47,100.0,5.0,1763.0,1980.0,3201.0,58.0
1789867883.493,2026-09-20T01:31:23.492600+00:00,contended,28.6,599.47,100.0,5.0,1763.0,1980.0,3201.0,58.0
1789867883.522,2026-09-20T01:31:23.522225+00:00,contended,29.6,599.02,100.0,5.0,1763.0,1980.0,3201.0,58.0
1789867883.55,2026-09-20T01:31:23.550317+00:00,contended,28.1,599.02,100.0,5.0,1763.0,1980.0,3201.0,58.0
1789867883.579,2026-09-20T01:31:23.578782+00:00,contended,28.5,599.02,100.0,5.0,1763.0,1980.0,3201.0,58.0
1789867883.607,2026-09-20T01:31:23.607020+00:00,contended,28.2,599.1,100.0,5.0,1763.0,1980.0,3201.0,58.0
1789867883.636,2026-09-20T01:31:23.635667+00:00,contended,28.6,599.1,100.0,5.0,1763.0,1980.0,3201.0,58.0
1789867883.666,2026-09-20T01:31:23.666387+00:00,contended,30.7,599.1,100.0,5.0,1763.0,1980.0,3201.0,58.0
1789867883.695,2026-09-20T01:31:23.695028+00:00,contended,28.6,599.1,100.0,5.0,1763.0,1980.0,3201.0,58.0
1789867883.726,2026-09-20T01:31:23.725923+00:00,contended,30.9,600.88,100.0,5.0,1763.0,1980.0,3201.0,58.0
1789867883.755,2026-09-20T01:31:23.755355+00:00,contended,29.4,600.88,100.0,5.0,1763.0,1980.0,3201.0,58.0
1789867883.784,2026-09-20T01:31:23.783762+00:00,contended,28.4,600.88,100.0,5.0,1763.0,1980.0,3201.0,58.0
1789867883.813,2026-09-20T01:31:23.812806+00:00,contended,29.0,600.82,100.0,5.0,1763.0,1980.0,3201.0,58.0
1789867883.841,2026-09-20T01:31:23.841369+00:00,contended,28.6,600.82,100.0,5.0,1763.0,1980.0,3201.0,58.0
1789867883.87,2026-09-20T01:31:23.870376+00:00,contended,29.0,600.82,100.0,5.0,1763.0,1980.0,3201.0,58.0
1789867883.899,2026-09-20T01:31:23.898790+00:00,contended,28.4,600.16,100.0,5.0,1763.0,1980.0,3201.0,58.0
1789867883.927,2026-09-20T01:31:23.927268+00:00,contended,28.5,600.16,100.0,5.0,1763.0,1980.0,3201.0,58.0
1789867883.956,2026-09-20T01:31:23.956468+00:00,contended,29.2,600.16,100.0,5.0,1763.0,1980.0,3201.0,58.0
1789867883.985,2026-09-20T01:31:23.984907+00:00,contended,28.4,600.16,100.0,5.0,1763.0,1980.0,3201.0,58.0
1789867884.014,2026-09-20T01:31:24.014396+00:00,contended,29.5,599.25,100.0,5.0,1763.0,1980.0,3201.0,58.0
1789867884.044,2026-09-20T01:31:24.043607+00:00,contended,29.2,599.25,100.0,5.0,1763.0,1980.0,3201.0,58.0
1789867884.075,2026-09-20T01:31:24.075045+00:00,contended,31.4,599.25,100.0,5.0,1763.0,1980.0,3201.0,58.0
1789867884.104,2026-09-20T01:31:24.103597+00:00,contended,28.6,600.22,100.0,5.0,1763.0,1980.0,3201.0,58.0
1789867884.133,2026-09-20T01:31:24.132638+00:00,contended,29.0,600.22,100.0,5.0,1763.0,1980.0,3201.0,58.0
1789867884.161,2026-09-20T01:31:24.161014+00:00,contended,28.4,600.22,100.0,5.0,1763.0,1980.0,3201.0,58.0
1789867884.19,2026-09-20T01:31:24.190017+00:00,contended,29.0,600.22,100.0,5.0,1763.0,1980.0,3201.0,58.0
1789867884.225,2026-09-20T01:31:24.225388+00:00,contended,35.4,600.78,100.0,5.0,1763.0,1980.0,3201.0,58.0
1789867884.263,2026-09-20T01:31:24.262865+00:00,contended,37.5,600.78,100.0,5.0,1763.0,1980.0,3201.0,58.0
1789867884.291,2026-09-20T01:31:24.291081+00:00,contended,28.2,600.78,100.0,5.0,1763.0,1980.0,3201.0,58.0
1789867884.321,2026-09-20T01:31:24.321175+00:00,contended,30.1,601.93,100.0,5.0,1763.0,1980.0,3201.0,58.0
1789867884.349,2026-09-20T01:31:24.349485+00:00,contended,28.3,601.93,100.0,5.0,1763.0,1980.0,3201.0,58.0
1789867884.378,2026-09-20T01:31:24.378084+00:00,contended,28.6,601.93,100.0,5.0,1763.0,1980.0,3201.0,58.0
1789867884.407,2026-09-20T01:31:24.406774+00:00,contended,28.7,602.71,100.0,5.0,1763.0,1980.0,3201.0,58.0
1789867884.436,2026-09-20T01:31:24.435847+00:00,contended,29.1,602.71,100.0,5.0,1763.0,1980.0,3201.0,58.0
1789867884.465,2026-09-20T01:31:24.464643+00:00,contended,28.8,602.71,100.0,5.0,1763.0,1980.0,3201.0,58.0
1789867884.494,2026-09-20T01:31:24.494157+00:00,contended,29.5,602.71,100.0,5.0,1763.0,1980.0,3201.0,58.0
1789867884.524,2026-09-20T01:31:24.523998+00:00,contended,29.8,602.54,100.0,5.0,1763.0,1980.0,3201.0,58.0
1789867884.552,2026-09-20T01:31:24.552342+00:00,contended,28.3,602.54,100.0,5.0,1763.0,1980.0,3201.0,58.0
1789867884.581,2026-09-20T01:31:24.581380+00:00,contended,29.0,602.54,100.0,5.0,1763.0,1980.0,3201.0,58.0
1789867884.61,2026-09-20T01:31:24.610173+00:00,contended,28.8,601.43,100.0,5.0,1763.0,1980.0,3201.0,58.0
1789867884.639,2026-09-20T01:31:24.638661+00:00,contended,28.5,601.43,100.0,5.0,1763.0,1980.0,3201.0,58.0
1789867884.667,2026-09-20T01:31:24.667015+00:00,contended,28.4,601.43,100.0,5.0,1763.0,1980.0,3201.0,58.0
1789867884.695,2026-09-20T01:31:24.695135+00:00,contended,28.1,601.43,100.0,5.0,1763.0,1980.0,3201.0,58.0
1789867884.723,2026-09-20T01:31:24.723366+00:00,contended,28.2,600.45,100.0,5.0,1763.0,1980.0,3201.0,58.0
1789867884.752,2026-09-20T01:31:24.751626+00:00,contended,28.3,600.45,100.0,5.0,1763.0,1980.0,3201.0,58.0
1789867884.781,2026-09-20T01:31:24.781347+00:00,contended,29.7,600.45,100.0,5.0,1763.0,1980.0,3201.0,58.0
1789867884.81,2026-09-20T01:31:24.809920+00:00,contended,28.6,599.61,100.0,5.0,1763.0,1980.0,3201.0,58.0
1789867884.846,2026-09-20T01:31:24.846073+00:00,contended,36.1,599.61,100.0,5.0,1763.0,1980.0,3201.0,58.0
1789867884.875,2026-09-20T01:31:24.874879+00:00,contended,28.8,599.61,100.0,5.0,1763.0,1980.0,3201.0,58.0
1789867884.905,2026-09-20T01:31:24.904723+00:00,contended,29.8,599.61,100.0,5.0,1763.0,1980.0,3201.0,58.0
1789867884.936,2026-09-20T01:31:24.935838+00:00,contended,31.1,599.57,100.0,5.0,1763.0,1980.0,3201.0,58.0
1789867884.988,2026-09-20T01:31:24.987916+00:00,contended,52.1,599.57,100.0,5.0,1763.0,1980.0,3201.0,58.0
1789867885.016,2026-09-20T01:31:25.016443+00:00,contended,28.5,601.33,100.0,5.0,1763.0,1980.0,3201.0,58.0
1789867885.045,2026-09-20T01:31:25.045155+00:00,contended,28.7,601.33,100.0,5.0,1763.0,1980.0,3201.0,58.0
1789867885.075,2026-09-20T01:31:25.074649+00:00,contended,29.5,601.33,100.0,5.0,1763.0,1980.0,3201.0,58.0
1789867885.103,2026-09-20T01:31:25.102886+00:00,contended,28.2,601.33,100.0,5.0,1763.0,1980.0,3201.0,58.0
1789867885.132,2026-09-20T01:31:25.132125+00:00,contended,29.2,600.92,100.0,5.0,1763.0,1980.0,3201.0,58.0
1789867885.161,2026-09-20T01:31:25.160753+00:00,contended,28.6,600.92,100.0,5.0,1763.0,1980.0,3201.0,58.0
1789867885.192,2026-09-20T01:31:25.191635+00:00,contended,30.9,600.92,100.0,5.0,1763.0,1980.0,3201.0,58.0
1789867885.22,2026-09-20T01:31:25.219919+00:00,contended,28.3,599.38,100.0,5.0,1763.0,1980.0,3201.0,58.0
1789867885.249,2026-09-20T01:31:25.248954+00:00,contended,29.0,599.38,100.0,5.0,1763.0,1980.0,3201.0,58.0
1789867885.277,2026-09-20T01:31:25.277353+00:00,contended,28.4,599.38,100.0,5.0,1763.0,1980.0,3201.0,58.0
1789867885.307,2026-09-20T01:31:25.307206+00:00,contended,29.9,599.38,100.0,5.0,1763.0,1980.0,3201.0,58.0
1789867885.338,2026-09-20T01:31:25.337543+00:00,contended,30.3,597.95,100.0,5.0,1763.0,1980.0,3201.0,58.0
1789867885.367,2026-09-20T01:31:25.367071+00:00,contended,29.5,597.95,100.0,5.0,1763.0,1980.0,3201.0,58.0
1789867885.395,2026-09-20T01:31:25.395164+00:00,contended,28.1,597.95,100.0,5.0,1763.0,1980.0,3201.0,58.0
1789867885.424,2026-09-20T01:31:25.423784+00:00,contended,28.6,597.91,100.0,5.0,1763.0,1980.0,3201.0,58.0
1789867885.453,2026-09-20T01:31:25.453378+00:00,contended,29.6,597.91,100.0,5.0,1763.0,1980.0,3201.0,58.0
1789867885.482,2026-09-20T01:31:25.481862+00:00,contended,28.5,597.91,100.0,5.0,1763.0,1980.0,3201.0,58.0
1789867885.511,2026-09-20T01:31:25.511313+00:00,contended,29.5,598.85,100.0,5.0,1763.0,1980.0,3201.0,58.0
1789867885.54,2026-09-20T01:31:25.540218+00:00,contended,28.9,598.85,100.0,5.0,1763.0,1980.0,3201.0,58.0
1789867885.569,2026-09-20T01:31:25.569486+00:00,contended,29.3,598.85,100.0,5.0,1763.0,1980.0,3201.0,58.0
1789867885.598,2026-09-20T01:31:25.597959+00:00,contended,28.5,598.85,100.0,5.0,1763.0,1980.0,3201.0,58.0
1789867885.626,2026-09-20T01:31:25.626351+00:00,contended,28.4,600.3,100.0,5.0,1763.0,1980.0,3201.0,58.0
1789867885.655,2026-09-20T01:31:25.654618+00:00,contended,28.3,600.3,100.0,5.0,1763.0,1980.0,3201.0,58.0
1789867885.685,2026-09-20T01:31:25.684624+00:00,contended,30.0,600.3,100.0,5.0,1763.0,1980.0,3201.0,58.0
1789867885.713,2026-09-20T01:31:25.713501+00:00,contended,28.9,601.2,100.0,5.0,1763.0,1980.0,3201.0,58.0
1789867885.743,2026-09-20T01:31:25.742684+00:00,contended,29.2,601.2,100.0,5.0,1763.0,1980.0,3201.0,58.0
1789867885.774,2026-09-20T01:31:25.774354+00:00,contended,31.7,601.2,100.0,5.0,1763.0,1980.0,3201.0,58.0
1789867885.803,2026-09-20T01:31:25.802872+00:00,contended,28.5,601.2,100.0,5.0,1763.0,1980.0,3201.0,58.0
1789867885.831,2026-09-20T01:31:25.830999+00:00,contended,28.1,602.19,100.0,5.0,1763.0,1980.0,3201.0,58.0
1789867885.859,2026-09-20T01:31:25.859338+00:00,contended,28.3,602.19,100.0,5.0,1763.0,1980.0,3201.0,58.0
1789867885.888,2026-09-20T01:31:25.888243+00:00,contended,28.9,602.19,100.0,5.0,1763.0,1980.0,3201.0,58.0
1789867885.917,2026-09-20T01:31:25.916903+00:00,contended,28.7,601.33,100.0,5.0,1763.0,1980.0,3201.0,58.0
1789867885.947,2026-09-20T01:31:25.947136+00:00,contended,30.2,601.33,100.0,5.0,1763.0,1980.0,3201.0,58.0
1789867885.977,2026-09-20T01:31:25.976973+00:00,contended,29.8,601.33,100.0,5.0,1763.0,1980.0,3201.0,58.0
1789867886.006,2026-09-20T01:31:26.005601+00:00,contended,28.6,601.33,100.0,5.0,1763.0,1980.0,3201.0,58.0
1789867886.035,2026-09-20T01:31:26.035321+00:00,contended,29.7,600.05,100.0,5.0,1763.0,1980.0,3201.0,58.0
1789867886.064,2026-09-20T01:31:26.063801+00:00,contended,28.5,600.05,100.0,5.0,1763.0,1980.0,3201.0,58.0
1789867886.092,2026-09-20T01:31:26.092382+00:00,contended,28.6,600.05,100.0,5.0,1763.0,1980.0,3201.0,58.0
1789867886.121,2026-09-20T01:31:26.121423+00:00,contended,29.0,598.97,100.0,5.0,1763.0,1980.0,3201.0,58.0
1789867886.15,2026-09-20T01:31:26.150167+00:00,contended,28.7,598.97,100.0,5.0,1763.0,1980.0,3201.0,58.0
1789867886.181,2026-09-20T01:31:26.181142+00:00,contended,31.0,598.97,100.0,5.0,1763.0,1980.0,3201.0,58.0
1789867886.21,2026-09-20T01:31:26.209705+00:00,contended,28.6,598.97,100.0,5.0,1763.0,1980.0,3201.0,58.0
1789867886.238,2026-09-20T01:31:26.238423+00:00,contended,28.7,599.73,100.0,5.0,1763.0,1980.0,3201.0,58.0
1789867886.269,2026-09-20T01:31:26.268846+00:00,contended,30.4,599.73,100.0,5.0,1763.0,1980.0,3201.0,58.0
1789867886.298,2026-09-20T01:31:26.298062+00:00,contended,29.2,599.73,100.0,5.0,1763.0,1980.0,3201.0,58.0
1789867886.327,2026-09-20T01:31:26.327187+00:00,contended,29.1,600.39,100.0,5.0,1763.0,1980.0,3201.0,58.0
1789867886.356,2026-09-20T01:31:26.355782+00:00,contended,28.6,600.39,100.0,5.0,1763.0,1980.0,3201.0,58.0
1789867886.386,2026-09-20T01:31:26.385782+00:00,contended,30.0,600.39,100.0,5.0,1763.0,1980.0,3201.0,58.0
1789867886.414,2026-09-20T01:31:26.413934+00:00,contended,28.2,600.39,100.0,5.0,1763.0,1980.0,3201.0,58.0
1789867886.442,2026-09-20T01:31:26.442226+00:00,contended,28.3,601.48,100.0,5.0,1763.0,1980.0,3201.0,58.0
1789867886.471,2026-09-20T01:31:26.471028+00:00,contended,28.8,601.48,100.0,5.0,1763.0,1980.0,3201.0,58.0
1789867886.499,2026-09-20T01:31:26.499202+00:00,contended,28.2,601.48,100.0,5.0,1763.0,1980.0,3201.0,58.0
1789867886.528,2026-09-20T01:31:26.527615+00:00,contended,28.4,601.29,100.0,5.0,1763.0,1980.0,3201.0,58.0
1789867886.556,2026-09-20T01:31:26.556393+00:00,contended,28.8,601.29,100.0,5.0,1763.0,1980.0,3201.0,58.0
1789867886.585,2026-09-20T01:31:26.584952+00:00,contended,28.6,601.29,100.0,5.0,1763.0,1980.0,3201.0,58.0
1789867886.614,2026-09-20T01:31:26.613636+00:00,contended,28.7,601.29,100.0,5.0,1763.0,1980.0,3201.0,58.0
1789867886.643,2026-09-20T01:31:26.642943+00:00,contended,29.3,598.26,100.0,5.0,1763.0,1980.0,3201.0,58.0
1789867886.672,2026-09-20T01:31:26.672409+00:00,contended,29.5,598.26,100.0,5.0,1763.0,1980.0,3201.0,58.0
1789867886.702,2026-09-20T01:31:26.702457+00:00,contended,30.0,598.26,100.0,5.0,1763.0,1980.0,3201.0,58.0
1789867886.733,2026-09-20T01:31:26.733500+00:00,contended,31.0,598.67,100.0,5.0,1763.0,1980.0,3201.0,58.0
1789867886.763,2026-09-20T01:31:26.762793+00:00,contended,29.3,598.67,100.0,5.0,1763.0,1980.0,3201.0,58.0
1789867886.791,2026-09-20T01:31:26.791240+00:00,contended,28.4,598.67,100.0,5.0,1763.0,1980.0,3201.0,58.0
1789867886.82,2026-09-20T01:31:26.819882+00:00,contended,28.6,599.26,100.0,5.0,1763.0,1980.0,3201.0,58.0
1789867886.85,2026-09-20T01:31:26.849800+00:00,contended,29.9,599.26,100.0,5.0,1763.0,1980.0,3201.0,58.0
1789867886.878,2026-09-20T01:31:26.878132+00:00,contended,28.3,599.26,100.0,5.0,1763.0,1980.0,3201.0,58.0
1789867886.907,2026-09-20T01:31:26.906613+00:00,contended,28.5,599.26,100.0,5.0,1763.0,1980.0,3201.0,58.0
1789867886.938,2026-09-20T01:31:26.938016+00:00,contended,31.4,599.43,100.0,5.0,1763.0,1980.0,3201.0,58.0
1789867886.967,2026-09-20T01:31:26.967363+00:00,contended,29.3,599.43,100.0,5.0,1763.0,1980.0,3201.0,58.0
1789867886.996,2026-09-20T01:31:26.996228+00:00,contended,28.9,599.43,100.0,5.0,1763.0,1980.0,3201.0,58.0
1789867887.031,2026-09-20T01:31:27.031276+00:00,contended,35.0,600.19,100.0,5.0,1763.0,1980.0,3201.0,58.0
1789867887.06,2026-09-20T01:31:27.060105+00:00,contended,28.8,600.19,100.0,5.0,1763.0,1980.0,3201.0,58.0
1789867887.089,2026-09-20T01:31:27.089216+00:00,contended,29.1,600.19,100.0,5.0,1763.0,1980.0,3201.0,58.0
1789867887.118,2026-09-20T01:31:27.117683+00:00,contended,28.5,600.19,100.0,5.0,1763.0,1980.0,3201.0,58.0
1789867887.146,2026-09-20T01:31:27.145972+00:00,contended,28.3,601.71,100.0,5.0,1763.0,1980.0,3201.0,58.0
1789867887.177,2026-09-20T01:31:27.176750+00:00,contended,30.8,601.71,100.0,5.0,1763.0,1980.0,3201.0,58.0
1789867887.205,2026-09-20T01:31:27.205356+00:00,contended,28.6,601.71,100.0,5.0,1763.0,1980.0,3201.0,58.0
1789867887.234,2026-09-20T01:31:27.233636+00:00,contended,28.3,602.46,100.0,5.0,1763.0,1980.0,3201.0,58.0
1789867887.263,2026-09-20T01:31:27.262801+00:00,contended,29.2,602.46,100.0,5.0,1763.0,1980.0,3201.0,58.0
1789867887.291,2026-09-20T01:31:27.291410+00:00,contended,28.6,602.46,100.0,5.0,1763.0,1980.0,3201.0,58.0
1789867887.32,2026-09-20T01:31:27.320180+00:00,contended,28.8,602.46,100.0,5.0,1763.0,1980.0,3201.0,58.0
1789867887.349,2026-09-20T01:31:27.349119+00:00,contended,28.9,602.68,100.0,5.0,1763.0,1980.0,3201.0,58.0
1789867887.377,2026-09-20T01:31:27.377463+00:00,contended,28.3,602.68,100.0,5.0,1763.0,1980.0,3201.0,58.0
1789867887.406,2026-09-20T01:31:27.405987+00:00,contended,28.5,602.68,100.0,5.0,1763.0,1980.0,3201.0,58.0
1789867887.434,2026-09-20T01:31:27.434460+00:00,contended,28.5,600.7,100.0,5.0,1763.0,1980.0,3201.0,58.0
1789867887.464,2026-09-20T01:31:27.463698+00:00,contended,29.2,600.7,100.0,5.0,1763.0,1980.0,3201.0,58.0
1789867887.492,2026-09-20T01:31:27.492410+00:00,contended,28.7,600.7,100.0,5.0,1763.0,1980.0,3201.0,58.0
1789867887.522,2026-09-20T01:31:27.521672+00:00,contended,29.3,600.7,100.0,5.0,1763.0,1980.0,3201.0,58.0
1789867887.55,2026-09-20T01:31:27.549922+00:00,contended,28.2,600.88,100.0,5.0,1763.0,1980.0,3201.0,58.0
1789867887.579,2026-09-20T01:31:27.578869+00:00,contended,28.9,600.88,100.0,5.0,1763.0,1980.0,3201.0,58.0
1789867887.607,2026-09-20T01:31:27.607452+00:00,contended,28.6,600.88,100.0,5.0,1763.0,1980.0,3201.0,58.0
1789867887.636,2026-09-20T01:31:27.635827+00:00,contended,28.4,602.46,100.0,5.0,1763.0,1980.0,3201.0,58.0
1789867887.666,2026-09-20T01:31:27.665973+00:00,contended,30.1,602.46,100.0,5.0,1763.0,1980.0,3201.0,58.0
1789867887.695,2026-09-20T01:31:27.694649+00:00,contended,28.7,602.46,100.0,5.0,1763.0,1980.0,3201.0,58.0
1789867887.723,2026-09-20T01:31:27.723467+00:00,contended,28.8,602.46,100.0,5.0,1763.0,1980.0,3201.0,58.0
1789867887.752,2026-09-20T01:31:27.751791+00:00,contended,28.3,601.67,100.0,5.0,1763.0,1980.0,3201.0,58.0
1789867887.781,2026-09-20T01:31:27.780633+00:00,contended,28.8,601.67,100.0,5.0,1763.0,1980.0,3201.0,58.0
1789867887.809,2026-09-20T01:31:27.809195+00:00,contended,28.6,601.67,100.0,5.0,1763.0,1980.0,3201.0,58.0
1789867887.838,2026-09-20T01:31:27.837559+00:00,contended,28.4,601.09,100.0,5.0,1763.0,1980.0,3201.0,58.0
1789867887.866,2026-09-20T01:31:27.866304+00:00,contended,28.7,601.09,100.0,5.0,1763.0,1980.0,3201.0,58.0
1789867887.896,2026-09-20T01:31:27.895565+00:00,contended,29.3,601.09,100.0,5.0,1763.0,1980.0,3201.0,58.0
1789867887.924,2026-09-20T01:31:27.923706+00:00,contended,28.1,601.09,100.0,5.0,1763.0,1980.0,3201.0,58.0
1789867887.952,2026-09-20T01:31:27.951991+00:00,contended,28.3,600.7,100.0,5.0,1763.0,1980.0,3201.0,58.0
1789867887.981,2026-09-20T01:31:27.980554+00:00,contended,28.6,600.7,100.0,5.0,1763.0,1980.0,3201.0,58.0
1789867888.011,2026-09-20T01:31:28.010765+00:00,contended,30.2,600.7,100.0,5.0,1763.0,1980.0,3201.0,58.0
1789867888.039,2026-09-20T01:31:28.038909+00:00,contended,28.1,599.7,100.0,5.0,1763.0,1980.0,3201.0,58.0
1789867888.069,2026-09-20T01:31:28.068537+00:00,contended,29.6,599.7,100.0,5.0,1763.0,1980.0,3201.0,58.0
1789867888.098,2026-09-20T01:31:28.097968+00:00,contended,29.4,599.7,100.0,5.0,1763.0,1980.0,3201.0,58.0
1789867888.126,2026-09-20T01:31:28.126292+00:00,contended,28.3,599.7,100.0,5.0,1763.0,1980.0,3201.0,58.0
1789867888.163,2026-09-20T01:31:28.163284+00:00,contended,37.0,598.22,100.0,5.0,1763.0,1980.0,3201.0,58.0
1789867888.192,2026-09-20T01:31:28.192128+00:00,contended,28.8,598.22,100.0,5.0,1763.0,1980.0,3201.0,58.0
1789867888.221,2026-09-20T01:31:28.221022+00:00,contended,28.9,598.22,100.0,5.0,1763.0,1980.0,3201.0,58.0
1789867888.249,2026-09-20T01:31:28.249383+00:00,contended,28.4,597.84,100.0,5.0,1763.0,1980.0,3201.0,58.0
1789867888.278,2026-09-20T01:31:28.277787+00:00,contended,28.4,597.84,100.0,5.0,1763.0,1980.0,3201.0,58.0
1789867888.307,2026-09-20T01:31:28.307234+00:00,contended,29.4,597.84,100.0,5.0,1763.0,1980.0,3201.0,58.0
1789867888.336,2026-09-20T01:31:28.335570+00:00,contended,28.3,598.59,100.0,5.0,1763.0,1980.0,3201.0,58.0
1789867888.364,2026-09-20T01:31:28.363856+00:00,contended,28.3,598.59,100.0,5.0,1763.0,1980.0,3201.0,58.0
1789867888.393,2026-09-20T01:31:28.392567+00:00,contended,28.7,598.59,100.0,5.0,1763.0,1980.0,3201.0,58.0
1789867888.421,2026-09-20T01:31:28.420910+00:00,contended,28.3,598.59,100.0,5.0,1763.0,1980.0,3201.0,58.0
1789867888.449,2026-09-20T01:31:28.449300+00:00,contended,28.4,599.54,100.0,5.0,1763.0,1980.0,3201.0,58.0
1789867888.478,2026-09-20T01:31:28.478493+00:00,contended,29.2,599.54,100.0,5.0,1763.0,1980.0,3201.0,58.0
1789867888.508,2026-09-20T01:31:28.507918+00:00,contended,29.4,599.54,100.0,5.0,1763.0,1980.0,3201.0,58.0
1789867888.536,2026-09-20T01:31:28.536267+00:00,contended,28.3,600.88,100.0,5.0,1763.0,1980.0,3201.0,58.0
1789867888.565,2026-09-20T01:31:28.564506+00:00,contended,28.2,600.88,100.0,5.0,1763.0,1980.0,3201.0,58.0
1789867888.593,2026-09-20T01:31:28.592775+00:00,contended,28.3,600.88,100.0,5.0,1763.0,1980.0,3201.0,58.0
1789867888.621,2026-09-20T01:31:28.621055+00:00,contended,28.3,600.88,100.0,5.0,1763.0,1980.0,3201.0,58.0
1789867888.65,2026-09-20T01:31:28.649587+00:00,contended,28.5,601.13,100.0,5.0,1763.0,1980.0,3201.0,58.0
1789867888.68,2026-09-20T01:31:28.680400+00:00,contended,30.8,601.13,100.0,5.0,1763.0,1980.0,3201.0,58.0
1789867888.709,2026-09-20T01:31:28.708794+00:00,contended,28.4,601.13,100.0,5.0,1763.0,1980.0,3201.0,58.0
1789867888.737,2026-09-20T01:31:28.736999+00:00,contended,28.2,601.38,100.0,5.0,1763.0,1980.0,3201.0,58.0
1789867888.765,2026-09-20T01:31:28.765307+00:00,contended,28.3,601.38,100.0,5.0,1763.0,1980.0,3201.0,58.0
1789867888.794,2026-09-20T01:31:28.793773+00:00,contended,28.5,601.38,100.0,5.0,1763.0,1980.0,3201.0,58.0
1789867888.822,2026-09-20T01:31:28.821935+00:00,contended,28.2,601.38,100.0,5.0,1763.0,1980.0,3201.0,58.0
1789867888.851,2026-09-20T01:31:28.850911+00:00,contended,29.0,599.9,100.0,5.0,1763.0,1980.0,3201.0,58.0
1789867888.879,2026-09-20T01:31:28.879180+00:00,contended,28.3,599.9,100.0,5.0,1763.0,1980.0,3201.0,58.0
1789867888.908,2026-09-20T01:31:28.908335+00:00,contended,29.2,599.9,100.0,5.0,1763.0,1980.0,3201.0,58.0
1789867888.937,2026-09-20T01:31:28.936938+00:00,contended,28.6,601.48,100.0,5.0,1763.0,1980.0,3201.0,58.0
1789867888.965,2026-09-20T01:31:28.965263+00:00,contended,28.3,601.48,100.0,5.0,1763.0,1980.0,3201.0,58.0
1789867888.994,2026-09-20T01:31:28.993858+00:00,contended,28.6,601.48,100.0,5.0,1763.0,1980.0,3201.0,58.0
1789867889.027,2026-09-20T01:31:29.027318+00:00,contended,33.5,601.48,100.0,5.0,1763.0,1980.0,3201.0,58.0
1789867889.056,2026-09-20T01:31:29.055712+00:00,contended,28.4,601.81,100.0,5.0,1763.0,1980.0,3201.0,58.0
1789867889.085,2026-09-20T01:31:29.084561+00:00,contended,28.8,601.81,100.0,5.0,1763.0,1980.0,3201.0,58.0
1789867889.113,2026-09-20T01:31:29.113009+00:00,contended,28.4,601.81,100.0,5.0,1763.0,1980.0,3201.0,58.0
1789867889.142,2026-09-20T01:31:29.141704+00:00,contended,28.7,602.39,100.0,5.0,1763.0,1980.0,3201.0,58.0
1789867889.17,2026-09-20T01:31:29.170097+00:00,contended,28.4,602.39,100.0,5.0,1763.0,1980.0,3201.0,58.0
1789867889.199,2026-09-20T01:31:29.199098+00:00,contended,29.0,602.39,100.0,5.0,1763.0,1980.0,3201.0,58.0
1789867889.227,2026-09-20T01:31:29.227210+00:00,contended,28.1,602.39,100.0,5.0,1763.0,1980.0,3201.0,58.0
1789867889.258,2026-09-20T01:31:29.257883+00:00,contended,30.7,601.69,100.0,5.0,1763.0,1980.0,3201.0,58.0
1789867889.287,2026-09-20T01:31:29.287021+00:00,contended,29.1,601.69,100.0,5.0,1763.0,1980.0,3201.0,58.0
1789867889.315,2026-09-20T01:31:29.315244+00:00,contended,28.2,601.69,100.0,5.0,1763.0,1980.0,3201.0,58.0
1789867889.344,2026-09-20T01:31:29.344043+00:00,contended,28.8,599.98,100.0,5.0,1763.0,1980.0,3201.0,58.0
1789867889.372,2026-09-20T01:31:29.372419+00:00,contended,28.4,599.98,100.0,5.0,1763.0,1980.0,3201.0,58.0
1789867889.401,2026-09-20T01:31:29.400959+00:00,contended,28.5,599.98,100.0,5.0,1763.0,1980.0,3201.0,58.0
1789867889.429,2026-09-20T01:31:29.429252+00:00,contended,28.3,599.98,100.0,5.0,1763.0,1980.0,3201.0,58.0
1789867889.458,2026-09-20T01:31:29.457951+00:00,contended,28.7,599.3,100.0,5.0,1763.0,1980.0,3201.0,58.0
1789867889.486,2026-09-20T01:31:29.486336+00:00,contended,28.4,599.3,100.0,5.0,1763.0,1980.0,3201.0,58.0
1789867889.515,2026-09-20T01:31:29.515133+00:00,contended,28.8,599.3,100.0,5.0,1763.0,1980.0,3201.0,58.0
1789867889.544,2026-09-20T01:31:29.543594+00:00,contended,28.5,598.27,100.0,5.0,1763.0,1980.0,3201.0,58.0
1789867889.572,2026-09-20T01:31:29.571850+00:00,contended,28.3,598.27,100.0,5.0,1763.0,1980.0,3201.0,58.0
1789867889.6,2026-09-20T01:31:29.600324+00:00,contended,28.5,598.27,100.0,5.0,1763.0,1980.0,3201.0,58.0
1789867889.629,2026-09-20T01:31:29.628618+00:00,contended,28.3,598.27,100.0,5.0,1763.0,1980.0,3201.0,58.0
1789867889.659,2026-09-20T01:31:29.658692+00:00,contended,30.1,599.05,100.0,5.0,1763.0,1980.0,3201.0,58.0
1789867889.688,2026-09-20T01:31:29.688367+00:00,contended,29.7,599.05,100.0,5.0,1763.0,1980.0,3201.0,58.0
1789867889.717,2026-09-20T01:31:29.717477+00:00,contended,29.1,599.05,100.0,5.0,1763.0,1980.0,3201.0,58.0
1789867889.746,2026-09-20T01:31:29.745725+00:00,contended,28.2,599.56,100.0,5.0,1763.0,1980.0,3201.0,58.0
1789867889.774,2026-09-20T01:31:29.773757+00:00,contended,28.0,599.56,100.0,5.0,1763.0,1980.0,3201.0,58.0
1789867889.802,2026-09-20T01:31:29.802236+00:00,contended,28.5,599.56,100.0,5.0,1763.0,1980.0,3201.0,58.0
1789867889.83,2026-09-20T01:31:29.830319+00:00,contended,28.1,599.56,100.0,5.0,1763.0,1980.0,3201.0,58.0
1789867889.859,2026-09-20T01:31:29.858587+00:00,contended,28.3,601.17,100.0,5.0,1763.0,1980.0,3201.0,58.0
1789867889.888,2026-09-20T01:31:29.888156+00:00,contended,29.6,601.17,100.0,5.0,1763.0,1980.0,3201.0,58.0
1789867889.917,2026-09-20T01:31:29.916706+00:00,contended,28.6,601.17,100.0,5.0,1763.0,1980.0,3201.0,58.0
1789867889.946,2026-09-20T01:31:29.945868+00:00,contended,29.2,600.31,100.0,5.0,1763.0,1980.0,3201.0,58.0
1789867889.975,2026-09-20T01:31:29.974857+00:00,contended,29.0,600.31,100.0,5.0,1763.0,1980.0,3201.0,58.0
1789867890.003,2026-09-20T01:31:30.003459+00:00,contended,28.6,600.31,100.0,5.0,1763.0,1980.0,3201.0,58.0
1789867890.033,2026-09-20T01:31:30.033195+00:00,contended,29.7,600.31,100.0,5.0,1763.0,1980.0,3201.0,58.0
1789867890.061,2026-09-20T01:31:30.061388+00:00,contended,28.2,598.85,100.0,5.0,1763.0,1980.0,3201.0,58.0
1789867890.09,2026-09-20T01:31:30.089718+00:00,contended,28.3,598.85,100.0,5.0,1763.0,1980.0,3201.0,58.0
1789867890.119,2026-09-20T01:31:30.118549+00:00,contended,28.8,598.85,100.0,5.0,1763.0,1980.0,3201.0,58.0
1789867890.148,2026-09-20T01:31:30.147714+00:00,contended,29.2,598.59,100.0,5.0,1763.0,1980.0,3201.0,58.0
1789867890.176,2026-09-20T01:31:30.175809+00:00,contended,28.1,598.59,100.0,5.0,1763.0,1980.0,3201.0,58.0
1789867890.204,2026-09-20T01:31:30.204182+00:00,contended,28.4,598.59,100.0,5.0,1763.0,1980.0,3201.0,58.0
1789867890.233,2026-09-20T01:31:30.232612+00:00,contended,28.4,598.59,100.0,5.0,1763.0,1980.0,3201.0,58.0
1789867890.262,2026-09-20T01:31:30.261695+00:00,contended,29.1,599.83,100.0,5.0,1763.0,1980.0,3201.0,58.0
1789867890.292,2026-09-20T01:31:30.291996+00:00,contended,30.3,599.83,100.0,5.0,1763.0,1980.0,3201.0,58.0
1789867890.32,2026-09-20T01:31:30.320431+00:00,contended,28.4,599.83,100.0,5.0,1763.0,1980.0,3201.0,58.0
1789867890.349,2026-09-20T01:31:30.348568+00:00,contended,28.1,602.53,100.0,5.0,1763.0,1980.0,3201.0,58.0
1789867890.377,2026-09-20T01:31:30.376969+00:00,contended,28.4,602.53,100.0,5.0,1763.0,1980.0,3201.0,58.0
1789867890.406,2026-09-20T01:31:30.405671+00:00,contended,28.7,602.53,100.0,5.0,1763.0,1980.0,3201.0,58.0
1789867890.434,2026-09-20T01:31:30.434124+00:00,contended,28.5,602.53,100.0,5.0,1763.0,1980.0,3201.0,58.0
1789867890.462,2026-09-20T01:31:30.462367+00:00,contended,28.2,603.24,100.0,5.0,1763.0,1980.0,3201.0,58.0
1789867890.492,2026-09-20T01:31:30.492360+00:00,contended,30.0,603.24,100.0,5.0,1763.0,1980.0,3201.0,58.0
1789867890.521,2026-09-20T01:31:30.521396+00:00,contended,29.0,603.24,100.0,5.0,1763.0,1980.0,3201.0,58.0
1789867890.55,2026-09-20T01:31:30.549619+00:00,contended,28.2,603.61,100.0,5.0,1763.0,1980.0,3201.0,58.0
1789867890.578,2026-09-20T01:31:30.578375+00:00,contended,28.8,603.61,100.0,5.0,1763.0,1980.0,3201.0,58.0
1789867890.607,2026-09-20T01:31:30.606982+00:00,contended,28.6,603.61,100.0,5.0,1763.0,1980.0,3201.0,58.0
1789867890.635,2026-09-20T01:31:30.635467+00:00,contended,28.5,603.61,100.0,5.0,1763.0,1980.0,3201.0,58.0
1789867890.664,2026-09-20T01:31:30.663658+00:00,contended,28.2,602.25,100.0,5.0,1763.0,1980.0,3201.0,58.0
1789867890.693,2026-09-20T01:31:30.693484+00:00,contended,29.8,602.25,100.0,5.0,1763.0,1980.0,3201.0,58.0
1789867890.722,2026-09-20T01:31:30.722363+00:00,contended,28.9,602.25,100.0,5.0,1763.0,1980.0,3201.0,58.0
1789867890.751,2026-09-20T01:31:30.750895+00:00,contended,28.5,600.45,100.0,5.0,1763.0,1980.0,3201.0,58.0
1789867890.779,2026-09-20T01:31:30.779425+00:00,contended,28.5,600.45,100.0,5.0,1763.0,1980.0,3201.0,58.0
1789867890.808,2026-09-20T01:31:30.808060+00:00,contended,28.6,600.45,100.0,5.0,1763.0,1980.0,3201.0,58.0
1789867890.837,2026-09-20T01:31:30.836778+00:00,contended,28.7,600.45,100.0,5.0,1763.0,1980.0,3201.0,58.0
1789867890.865,2026-09-20T01:31:30.864956+00:00,contended,28.2,599.66,100.0,5.0,1763.0,1980.0,3201.0,58.0
1789867890.895,2026-09-20T01:31:30.895028+00:00,contended,30.1,599.66,100.0,5.0,1763.0,1980.0,3201.0,58.0
1789867890.924,2026-09-20T01:31:30.923905+00:00,contended,28.9,599.66,100.0,5.0,1763.0,1980.0,3201.0,58.0
1789867890.952,2026-09-20T01:31:30.952106+00:00,contended,28.2,599.19,100.0,5.0,1763.0,1980.0,3201.0,58.0
1789867890.981,2026-09-20T01:31:30.981068+00:00,contended,29.0,599.19,100.0,5.0,1763.0,1980.0,3201.0,58.0
1789867891.01,2026-09-20T01:31:31.009650+00:00,contended,28.6,599.19,100.0,5.0,1763.0,1980.0,3201.0,58.0
1789867891.039,2026-09-20T01:31:31.039247+00:00,contended,29.6,599.19,100.0,5.0,1763.0,1980.0,3201.0,58.0
1789867891.068,2026-09-20T01:31:31.067874+00:00,contended,28.6,599.43,100.0,5.0,1763.0,1980.0,3201.0,58.0
1789867891.099,2026-09-20T01:31:31.099065+00:00,contended,31.2,599.43,100.0,5.0,1763.0,1980.0,3201.0,58.0
1789867891.128,2026-09-20T01:31:31.128126+00:00,contended,29.1,599.43,100.0,5.0,1763.0,1980.0,3201.0,58.0
1789867891.159,2026-09-20T01:31:31.159066+00:00,contended,30.9,600.73,100.0,5.0,1763.0,1980.0,3201.0,58.0
1789867891.187,2026-09-20T01:31:31.187399+00:00,contended,28.3,600.73,100.0,5.0,1763.0,1980.0,3201.0,58.0
1789867891.216,2026-09-20T01:31:31.216261+00:00,contended,28.9,600.73,100.0,5.0,1763.0,1980.0,3201.0,58.0
1789867891.245,2026-09-20T01:31:31.245365+00:00,contended,29.1,600.73,100.0,5.0,1763.0,1980.0,3201.0,58.0
1789867891.274,2026-09-20T01:31:31.273654+00:00,contended,28.3,601.59,100.0,5.0,1763.0,1980.0,3201.0,58.0
1789867891.303,2026-09-20T01:31:31.303201+00:00,contended,29.5,601.59,100.0,5.0,1763.0,1980.0,3201.0,58.0
1789867891.331,2026-09-20T01:31:31.331475+00:00,contended,28.3,601.59,100.0,5.0,1763.0,1980.0,3201.0,58.0
1789867891.36,2026-09-20T01:31:31.359755+00:00,contended,28.3,598.8,100.0,5.0,1763.0,1980.0,3201.0,58.0
1789867891.388,2026-09-20T01:31:31.388402+00:00,contended,28.6,598.8,100.0,5.0,1763.0,1980.0,3201.0,58.0
1789867891.418,2026-09-20T01:31:31.417523+00:00,contended,29.1,598.8,100.0,5.0,1763.0,1980.0,3201.0,58.0
1789867891.446,2026-09-20T01:31:31.445765+00:00,contended,28.2,598.8,100.0,5.0,1763.0,1980.0,3201.0,58.0
1789867891.474,2026-09-20T01:31:31.474060+00:00,contended,28.3,598.27,100.0,5.0,1763.0,1980.0,3201.0,58.0
1789867891.503,2026-09-20T01:31:31.502722+00:00,contended,28.7,598.27,100.0,5.0,1763.0,1980.0,3201.0,58.0
1789867891.531,2026-09-20T01:31:31.531005+00:00,contended,28.3,598.27,100.0,5.0,1763.0,1980.0,3201.0,58.0
1789867891.56,2026-09-20T01:31:31.559618+00:00,contended,28.6,598.0,100.0,5.0,1763.0,1980.0,3201.0,58.0
1789867891.588,2026-09-20T01:31:31.587944+00:00,contended,28.3,598.0,100.0,5.0,1763.0,1980.0,3201.0,58.0
1789867891.616,2026-09-20T01:31:31.616210+00:00,contended,28.3,598.0,100.0,5.0,1763.0,1980.0,3201.0,58.0
1789867891.646,2026-09-20T01:31:31.645572+00:00,contended,29.4,598.0,100.0,5.0,1763.0,1980.0,3201.0,58.0
1789867891.674,2026-09-20T01:31:31.674038+00:00,contended,28.5,598.71,100.0,5.0,1763.0,1980.0,3201.0,58.0
1789867891.704,2026-09-20T01:31:31.703717+00:00,contended,29.7,598.71,100.0,5.0,1763.0,1980.0,3201.0,58.0
1789867891.738,2026-09-20T01:31:31.738316+00:00,contended,34.6,598.71,100.0,5.0,1763.0,1980.0,3201.0,58.0
1789867891.766,2026-09-20T01:31:31.766362+00:00,contended,28.0,599.7,100.0,5.0,1763.0,1980.0,3201.0,58.0
1789867891.795,2026-09-20T01:31:31.795076+00:00,contended,28.7,599.7,100.0,5.0,1763.0,1980.0,3201.0,58.0
1789867891.826,2026-09-20T01:31:31.825934+00:00,contended,30.9,599.7,100.0,5.0,1763.0,1980.0,3201.0,58.0
1789867891.854,2026-09-20T01:31:31.854264+00:00,contended,28.3,600.12,100.0,5.0,1763.0,1980.0,3201.0,58.0
1789867891.883,2026-09-20T01:31:31.882718+00:00,contended,28.5,600.12,100.0,5.0,1763.0,1980.0,3201.0,58.0
1789867891.913,2026-09-20T01:31:31.913388+00:00,contended,30.7,600.12,100.0,5.0,1763.0,1980.0,3201.0,58.0
1789867891.943,2026-09-20T01:31:31.942608+00:00,contended,29.2,600.12,100.0,5.0,1763.0,1980.0,3201.0,58.0
1789867891.971,2026-09-20T01:31:31.971507+00:00,contended,28.9,600.58,100.0,5.0,1763.0,1980.0,3201.0,58.0
1789867892.0,2026-09-20T01:31:31.999885+00:00,contended,28.4,600.58,100.0,5.0,1763.0,1980.0,3201.0,58.0
1789867892.032,2026-09-20T01:31:32.031674+00:00,contended,31.8,600.58,100.0,5.0,1763.0,1980.0,3201.0,58.0
1789867892.06,2026-09-20T01:31:32.060294+00:00,contended,28.6,601.07,100.0,5.0,1763.0,1980.0,3201.0,58.0
1789867892.089,2026-09-20T01:31:32.088765+00:00,contended,28.5,601.07,100.0,5.0,1763.0,1980.0,3201.0,58.0
1789867892.117,2026-09-20T01:31:32.117332+00:00,contended,28.6,601.07,100.0,5.0,1763.0,1980.0,3201.0,58.0
1789867892.146,2026-09-20T01:31:32.145874+00:00,contended,28.5,601.07,100.0,5.0,1763.0,1980.0,3201.0,58.0
1789867892.174,2026-09-20T01:31:32.174152+00:00,contended,28.3,599.95,100.0,5.0,1763.0,1980.0,3201.0,58.0
1789867892.202,2026-09-20T01:31:32.202499+00:00,contended,28.3,599.95,100.0,5.0,1763.0,1980.0,3201.0,58.0
1789867892.232,2026-09-20T01:31:32.231540+00:00,contended,29.0,599.95,100.0,5.0,1763.0,1980.0,3201.0,58.0
1789867892.26,2026-09-20T01:31:32.259945+00:00,contended,28.4,598.25,100.0,5.0,1763.0,1980.0,3201.0,58.0
1789867892.29,2026-09-20T01:31:32.289865+00:00,contended,29.9,598.25,100.0,5.0,1763.0,1980.0,3201.0,58.0
1789867892.319,2026-09-20T01:31:32.319247+00:00,contended,29.4,598.25,100.0,5.0,1763.0,1980.0,3201.0,58.0
1789867892.349,2026-09-20T01:31:32.348840+00:00,contended,29.6,598.25,100.0,5.0,1763.0,1980.0,3201.0,58.0
1789867892.378,2026-09-20T01:31:32.378222+00:00,contended,29.4,599.56,100.0,5.0,1763.0,1980.0,3201.0,58.0
1789867892.407,2026-09-20T01:31:32.406536+00:00,contended,28.3,599.56,100.0,5.0,1763.0,1980.0,3201.0,58.0
1789867892.436,2026-09-20T01:31:32.435958+00:00,contended,29.4,599.56,100.0,5.0,1763.0,1980.0,3201.0,58.0
1789867892.465,2026-09-20T01:31:32.464581+00:00,contended,28.6,600.24,100.0,5.0,1763.0,1980.0,3201.0,58.0
1789867892.493,2026-09-20T01:31:32.492833+00:00,contended,28.2,600.24,100.0,5.0,1763.0,1980.0,3201.0,58.0
1789867892.524,2026-09-20T01:31:32.524203+00:00,contended,31.4,600.24,100.0,5.0,1763.0,1980.0,3201.0,58.0
1789867892.553,2026-09-20T01:31:32.553154+00:00,contended,29.0,600.24,100.0,5.0,1763.0,1980.0,3201.0,58.0
1789867892.582,2026-09-20T01:31:32.581811+00:00,contended,28.7,599.79,100.0,5.0,1763.0,1980.0,3201.0,58.0
1789867892.61,2026-09-20T01:31:32.609967+00:00,contended,28.2,599.79,100.0,5.0,1763.0,1980.0,3201.0,58.0
1789867892.639,2026-09-20T01:31:32.638662+00:00,contended,28.7,599.79,100.0,5.0,1763.0,1980.0,3201.0,58.0
1789867892.668,2026-09-20T01:31:32.667523+00:00,contended,28.9,599.02,100.0,5.0,1763.0,1980.0,3201.0,58.0
1789867892.696,2026-09-20T01:31:32.695965+00:00,contended,28.4,599.02,100.0,5.0,1763.0,1980.0,3201.0,58.0
1789867892.726,2026-09-20T01:31:32.725894+00:00,contended,29.9,599.02,100.0,5.0,1763.0,1980.0,3201.0,58.0
1789867892.755,2026-09-20T01:31:32.755234+00:00,contended,29.3,599.02,100.0,5.0,1763.0,1980.0,3201.0,58.0
1789867892.786,2026-09-20T01:31:32.785596+00:00,contended,30.4,598.94,100.0,5.0,1763.0,1980.0,3201.0,58.0
1789867892.816,2026-09-20T01:31:32.816218+00:00,contended,30.6,598.94,100.0,5.0,1763.0,1980.0,3201.0,58.0
1789867892.845,2026-09-20T01:31:32.844708+00:00,contended,28.5,598.94,100.0,5.0,1763.0,1980.0,3201.0,58.0
1789867892.873,2026-09-20T01:31:32.872939+00:00,contended,28.2,599.67,100.0,5.0,1763.0,1980.0,3201.0,58.0
1789867892.903,2026-09-20T01:31:32.902930+00:00,contended,30.0,599.67,100.0,5.0,1763.0,1980.0,3201.0,58.0
1789867892.931,2026-09-20T01:31:32.931375+00:00,contended,28.4,599.67,100.0,5.0,1763.0,1980.0,3201.0,58.0
1789867892.961,2026-09-20T01:31:32.961019+00:00,contended,29.6,599.67,100.0,5.0,1763.0,1980.0,3201.0,58.0
1789867892.989,2026-09-20T01:31:32.989403+00:00,contended,28.4,599.54,100.0,5.0,1763.0,1980.0,3201.0,58.0
1789867893.026,2026-09-20T01:31:33.025568+00:00,contended,36.2,599.54,100.0,5.0,1763.0,1980.0,3201.0,58.0
1789867893.054,2026-09-20T01:31:33.054325+00:00,contended,28.8,599.54,100.0,5.0,1763.0,1980.0,3201.0,58.0
1789867893.083,2026-09-20T01:31:33.082782+00:00,contended,28.5,600.01,100.0,5.0,1763.0,1980.0,3201.0,58.0
1789867893.112,2026-09-20T01:31:33.111566+00:00,contended,28.8,600.01,100.0,5.0,1763.0,1980.0,3201.0,58.0
1789867893.14,2026-09-20T01:31:33.140197+00:00,contended,28.6,600.01,100.0,5.0,1763.0,1980.0,3201.0,58.0
1789867893.169,2026-09-20T01:31:33.168576+00:00,contended,28.4,600.73,100.0,5.0,1763.0,1980.0,3201.0,58.0
1789867893.198,2026-09-20T01:31:33.198295+00:00,contended,29.7,600.73,100.0,5.0,1763.0,1980.0,3201.0,58.0
1789867893.229,2026-09-20T01:31:33.228506+00:00,contended,30.2,600.73,100.0,5.0,1763.0,1980.0,3201.0,58.0
1789867893.257,2026-09-20T01:31:33.256798+00:00,contended,28.3,600.73,100.0,5.0,1763.0,1980.0,3201.0,58.0
1789867893.285,2026-09-20T01:31:33.285467+00:00,contended,28.7,600.33,100.0,5.0,1763.0,1980.0,3201.0,58.0
1789867893.316,2026-09-20T01:31:33.315890+00:00,contended,30.4,600.33,100.0,5.0,1763.0,1980.0,3201.0,58.0
1789867893.344,2026-09-20T01:31:33.344444+00:00,contended,28.6,600.33,100.0,5.0,1763.0,1980.0,3201.0,58.0
1789867893.373,2026-09-20T01:31:33.372766+00:00,contended,28.3,599.19,100.0,5.0,1763.0,1980.0,3201.0,58.0
1789867893.401,2026-09-20T01:31:33.401026+00:00,contended,28.3,599.19,100.0,5.0,1763.0,1980.0,3201.0,58.0
1789867893.43,2026-09-20T01:31:33.430294+00:00,contended,29.3,599.19,100.0,5.0,1763.0,1980.0,3201.0,58.0
1789867893.459,2026-09-20T01:31:33.458724+00:00,contended,28.4,599.19,100.0,5.0,1763.0,1980.0,3201.0,58.0
1789867893.487,2026-09-20T01:31:33.486952+00:00,contended,28.2,598.16,100.0,5.0,1763.0,1980.0,3201.0,58.0
1789867893.515,2026-09-20T01:31:33.515354+00:00,contended,28.4,598.16,100.0,5.0,1763.0,1980.0,3201.0,58.0
1789867893.546,2026-09-20T01:31:33.546208+00:00,contended,30.9,598.16,100.0,5.0,1763.0,1980.0,3201.0,58.0
1789867893.577,2026-09-20T01:31:33.577205+00:00,contended,31.0,599.32,100.0,5.0,1763.0,1980.0,3201.0,58.0
1789867893.606,2026-09-20T01:31:33.605844+00:00,contended,28.6,599.32,100.0,5.0,1763.0,1980.0,3201.0,58.0
1789867893.637,2026-09-20T01:31:33.637068+00:00,contended,31.2,599.32,100.0,5.0,1763.0,1980.0,3201.0,58.0
1789867893.666,2026-09-20T01:31:33.665691+00:00,contended,28.6,599.32,100.0,5.0,1763.0,1980.0,3201.0,58.0
1789867893.696,2026-09-20T01:31:33.696364+00:00,contended,30.7,599.95,100.0,5.0,1763.0,1980.0,3201.0,58.0
1789867893.727,2026-09-20T01:31:33.726503+00:00,contended,30.1,599.95,100.0,5.0,1763.0,1980.0,3201.0,58.0
1789867893.755,2026-09-20T01:31:33.754955+00:00,contended,28.5,599.95,100.0,5.0,1763.0,1980.0,3201.0,58.0
1789867893.784,2026-09-20T01:31:33.783580+00:00,contended,28.6,600.59,100.0,5.0,1763.0,1980.0,3201.0,58.0
1789867893.813,2026-09-20T01:31:33.812650+00:00,contended,29.1,600.59,100.0,5.0,1763.0,1980.0,3201.0,58.0
1789867893.841,2026-09-20T01:31:33.841401+00:00,contended,28.8,600.59,100.0,5.0,1763.0,1980.0,3201.0,58.0
1789867893.871,2026-09-20T01:31:33.870946+00:00,contended,29.5,600.56,100.0,5.0,1763.0,1980.0,3201.0,58.0
1789867893.9,2026-09-20T01:31:33.899952+00:00,contended,29.0,600.56,100.0,5.0,1763.0,1980.0,3201.0,58.0
1789867893.93,2026-09-20T01:31:33.930003+00:00,contended,30.1,600.56,100.0,5.0,1763.0,1980.0,3201.0,58.0
1789867893.959,2026-09-20T01:31:33.958600+00:00,contended,28.6,600.56,100.0,5.0,1763.0,1980.0,3201.0,58.0
1789867893.987,2026-09-20T01:31:33.986867+00:00,contended,28.3,598.97,100.0,5.0,1763.0,1980.0,3201.0,58.0
1789867894.016,2026-09-20T01:31:34.015993+00:00,contended,29.1,598.97,100.0,5.0,1763.0,1980.0,3201.0,58.0
1789867894.044,2026-09-20T01:31:34.044480+00:00,contended,28.5,598.97,100.0,5.0,1763.0,1980.0,3201.0,58.0
1789867894.073,2026-09-20T01:31:34.073455+00:00,contended,29.0,598.9,100.0,5.0,1763.0,1980.0,3201.0,58.0
1789867894.102,2026-09-20T01:31:34.101592+00:00,contended,28.1,598.9,100.0,5.0,1763.0,1980.0,3201.0,58.0
1789867894.131,2026-09-20T01:31:34.131082+00:00,contended,29.5,598.9,100.0,5.0,1763.0,1980.0,3201.0,58.0
1789867894.16,2026-09-20T01:31:34.159632+00:00,contended,28.5,598.9,100.0,5.0,1763.0,1980.0,3201.0,58.0
1789867894.188,2026-09-20T01:31:34.188145+00:00,contended,28.5,599.61,100.0,5.0,1763.0,1980.0,3201.0,58.0
1789867894.216,2026-09-20T01:31:34.216445+00:00,contended,28.3,599.61,100.0,5.0,1763.0,1980.0,3201.0,58.0
1789867894.245,2026-09-20T01:31:34.245363+00:00,contended,28.9,599.61,100.0,5.0,1763.0,1980.0,3201.0,58.0
1789867894.274,2026-09-20T01:31:34.274089+00:00,contended,28.7,600.08,100.0,5.0,1763.0,1980.0,3201.0,58.0
1789867894.304,2026-09-20T01:31:34.303635+00:00,contended,29.5,600.08,100.0,5.0,1763.0,1980.0,3201.0,58.0
1789867894.333,2026-09-20T01:31:34.333291+00:00,contended,29.7,600.08,100.0,5.0,1763.0,1980.0,3201.0,58.0
1789867894.362,2026-09-20T01:31:34.362108+00:00,contended,28.8,600.08,100.0,5.0,1763.0,1980.0,3201.0,58.0
1789867894.39,2026-09-20T01:31:34.390343+00:00,contended,28.2,600.09,100.0,5.0,1763.0,1980.0,3201.0,58.0
1789867894.419,2026-09-20T01:31:34.419492+00:00,contended,29.1,600.09,100.0,5.0,1763.0,1980.0,3201.0,58.0
1789867894.448,2026-09-20T01:31:34.448502+00:00,contended,29.0,600.09,100.0,5.0,1763.0,1980.0,3201.0,58.0
1789867894.478,2026-09-20T01:31:34.477954+00:00,contended,29.5,599.84,100.0,5.0,1763.0,1980.0,3201.0,58.0
1789867894.506,2026-09-20T01:31:34.506231+00:00,contended,28.3,599.84,100.0,5.0,1763.0,1980.0,3201.0,58.0
1789867894.536,2026-09-20T01:31:34.535837+00:00,contended,29.6,599.84,100.0,5.0,1763.0,1980.0,3201.0,58.0
1789867894.566,2026-09-20T01:31:34.566114+00:00,contended,30.3,599.84,100.0,5.0,1763.0,1980.0,3201.0,58.0
1789867894.594,2026-09-20T01:31:34.594423+00:00,contended,28.3,600.29,100.0,5.0,1763.0,1980.0,3201.0,58.0
1789867894.624,2026-09-20T01:31:34.623696+00:00,contended,29.3,600.29,100.0,5.0,1763.0,1980.0,3201.0,58.0
1789867894.652,2026-09-20T01:31:34.651977+00:00,contended,28.3,600.29,100.0,5.0,1763.0,1980.0,3201.0,58.0
1789867894.683,2026-09-20T01:31:34.682548+00:00,contended,30.6,598.99,100.0,5.0,1763.0,1980.0,3201.0,58.0
1789867894.711,2026-09-20T01:31:34.711387+00:00,contended,28.8,598.99,100.0,5.0,1763.0,1980.0,3201.0,58.0
1789867894.74,2026-09-20T01:31:34.739831+00:00,contended,28.4,598.99,100.0,5.0,1763.0,1980.0,3201.0,58.0
1789867894.769,2026-09-20T01:31:34.768827+00:00,contended,29.0,598.99,100.0,5.0,1763.0,1980.0,3201.0,58.0
1789867894.797,2026-09-20T01:31:34.797074+00:00,contended,28.2,597.95,100.0,5.0,1763.0,1980.0,3201.0,58.0
1789867894.826,2026-09-20T01:31:34.825740+00:00,contended,28.7,597.95,100.0,5.0,1763.0,1980.0,3201.0,58.0
1789867894.854,2026-09-20T01:31:34.854276+00:00,contended,28.5,597.95,100.0,5.0,1763.0,1980.0,3201.0,58.0
1789867894.884,2026-09-20T01:31:34.883842+00:00,contended,29.6,597.21,100.0,5.0,1763.0,1980.0,3201.0,58.0
1789867894.913,2026-09-20T01:31:34.912655+00:00,contended,28.8,597.21,100.0,5.0,1763.0,1980.0,3201.0,58.0
1789867894.942,2026-09-20T01:31:34.941833+00:00,contended,29.2,597.21,100.0,5.0,1763.0,1980.0,3201.0,58.0
1789867894.97,2026-09-20T01:31:34.970162+00:00,contended,28.3,597.21,100.0,5.0,1763.0,1980.0,3201.0,58.0
1789867894.999,2026-09-20T01:31:34.998950+00:00,contended,28.8,597.8,100.0,5.0,1763.0,1980.0,3201.0,58.0
1789867895.031,2026-09-20T01:31:35.031477+00:00,contended,32.5,597.8,100.0,5.0,1763.0,1980.0,3201.0,58.0
1789867895.06,2026-09-20T01:31:35.059910+00:00,contended,28.4,597.8,100.0,5.0,1763.0,1980.0,3201.0,58.0
1789867895.089,2026-09-20T01:31:35.088752+00:00,contended,28.8,599.59,100.0,5.0,1763.0,1980.0,3201.0,58.0
1789867895.117,2026-09-20T01:31:35.116999+00:00,contended,28.2,599.59,100.0,5.0,1763.0,1980.0,3201.0,58.0
1789867895.148,2026-09-20T01:31:35.147864+00:00,contended,30.9,599.59,100.0,5.0,1763.0,1980.0,3201.0,58.0
1789867895.178,2026-09-20T01:31:35.177863+00:00,contended,30.0,599.11,100.0,5.0,1763.0,1980.0,3201.0,58.0
1789867895.207,2026-09-20T01:31:35.206547+00:00,contended,28.7,599.11,100.0,5.0,1763.0,1980.0,3201.0,58.0
1789867895.236,2026-09-20T01:31:35.235715+00:00,contended,29.2,599.11,100.0,5.0,1763.0,1980.0,3201.0,58.0
1789867895.264,2026-09-20T01:31:35.264075+00:00,contended,28.4,599.11,100.0,5.0,1763.0,1980.0,3201.0,58.0
1789867895.293,2026-09-20T01:31:35.292667+00:00,contended,28.6,598.46,100.0,5.0,1763.0,1980.0,3201.0,58.0
1789867895.321,2026-09-20T01:31:35.321211+00:00,contended,28.5,598.46,100.0,5.0,1763.0,1980.0,3201.0,58.0
1789867895.353,2026-09-20T01:31:35.353179+00:00,contended,32.0,598.46,100.0,5.0,1763.0,1980.0,3201.0,58.0
1789867895.384,2026-09-20T01:31:35.383931+00:00,contended,30.8,598.52,100.0,5.0,1763.0,1980.0,3201.0,58.0
1789867895.412,2026-09-20T01:31:35.412288+00:00,contended,28.4,598.52,100.0,5.0,1763.0,1980.0,3201.0,58.0
1789867895.442,2026-09-20T01:31:35.442028+00:00,contended,29.7,598.52,100.0,5.0,1763.0,1980.0,3201.0,58.0
1789867895.471,2026-09-20T01:31:35.470542+00:00,contended,28.5,598.52,100.0,5.0,1763.0,1980.0,3201.0,58.0
1789867895.5,2026-09-20T01:31:35.499515+00:00,contended,29.0,598.95,100.0,5.0,1763.0,1980.0,3201.0,58.0
1789867895.528,2026-09-20T01:31:35.527741+00:00,contended,28.2,598.95,100.0,5.0,1763.0,1980.0,3201.0,58.0
1789867895.558,2026-09-20T01:31:35.558434+00:00,contended,30.7,598.95,100.0,5.0,1763.0,1980.0,3201.0,58.0
1789867895.59,2026-09-20T01:31:35.589568+00:00,contended,31.1,598.71,100.0,5.0,1763.0,1980.0,3201.0,58.0
1789867895.618,2026-09-20T01:31:35.618320+00:00,contended,28.8,598.71,100.0,5.0,1763.0,1980.0,3201.0,58.0
1789867895.649,2026-09-20T01:31:35.648832+00:00,contended,30.5,598.71,100.0,5.0,1763.0,1980.0,3201.0,58.0
1789867895.68,2026-09-20T01:31:35.679916+00:00,contended,31.1,598.71,100.0,5.0,1763.0,1980.0,3201.0,58.0
1789867895.708,2026-09-20T01:31:35.708077+00:00,contended,28.2,600.19,100.0,5.0,1763.0,1980.0,3201.0,58.0
1789867895.738,2026-09-20T01:31:35.737664+00:00,contended,29.6,600.19,100.0,5.0,1763.0,1980.0,3201.0,58.0
1789867895.766,2026-09-20T01:31:35.766215+00:00,contended,28.6,600.19,100.0,5.0,1763.0,1980.0,3201.0,58.0
1789867895.795,2026-09-20T01:31:35.794514+00:00,contended,28.3,600.14,100.0,5.0,1763.0,1980.0,3201.0,58.0
1789867895.823,2026-09-20T01:31:35.822910+00:00,contended,28.4,600.14,100.0,5.0,1763.0,1980.0,3201.0,58.0
1789867895.852,2026-09-20T01:31:35.852014+00:00,contended,29.1,600.14,100.0,5.0,1763.0,1980.0,3201.0,58.0
1789867895.88,2026-09-20T01:31:35.880435+00:00,contended,28.4,600.14,100.0,5.0,1763.0,1980.0,3201.0,58.0
1789867895.909,2026-09-20T01:31:35.908909+00:00,contended,28.5,600.12,100.0,5.0,1763.0,1980.0,3201.0,58.0
1789867895.938,2026-09-20T01:31:35.937752+00:00,contended,28.8,600.12,100.0,5.0,1763.0,1980.0,3201.0,58.0
1789867895.966,2026-09-20T01:31:35.966364+00:00,contended,28.6,600.12,100.0,5.0,1763.0,1980.0,3201.0,58.0
1789867895.997,2026-09-20T01:31:35.996641+00:00,contended,30.3,598.22,100.0,5.0,1763.0,1980.0,3201.0,58.0
1789867896.032,2026-09-20T01:31:36.031584+00:00,contended,34.9,598.22,100.0,5.0,1763.0,1980.0,3201.0,58.0
1789867896.061,2026-09-20T01:31:36.061200+00:00,contended,29.6,598.22,100.0,5.0,1763.0,1980.0,3201.0,58.0
1789867896.09,2026-09-20T01:31:36.089728+00:00,contended,28.5,597.88,100.0,5.0,1763.0,1980.0,3201.0,58.0
1789867896.118,2026-09-20T01:31:36.118086+00:00,contended,28.4,597.88,100.0,5.0,1763.0,1980.0,3201.0,58.0
1789867896.147,2026-09-20T01:31:36.146746+00:00,contended,28.7,597.88,100.0,5.0,1763.0,1980.0,3201.0,58.0
1789867896.175,2026-09-20T01:31:36.175275+00:00,contended,28.5,597.88,100.0,5.0,1763.0,1980.0,3201.0,58.0
1789867896.204,2026-09-20T01:31:36.203642+00:00,contended,28.4,598.66,100.0,5.0,1763.0,1980.0,3201.0,58.0
1789867896.233,2026-09-20T01:31:36.232687+00:00,contended,29.0,598.66,100.0,5.0,1763.0,1980.0,3201.0,58.0
1789867896.262,2026-09-20T01:31:36.262065+00:00,contended,29.4,598.66,100.0,5.0,1763.0,1980.0,3201.0,58.0
1789867896.29,2026-09-20T01:31:36.290411+00:00,contended,28.3,599.98,100.0,5.0,1763.0,1980.0,3201.0,58.0
1789867896.319,2026-09-20T01:31:36.318746+00:00,contended,28.3,599.98,100.0,5.0,1763.0,1980.0,3201.0,58.0
1789867896.347,2026-09-20T01:31:36.347191+00:00,contended,28.4,599.98,100.0,5.0,1763.0,1980.0,3201.0,58.0
1789867896.376,2026-09-20T01:31:36.375586+00:00,contended,28.4,599.98,100.0,5.0,1763.0,1980.0,3201.0,58.0
1789867896.405,2026-09-20T01:31:36.405045+00:00,contended,29.5,600.26,100.0,5.0,1763.0,1980.0,3201.0,58.0
1789867896.436,2026-09-20T01:31:36.436159+00:00,contended,31.1,600.26,100.0,5.0,1763.0,1980.0,3201.0,58.0
1789867896.466,2026-09-20T01:31:36.465675+00:00,contended,29.5,600.26,100.0,5.0,1763.0,1980.0,3201.0,58.0
1789867896.497,2026-09-20T01:31:36.496756+00:00,contended,31.1,598.87,100.0,5.0,1763.0,1980.0,3201.0,58.0
1789867896.527,2026-09-20T01:31:36.527108+00:00,contended,30.4,598.87,100.0,5.0,1763.0,1980.0,3201.0,58.0
1789867896.556,2026-09-20T01:31:36.556311+00:00,contended,29.2,598.87,100.0,5.0,1763.0,1980.0,3201.0,58.0
1789867896.585,2026-09-20T01:31:36.585194+00:00,contended,28.9,598.87,100.0,5.0,1763.0,1980.0,3201.0,58.0
1789867896.613,2026-09-20T01:31:36.613333+00:00,contended,28.1,598.67,100.0,5.0,1763.0,1980.0,3201.0,58.0
1789867896.642,2026-09-20T01:31:36.642501+00:00,contended,29.2,598.67,100.0,5.0,1763.0,1980.0,3201.0,58.0
1789867896.673,2026-09-20T01:31:36.672545+00:00,contended,30.0,598.67,100.0,5.0,1763.0,1980.0,3201.0,58.0
1789867896.702,2026-09-20T01:31:36.701846+00:00,contended,29.3,598.39,100.0,5.0,1763.0,1980.0,3201.0,58.0
1789867896.731,2026-09-20T01:31:36.731084+00:00,contended,29.2,598.39,100.0,5.0,1763.0,1980.0,3201.0,58.0
1789867896.761,2026-09-20T01:31:36.760521+00:00,contended,29.4,598.39,100.0,5.0,1763.0,1980.0,3201.0,58.0
1789867896.789,2026-09-20T01:31:36.789362+00:00,contended,28.8,597.65,100.0,5.0,1763.0,1980.0,3201.0,58.0
1789867896.817,2026-09-20T01:31:36.817491+00:00,contended,28.1,597.65,100.0,5.0,1763.0,1980.0,3201.0,58.0
1789867896.847,2026-09-20T01:31:36.846994+00:00,contended,29.5,597.65,100.0,5.0,1763.0,1980.0,3201.0,58.0
1789867896.876,2026-09-20T01:31:36.875512+00:00,contended,28.5,597.65,100.0,5.0,1763.0,1980.0,3201.0,58.0
1789867896.907,2026-09-20T01:31:36.906840+00:00,contended,31.3,598.64,100.0,5.0,1763.0,1980.0,3201.0,58.0
1789867896.936,2026-09-20T01:31:36.935523+00:00,contended,28.7,598.64,100.0,5.0,1763.0,1980.0,3201.0,58.0
1789867896.968,2026-09-20T01:31:36.968487+00:00,contended,33.0,598.64,100.0,5.0,1763.0,1980.0,3201.0,58.0
1789867896.997,2026-09-20T01:31:36.996811+00:00,contended,28.3,600.88,100.0,5.0,1763.0,1980.0,3201.0,58.0
1789867897.032,2026-09-20T01:31:37.032471+00:00,contended,35.7,600.88,100.0,5.0,1763.0,1980.0,3201.0,58.0
1789867897.062,2026-09-20T01:31:37.061588+00:00,contended,29.1,600.88,100.0,5.0,1763.0,1980.0,3201.0,58.0
1789867897.09,2026-09-20T01:31:37.090312+00:00,contended,28.7,601.35,100.0,5.0,1763.0,1980.0,3201.0,58.0
1789867897.119,2026-09-20T01:31:37.118571+00:00,contended,28.3,601.35,100.0,5.0,1763.0,1980.0,3201.0,58.0
1789867897.15,2026-09-20T01:31:37.150041+00:00,contended,31.5,601.35,100.0,5.0,1763.0,1980.0,3201.0,58.0
1789867897.178,2026-09-20T01:31:37.178287+00:00,contended,28.2,601.35,100.0,5.0,1763.0,1980.0,3201.0,58.0
1789867897.207,2026-09-20T01:31:37.207013+00:00,contended,28.7,599.56,100.0,5.0,1763.0,1980.0,3201.0,58.0
1789867897.236,2026-09-20T01:31:37.235740+00:00,contended,28.7,599.56,100.0,5.0,1763.0,1980.0,3201.0,58.0
1789867897.264,2026-09-20T01:31:37.264042+00:00,contended,28.3,599.56,100.0,5.0,1763.0,1980.0,3201.0,58.0
1789867897.293,2026-09-20T01:31:37.292588+00:00,contended,28.5,598.63,100.0,5.0,1763.0,1980.0,3201.0,58.0
1789867897.321,2026-09-20T01:31:37.320802+00:00,contended,28.2,598.63,100.0,5.0,1763.0,1980.0,3201.0,58.0
1789867897.351,2026-09-20T01:31:37.351313+00:00,contended,30.5,598.63,100.0,5.0,1763.0,1980.0,3201.0,58.0
1789867897.38,2026-09-20T01:31:37.379651+00:00,contended,28.3,598.63,100.0,5.0,1763.0,1980.0,3201.0,58.0
1789867897.409,2026-09-20T01:31:37.409325+00:00,contended,29.7,598.38,100.0,5.0,1763.0,1980.0,3201.0,58.0
1789867897.438,2026-09-20T01:31:37.437653+00:00,contended,28.3,598.38,100.0,5.0,1763.0,1980.0,3201.0,58.0
1789867897.466,2026-09-20T01:31:37.466023+00:00,contended,28.4,598.38,100.0,5.0,1763.0,1980.0,3201.0,58.0
1789867897.495,2026-09-20T01:31:37.494961+00:00,contended,28.9,599.37,100.0,5.0,1763.0,1980.0,3201.0,58.0
1789867897.523,2026-09-20T01:31:37.523159+00:00,contended,28.2,599.37,100.0,5.0,1763.0,1980.0,3201.0,58.0
1789867897.552,2026-09-20T01:31:37.551773+00:00,contended,28.6,599.37,100.0,5.0,1763.0,1980.0,3201.0,58.0
1789867897.58,2026-09-20T01:31:37.580255+00:00,contended,28.5,599.37,100.0,5.0,1763.0,1980.0,3201.0,58.0
1789867897.61,2026-09-20T01:31:37.609581+00:00,contended,29.3,600.94,100.0,5.0,1763.0,1980.0,3201.0,58.0
1789867897.638,2026-09-20T01:31:37.638160+00:00,contended,28.6,600.94,100.0,5.0,1763.0,1980.0,3201.0,58.0
1789867897.666,2026-09-20T01:31:37.666329+00:00,contended,28.2,600.94,100.0,5.0,1763.0,1980.0,3201.0,58.0
1789867897.695,2026-09-20T01:31:37.694931+00:00,contended,28.6,601.22,100.0,5.0,1763.0,1980.0,3201.0,58.0
1789867897.723,2026-09-20T01:31:37.723068+00:00,contended,28.1,601.22,100.0,5.0,1763.0,1980.0,3201.0,58.0
1789867897.751,2026-09-20T01:31:37.751484+00:00,contended,28.4,601.22,100.0,5.0,1763.0,1980.0,3201.0,58.0
1789867897.78,2026-09-20T01:31:37.780470+00:00,contended,29.0,601.22,100.0,5.0,1763.0,1980.0,3201.0,58.0
1789867897.809,2026-09-20T01:31:37.809185+00:00,contended,28.7,602.13,100.0,5.0,1763.0,1980.0,3201.0,58.0
1789867897.838,2026-09-20T01:31:37.837720+00:00,contended,28.5,602.13,100.0,5.0,1763.0,1980.0,3201.0,58.0
1789867897.866,2026-09-20T01:31:37.865867+00:00,contended,28.1,602.13,100.0,5.0,1763.0,1980.0,3201.0,58.0
1789867897.894,2026-09-20T01:31:37.894443+00:00,contended,28.6,602.13,100.0,5.0,1763.0,1980.0,3201.0,58.0
1789867897.923,2026-09-20T01:31:37.922779+00:00,contended,28.3,601.53,100.0,5.0,1763.0,1980.0,3201.0,58.0
1789867897.955,2026-09-20T01:31:37.955399+00:00,contended,32.6,601.53,100.0,5.0,1763.0,1980.0,3201.0,58.0
1789867897.984,2026-09-20T01:31:37.984495+00:00,contended,29.1,601.53,100.0,5.0,1763.0,1980.0,3201.0,58.0
1789867898.013,2026-09-20T01:31:38.012550+00:00,contended,28.1,600.2,100.0,5.0,1763.0,1980.0,3201.0,58.0
1789867898.041,2026-09-20T01:31:38.041275+00:00,contended,28.7,600.2,100.0,5.0,1763.0,1980.0,3201.0,58.0
1789867898.07,2026-09-20T01:31:38.069596+00:00,contended,28.3,600.2,100.0,5.0,1763.0,1980.0,3201.0,58.0
1789867898.098,2026-09-20T01:31:38.097957+00:00,contended,28.4,599.24,100.0,5.0,1763.0,1980.0,3201.0,58.0
1789867898.126,2026-09-20T01:31:38.126245+00:00,contended,28.3,599.24,100.0,5.0,1763.0,1980.0,3201.0,58.0
1789867898.154,2026-09-20T01:31:38.154479+00:00,contended,28.2,599.24,100.0,5.0,1763.0,1980.0,3201.0,58.0
1789867898.183,2026-09-20T01:31:38.183411+00:00,contended,28.9,599.24,100.0,5.0,1763.0,1980.0,3201.0,58.0
1789867898.212,2026-09-20T01:31:38.212127+00:00,contended,28.7,598.78,100.0,5.0,1763.0,1980.0,3201.0,58.0
1789867898.24,2026-09-20T01:31:38.240359+00:00,contended,28.2,598.78,100.0,5.0,1763.0,1980.0,3201.0,58.0
1789867898.269,2026-09-20T01:31:38.268726+00:00,contended,28.4,598.78,100.0,5.0,1763.0,1980.0,3201.0,58.0
1789867898.299,2026-09-20T01:31:38.298529+00:00,contended,29.8,598.78,100.0,5.0,1763.0,1980.0,3201.0,58.0
1789867898.327,2026-09-20T01:31:38.326890+00:00,contended,28.4,600.05,100.0,5.0,1763.0,1980.0,3201.0,58.0
1789867898.358,2026-09-20T01:31:38.358209+00:00,contended,31.3,600.05,100.0,5.0,1763.0,1980.0,3201.0,58.0
1789867898.387,2026-09-20T01:31:38.386735+00:00,contended,28.5,600.05,100.0,5.0,1763.0,1980.0,3201.0,58.0
1789867898.416,2026-09-20T01:31:38.415568+00:00,contended,28.8,600.54,100.0,5.0,1763.0,1980.0,3201.0,58.0
1789867898.444,2026-09-20T01:31:38.444384+00:00,contended,28.8,600.54,100.0,5.0,1763.0,1980.0,3201.0,58.0
1789867898.473,2026-09-20T01:31:38.472732+00:00,contended,28.3,600.54,100.0,5.0,1763.0,1980.0,3201.0,58.0
1789867898.501,2026-09-20T01:31:38.501294+00:00,contended,28.6,600.67,100.0,5.0,1763.0,1980.0,3201.0,58.0
1789867898.53,2026-09-20T01:31:38.529589+00:00,contended,28.3,600.67,100.0,5.0,1763.0,1980.0,3201.0,58.0
1789867898.559,2026-09-20T01:31:38.559080+00:00,contended,29.5,600.67,100.0,5.0,1763.0,1980.0,3201.0,58.0
1789867898.588,2026-09-20T01:31:38.587851+00:00,contended,28.8,600.67,100.0,5.0,1763.0,1980.0,3201.0,58.0
1789867898.616,2026-09-20T01:31:38.616408+00:00,contended,28.6,599.98,100.0,5.0,1763.0,1980.0,3201.0,58.0
1789867898.645,2026-09-20T01:31:38.644890+00:00,contended,28.5,599.98,100.0,5.0,1763.0,1980.0,3201.0,58.0
1789867898.673,2026-09-20T01:31:38.673460+00:00,contended,28.6,599.98,100.0,5.0,1763.0,1980.0,3201.0,58.0
1789867898.702,2026-09-20T01:31:38.701873+00:00,contended,28.4,599.17,100.0,5.0,1763.0,1980.0,3201.0,58.0
1789867898.732,2026-09-20T01:31:38.731643+00:00,contended,29.8,599.17,100.0,5.0,1763.0,1980.0,3201.0,58.0
1789867898.76,2026-09-20T01:31:38.760424+00:00,contended,28.8,599.17,100.0,5.0,1763.0,1980.0,3201.0,58.0
1789867898.79,2026-09-20T01:31:38.790375+00:00,contended,30.0,599.17,100.0,5.0,1763.0,1980.0,3201.0,58.0
1789867898.819,2026-09-20T01:31:38.818717+00:00,contended,28.3,599.01,100.0,5.0,1763.0,1980.0,3201.0,58.0
1789867898.85,2026-09-20T01:31:38.849943+00:00,contended,31.2,599.01,100.0,5.0,1763.0,1980.0,3201.0,58.0
1789867898.878,2026-09-20T01:31:38.878424+00:00,contended,28.5,599.01,100.0,5.0,1763.0,1980.0,3201.0,58.0
1789867898.907,2026-09-20T01:31:38.906942+00:00,contended,28.5,599.12,100.0,5.0,1763.0,1980.0,3201.0,58.0
1789867898.935,2026-09-20T01:31:38.935192+00:00,contended,28.3,599.12,100.0,5.0,1763.0,1980.0,3201.0,58.0
1789867898.964,2026-09-20T01:31:38.963652+00:00,contended,28.5,599.12,100.0,5.0,1763.0,1980.0,3201.0,58.0
1789867898.993,2026-09-20T01:31:38.992583+00:00,contended,28.9,599.12,100.0,5.0,1763.0,1980.0,3201.0,58.0
1789867899.029,2026-09-20T01:31:39.029103+00:00,contended,36.5,599.01,100.0,5.0,1763.0,1980.0,3201.0,58.0
1789867899.058,2026-09-20T01:31:39.057845+00:00,contended,28.8,599.01,100.0,5.0,1763.0,1980.0,3201.0,58.0
1789867899.088,2026-09-20T01:31:39.087576+00:00,contended,29.7,599.01,100.0,5.0,1763.0,1980.0,3201.0,58.0
1789867899.116,2026-09-20T01:31:39.115822+00:00,contended,28.2,600.11,100.0,5.0,1763.0,1980.0,3201.0,58.0
1789867899.144,2026-09-20T01:31:39.143890+00:00,contended,28.1,600.11,100.0,5.0,1763.0,1980.0,3201.0,58.0
1789867899.173,2026-09-20T01:31:39.173453+00:00,contended,29.6,600.11,100.0,5.0,1763.0,1980.0,3201.0,58.0
1789867899.202,2026-09-20T01:31:39.201745+00:00,contended,28.3,600.11,100.0,5.0,1763.0,1980.0,3201.0,58.0
1789867899.233,2026-09-20T01:31:39.232837+00:00,contended,31.1,601.1,100.0,5.0,1763.0,1980.0,3201.0,58.0
1789867899.261,2026-09-20T01:31:39.260875+00:00,contended,28.0,601.1,100.0,5.0,1763.0,1980.0,3201.0,58.0
1789867899.29,2026-09-20T01:31:39.289869+00:00,contended,29.0,601.1,100.0,5.0,1763.0,1980.0,3201.0,58.0
1789867899.318,2026-09-20T01:31:39.318265+00:00,contended,28.4,599.91,100.0,5.0,1763.0,1980.0,3201.0,58.0
1789867899.347,2026-09-20T01:31:39.347193+00:00,contended,28.9,599.91,100.0,5.0,1763.0,1980.0,3201.0,58.0
1789867899.376,2026-09-20T01:31:39.375503+00:00,contended,28.3,599.91,100.0,5.0,1763.0,1980.0,3201.0,58.0
1789867899.404,2026-09-20T01:31:39.404128+00:00,contended,28.6,599.91,100.0,5.0,1763.0,1980.0,3201.0,58.0
1789867899.433,2026-09-20T01:31:39.433413+00:00,contended,29.3,598.81,100.0,5.0,1763.0,1980.0,3201.0,58.0
1789867899.462,2026-09-20T01:31:39.462481+00:00,contended,29.1,598.81,100.0,5.0,1763.0,1980.0,3201.0,58.0
1789867899.492,2026-09-20T01:31:39.492115+00:00,contended,29.6,598.81,100.0,5.0,1763.0,1980.0,3201.0,58.0
1789867899.52,2026-09-20T01:31:39.520489+00:00,contended,28.4,598.41,100.0,5.0,1763.0,1980.0,3201.0,58.0
1789867899.549,2026-09-20T01:31:39.549012+00:00,contended,28.5,598.41,100.0,5.0,1763.0,1980.0,3201.0,58.0
1789867899.578,2026-09-20T01:31:39.577653+00:00,contended,28.6,598.41,100.0,5.0,1763.0,1980.0,3201.0,58.0
1789867899.606,2026-09-20T01:31:39.606321+00:00,contended,28.7,598.41,100.0,5.0,1763.0,1980.0,3201.0,58.0
1789867899.636,2026-09-20T01:31:39.635716+00:00,contended,29.4,599.02,100.0,5.0,1763.0,1980.0,3201.0,58.0
1789867899.664,2026-09-20T01:31:39.663965+00:00,contended,28.2,599.02,100.0,5.0,1763.0,1980.0,3201.0,58.0
1789867899.693,2026-09-20T01:31:39.693363+00:00,contended,29.4,599.02,100.0,5.0,1763.0,1980.0,3201.0,58.0
1789867899.722,2026-09-20T01:31:39.721747+00:00,contended,28.4,600.26,100.0,5.0,1763.0,1980.0,3201.0,58.0
1789867899.751,2026-09-20T01:31:39.750686+00:00,contended,28.9,600.26,100.0,5.0,1763.0,1980.0,3201.0,58.0
1789867899.779,2026-09-20T01:31:39.778944+00:00,contended,28.3,600.26,100.0,5.0,1763.0,1980.0,3201.0,58.0
1789867899.808,2026-09-20T01:31:39.807986+00:00,contended,29.0,600.26,100.0,5.0,1763.0,1980.0,3201.0,58.0
1789867899.837,2026-09-20T01:31:39.836652+00:00,contended,28.7,599.85,100.0,5.0,1763.0,1980.0,3201.0,58.0
1789867899.866,2026-09-20T01:31:39.865622+00:00,contended,29.0,599.85,100.0,5.0,1763.0,1980.0,3201.0,58.0
1789867899.896,2026-09-20T01:31:39.895760+00:00,contended,30.1,599.85,100.0,5.0,1763.0,1980.0,3201.0,58.0
1789867899.924,2026-09-20T01:31:39.924148+00:00,contended,28.4,599.4,100.0,5.0,1763.0,1980.0,3201.0,58.0
1789867899.953,2026-09-20T01:31:39.952533+00:00,contended,28.4,599.4,100.0,5.0,1763.0,1980.0,3201.0,58.0
1789867899.981,2026-09-20T01:31:39.980654+00:00,contended,28.1,599.4,100.0,5.0,1763.0,1980.0,3201.0,58.0
1789867900.012,2026-09-20T01:31:40.011592+00:00,contended,30.9,599.4,100.0,5.0,1763.0,1980.0,3201.0,58.0
1789867900.042,2026-09-20T01:31:40.042326+00:00,contended,30.7,599.29,100.0,5.0,1763.0,1980.0,3201.0,58.0
1789867900.071,2026-09-20T01:31:40.070679+00:00,contended,28.4,599.29,100.0,5.0,1763.0,1980.0,3201.0,58.0
1789867900.1,2026-09-20T01:31:40.099893+00:00,contended,29.2,599.29,100.0,5.0,1763.0,1980.0,3201.0,58.0
1789867900.129,2026-09-20T01:31:40.129020+00:00,contended,29.1,599.35,100.0,5.0,1763.0,1980.0,3201.0,58.0
1789867900.159,2026-09-20T01:31:40.158600+00:00,contended,29.6,599.35,100.0,5.0,1763.0,1980.0,3201.0,58.0
1789867900.187,2026-09-20T01:31:40.186934+00:00,contended,28.3,599.35,100.0,5.0,1763.0,1980.0,3201.0,58.0
1789867901.38,2026-09-20T01:31:41.379942+00:00,recovery,1193.0,666.21,99.0,5.0,884.0,1980.0,3201.0,60.0
1789867901.408,2026-09-20T01:31:41.408306+00:00,recovery,28.4,666.21,99.0,5.0,884.0,1980.0,3201.0,60.0
1789867901.437,2026-09-20T01:31:41.436678+00:00,recovery,28.4,666.28,99.0,5.0,884.0,1980.0,3201.0,60.0
1789867901.465,2026-09-20T01:31:41.464909+00:00,recovery,28.2,666.28,99.0,5.0,884.0,1980.0,3201.0,60.0
1789867901.493,2026-09-20T01:31:41.493148+00:00,recovery,28.2,666.28,99.0,5.0,884.0,1980.0,3201.0,60.0
1789867901.522,2026-09-20T01:31:41.521834+00:00,recovery,28.7,666.43,99.0,5.0,884.0,1980.0,3201.0,60.0
1789867901.55,2026-09-20T01:31:41.549904+00:00,recovery,28.1,666.43,99.0,5.0,884.0,1980.0,3201.0,60.0
1789867901.579,2026-09-20T01:31:41.578824+00:00,recovery,28.9,666.43,99.0,5.0,884.0,1980.0,3201.0,60.0
1789867901.607,2026-09-20T01:31:41.607050+00:00,recovery,28.2,666.43,99.0,5.0,884.0,1980.0,3201.0,60.0
1789867901.635,2026-09-20T01:31:41.635365+00:00,recovery,28.3,666.16,99.0,5.0,884.0,1980.0,3201.0,60.0
1789867901.664,2026-09-20T01:31:41.663918+00:00,recovery,28.6,666.16,99.0,5.0,884.0,1980.0,3201.0,60.0
1789867901.693,2026-09-20T01:31:41.692596+00:00,recovery,28.7,666.16,99.0,5.0,884.0,1980.0,3201.0,60.0
1789867901.721,2026-09-20T01:31:41.721379+00:00,recovery,28.8,666.16,99.0,5.0,884.0,1980.0,3201.0,60.0
1789867901.749,2026-09-20T01:31:41.749431+00:00,recovery,28.1,666.24,99.0,5.0,884.0,1980.0,3201.0,60.0
1789867901.778,2026-09-20T01:31:41.778412+00:00,recovery,29.0,666.24,99.0,5.0,884.0,1980.0,3201.0,60.0
1789867901.807,2026-09-20T01:31:41.806824+00:00,recovery,28.4,666.24,99.0,5.0,884.0,1980.0,3201.0,60.0
1789867901.835,2026-09-20T01:31:41.835270+00:00,recovery,28.4,666.19,99.0,5.0,884.0,1980.0,3201.0,60.0
1789867901.864,2026-09-20T01:31:41.863695+00:00,recovery,28.4,666.19,99.0,5.0,884.0,1980.0,3201.0,60.0
1789867901.892,2026-09-20T01:31:41.892039+00:00,recovery,28.3,666.19,99.0,5.0,884.0,1980.0,3201.0,60.0
1789867901.921,2026-09-20T01:31:41.921380+00:00,recovery,29.3,666.19,99.0,5.0,884.0,1980.0,3201.0,60.0
1789867901.95,2026-09-20T01:31:41.949627+00:00,recovery,28.2,666.32,99.0,5.0,884.0,1980.0,3201.0,60.0
1789867901.979,2026-09-20T01:31:41.978686+00:00,recovery,29.1,666.32,99.0,5.0,884.0,1980.0,3201.0,60.0
1789867902.007,2026-09-20T01:31:42.007390+00:00,recovery,28.7,666.32,99.0,5.0,884.0,1980.0,3201.0,60.0
1789867902.036,2026-09-20T01:31:42.035745+00:00,recovery,28.4,666.32,99.0,5.0,884.0,1980.0,3201.0,60.0
1789867902.064,2026-09-20T01:31:42.064143+00:00,recovery,28.4,666.32,99.0,5.0,884.0,1980.0,3201.0,60.0
1789867902.093,2026-09-20T01:31:42.093078+00:00,recovery,28.9,666.32,99.0,5.0,884.0,1980.0,3201.0,60.0
1789867902.122,2026-09-20T01:31:42.122221+00:00,recovery,29.1,666.32,99.0,5.0,884.0,1980.0,3201.0,60.0
1789867902.151,2026-09-20T01:31:42.151236+00:00,recovery,29.0,666.51,99.0,5.0,884.0,1980.0,3201.0,60.0
1789867902.18,2026-09-20T01:31:42.179918+00:00,recovery,28.7,666.51,99.0,5.0,884.0,1980.0,3201.0,60.0
1789867902.208,2026-09-20T01:31:42.208281+00:00,recovery,28.4,666.51,99.0,5.0,884.0,1980.0,3201.0,60.0
1789867902.237,2026-09-20T01:31:42.236613+00:00,recovery,28.3,666.29,99.0,5.0,884.0,1980.0,3201.0,60.0
1789867902.265,2026-09-20T01:31:42.265239+00:00,recovery,28.6,666.29,99.0,5.0,884.0,1980.0,3201.0,60.0
1789867902.295,2026-09-20T01:31:42.295464+00:00,recovery,30.2,666.29,99.0,5.0,884.0,1980.0,3201.0,60.0
1789867902.325,2026-09-20T01:31:42.324557+00:00,recovery,29.1,666.29,99.0,5.0,884.0,1980.0,3201.0,60.0
1789867902.353,2026-09-20T01:31:42.353310+00:00,recovery,28.8,666.73,99.0,5.0,884.0,1980.0,3201.0,60.0
1789867902.382,2026-09-20T01:31:42.381553+00:00,recovery,28.2,666.73,99.0,5.0,884.0,1980.0,3201.0,60.0
1789867902.41,2026-09-20T01:31:42.410304+00:00,recovery,28.8,666.73,99.0,5.0,884.0,1980.0,3201.0,60.0
1789867902.439,2026-09-20T01:31:42.438582+00:00,recovery,28.3,666.49,99.0,5.0,884.0,1980.0,3201.0,60.0
1789867902.468,2026-09-20T01:31:42.467577+00:00,recovery,29.0,666.49,99.0,5.0,884.0,1980.0,3201.0,60.0
1789867902.496,2026-09-20T01:31:42.495720+00:00,recovery,28.1,666.49,99.0,5.0,884.0,1980.0,3201.0,60.0
1789867902.525,2026-09-20T01:31:42.525418+00:00,recovery,29.7,666.49,99.0,5.0,884.0,1980.0,3201.0,60.0
1789867902.554,2026-09-20T01:31:42.553710+00:00,recovery,28.3,666.84,99.0,5.0,884.0,1980.0,3201.0,60.0
1789867902.583,2026-09-20T01:31:42.582926+00:00,recovery,29.2,666.84,99.0,5.0,884.0,1980.0,3201.0,60.0
1789867902.612,2026-09-20T01:31:42.611537+00:00,recovery,28.6,666.84,99.0,5.0,884.0,1980.0,3201.0,60.0
1789867902.64,2026-09-20T01:31:42.639777+00:00,recovery,28.2,666.49,99.0,5.0,884.0,1980.0,3201.0,60.0
1789867902.669,2026-09-20T01:31:42.668614+00:00,recovery,28.8,666.49,99.0,5.0,884.0,1980.0,3201.0,60.0
1789867902.697,2026-09-20T01:31:42.696757+00:00,recovery,28.1,666.49,99.0,5.0,884.0,1980.0,3201.0,60.0
1789867902.725,2026-09-20T01:31:42.724843+00:00,recovery,28.1,666.49,99.0,5.0,884.0,1980.0,3201.0,60.0
1789867902.753,2026-09-20T01:31:42.753159+00:00,recovery,28.3,666.8,99.0,5.0,884.0,1980.0,3201.0,60.0
1789867902.781,2026-09-20T01:31:42.781396+00:00,recovery,28.2,666.8,99.0,5.0,884.0,1980.0,3201.0,60.0
1789867902.81,2026-09-20T01:31:42.809691+00:00,recovery,28.3,666.8,99.0,5.0,884.0,1980.0,3201.0,60.0
1789867902.839,2026-09-20T01:31:42.838652+00:00,recovery,29.0,666.82,99.0,5.0,884.0,1980.0,3201.0,60.0
1789867902.867,2026-09-20T01:31:42.866710+00:00,recovery,28.1,666.82,99.0,5.0,884.0,1980.0,3201.0,60.0
1789867902.895,2026-09-20T01:31:42.895182+00:00,recovery,28.5,666.82,99.0,5.0,884.0,1980.0,3201.0,60.0
1789867902.929,2026-09-20T01:31:42.929036+00:00,recovery,33.8,666.82,99.0,5.0,884.0,1980.0,3201.0,60.0
1789867902.96,2026-09-20T01:31:42.959692+00:00,recovery,30.7,667.12,99.0,5.0,884.0,1980.0,3201.0,60.0
1789867902.991,2026-09-20T01:31:42.991395+00:00,recovery,31.7,667.12,99.0,5.0,884.0,1980.0,3201.0,60.0
1789867903.029,2026-09-20T01:31:43.029186+00:00,recovery,37.8,667.12,99.0,5.0,884.0,1980.0,3201.0,60.0
1789867903.06,2026-09-20T01:31:43.060013+00:00,recovery,30.8,666.66,99.0,5.0,884.0,1980.0,3201.0,60.0
1789867903.092,2026-09-20T01:31:43.091681+00:00,recovery,31.7,666.66,99.0,5.0,884.0,1980.0,3201.0,60.0
1789867903.121,2026-09-20T01:31:43.121266+00:00,recovery,29.6,666.66,99.0,5.0,884.0,1980.0,3201.0,60.0
1789867903.153,2026-09-20T01:31:43.153003+00:00,recovery,31.7,666.97,99.0,5.0,884.0,1980.0,3201.0,60.0
1789867903.184,2026-09-20T01:31:43.183962+00:00,recovery,31.0,666.97,99.0,5.0,884.0,1980.0,3201.0,60.0
1789867903.213,2026-09-20T01:31:43.212581+00:00,recovery,28.6,666.97,99.0,5.0,884.0,1980.0,3201.0,60.0
1789867903.243,2026-09-20T01:31:43.243489+00:00,recovery,30.9,667.12,99.0,5.0,884.0,1980.0,3201.0,60.0
1789867903.273,2026-09-20T01:31:43.272816+00:00,recovery,29.3,667.12,99.0,5.0,884.0,1980.0,3201.0,60.0
1789867903.304,2026-09-20T01:31:43.303806+00:00,recovery,31.0,667.12,99.0,5.0,884.0,1980.0,3201.0,60.0
1789867903.333,2026-09-20T01:31:43.332970+00:00,recovery,29.2,667.12,99.0,5.0,884.0,1980.0,3201.0,60.0
1789867903.362,2026-09-20T01:31:43.362198+00:00,recovery,29.2,667.06,99.0,5.0,884.0,1980.0,3201.0,60.0
1789867903.391,2026-09-20T01:31:43.391331+00:00,recovery,29.1,667.06,99.0,5.0,884.0,1980.0,3201.0,60.0
1789867903.42,2026-09-20T01:31:43.420247+00:00,recovery,28.9,667.06,99.0,5.0,884.0,1980.0,3201.0,60.0
1789867903.449,2026-09-20T01:31:43.448930+00:00,recovery,28.7,666.96,99.0,5.0,884.0,1980.0,3201.0,60.0
1789867903.481,2026-09-20T01:31:43.480977+00:00,recovery,32.0,666.96,99.0,5.0,884.0,1980.0,3201.0,60.0
1789867903.51,2026-09-20T01:31:43.510041+00:00,recovery,29.1,666.96,99.0,5.0,884.0,1980.0,3201.0,60.0
1789867903.541,2026-09-20T01:31:43.541336+00:00,recovery,31.3,667.47,99.0,5.0,884.0,1980.0,3201.0,60.0
1789867903.569,2026-09-20T01:31:43.569441+00:00,recovery,28.1,667.47,99.0,5.0,884.0,1980.0,3201.0,60.0
1789867903.598,2026-09-20T01:31:43.597988+00:00,recovery,28.5,667.47,99.0,5.0,884.0,1980.0,3201.0,60.0
1789867903.627,2026-09-20T01:31:43.627115+00:00,recovery,29.1,667.47,99.0,5.0,884.0,1980.0,3201.0,60.0
1789867903.656,2026-09-20T01:31:43.655898+00:00,recovery,28.8,667.27,99.0,5.0,884.0,1980.0,3201.0,60.0
1789867903.685,2026-09-20T01:31:43.685153+00:00,recovery,29.3,667.27,99.0,5.0,884.0,1980.0,3201.0,60.0
1789867903.716,2026-09-20T01:31:43.716059+00:00,recovery,30.9,667.27,99.0,5.0,884.0,1980.0,3201.0,60.0
1789867903.746,2026-09-20T01:31:43.746312+00:00,recovery,30.3,667.2,99.0,5.0,884.0,1980.0,3201.0,60.0
1789867903.778,2026-09-20T01:31:43.777653+00:00,recovery,31.3,667.2,99.0,5.0,884.0,1980.0,3201.0,60.0
1789867903.809,2026-09-20T01:31:43.808774+00:00,recovery,31.1,667.2,99.0,5.0,884.0,1980.0,3201.0,60.0
1789867903.837,2026-09-20T01:31:43.837148+00:00,recovery,28.4,667.2,99.0,5.0,884.0,1980.0,3201.0,60.0
1789867903.866,2026-09-20T01:31:43.866124+00:00,recovery,29.0,667.22,99.0,5.0,884.0,1980.0,3201.0,60.0
1789867903.895,2026-09-20T01:31:43.894658+00:00,recovery,28.5,667.22,99.0,5.0,884.0,1980.0,3201.0,60.0
1789867903.926,2026-09-20T01:31:43.926131+00:00,recovery,31.5,667.22,99.0,5.0,884.0,1980.0,3201.0,60.0
1789867903.955,2026-09-20T01:31:43.954584+00:00,recovery,28.5,667.15,99.0,5.0,884.0,1980.0,3201.0,60.0
1789867903.984,2026-09-20T01:31:43.983588+00:00,recovery,29.0,667.15,99.0,5.0,884.0,1980.0,3201.0,60.0
1789867904.015,2026-09-20T01:31:44.015047+00:00,recovery,31.5,667.15,99.0,5.0,884.0,1980.0,3201.0,60.0
1789867904.044,2026-09-20T01:31:44.043679+00:00,recovery,28.6,667.3,99.0,5.0,884.0,1980.0,3201.0,60.0
1789867904.073,2026-09-20T01:31:44.073070+00:00,recovery,29.4,667.3,99.0,5.0,884.0,1980.0,3201.0,60.0
1789867904.104,2026-09-20T01:31:44.103640+00:00,recovery,30.6,667.3,99.0,5.0,884.0,1980.0,3201.0,60.0
1789867904.133,2026-09-20T01:31:44.132834+00:00,recovery,29.2,667.3,99.0,5.0,884.0,1980.0,3201.0,60.0
1789867904.161,2026-09-20T01:31:44.161467+00:00,recovery,28.6,667.24,99.0,5.0,884.0,1980.0,3201.0,60.0
1789867904.191,2026-09-20T01:31:44.190993+00:00,recovery,29.5,667.24,99.0,5.0,884.0,1980.0,3201.0,60.0
1789867904.22,2026-09-20T01:31:44.219812+00:00,recovery,28.8,667.24,99.0,5.0,884.0,1980.0,3201.0,60.0
1789867904.249,2026-09-20T01:31:44.249156+00:00,recovery,29.3,667.22,99.0,5.0,884.0,1980.0,3201.0,60.0
1789867904.278,2026-09-20T01:31:44.277654+00:00,recovery,28.5,667.22,99.0,5.0,884.0,1980.0,3201.0,60.0
1789867904.308,2026-09-20T01:31:44.307650+00:00,recovery,30.0,667.22,99.0,5.0,884.0,1980.0,3201.0,60.0
1789867904.336,2026-09-20T01:31:44.336024+00:00,recovery,28.4,667.22,99.0,5.0,884.0,1980.0,3201.0,60.0
1789867904.365,2026-09-20T01:31:44.364975+00:00,recovery,29.0,667.6,99.0,5.0,884.0,1980.0,3201.0,60.0
1789867904.393,2026-09-20T01:31:44.393295+00:00,recovery,28.3,667.6,99.0,5.0,884.0,1980.0,3201.0,60.0
1789867904.422,2026-09-20T01:31:44.422142+00:00,recovery,28.8,667.6,99.0,5.0,884.0,1980.0,3201.0,60.0
1789867904.453,2026-09-20T01:31:44.453269+00:00,recovery,31.1,667.54,99.0,5.0,884.0,1980.0,3201.0,60.0
1789867904.481,2026-09-20T01:31:44.481493+00:00,recovery,28.2,667.54,99.0,5.0,884.0,1980.0,3201.0,60.0
1789867904.511,2026-09-20T01:31:44.510586+00:00,recovery,29.1,667.54,99.0,5.0,884.0,1980.0,3201.0,60.0
1789867904.539,2026-09-20T01:31:44.538929+00:00,recovery,28.3,667.54,99.0,5.0,884.0,1980.0,3201.0,60.0
1789867904.568,2026-09-20T01:31:44.567665+00:00,recovery,28.7,667.48,99.0,5.0,884.0,1980.0,3201.0,60.0
1789867904.596,2026-09-20T01:31:44.595916+00:00,recovery,28.2,667.48,99.0,5.0,884.0,1980.0,3201.0,60.0
1789867904.624,2026-09-20T01:31:44.624446+00:00,recovery,28.5,667.48,99.0,5.0,884.0,1980.0,3201.0,60.0
1789867904.654,2026-09-20T01:31:44.653823+00:00,recovery,29.4,667.31,99.0,5.0,884.0,1980.0,3201.0,60.0
1789867904.683,2026-09-20T01:31:44.683030+00:00,recovery,29.2,667.31,99.0,5.0,884.0,1980.0,3201.0,60.0
1789867904.711,2026-09-20T01:31:44.711434+00:00,recovery,28.4,667.31,99.0,5.0,884.0,1980.0,3201.0,60.0
1789867904.74,2026-09-20T01:31:44.739861+00:00,recovery,28.4,667.31,99.0,5.0,884.0,1980.0,3201.0,60.0
1789867904.769,2026-09-20T01:31:44.768587+00:00,recovery,28.7,667.44,99.0,5.0,884.0,1980.0,3201.0,60.0
1789867904.797,2026-09-20T01:31:44.797148+00:00,recovery,28.6,667.44,99.0,5.0,884.0,1980.0,3201.0,60.0
1789867904.826,2026-09-20T01:31:44.825986+00:00,recovery,28.8,667.44,99.0,5.0,884.0,1980.0,3201.0,60.0
1789867904.857,2026-09-20T01:31:44.857198+00:00,recovery,31.2,667.39,99.0,5.0,884.0,1980.0,3201.0,60.0
1789867904.885,2026-09-20T01:31:44.885410+00:00,recovery,28.2,667.39,99.0,5.0,884.0,1980.0,3201.0,60.0
1789867904.914,2026-09-20T01:31:44.914168+00:00,recovery,28.8,667.39,99.0,5.0,884.0,1980.0,3201.0,60.0
1789867904.943,2026-09-20T01:31:44.942912+00:00,recovery,28.7,667.39,99.0,5.0,884.0,1980.0,3201.0,60.0
1789867904.971,2026-09-20T01:31:44.971291+00:00,recovery,28.4,667.61,99.0,5.0,884.0,1980.0,3201.0,60.0
1789867905.0,2026-09-20T01:31:44.999530+00:00,recovery,28.2,667.61,99.0,5.0,884.0,1980.0,3201.0,60.0
1789867905.032,2026-09-20T01:31:45.031860+00:00,recovery,32.3,667.61,99.0,5.0,884.0,1980.0,3201.0,60.0
1789867905.061,2026-09-20T01:31:45.060956+00:00,recovery,29.1,667.71,99.0,5.0,884.0,1980.0,3201.0,60.0
1789867905.089,2026-09-20T01:31:45.089206+00:00,recovery,28.3,667.71,99.0,5.0,884.0,1980.0,3201.0,60.0
1789867905.119,2026-09-20T01:31:45.118772+00:00,recovery,29.6,667.71,99.0,5.0,884.0,1980.0,3201.0,60.0
1789867905.147,2026-09-20T01:31:45.146958+00:00,recovery,28.2,667.26,99.0,5.0,884.0,1980.0,3201.0,60.0
1789867905.175,2026-09-20T01:31:45.175496+00:00,recovery,28.5,667.26,99.0,5.0,884.0,1980.0,3201.0,60.0
1789867905.204,2026-09-20T01:31:45.204181+00:00,recovery,28.7,667.26,99.0,5.0,884.0,1980.0,3201.0,60.0
1789867905.233,2026-09-20T01:31:45.232793+00:00,recovery,28.6,667.26,99.0,5.0,884.0,1980.0,3201.0,60.0
1789867905.264,2026-09-20T01:31:45.263610+00:00,recovery,30.8,667.15,99.0,5.0,884.0,1980.0,3201.0,60.0
1789867905.293,2026-09-20T01:31:45.292725+00:00,recovery,29.1,667.15,99.0,5.0,884.0,1980.0,3201.0,60.0
1789867905.321,2026-09-20T01:31:45.321166+00:00,recovery,28.4,667.15,99.0,5.0,884.0,1980.0,3201.0,60.0
1789867905.349,2026-09-20T01:31:45.349437+00:00,recovery,28.3,667.41,99.0,5.0,884.0,1980.0,3201.0,60.0
1789867905.378,2026-09-20T01:31:45.377974+00:00,recovery,28.5,667.41,99.0,5.0,884.0,1980.0,3201.0,60.0
1789867905.408,2026-09-20T01:31:45.408013+00:00,recovery,30.0,667.41,99.0,5.0,884.0,1980.0,3201.0,60.0
1789867905.436,2026-09-20T01:31:45.436253+00:00,recovery,28.2,667.41,99.0,5.0,884.0,1980.0,3201.0,60.0
1789867905.466,2026-09-20T01:31:45.465522+00:00,recovery,29.3,667.5,99.0,5.0,884.0,1980.0,3201.0,60.0
1789867905.494,2026-09-20T01:31:45.493777+00:00,recovery,28.3,667.5,99.0,5.0,884.0,1980.0,3201.0,60.0
1789867905.522,2026-09-20T01:31:45.522217+00:00,recovery,28.4,667.5,99.0,5.0,884.0,1980.0,3201.0,60.0
1789867905.551,2026-09-20T01:31:45.550621+00:00,recovery,28.4,667.38,99.0,5.0,884.0,1980.0,3201.0,60.0
1789867905.579,2026-09-20T01:31:45.579287+00:00,recovery,28.7,667.38,99.0,5.0,884.0,1980.0,3201.0,60.0
1789867905.61,2026-09-20T01:31:45.610117+00:00,recovery,30.8,667.38,99.0,5.0,884.0,1980.0,3201.0,60.0
1789867905.638,2026-09-20T01:31:45.638336+00:00,recovery,28.2,667.38,99.0,5.0,884.0,1980.0,3201.0,60.0
1789867905.668,2026-09-20T01:31:45.667728+00:00,recovery,29.4,667.26,99.0,5.0,884.0,1980.0,3201.0,60.0
1789867905.696,2026-09-20T01:31:45.695956+00:00,recovery,28.2,667.26,99.0,5.0,884.0,1980.0,3201.0,60.0
1789867905.725,2026-09-20T01:31:45.725469+00:00,recovery,29.5,667.26,99.0,5.0,884.0,1980.0,3201.0,60.0
1789867905.754,2026-09-20T01:31:45.754217+00:00,recovery,28.7,667.44,99.0,5.0,884.0,1980.0,3201.0,60.0
1789867905.782,2026-09-20T01:31:45.782497+00:00,recovery,28.3,667.44,99.0,5.0,884.0,1980.0,3201.0,60.0
1789867905.811,2026-09-20T01:31:45.811130+00:00,recovery,28.6,667.44,99.0,5.0,884.0,1980.0,3201.0,60.0
1789867905.84,2026-09-20T01:31:45.839718+00:00,recovery,28.6,667.44,99.0,5.0,884.0,1980.0,3201.0,60.0
1789867905.87,2026-09-20T01:31:45.869778+00:00,recovery,30.1,667.34,99.0,5.0,884.0,1980.0,3201.0,60.0
1789867905.898,2026-09-20T01:31:45.897906+00:00,recovery,28.1,667.34,99.0,5.0,884.0,1980.0,3201.0,60.0
1789867905.927,2026-09-20T01:31:45.927370+00:00,recovery,29.5,667.34,99.0,5.0,884.0,1980.0,3201.0,60.0
1789867905.956,2026-09-20T01:31:45.955887+00:00,recovery,28.5,667.14,99.0,5.0,884.0,1980.0,3201.0,60.0
1789867905.984,2026-09-20T01:31:45.984294+00:00,recovery,28.4,667.14,99.0,5.0,884.0,1980.0,3201.0,60.0
1789867906.013,2026-09-20T01:31:46.013244+00:00,recovery,28.9,667.14,99.0,5.0,884.0,1980.0,3201.0,60.0
1789867906.042,2026-09-20T01:31:46.041587+00:00,recovery,28.3,667.14,99.0,5.0,884.0,1980.0,3201.0,60.0
1789867906.072,2026-09-20T01:31:46.071856+00:00,recovery,30.3,667.17,99.0,5.0,884.0,1980.0,3201.0,60.0
1789867906.1,2026-09-20T01:31:46.099934+00:00,recovery,28.1,667.17,99.0,5.0,884.0,1980.0,3201.0,60.0
1789867906.128,2026-09-20T01:31:46.128333+00:00,recovery,28.4,667.17,99.0,5.0,884.0,1980.0,3201.0,60.0
1789867906.157,2026-09-20T01:31:46.156840+00:00,recovery,28.5,667.12,99.0,5.0,884.0,1980.0,3201.0,60.0
1789867906.185,2026-09-20T01:31:46.185306+00:00,recovery,28.5,667.12,99.0,5.0,884.0,1980.0,3201.0,60.0
1789867906.214,2026-09-20T01:31:46.213827+00:00,recovery,28.5,667.12,99.0,5.0,884.0,1980.0,3201.0,60.0
1789867906.242,2026-09-20T01:31:46.242170+00:00,recovery,28.3,667.12,99.0,5.0,884.0,1980.0,3201.0,60.0
1789867906.272,2026-09-20T01:31:46.271800+00:00,recovery,29.6,667.14,99.0,5.0,884.0,1980.0,3201.0,60.0
1789867906.3,2026-09-20T01:31:46.299986+00:00,recovery,28.2,667.14,100.0,5.0,884.0,1980.0,3201.0,60.0
1789867906.329,2026-09-20T01:31:46.328644+00:00,recovery,28.7,667.14,100.0,5.0,884.0,1980.0,3201.0,60.0
1789867906.358,2026-09-20T01:31:46.357943+00:00,recovery,29.3,667.23,100.0,5.0,884.0,1980.0,3201.0,60.0
1789867906.386,2026-09-20T01:31:46.386300+00:00,recovery,28.4,667.23,100.0,5.0,884.0,1980.0,3201.0,60.0
1789867906.415,2026-09-20T01:31:46.415377+00:00,recovery,29.1,667.23,100.0,5.0,884.0,1980.0,3201.0,60.0
1789867906.444,2026-09-20T01:31:46.444300+00:00,recovery,28.9,667.23,100.0,5.0,884.0,1980.0,3201.0,60.0
1789867906.474,2026-09-20T01:31:46.473927+00:00,recovery,29.6,667.35,100.0,5.0,884.0,1980.0,3201.0,60.0
1789867906.502,2026-09-20T01:31:46.502304+00:00,recovery,28.4,667.35,99.0,5.0,884.0,1980.0,3201.0,60.0
1789867906.531,2026-09-20T01:31:46.531031+00:00,recovery,28.7,667.35,99.0,5.0,884.0,1980.0,3201.0,60.0
1789867906.56,2026-09-20T01:31:46.559748+00:00,recovery,28.7,667.19,99.0,5.0,884.0,1980.0,3201.0,60.0
1789867906.588,2026-09-20T01:31:46.588280+00:00,recovery,28.5,667.19,99.0,5.0,884.0,1980.0,3201.0,60.0
1789867906.617,2026-09-20T01:31:46.616684+00:00,recovery,28.4,667.19,99.0,5.0,884.0,1980.0,3201.0,60.0
1789867906.648,2026-09-20T01:31:46.648193+00:00,recovery,31.5,667.19,99.0,5.0,884.0,1980.0,3201.0,60.0
1789867906.681,2026-09-20T01:31:46.681475+00:00,recovery,33.3,667.18,99.0,5.0,884.0,1980.0,3201.0,60.0
1789867906.712,2026-09-20T01:31:46.711950+00:00,recovery,30.5,667.18,99.0,5.0,884.0,1980.0,3201.0,60.0
1789867906.741,2026-09-20T01:31:46.740611+00:00,recovery,28.7,667.18,99.0,5.0,884.0,1980.0,3201.0,60.0
1789867906.769,2026-09-20T01:31:46.769113+00:00,recovery,28.5,667.36,99.0,5.0,884.0,1980.0,3201.0,60.0
1789867906.798,2026-09-20T01:31:46.798189+00:00,recovery,29.1,667.36,99.0,5.0,884.0,1980.0,3201.0,60.0
1789867906.828,2026-09-20T01:31:46.828213+00:00,recovery,30.0,667.36,99.0,5.0,884.0,1980.0,3201.0,60.0
1789867906.857,2026-09-20T01:31:46.857175+00:00,recovery,29.0,667.36,99.0,5.0,884.0,1980.0,3201.0,60.0
1789867906.886,2026-09-20T01:31:46.885518+00:00,recovery,28.3,667.6,99.0,5.0,884.0,1980.0,3201.0,60.0
1789867906.914,2026-09-20T01:31:46.914300+00:00,recovery,28.8,667.6,99.0,5.0,884.0,1980.0,3201.0,60.0
1789867906.944,2026-09-20T01:31:46.944445+00:00,recovery,30.1,667.6,99.0,5.0,884.0,1980.0,3201.0,60.0
1789867906.975,2026-09-20T01:31:46.975042+00:00,recovery,30.6,667.56,99.0,5.0,884.0,1980.0,3201.0,60.0
1789867907.003,2026-09-20T01:31:47.003449+00:00,recovery,28.4,667.56,99.0,5.0,884.0,1980.0,3201.0,60.0
1789867907.032,2026-09-20T01:31:47.031904+00:00,recovery,28.5,667.56,99.0,5.0,884.0,1980.0,3201.0,60.0
1789867907.06,2026-09-20T01:31:47.060390+00:00,recovery,28.5,667.35,99.0,5.0,884.0,1980.0,3201.0,60.0
1789867907.089,2026-09-20T01:31:47.089219+00:00,recovery,28.8,667.35,99.0,5.0,884.0,1980.0,3201.0,60.0
1789867907.12,2026-09-20T01:31:47.119637+00:00,recovery,30.4,667.35,99.0,5.0,884.0,1980.0,3201.0,60.0
1789867907.149,2026-09-20T01:31:47.148593+00:00,recovery,29.0,667.35,99.0,5.0,884.0,1980.0,3201.0,60.0
1789867907.178,2026-09-20T01:31:47.178462+00:00,recovery,29.9,667.68,99.0,5.0,884.0,1980.0,3201.0,60.0
1789867907.208,2026-09-20T01:31:47.207687+00:00,recovery,29.2,667.68,99.0,5.0,884.0,1980.0,3201.0,60.0
1789867907.236,2026-09-20T01:31:47.236143+00:00,recovery,28.5,667.68,99.0,5.0,884.0,1980.0,3201.0,60.0
1789867907.265,2026-09-20T01:31:47.264655+00:00,recovery,28.5,667.81,99.0,5.0,884.0,1980.0,3201.0,60.0
1789867907.293,2026-09-20T01:31:47.292915+00:00,recovery,28.3,667.81,99.0,5.0,884.0,1980.0,3201.0,60.0
1789867907.323,2026-09-20T01:31:47.322600+00:00,recovery,29.7,667.81,99.0,5.0,884.0,1980.0,3201.0,60.0
1789867907.351,2026-09-20T01:31:47.351020+00:00,recovery,28.4,667.81,99.0,5.0,884.0,1980.0,3201.0,60.0
1789867907.381,2026-09-20T01:31:47.380967+00:00,recovery,29.9,667.37,99.0,5.0,884.0,1980.0,3201.0,60.0
1789867907.41,2026-09-20T01:31:47.410483+00:00,recovery,29.5,667.37,99.0,5.0,884.0,1980.0,3201.0,60.0
1789867907.439,2026-09-20T01:31:47.438816+00:00,recovery,28.3,667.37,99.0,5.0,884.0,1980.0,3201.0,60.0
1789867907.467,2026-09-20T01:31:47.467168+00:00,recovery,28.4,667.34,99.0,5.0,884.0,1980.0,3201.0,60.0
1789867907.496,2026-09-20T01:31:47.495918+00:00,recovery,28.8,667.34,99.0,5.0,884.0,1980.0,3201.0,60.0
1789867907.527,2026-09-20T01:31:47.526568+00:00,recovery,30.6,667.34,99.0,5.0,884.0,1980.0,3201.0,60.0
1789867907.555,2026-09-20T01:31:47.554983+00:00,recovery,28.4,667.34,99.0,5.0,884.0,1980.0,3201.0,60.0
1789867907.584,2026-09-20T01:31:47.584228+00:00,recovery,29.2,667.63,99.0,5.0,884.0,1980.0,3201.0,60.0
1789867907.612,2026-09-20T01:31:47.612487+00:00,recovery,28.3,667.63,99.0,5.0,884.0,1980.0,3201.0,60.0
1789867907.641,2026-09-20T01:31:47.641057+00:00,recovery,28.6,667.63,99.0,5.0,884.0,1980.0,3201.0,60.0
1789867907.669,2026-09-20T01:31:47.669410+00:00,recovery,28.4,668.05,99.0,5.0,884.0,1980.0,3201.0,60.0
1789867907.7,2026-09-20T01:31:47.700242+00:00,recovery,30.8,668.05,99.0,5.0,884.0,1980.0,3201.0,60.0
1789867907.733,2026-09-20T01:31:47.733112+00:00,recovery,32.9,668.05,99.0,5.0,884.0,1980.0,3201.0,60.0
1789867907.761,2026-09-20T01:31:47.761485+00:00,recovery,28.4,668.05,99.0,5.0,884.0,1980.0,3201.0,60.0
1789867907.793,2026-09-20T01:31:47.792672+00:00,recovery,31.2,667.47,99.0,5.0,884.0,1980.0,3201.0,60.0
1789867907.825,2026-09-20T01:31:47.825130+00:00,recovery,32.5,667.47,99.0,5.0,884.0,1980.0,3201.0,60.0
1789867907.856,2026-09-20T01:31:47.856056+00:00,recovery,30.9,667.47,99.0,5.0,884.0,1980.0,3201.0,60.0
1789867907.887,2026-09-20T01:31:47.887260+00:00,recovery,31.2,667.39,99.0,5.0,884.0,1980.0,3201.0,60.0
1789867907.916,2026-09-20T01:31:47.916325+00:00,recovery,29.1,667.39,99.0,5.0,884.0,1980.0,3201.0,60.0
1789867907.948,2026-09-20T01:31:47.947619+00:00,recovery,31.3,667.39,99.0,5.0,884.0,1980.0,3201.0,60.0
1789867907.977,2026-09-20T01:31:47.976531+00:00,recovery,28.9,667.5,99.0,5.0,884.0,1980.0,3201.0,60.0
1789867908.008,2026-09-20T01:31:48.007997+00:00,recovery,31.5,667.5,99.0,5.0,884.0,1980.0,3201.0,60.0
1789867908.037,2026-09-20T01:31:48.036594+00:00,recovery,28.6,667.5,99.0,5.0,884.0,1980.0,3201.0,60.0
1789867908.066,2026-09-20T01:31:48.065609+00:00,recovery,29.0,667.5,99.0,5.0,884.0,1980.0,3201.0,60.0
1789867908.098,2026-09-20T01:31:48.097989+00:00,recovery,32.4,667.84,99.0,5.0,884.0,1980.0,3201.0,60.0
1789867908.128,2026-09-20T01:31:48.127644+00:00,recovery,29.7,667.84,99.0,5.0,884.0,1980.0,3201.0,60.0
1789867908.158,2026-09-20T01:31:48.158298+00:00,recovery,30.7,667.84,99.0,5.0,884.0,1980.0,3201.0,60.0
1789867908.188,2026-09-20T01:31:48.188257+00:00,recovery,30.0,667.58,99.0,5.0,884.0,1980.0,3201.0,60.0
1789867908.218,2026-09-20T01:31:48.218463+00:00,recovery,30.2,667.58,99.0,5.0,884.0,1980.0,3201.0,60.0
1789867908.247,2026-09-20T01:31:48.247317+00:00,recovery,28.9,667.58,99.0,5.0,884.0,1980.0,3201.0,60.0
1789867908.277,2026-09-20T01:31:48.276662+00:00,recovery,29.3,667.32,99.0,5.0,884.0,1980.0,3201.0,60.0
1789867908.305,2026-09-20T01:31:48.304922+00:00,recovery,28.3,667.32,99.0,5.0,884.0,1980.0,3201.0,60.0
1789867908.337,2026-09-20T01:31:48.336534+00:00,recovery,31.6,667.32,99.0,5.0,884.0,1980.0,3201.0,60.0
1789867908.374,2026-09-20T01:31:48.374409+00:00,recovery,37.9,667.68,99.0,5.0,884.0,1980.0,3201.0,60.0
1789867908.416,2026-09-20T01:31:48.415624+00:00,recovery,41.2,667.68,99.0,5.0,884.0,1980.0,3201.0,60.0
1789867908.475,2026-09-20T01:31:48.474852+00:00,recovery,59.2,667.89,99.0,5.0,884.0,1980.0,3201.0,60.0
1789867908.509,2026-09-20T01:31:48.508788+00:00,recovery,33.9,667.89,99.0,5.0,884.0,1980.0,3201.0,60.0
1789867908.537,2026-09-20T01:31:48.537478+00:00,recovery,28.7,667.89,99.0,5.0,884.0,1980.0,3201.0,60.0
1789867908.568,2026-09-20T01:31:48.568055+00:00,recovery,30.6,667.89,99.0,5.0,884.0,1980.0,3201.0,60.0
1789867908.598,2026-09-20T01:31:48.597856+00:00,recovery,29.8,667.51,99.0,5.0,884.0,1980.0,3201.0,60.0
1789867908.627,2026-09-20T01:31:48.626637+00:00,recovery,28.8,667.51,99.0,5.0,884.0,1980.0,3201.0,60.0
1789867908.655,2026-09-20T01:31:48.654906+00:00,recovery,28.3,667.51,99.0,5.0,884.0,1980.0,3201.0,60.0
1789867908.683,2026-09-20T01:31:48.683273+00:00,recovery,28.4,667.51,99.0,5.0,884.0,1980.0,3201.0,60.0
1789867908.722,2026-09-20T01:31:48.721879+00:00,recovery,38.6,667.51,99.0,5.0,884.0,1980.0,3201.0,60.0
1789867908.751,2026-09-20T01:31:48.750847+00:00,recovery,29.0,667.51,99.0,5.0,884.0,1980.0,3201.0,60.0
1789867908.779,2026-09-20T01:31:48.779164+00:00,recovery,28.3,667.35,99.0,5.0,884.0,1980.0,3201.0,60.0
1789867908.808,2026-09-20T01:31:48.807600+00:00,recovery,28.4,667.35,99.0,5.0,884.0,1980.0,3201.0,60.0
1789867908.836,2026-09-20T01:31:48.836032+00:00,recovery,28.4,667.35,99.0,5.0,884.0,1980.0,3201.0,61.0
1789867908.865,2026-09-20T01:31:48.864899+00:00,recovery,28.9,667.35,99.0,5.0,884.0,1980.0,3201.0,61.0
1789867908.893,2026-09-20T01:31:48.893492+00:00,recovery,28.6,667.57,99.0,5.0,884.0,1980.0,3201.0,61.0
1789867908.922,2026-09-20T01:31:48.921932+00:00,recovery,28.4,667.57,99.0,5.0,884.0,1980.0,3201.0,60.0
1789867908.953,2026-09-20T01:31:48.952681+00:00,recovery,30.7,667.57,99.0,5.0,884.0,1980.0,3201.0,60.0
1789867908.981,2026-09-20T01:31:48.981365+00:00,recovery,28.7,667.58,99.0,5.0,884.0,1980.0,3201.0,60.0
1789867909.01,2026-09-20T01:31:49.009692+00:00,recovery,28.3,667.58,99.0,5.0,884.0,1980.0,3201.0,60.0
1789867909.039,2026-09-20T01:31:49.039329+00:00,recovery,29.6,667.58,99.0,5.0,884.0,1980.0,3201.0,60.0
1789867909.071,2026-09-20T01:31:49.071489+00:00,recovery,32.2,667.58,99.0,5.0,884.0,1980.0,3201.0,60.0
1789867909.1,2026-09-20T01:31:49.100000+00:00,recovery,28.5,667.75,99.0,5.0,884.0,1980.0,3201.0,60.0
1789867909.129,2026-09-20T01:31:49.129137+00:00,recovery,29.1,667.75,99.0,5.0,884.0,1980.0,3201.0,60.0
1789867909.16,2026-09-20T01:31:49.160266+00:00,recovery,31.1,667.75,99.0,5.0,884.0,1980.0,3201.0,60.0
1789867909.189,2026-09-20T01:31:49.189352+00:00,recovery,29.1,667.63,99.0,5.0,884.0,1980.0,3201.0,60.0
1789867909.218,2026-09-20T01:31:49.218048+00:00,recovery,28.7,667.63,99.0,5.0,884.0,1980.0,3201.0,60.0
1789867909.25,2026-09-20T01:31:49.250159+00:00,recovery,32.1,667.63,99.0,5.0,884.0,1980.0,3201.0,60.0
1789867909.279,2026-09-20T01:31:49.278503+00:00,recovery,28.3,667.72,99.0,5.0,884.0,1980.0,3201.0,60.0
1789867909.309,2026-09-20T01:31:49.308630+00:00,recovery,30.1,667.72,99.0,5.0,884.0,1980.0,3201.0,60.0
1789867909.337,2026-09-20T01:31:49.337287+00:00,recovery,28.7,667.72,99.0,5.0,884.0,1980.0,3201.0,60.0
1789867909.366,2026-09-20T01:31:49.365725+00:00,recovery,28.4,667.72,99.0,5.0,884.0,1980.0,3201.0,60.0
1789867909.394,2026-09-20T01:31:49.394275+00:00,recovery,28.5,667.55,99.0,5.0,884.0,1980.0,3201.0,60.0
1789867909.422,2026-09-20T01:31:49.422482+00:00,recovery,28.2,667.55,99.0,5.0,884.0,1980.0,3201.0,60.0
1789867909.451,2026-09-20T01:31:49.451290+00:00,recovery,28.8,667.55,99.0,5.0,884.0,1980.0,3201.0,60.0
1789867909.48,2026-09-20T01:31:49.479589+00:00,recovery,28.3,667.51,99.0,5.0,884.0,1980.0,3201.0,60.0
1789867909.508,2026-09-20T01:31:49.508212+00:00,recovery,28.6,667.51,99.0,5.0,884.0,1980.0,3201.0,60.0
1789867909.536,2026-09-20T01:31:49.536497+00:00,recovery,28.3,667.51,99.0,5.0,884.0,1980.0,3201.0,60.0
1789867909.565,2026-09-20T01:31:49.564818+00:00,recovery,28.3,667.51,99.0,5.0,884.0,1980.0,3201.0,60.0
1789867909.594,2026-09-20T01:31:49.593884+00:00,recovery,29.1,667.79,99.0,5.0,884.0,1980.0,3201.0,60.0
1789867909.622,2026-09-20T01:31:49.622145+00:00,recovery,28.3,667.79,99.0,5.0,884.0,1980.0,3201.0,60.0
1789867909.651,2026-09-20T01:31:49.650597+00:00,recovery,28.5,667.79,99.0,5.0,884.0,1980.0,3201.0,60.0
1789867909.681,2026-09-20T01:31:49.680820+00:00,recovery,30.2,667.79,99.0,5.0,884.0,1980.0,3201.0,60.0
1789867909.71,2026-09-20T01:31:49.710480+00:00,recovery,29.7,667.79,99.0,5.0,884.0,1980.0,3201.0,60.0
1789867909.739,2026-09-20T01:31:49.738725+00:00,recovery,28.2,667.79,99.0,5.0,884.0,1980.0,3201.0,60.0
1789867909.767,2026-09-20T01:31:49.766883+00:00,recovery,28.2,667.79,99.0,5.0,884.0,1980.0,3201.0,60.0
1789867909.798,2026-09-20T01:31:49.798192+00:00,recovery,31.3,667.56,99.0,5.0,884.0,1980.0,3201.0,60.0
1789867909.827,2026-09-20T01:31:49.827133+00:00,recovery,28.9,667.56,99.0,5.0,884.0,1980.0,3201.0,60.0
1789867909.856,2026-09-20T01:31:49.855847+00:00,recovery,28.7,667.56,99.0,5.0,884.0,1980.0,3201.0,60.0
1789867909.884,2026-09-20T01:31:49.883937+00:00,recovery,28.1,667.58,99.0,5.0,884.0,1980.0,3201.0,60.0
1789867909.913,2026-09-20T01:31:49.913033+00:00,recovery,29.1,667.58,99.0,5.0,884.0,1980.0,3201.0,60.0
1789867909.941,2026-09-20T01:31:49.941240+00:00,recovery,28.2,667.58,99.0,5.0,884.0,1980.0,3201.0,60.0
1789867909.969,2026-09-20T01:31:49.969373+00:00,recovery,28.1,667.58,99.0,5.0,884.0,1980.0,3201.0,60.0
1789867909.998,2026-09-20T01:31:49.997724+00:00,recovery,28.4,667.4,99.0,5.0,884.0,1980.0,3201.0,60.0
1789867910.032,2026-09-20T01:31:50.031665+00:00,recovery,33.9,667.4,99.0,5.0,884.0,1980.0,3201.0,60.0
1789867910.06,2026-09-20T01:31:50.060371+00:00,recovery,28.7,667.4,99.0,5.0,884.0,1980.0,3201.0,60.0
1789867910.089,2026-09-20T01:31:50.089022+00:00,recovery,28.7,667.34,99.0,5.0,884.0,1980.0,3201.0,60.0
1789867910.118,2026-09-20T01:31:50.117703+00:00,recovery,28.7,667.34,99.0,5.0,884.0,1980.0,3201.0,60.0
1789867910.146,2026-09-20T01:31:50.145973+00:00,recovery,28.3,667.34,99.0,5.0,884.0,1980.0,3201.0,60.0
1789867910.177,2026-09-20T01:31:50.176714+00:00,recovery,30.7,667.34,99.0,5.0,884.0,1980.0,3201.0,60.0
1789867910.207,2026-09-20T01:31:50.206698+00:00,recovery,30.0,667.2,99.0,5.0,884.0,1980.0,3201.0,60.0
1789867910.235,2026-09-20T01:31:50.235224+00:00,recovery,28.5,667.2,99.0,5.0,884.0,1980.0,3201.0,60.0
1789867910.264,2026-09-20T01:31:50.263662+00:00,recovery,28.4,667.2,99.0,5.0,884.0,1980.0,3201.0,60.0
1789867910.292,2026-09-20T01:31:50.292024+00:00,recovery,28.4,667.26,99.0,5.0,884.0,1980.0,3201.0,60.0
1789867910.321,2026-09-20T01:31:50.321348+00:00,recovery,29.3,667.26,99.0,5.0,884.0,1980.0,3201.0,60.0
1789867910.349,2026-09-20T01:31:50.349432+00:00,recovery,28.1,667.26,99.0,5.0,884.0,1980.0,3201.0,60.0
1789867910.378,2026-09-20T01:31:50.378298+00:00,recovery,28.9,667.26,99.0,5.0,884.0,1980.0,3201.0,60.0
1789867910.407,2026-09-20T01:31:50.406797+00:00,recovery,28.5,667.12,99.0,5.0,884.0,1980.0,3201.0,60.0
1789867910.438,2026-09-20T01:31:50.438139+00:00,recovery,31.3,667.12,99.0,5.0,884.0,1980.0,3201.0,60.0
1789867910.467,2026-09-20T01:31:50.466580+00:00,recovery,28.4,667.12,99.0,5.0,884.0,1980.0,3201.0,60.0
1789867910.498,2026-09-20T01:31:50.498280+00:00,recovery,31.7,667.17,99.0,5.0,884.0,1980.0,3201.0,60.0
1789867910.527,2026-09-20T01:31:50.526966+00:00,recovery,28.7,667.17,99.0,5.0,884.0,1980.0,3201.0,60.0
1789867910.559,2026-09-20T01:31:50.559412+00:00,recovery,32.4,667.17,99.0,5.0,884.0,1980.0,3201.0,60.0
1789867910.59,2026-09-20T01:31:50.590159+00:00,recovery,30.7,667.04,99.0,5.0,884.0,1980.0,3201.0,60.0
1789867910.62,2026-09-20T01:31:50.619517+00:00,recovery,29.4,667.04,99.0,5.0,884.0,1980.0,3201.0,60.0
1789867910.651,2026-09-20T01:31:50.650956+00:00,recovery,31.4,667.04,99.0,5.0,884.0,1980.0,3201.0,60.0
1789867910.685,2026-09-20T01:31:50.684894+00:00,recovery,33.9,667.04,99.0,5.0,884.0,1980.0,3201.0,60.0
1789867910.714,2026-09-20T01:31:50.713603+00:00,recovery,28.7,666.96,99.0,5.0,884.0,1980.0,3201.0,60.0
1789867910.743,2026-09-20T01:31:50.743489+00:00,recovery,29.9,666.96,99.0,5.0,884.0,1980.0,3201.0,60.0
1789867910.772,2026-09-20T01:31:50.772502+00:00,recovery,29.0,666.96,99.0,5.0,884.0,1980.0,3201.0,60.0
1789867910.801,2026-09-20T01:31:50.800799+00:00,recovery,28.3,666.91,99.0,5.0,884.0,1980.0,3201.0,60.0
1789867910.83,2026-09-20T01:31:50.829609+00:00,recovery,28.8,666.91,99.0,5.0,884.0,1980.0,3201.0,60.0
1789867910.861,2026-09-20T01:31:50.861073+00:00,recovery,31.5,666.91,99.0,5.0,884.0,1980.0,3201.0,60.0
1789867910.891,2026-09-20T01:31:50.891463+00:00,recovery,30.4,667.18,99.0,5.0,884.0,1980.0,3201.0,60.0
1789867910.924,2026-09-20T01:31:50.923525+00:00,recovery,32.1,667.18,99.0,5.0,884.0,1980.0,3201.0,60.0
1789867910.954,2026-09-20T01:31:50.954395+00:00,recovery,30.9,667.18,99.0,5.0,884.0,1980.0,3201.0,60.0
1789867910.983,2026-09-20T01:31:50.982829+00:00,recovery,28.4,667.18,99.0,5.0,884.0,1980.0,3201.0,60.0
1789867911.014,2026-09-20T01:31:51.014113+00:00,recovery,31.3,666.87,99.0,5.0,884.0,1980.0,3201.0,60.0
1789867911.046,2026-09-20T01:31:51.045773+00:00,recovery,31.7,666.87,99.0,5.0,884.0,1980.0,3201.0,60.0
1789867911.077,2026-09-20T01:31:51.076992+00:00,recovery,31.2,666.87,99.0,5.0,884.0,1980.0,3201.0,60.0
1789867911.108,2026-09-20T01:31:51.107957+00:00,recovery,31.0,666.97,99.0,5.0,884.0,1980.0,3201.0,60.0
1789867911.148,2026-09-20T01:31:51.147725+00:00,recovery,39.8,666.97,99.0,5.0,884.0,1980.0,3201.0,60.0
1789867911.187,2026-09-20T01:31:51.186656+00:00,recovery,38.9,666.97,99.0,5.0,884.0,1980.0,3201.0,60.0
1789867911.249,2026-09-20T01:31:51.249318+00:00,recovery,62.7,666.88,99.0,5.0,884.0,1980.0,3201.0,60.0
1789867911.285,2026-09-20T01:31:51.284679+00:00,recovery,35.4,666.88,99.0,5.0,884.0,1980.0,3201.0,60.0
1789867911.317,2026-09-20T01:31:51.316518+00:00,recovery,31.8,667.13,99.0,5.0,884.0,1980.0,3201.0,60.0
1789867911.382,2026-09-20T01:31:51.381555+00:00,recovery,65.0,667.13,99.0,5.0,902.0,1980.0,3201.0,60.0
1789867911.447,2026-09-20T01:31:51.447195+00:00,recovery,65.6,666.99,99.0,5.0,902.0,1980.0,3201.0,60.0
1789867911.494,2026-09-20T01:31:51.494018+00:00,recovery,46.8,666.99,99.0,5.0,903.0,1980.0,3201.0,60.0
1789867911.542,2026-09-20T01:31:51.542466+00:00,recovery,48.4,667.29,99.0,5.0,903.0,1980.0,3201.0,60.0
1789867911.572,2026-09-20T01:31:51.572181+00:00,recovery,29.7,667.29,99.0,5.0,919.0,1980.0,3201.0,60.0
1789867911.601,2026-09-20T01:31:51.600934+00:00,recovery,28.8,663.8,99.0,5.0,921.0,1980.0,3201.0,60.0
1789867911.631,2026-09-20T01:31:51.631116+00:00,recovery,30.2,663.8,99.0,5.0,1407.0,1980.0,3201.0,60.0
1789867911.67,2026-09-20T01:31:51.669517+00:00,recovery,38.4,663.8,99.0,5.0,2013.0,1980.0,3201.0,59.0
1789867911.7,2026-09-20T01:31:51.700393+00:00,recovery,30.9,657.59,99.0,5.0,2011.0,1980.0,3201.0,59.0
1789867911.732,2026-09-20T01:31:51.732252+00:00,recovery,31.9,657.59,100.0,7.0,1501.0,1980.0,3201.0,59.0
1789867911.764,2026-09-20T01:31:51.763685+00:00,recovery,31.4,657.59,100.0,7.0,1499.0,1980.0,3201.0,59.0
1789867911.793,2026-09-20T01:31:51.793287+00:00,recovery,29.6,657.59,100.0,7.0,1499.0,1980.0,3201.0,59.0
1789867911.822,2026-09-20T01:31:51.821722+00:00,recovery,28.4,654.47,100.0,7.0,1499.0,1980.0,3201.0,59.0
1789867911.85,2026-09-20T01:31:51.850310+00:00,recovery,28.6,654.47,100.0,7.0,1499.0,1980.0,3201.0,60.0
1789867911.88,2026-09-20T01:31:51.880274+00:00,recovery,30.0,654.47,100.0,7.0,1499.0,1980.0,3201.0,60.0
1789867911.911,2026-09-20T01:31:51.911211+00:00,recovery,30.9,654.94,100.0,7.0,1499.0,1980.0,3201.0,60.0
1789867911.942,2026-09-20T01:31:51.941603+00:00,recovery,30.4,654.94,99.0,5.0,1499.0,1980.0,3201.0,60.0
1789867911.971,2026-09-20T01:31:51.970673+00:00,recovery,29.1,654.94,99.0,5.0,1499.0,1980.0,3201.0,60.0
1789867912.108,2026-09-20T01:31:52.108354+00:00,recovery,137.7,653.73,99.0,5.0,884.0,1980.0,3201.0,60.0
1789867912.137,2026-09-20T01:31:52.136741+00:00,recovery,28.4,653.73,99.0,5.0,884.0,1980.0,3201.0,60.0
1789867912.166,2026-09-20T01:31:52.165785+00:00,recovery,29.0,653.73,99.0,5.0,884.0,1980.0,3201.0,60.0
1789867912.194,2026-09-20T01:31:52.193967+00:00,recovery,28.2,653.73,99.0,5.0,884.0,1980.0,3201.0,60.0
1789867912.222,2026-09-20T01:31:52.221993+00:00,recovery,28.0,654.1,99.0,5.0,884.0,1980.0,3201.0,60.0
1789867912.251,2026-09-20T01:31:52.251078+00:00,recovery,29.1,654.1,99.0,5.0,884.0,1980.0,3201.0,60.0
1789867912.281,2026-09-20T01:31:52.280855+00:00,recovery,29.8,654.1,99.0,5.0,884.0,1980.0,3201.0,60.0
1789867912.309,2026-09-20T01:31:52.309063+00:00,recovery,28.2,654.1,99.0,5.0,884.0,1980.0,3201.0,60.0
1789867912.339,2026-09-20T01:31:52.338960+00:00,recovery,29.9,654.1,99.0,5.0,884.0,1980.0,3201.0,60.0
1789867912.367,2026-09-20T01:31:52.367052+00:00,recovery,28.1,654.1,99.0,5.0,884.0,1980.0,3201.0,60.0
1789867912.395,2026-09-20T01:31:52.395221+00:00,recovery,28.2,654.1,99.0,5.0,884.0,1980.0,3201.0,60.0
1789867912.424,2026-09-20T01:31:52.423633+00:00,recovery,28.4,654.0,99.0,5.0,884.0,1980.0,3201.0,60.0
1789867912.452,2026-09-20T01:31:52.452406+00:00,recovery,28.8,654.0,99.0,5.0,884.0,1980.0,3201.0,60.0
1789867912.481,2026-09-20T01:31:52.481449+00:00,recovery,29.0,654.0,99.0,5.0,884.0,1980.0,3201.0,60.0
1789867912.51,2026-09-20T01:31:52.509597+00:00,recovery,28.1,654.33,99.0,5.0,884.0,1980.0,3201.0,60.0
1789867912.538,2026-09-20T01:31:52.538476+00:00,recovery,28.9,654.33,99.0,5.0,884.0,1980.0,3201.0,60.0
1789867912.567,2026-09-20T01:31:52.566758+00:00,recovery,28.3,654.33,99.0,5.0,884.0,1980.0,3201.0,60.0
1789867912.595,2026-09-20T01:31:52.595101+00:00,recovery,28.3,654.33,99.0,5.0,884.0,1980.0,3201.0,60.0
1789867912.624,2026-09-20T01:31:52.623789+00:00,recovery,28.7,658.64,99.0,5.0,884.0,1980.0,3201.0,60.0
1789867912.652,2026-09-20T01:31:52.652418+00:00,recovery,28.6,658.64,99.0,5.0,884.0,1980.0,3201.0,60.0
1789867912.684,2026-09-20T01:31:52.683879+00:00,recovery,31.5,658.64,99.0,5.0,884.0,1980.0,3201.0,60.0
1789867912.712,2026-09-20T01:31:52.712045+00:00,recovery,28.2,663.93,99.0,5.0,884.0,1980.0,3201.0,60.0
1789867912.741,2026-09-20T01:31:52.740970+00:00,recovery,28.9,663.93,99.0,5.0,884.0,1980.0,3201.0,60.0
1789867912.77,2026-09-20T01:31:52.769608+00:00,recovery,28.6,663.93,99.0,5.0,884.0,1980.0,3201.0,60.0
1789867912.798,2026-09-20T01:31:52.797727+00:00,recovery,28.1,663.93,99.0,5.0,884.0,1980.0,3201.0,60.0
1789867912.826,2026-09-20T01:31:52.826182+00:00,recovery,28.5,666.64,99.0,5.0,884.0,1980.0,3201.0,60.0
1789867912.855,2026-09-20T01:31:52.855337+00:00,recovery,29.2,666.64,99.0,5.0,884.0,1980.0,3201.0,60.0
1789867912.886,2026-09-20T01:31:52.886442+00:00,recovery,31.1,666.64,99.0,5.0,884.0,1980.0,3201.0,60.0
1789867912.915,2026-09-20T01:31:52.914617+00:00,recovery,28.2,667.02,99.0,5.0,884.0,1980.0,3201.0,60.0
1789867912.943,2026-09-20T01:31:52.942780+00:00,recovery,28.2,667.02,99.0,5.0,884.0,1980.0,3201.0,60.0
1789867912.971,2026-09-20T01:31:52.971282+00:00,recovery,28.5,667.02,99.0,5.0,884.0,1980.0,3201.0,60.0
1789867912.999,2026-09-20T01:31:52.999371+00:00,recovery,28.1,667.02,99.0,5.0,884.0,1980.0,3201.0,60.0
1789867913.031,2026-09-20T01:31:53.031459+00:00,recovery,32.1,667.13,99.0,5.0,884.0,1980.0,3201.0,60.0
1789867913.06,2026-09-20T01:31:53.059730+00:00,recovery,28.3,667.13,99.0,5.0,884.0,1980.0,3201.0,60.0
1789867913.089,2026-09-20T01:31:53.088537+00:00,recovery,28.8,667.13,99.0,5.0,884.0,1980.0,3201.0,60.0
1789867913.118,2026-09-20T01:31:53.117514+00:00,recovery,29.0,667.68,99.0,5.0,884.0,1980.0,3201.0,60.0
1789867913.147,2026-09-20T01:31:53.147177+00:00,recovery,29.7,667.68,99.0,5.0,884.0,1980.0,3201.0,60.0
1789867913.175,2026-09-20T01:31:53.175233+00:00,recovery,28.1,667.68,99.0,5.0,884.0,1980.0,3201.0,60.0
1789867913.203,2026-09-20T01:31:53.203431+00:00,recovery,28.2,667.68,99.0,5.0,884.0,1980.0,3201.0,60.0
1789867913.232,2026-09-20T01:31:53.232123+00:00,recovery,28.7,667.64,99.0,5.0,884.0,1980.0,3201.0,60.0
1789867913.26,2026-09-20T01:31:53.260451+00:00,recovery,28.3,667.64,99.0,5.0,884.0,1980.0,3201.0,60.0
1789867913.289,2026-09-20T01:31:53.289322+00:00,recovery,28.9,667.64,99.0,5.0,884.0,1980.0,3201.0,60.0
1789867913.317,2026-09-20T01:31:53.317426+00:00,recovery,28.1,667.58,99.0,5.0,884.0,1980.0,3201.0,60.0
1789867913.347,2026-09-20T01:31:53.346552+00:00,recovery,29.1,667.58,99.0,5.0,884.0,1980.0,3201.0,60.0
1789867913.375,2026-09-20T01:31:53.375010+00:00,recovery,28.5,667.58,99.0,5.0,884.0,1980.0,3201.0,60.0
1789867913.403,2026-09-20T01:31:53.403088+00:00,recovery,28.1,667.58,99.0,5.0,884.0,1980.0,3201.0,60.0
1789867913.431,2026-09-20T01:31:53.431224+00:00,recovery,28.1,667.51,99.0,5.0,884.0,1980.0,3201.0,60.0
1789867913.46,2026-09-20T01:31:53.459751+00:00,recovery,28.5,667.51,99.0,5.0,884.0,1980.0,3201.0,60.0
1789867913.488,2026-09-20T01:31:53.488395+00:00,recovery,28.6,667.51,99.0,5.0,884.0,1980.0,3201.0,60.0
1789867913.516,2026-09-20T01:31:53.516488+00:00,recovery,28.1,667.6,99.0,5.0,884.0,1980.0,3201.0,60.0
1789867913.545,2026-09-20T01:31:53.544717+00:00,recovery,28.2,667.6,99.0,5.0,884.0,1980.0,3201.0,60.0
1789867913.573,2026-09-20T01:31:53.573266+00:00,recovery,28.5,667.6,99.0,5.0,884.0,1980.0,3201.0,60.0
1789867913.601,2026-09-20T01:31:53.601430+00:00,recovery,28.2,667.6,99.0,5.0,884.0,1980.0,3201.0,60.0
1789867913.629,2026-09-20T01:31:53.629450+00:00,recovery,28.0,667.26,99.0,5.0,884.0,1980.0,3201.0,60.0
1789867913.663,2026-09-20T01:31:53.662531+00:00,recovery,33.1,667.26,99.0,5.0,884.0,1980.0,3201.0,60.0
1789867913.692,2026-09-20T01:31:53.692360+00:00,recovery,29.8,667.26,99.0,5.0,884.0,1980.0,3201.0,60.0
1789867913.721,2026-09-20T01:31:53.721044+00:00,recovery,28.7,667.64,99.0,5.0,884.0,1980.0,3201.0,60.0
1789867913.751,2026-09-20T01:31:53.751359+00:00,recovery,30.3,667.64,99.0,5.0,884.0,1980.0,3201.0,60.0
1789867913.78,2026-09-20T01:31:53.779766+00:00,recovery,28.4,667.64,99.0,5.0,884.0,1980.0,3201.0,60.0
1789867913.808,2026-09-20T01:31:53.807991+00:00,recovery,28.2,667.64,99.0,5.0,884.0,1980.0,3201.0,60.0
1789867913.837,2026-09-20T01:31:53.837211+00:00,recovery,29.2,667.38,99.0,5.0,884.0,1980.0,3201.0,60.0
1789867913.865,2026-09-20T01:31:53.865247+00:00,recovery,28.0,667.38,99.0,5.0,884.0,1980.0,3201.0,60.0
1789867913.895,2026-09-20T01:31:53.894858+00:00,recovery,29.6,667.38,99.0,5.0,884.0,1980.0,3201.0,60.0
1789867913.925,2026-09-20T01:31:53.925300+00:00,recovery,30.4,667.27,99.0,5.0,884.0,1980.0,3201.0,60.0
1789867913.955,2026-09-20T01:31:53.954798+00:00,recovery,29.5,667.27,99.0,5.0,884.0,1980.0,3201.0,60.0
1789867913.984,2026-09-20T01:31:53.983687+00:00,recovery,28.9,667.27,99.0,5.0,884.0,1980.0,3201.0,60.0
1789867914.012,2026-09-20T01:31:54.011763+00:00,recovery,28.1,667.27,99.0,5.0,884.0,1980.0,3201.0,60.0
1789867914.04,2026-09-20T01:31:54.040256+00:00,recovery,28.5,667.12,99.0,5.0,884.0,1980.0,3201.0,60.0
1789867914.069,2026-09-20T01:31:54.068897+00:00,recovery,28.6,667.12,99.0,5.0,884.0,1980.0,3201.0,60.0
1789867914.098,2026-09-20T01:31:54.097557+00:00,recovery,28.7,667.12,99.0,5.0,884.0,1980.0,3201.0,60.0
1789867914.126,2026-09-20T01:31:54.126236+00:00,recovery,28.7,667.57,99.0,5.0,884.0,1980.0,3201.0,60.0
1789867914.156,2026-09-20T01:31:54.155767+00:00,recovery,29.5,667.57,99.0,5.0,884.0,1980.0,3201.0,60.0
1789867914.185,2026-09-20T01:31:54.185217+00:00,recovery,29.5,667.57,99.0,5.0,884.0,1980.0,3201.0,60.0
1789867914.214,2026-09-20T01:31:54.214120+00:00,recovery,28.9,667.57,99.0,5.0,884.0,1980.0,3201.0,60.0
1789867914.245,2026-09-20T01:31:54.244515+00:00,recovery,30.4,667.41,99.0,5.0,884.0,1980.0,3201.0,60.0
1789867914.275,2026-09-20T01:31:54.274882+00:00,recovery,30.4,667.41,99.0,5.0,884.0,1980.0,3201.0,60.0
1789867914.306,2026-09-20T01:31:54.305616+00:00,recovery,30.7,667.41,99.0,5.0,884.0,1980.0,3201.0,60.0
1789867914.335,2026-09-20T01:31:54.334711+00:00,recovery,29.1,667.57,99.0,5.0,884.0,1980.0,3201.0,60.0
1789867914.365,2026-09-20T01:31:54.364601+00:00,recovery,29.9,667.57,99.0,5.0,884.0,1980.0,3201.0,60.0
1789867914.393,2026-09-20T01:31:54.393241+00:00,recovery,28.6,667.57,99.0,5.0,884.0,1980.0,3201.0,60.0
1789867914.422,2026-09-20T01:31:54.421532+00:00,recovery,28.3,667.59,99.0,5.0,884.0,1980.0,3201.0,60.0
1789867914.45,2026-09-20T01:31:54.449937+00:00,recovery,28.4,667.59,99.0,5.0,884.0,1980.0,3201.0,60.0
1789867914.478,2026-09-20T01:31:54.478280+00:00,recovery,28.3,667.59,99.0,5.0,884.0,1980.0,3201.0,60.0
1789867914.506,2026-09-20T01:31:54.506446+00:00,recovery,28.2,667.59,99.0,5.0,884.0,1980.0,3201.0,60.0
1789867914.535,2026-09-20T01:31:54.534685+00:00,recovery,28.2,667.54,99.0,5.0,884.0,1980.0,3201.0,60.0
1789867914.565,2026-09-20T01:31:54.565470+00:00,recovery,30.8,667.54,99.0,5.0,884.0,1980.0,3201.0,60.0
1789867914.594,2026-09-20T01:31:54.593739+00:00,recovery,28.3,667.54,99.0,5.0,884.0,1980.0,3201.0,60.0
1789867914.622,2026-09-20T01:31:54.621854+00:00,recovery,28.1,667.66,99.0,5.0,884.0,1980.0,3201.0,60.0
1789867914.65,2026-09-20T01:31:54.650107+00:00,recovery,28.3,667.66,99.0,5.0,884.0,1980.0,3201.0,60.0
1789867914.679,2026-09-20T01:31:54.679022+00:00,recovery,28.9,667.66,99.0,5.0,884.0,1980.0,3201.0,60.0
1789867914.71,2026-09-20T01:31:54.709938+00:00,recovery,30.9,667.66,99.0,5.0,884.0,1980.0,3201.0,60.0
1789867914.739,2026-09-20T01:31:54.738552+00:00,recovery,28.6,667.69,99.0,5.0,884.0,1980.0,3201.0,60.0
1789867914.768,2026-09-20T01:31:54.767574+00:00,recovery,29.0,667.69,99.0,5.0,884.0,1980.0,3201.0,60.0
1789867914.796,2026-09-20T01:31:54.796004+00:00,recovery,28.4,667.69,99.0,5.0,884.0,1980.0,3201.0,60.0
1789867914.824,2026-09-20T01:31:54.823943+00:00,recovery,27.9,667.63,99.0,5.0,884.0,1980.0,3201.0,60.0
1789867914.858,2026-09-20T01:31:54.857888+00:00,recovery,33.9,667.63,99.0,5.0,884.0,1980.0,3201.0,60.0
1789867914.886,2026-09-20T01:31:54.886449+00:00,recovery,28.6,667.63,99.0,5.0,884.0,1980.0,3201.0,60.0
1789867914.914,2026-09-20T01:31:54.914467+00:00,recovery,28.0,667.63,99.0,5.0,884.0,1980.0,3201.0,60.0
1789867914.943,2026-09-20T01:31:54.942632+00:00,recovery,28.2,667.63,99.0,5.0,884.0,1980.0,3201.0,60.0
1789867914.976,2026-09-20T01:31:54.976405+00:00,recovery,33.8,667.63,99.0,5.0,884.0,1980.0,3201.0,60.0
1789867915.01,2026-09-20T01:31:55.009625+00:00,recovery,33.2,667.63,99.0,5.0,884.0,1980.0,3201.0,60.0
1789867915.038,2026-09-20T01:31:55.038431+00:00,recovery,28.8,667.31,99.0,5.0,884.0,1980.0,3201.0,60.0
1789867915.067,2026-09-20T01:31:55.067463+00:00,recovery,29.0,667.31,99.0,5.0,884.0,1980.0,3201.0,60.0
1789867915.096,2026-09-20T01:31:55.095594+00:00,recovery,28.1,667.31,99.0,5.0,884.0,1980.0,3201.0,60.0
1789867915.124,2026-09-20T01:31:55.123837+00:00,recovery,28.2,667.75,99.0,5.0,884.0,1980.0,3201.0,60.0
1789867915.152,2026-09-20T01:31:55.152134+00:00,recovery,28.3,667.75,99.0,5.0,884.0,1980.0,3201.0,60.0
1789867915.181,2026-09-20T01:31:55.180698+00:00,recovery,28.6,667.75,99.0,5.0,884.0,1980.0,3201.0,60.0
1789867915.209,2026-09-20T01:31:55.208950+00:00,recovery,28.3,667.75,99.0,5.0,884.0,1980.0,3201.0,60.0
1789867915.238,2026-09-20T01:31:55.237762+00:00,recovery,28.8,667.54,99.0,5.0,884.0,1980.0,3201.0,60.0
1789867915.266,2026-09-20T01:31:55.266024+00:00,recovery,28.3,667.54,99.0,5.0,884.0,1980.0,3201.0,60.0
1789867915.294,2026-09-20T01:31:55.294352+00:00,recovery,28.3,667.54,99.0,5.0,884.0,1980.0,3201.0,60.0
1789867915.325,2026-09-20T01:31:55.324931+00:00,recovery,30.6,667.54,99.0,5.0,884.0,1980.0,3201.0,60.0
1789867915.353,2026-09-20T01:31:55.353054+00:00,recovery,28.1,667.31,99.0,5.0,884.0,1980.0,3201.0,60.0
1789867915.382,2026-09-20T01:31:55.382222+00:00,recovery,29.2,667.31,99.0,5.0,884.0,1980.0,3201.0,60.0
1789867915.411,2026-09-20T01:31:55.411051+00:00,recovery,28.8,667.31,99.0,5.0,884.0,1980.0,3201.0,60.0
1789867915.44,2026-09-20T01:31:55.439693+00:00,recovery,28.6,667.11,99.0,5.0,884.0,1980.0,3201.0,60.0
1789867915.469,2026-09-20T01:31:55.468894+00:00,recovery,29.2,667.11,99.0,5.0,884.0,1980.0,3201.0,60.0
1789867915.499,2026-09-20T01:31:55.499158+00:00,recovery,30.3,667.11,99.0,5.0,884.0,1980.0,3201.0,60.0
1789867915.529,2026-09-20T01:31:55.529045+00:00,recovery,29.9,667.68,99.0,5.0,884.0,1980.0,3201.0,60.0
1789867915.559,2026-09-20T01:31:55.558909+00:00,recovery,29.9,667.68,99.0,5.0,884.0,1980.0,3201.0,60.0
1789867915.588,2026-09-20T01:31:55.587504+00:00,recovery,28.6,667.68,99.0,5.0,884.0,1980.0,3201.0,60.0
1789867915.617,2026-09-20T01:31:55.616652+00:00,recovery,29.1,667.68,99.0,5.0,884.0,1980.0,3201.0,60.0
1789867915.645,2026-09-20T01:31:55.645198+00:00,recovery,28.5,667.38,99.0,5.0,884.0,1980.0,3201.0,60.0
1789867915.678,2026-09-20T01:31:55.678137+00:00,recovery,32.9,667.38,99.0,5.0,884.0,1980.0,3201.0,60.0
1789867915.707,2026-09-20T01:31:55.707157+00:00,recovery,29.0,667.38,99.0,5.0,884.0,1980.0,3201.0,60.0
1789867915.739,2026-09-20T01:31:55.738625+00:00,recovery,31.5,667.19,99.0,5.0,884.0,1980.0,3201.0,60.0
1789867915.769,2026-09-20T01:31:55.769271+00:00,recovery,30.6,667.19,99.0,5.0,884.0,1980.0,3201.0,60.0
1789867915.798,2026-09-20T01:31:55.797927+00:00,recovery,28.7,667.19,99.0,5.0,884.0,1980.0,3201.0,60.0
1789867915.826,2026-09-20T01:31:55.826076+00:00,recovery,28.1,667.19,99.0,5.0,884.0,1980.0,3201.0,60.0
1789867915.855,2026-09-20T01:31:55.854670+00:00,recovery,28.6,666.96,99.0,5.0,884.0,1980.0,3201.0,60.0
1789867915.884,2026-09-20T01:31:55.884144+00:00,recovery,29.5,666.96,99.0,5.0,884.0,1980.0,3201.0,60.0
1789867915.912,2026-09-20T01:31:55.912485+00:00,recovery,28.3,666.96,99.0,5.0,884.0,1980.0,3201.0,60.0
1789867915.941,2026-09-20T01:31:55.940812+00:00,recovery,28.3,667.62,99.0,5.0,884.0,1980.0,3201.0,60.0
1789867915.969,2026-09-20T01:31:55.969110+00:00,recovery,28.3,667.62,99.0,5.0,884.0,1980.0,3201.0,60.0
1789867915.997,2026-09-20T01:31:55.997414+00:00,recovery,28.3,667.62,99.0,5.0,884.0,1980.0,3201.0,60.0
1789867916.028,2026-09-20T01:31:56.027854+00:00,recovery,30.4,667.62,99.0,5.0,884.0,1980.0,3201.0,60.0
1789867916.056,2026-09-20T01:31:56.056234+00:00,recovery,28.4,667.6,99.0,5.0,884.0,1980.0,3201.0,60.0
1789867916.085,2026-09-20T01:31:56.085149+00:00,recovery,28.9,667.6,99.0,5.0,884.0,1980.0,3201.0,60.0
1789867916.113,2026-09-20T01:31:56.113299+00:00,recovery,28.2,667.6,99.0,5.0,884.0,1980.0,3201.0,60.0
1789867916.141,2026-09-20T01:31:56.141478+00:00,recovery,28.2,667.37,99.0,5.0,884.0,1980.0,3201.0,60.0
1789867916.17,2026-09-20T01:31:56.170146+00:00,recovery,28.7,667.37,99.0,5.0,884.0,1980.0,3201.0,60.0
1789867916.198,2026-09-20T01:31:56.198487+00:00,recovery,28.3,667.37,99.0,5.0,884.0,1980.0,3201.0,60.0
1789867916.227,2026-09-20T01:31:56.226666+00:00,recovery,28.2,667.37,99.0,5.0,884.0,1980.0,3201.0,60.0
1789867916.255,2026-09-20T01:31:56.254997+00:00,recovery,28.3,667.02,99.0,5.0,884.0,1980.0,3201.0,60.0
1789867916.285,2026-09-20T01:31:56.284543+00:00,recovery,29.5,667.02,99.0,5.0,884.0,1980.0,3201.0,60.0
1789867916.313,2026-09-20T01:31:56.312724+00:00,recovery,28.2,667.02,99.0,5.0,884.0,1980.0,3201.0,60.0
1789867916.342,2026-09-20T01:31:56.341689+00:00,recovery,29.0,667.4,99.0,5.0,884.0,1980.0,3201.0,60.0
1789867916.37,2026-09-20T01:31:56.370269+00:00,recovery,28.6,667.4,99.0,5.0,884.0,1980.0,3201.0,60.0
1789867916.399,2026-09-20T01:31:56.398706+00:00,recovery,28.4,667.4,99.0,5.0,884.0,1980.0,3201.0,60.0
1789867916.427,2026-09-20T01:31:56.427006+00:00,recovery,28.3,667.4,99.0,5.0,884.0,1980.0,3201.0,60.0
1789867916.457,2026-09-20T01:31:56.456924+00:00,recovery,29.9,667.43,99.0,5.0,884.0,1980.0,3201.0,60.0
1789867916.487,2026-09-20T01:31:56.487058+00:00,recovery,30.1,667.43,99.0,5.0,884.0,1980.0,3201.0,60.0
1789867916.515,2026-09-20T01:31:56.515121+00:00,recovery,28.1,667.43,99.0,5.0,884.0,1980.0,3201.0,60.0
1789867916.543,2026-09-20T01:31:56.543227+00:00,recovery,28.1,667.14,99.0,5.0,884.0,1980.0,3201.0,60.0
1789867916.572,2026-09-20T01:31:56.571550+00:00,recovery,28.3,667.14,99.0,5.0,884.0,1980.0,3201.0,60.0
1789867916.6,2026-09-20T01:31:56.600061+00:00,recovery,28.5,667.14,99.0,5.0,884.0,1980.0,3201.0,60.0
1789867916.629,2026-09-20T01:31:56.629283+00:00,recovery,29.2,667.14,99.0,5.0,884.0,1980.0,3201.0,60.0
1789867916.66,2026-09-20T01:31:56.660178+00:00,recovery,30.9,667.16,99.0,5.0,884.0,1980.0,3201.0,60.0
1789867916.691,2026-09-20T01:31:56.691083+00:00,recovery,30.9,667.16,99.0,5.0,884.0,1980.0,3201.0,60.0
1789867916.719,2026-09-20T01:31:56.719280+00:00,recovery,28.2,667.16,99.0,5.0,884.0,1980.0,3201.0,60.0
1789867916.748,2026-09-20T01:31:56.748280+00:00,recovery,29.0,667.02,99.0,5.0,884.0,1980.0,3201.0,60.0
1789867916.776,2026-09-20T01:31:56.776412+00:00,recovery,28.1,667.02,99.0,5.0,884.0,1980.0,3201.0,60.0
1789867916.805,2026-09-20T01:31:56.805188+00:00,recovery,28.8,667.02,99.0,5.0,884.0,1980.0,3201.0,60.0
1789867916.833,2026-09-20T01:31:56.833483+00:00,recovery,28.3,667.02,99.0,5.0,884.0,1980.0,3201.0,60.0
1789867916.862,2026-09-20T01:31:56.861790+00:00,recovery,28.3,667.13,99.0,5.0,884.0,1980.0,3201.0,60.0
1789867916.891,2026-09-20T01:31:56.891476+00:00,recovery,29.7,667.13,99.0,5.0,884.0,1980.0,3201.0,60.0
1789867916.92,2026-09-20T01:31:56.919864+00:00,recovery,28.4,667.13,99.0,5.0,884.0,1980.0,3201.0,60.0
1789867916.948,2026-09-20T01:31:56.948291+00:00,recovery,28.4,667.25,99.0,5.0,884.0,1980.0,3201.0,60.0
1789867916.977,2026-09-20T01:31:56.977259+00:00,recovery,29.0,667.25,99.0,5.0,884.0,1980.0,3201.0,60.0
1789867917.006,2026-09-20T01:31:57.005713+00:00,recovery,28.5,667.25,99.0,5.0,884.0,1980.0,3201.0,60.0
1789867917.035,2026-09-20T01:31:57.034944+00:00,recovery,29.2,667.25,99.0,5.0,884.0,1980.0,3201.0,60.0
1789867917.064,2026-09-20T01:31:57.063728+00:00,recovery,28.8,667.18,99.0,5.0,884.0,1980.0,3201.0,60.0
1789867917.096,2026-09-20T01:31:57.095837+00:00,recovery,32.1,667.18,99.0,5.0,884.0,1980.0,3201.0,60.0
1789867917.124,2026-09-20T01:31:57.123914+00:00,recovery,28.1,667.18,99.0,5.0,884.0,1980.0,3201.0,60.0
1789867917.153,2026-09-20T01:31:57.152727+00:00,recovery,28.8,667.07,99.0,5.0,884.0,1980.0,3201.0,60.0
1789867917.181,2026-09-20T01:31:57.181013+00:00,recovery,28.3,667.07,99.0,5.0,884.0,1980.0,3201.0,60.0
1789867917.209,2026-09-20T01:31:57.209292+00:00,recovery,28.3,667.07,99.0,5.0,884.0,1980.0,3201.0,60.0
1789867917.238,2026-09-20T01:31:57.238143+00:00,recovery,28.9,667.07,99.0,5.0,884.0,1980.0,3201.0,60.0
1789867917.268,2026-09-20T01:31:57.268006+00:00,recovery,29.9,667.03,99.0,5.0,884.0,1980.0,3201.0,60.0
1789867917.299,2026-09-20T01:31:57.298537+00:00,recovery,30.5,667.03,99.0,5.0,884.0,1980.0,3201.0,60.0
1789867917.327,2026-09-20T01:31:57.326839+00:00,recovery,28.3,667.03,99.0,5.0,884.0,1980.0,3201.0,60.0
1789867917.356,2026-09-20T01:31:57.356317+00:00,recovery,29.5,666.91,99.0,5.0,884.0,1980.0,3201.0,60.0
1789867917.385,2026-09-20T01:31:57.384771+00:00,recovery,28.5,666.91,99.0,5.0,884.0,1980.0,3201.0,60.0
1789867917.413,2026-09-20T01:31:57.413018+00:00,recovery,28.2,666.91,99.0,5.0,884.0,1980.0,3201.0,60.0
1789867917.442,2026-09-20T01:31:57.442121+00:00,recovery,29.1,666.9,99.0,5.0,884.0,1980.0,3201.0,60.0
1789867917.47,2026-09-20T01:31:57.470381+00:00,recovery,28.3,666.9,99.0,5.0,884.0,1980.0,3201.0,60.0
1789867917.501,2026-09-20T01:31:57.500575+00:00,recovery,30.2,666.9,99.0,5.0,884.0,1980.0,3201.0,60.0
1789867917.53,2026-09-20T01:31:57.529589+00:00,recovery,29.0,666.9,99.0,5.0,884.0,1980.0,3201.0,60.0
1789867917.559,2026-09-20T01:31:57.558915+00:00,recovery,29.3,667.4,99.0,5.0,884.0,1980.0,3201.0,60.0
1789867917.587,2026-09-20T01:31:57.587121+00:00,recovery,28.2,667.4,99.0,5.0,884.0,1980.0,3201.0,60.0
1789867917.615,2026-09-20T01:31:57.615498+00:00,recovery,28.4,667.4,99.0,5.0,884.0,1980.0,3201.0,60.0
1789867917.644,2026-09-20T01:31:57.644331+00:00,recovery,28.8,667.13,99.0,5.0,884.0,1980.0,3201.0,60.0
1789867917.673,2026-09-20T01:31:57.672615+00:00,recovery,28.3,667.13,99.0,5.0,884.0,1980.0,3201.0,60.0
1789867917.703,2026-09-20T01:31:57.702750+00:00,recovery,30.1,667.13,99.0,5.0,884.0,1980.0,3201.0,60.0
1789867917.733,2026-09-20T01:31:57.732823+00:00,recovery,30.1,667.13,99.0,5.0,884.0,1980.0,3201.0,60.0
1789867917.761,2026-09-20T01:31:57.761432+00:00,recovery,28.6,667.26,99.0,5.0,884.0,1980.0,3201.0,60.0
1789867917.789,2026-09-20T01:31:57.789482+00:00,recovery,28.1,667.26,99.0,5.0,884.0,1980.0,3201.0,60.0
1789867917.818,2026-09-20T01:31:57.817756+00:00,recovery,28.3,667.26,99.0,5.0,884.0,1980.0,3201.0,60.0
1789867917.847,2026-09-20T01:31:57.846768+00:00,recovery,29.0,667.1,99.0,5.0,884.0,1980.0,3201.0,60.0
1789867917.875,2026-09-20T01:31:57.874990+00:00,recovery,28.2,667.1,99.0,5.0,884.0,1980.0,3201.0,60.0
1789867917.905,2026-09-20T01:31:57.905067+00:00,recovery,30.1,667.1,99.0,5.0,884.0,1980.0,3201.0,60.0
1789867917.933,2026-09-20T01:31:57.933209+00:00,recovery,28.1,667.1,99.0,5.0,884.0,1980.0,3201.0,60.0
1789867917.962,2026-09-20T01:31:57.961715+00:00,recovery,28.5,667.37,99.0,5.0,884.0,1980.0,3201.0,60.0
1789867917.99,2026-09-20T01:31:57.989885+00:00,recovery,28.2,667.37,99.0,5.0,884.0,1980.0,3201.0,60.0
1789867918.019,2026-09-20T01:31:58.018522+00:00,recovery,28.6,667.37,99.0,5.0,884.0,1980.0,3201.0,60.0
1789867918.047,2026-09-20T01:31:58.046873+00:00,recovery,28.4,667.31,99.0,5.0,884.0,1980.0,3201.0,60.0
1789867918.075,2026-09-20T01:31:58.074884+00:00,recovery,28.0,667.31,99.0,5.0,884.0,1980.0,3201.0,60.0
1789867918.105,2026-09-20T01:31:58.105151+00:00,recovery,30.3,667.31,99.0,5.0,884.0,1980.0,3201.0,60.0
1789867918.133,2026-09-20T01:31:58.133402+00:00,recovery,28.3,667.31,99.0,5.0,884.0,1980.0,3201.0,60.0
1789867918.167,2026-09-20T01:31:58.167369+00:00,recovery,34.0,667.58,99.0,5.0,884.0,1980.0,3201.0,60.0
1789867918.196,2026-09-20T01:31:58.195511+00:00,recovery,28.1,667.58,99.0,5.0,884.0,1980.0,3201.0,60.0
1789867918.224,2026-09-20T01:31:58.224135+00:00,recovery,28.6,667.58,99.0,5.0,884.0,1980.0,3201.0,60.0
1789867918.252,2026-09-20T01:31:58.252319+00:00,recovery,28.2,667.51,99.0,5.0,884.0,1980.0,3201.0,60.0
1789867918.28,2026-09-20T01:31:58.280446+00:00,recovery,28.1,667.51,99.0,5.0,884.0,1980.0,3201.0,60.0
1789867918.31,2026-09-20T01:31:58.309596+00:00,recovery,29.1,667.51,99.0,5.0,884.0,1980.0,3201.0,60.0
1789867918.338,2026-09-20T01:31:58.337894+00:00,recovery,28.3,667.51,99.0,5.0,884.0,1980.0,3201.0,60.0
1789867918.366,2026-09-20T01:31:58.366138+00:00,recovery,28.2,667.41,99.0,5.0,884.0,1980.0,3201.0,60.0
1789867918.394,2026-09-20T01:31:58.394163+00:00,recovery,28.0,667.41,99.0,5.0,884.0,1980.0,3201.0,60.0
1789867918.422,2026-09-20T01:31:58.422276+00:00,recovery,28.1,667.41,99.0,5.0,884.0,1980.0,3201.0,60.0
1789867918.451,2026-09-20T01:31:58.450684+00:00,recovery,28.4,667.35,99.0,5.0,884.0,1980.0,3201.0,60.0
1789867918.479,2026-09-20T01:31:58.478725+00:00,recovery,28.0,667.35,99.0,5.0,884.0,1980.0,3201.0,60.0
1789867918.509,2026-09-20T01:31:58.509476+00:00,recovery,30.8,667.35,99.0,5.0,884.0,1980.0,3201.0,60.0
1789867918.538,2026-09-20T01:31:58.537516+00:00,recovery,28.0,667.35,99.0,5.0,884.0,1980.0,3201.0,60.0
1789867918.566,2026-09-20T01:31:58.565800+00:00,recovery,28.3,667.32,99.0,5.0,884.0,1980.0,3201.0,60.0
1789867918.595,2026-09-20T01:31:58.595121+00:00,recovery,29.3,667.32,99.0,5.0,884.0,1980.0,3201.0,60.0
1789867918.623,2026-09-20T01:31:58.623498+00:00,recovery,28.4,667.32,99.0,5.0,884.0,1980.0,3201.0,60.0
1789867918.653,2026-09-20T01:31:58.653417+00:00,recovery,29.9,667.15,99.0,5.0,884.0,1980.0,3201.0,60.0
1789867918.688,2026-09-20T01:31:58.687663+00:00,recovery,34.2,667.15,99.0,5.0,884.0,1980.0,3201.0,60.0
1789867918.717,2026-09-20T01:31:58.716650+00:00,recovery,29.0,667.15,99.0,5.0,884.0,1980.0,3201.0,60.0
1789867918.745,2026-09-20T01:31:58.745034+00:00,recovery,28.4,667.15,99.0,5.0,884.0,1980.0,3201.0,60.0
1789867918.773,2026-09-20T01:31:58.773349+00:00,recovery,28.3,667.13,99.0,5.0,884.0,1980.0,3201.0,60.0
1789867918.803,2026-09-20T01:31:58.803300+00:00,recovery,30.0,667.13,99.0,5.0,884.0,1980.0,3201.0,60.0
1789867918.832,2026-09-20T01:31:58.831882+00:00,recovery,28.6,667.13,99.0,5.0,884.0,1980.0,3201.0,60.0
1789867918.86,2026-09-20T01:31:58.860398+00:00,recovery,28.5,667.15,99.0,5.0,884.0,1980.0,3201.0,60.0
1789867918.89,2026-09-20T01:31:58.889646+00:00,recovery,29.2,667.15,99.0,5.0,884.0,1980.0,3201.0,60.0
1789867918.919,2026-09-20T01:31:58.918938+00:00,recovery,29.3,667.15,99.0,5.0,884.0,1980.0,3201.0,60.0
1789867918.947,2026-09-20T01:31:58.947177+00:00,recovery,28.2,667.15,99.0,5.0,884.0,1980.0,3201.0,60.0
1789867918.976,2026-09-20T01:31:58.975793+00:00,recovery,28.6,667.2,99.0,5.0,884.0,1980.0,3201.0,60.0
1789867919.005,2026-09-20T01:31:59.005107+00:00,recovery,29.3,667.2,99.0,5.0,884.0,1980.0,3201.0,60.0
1789867919.034,2026-09-20T01:31:59.033577+00:00,recovery,28.5,667.2,99.0,5.0,884.0,1980.0,3201.0,60.0
1789867919.062,2026-09-20T01:31:59.062089+00:00,recovery,28.5,667.21,99.0,5.0,884.0,1980.0,3201.0,60.0
1789867919.091,2026-09-20T01:31:59.090956+00:00,recovery,28.9,667.21,99.0,5.0,884.0,1980.0,3201.0,60.0
1789867919.12,2026-09-20T01:31:59.119630+00:00,recovery,28.7,667.21,99.0,5.0,884.0,1980.0,3201.0,60.0
1789867919.148,2026-09-20T01:31:59.147775+00:00,recovery,28.1,667.21,99.0,5.0,884.0,1980.0,3201.0,60.0
1789867919.176,2026-09-20T01:31:59.176395+00:00,recovery,28.6,666.97,99.0,5.0,884.0,1980.0,3201.0,60.0
1789867919.205,2026-09-20T01:31:59.204643+00:00,recovery,28.2,666.97,99.0,5.0,884.0,1980.0,3201.0,60.0
1789867919.233,2026-09-20T01:31:59.233226+00:00,recovery,28.6,666.97,99.0,5.0,884.0,1980.0,3201.0,60.0
1789867919.262,2026-09-20T01:31:59.262349+00:00,recovery,29.1,667.26,99.0,5.0,884.0,1980.0,3201.0,60.0
1789867919.29,2026-09-20T01:31:59.290444+00:00,recovery,28.1,667.26,99.0,5.0,884.0,1980.0,3201.0,60.0
1789867919.32,2026-09-20T01:31:59.320455+00:00,recovery,30.0,667.26,99.0,5.0,884.0,1980.0,3201.0,60.0
1789867919.349,2026-09-20T01:31:59.348568+00:00,recovery,28.1,667.26,99.0,5.0,884.0,1980.0,3201.0,60.0
1789867919.377,2026-09-20T01:31:59.377368+00:00,recovery,28.8,667.54,99.0,5.0,884.0,1980.0,3201.0,60.0
1789867919.405,2026-09-20T01:31:59.405453+00:00,recovery,28.1,667.54,99.0,5.0,884.0,1980.0,3201.0,60.0
1789867919.434,2026-09-20T01:31:59.434460+00:00,recovery,29.0,667.54,99.0,5.0,884.0,1980.0,3201.0,60.0
1789867919.463,2026-09-20T01:31:59.463279+00:00,recovery,28.8,667.37,99.0,5.0,884.0,1980.0,3201.0,60.0
1789867919.492,2026-09-20T01:31:59.491521+00:00,recovery,28.2,667.37,99.0,5.0,884.0,1980.0,3201.0,60.0
1789867919.521,2026-09-20T01:31:59.520952+00:00,recovery,29.4,667.37,99.0,5.0,884.0,1980.0,3201.0,60.0
1789867919.552,2026-09-20T01:31:59.552035+00:00,recovery,31.1,667.37,99.0,5.0,884.0,1980.0,3201.0,60.0
1789867919.581,2026-09-20T01:31:59.581369+00:00,recovery,29.3,667.22,99.0,5.0,884.0,1980.0,3201.0,60.0
1789867919.61,2026-09-20T01:31:59.609858+00:00,recovery,28.5,667.22,99.0,5.0,884.0,1980.0,3201.0,60.0
1789867919.639,2026-09-20T01:31:59.638682+00:00,recovery,28.8,667.22,99.0,5.0,884.0,1980.0,3201.0,60.0
1789867919.67,2026-09-20T01:31:59.670481+00:00,recovery,31.8,667.53,99.0,5.0,884.0,1980.0,3201.0,60.0
1789867919.699,2026-09-20T01:31:59.698974+00:00,recovery,28.5,667.53,99.0,5.0,884.0,1980.0,3201.0,60.0
1789867919.728,2026-09-20T01:31:59.728209+00:00,recovery,29.2,667.53,99.0,5.0,884.0,1980.0,3201.0,60.0
1789867919.757,2026-09-20T01:31:59.756622+00:00,recovery,28.4,667.53,99.0,5.0,884.0,1980.0,3201.0,60.0
1789867919.785,2026-09-20T01:31:59.784867+00:00,recovery,28.2,667.62,99.0,5.0,884.0,1980.0,3201.0,60.0
1789867919.813,2026-09-20T01:31:59.812873+00:00,recovery,28.0,667.62,99.0,5.0,884.0,1980.0,3201.0,60.0
1789867919.842,2026-09-20T01:31:59.841609+00:00,recovery,28.7,667.62,99.0,5.0,884.0,1980.0,3201.0,60.0
1789867919.871,2026-09-20T01:31:59.870820+00:00,recovery,29.2,667.59,99.0,5.0,884.0,1980.0,3201.0,60.0
1789867919.899,2026-09-20T01:31:59.899073+00:00,recovery,28.3,667.59,99.0,5.0,884.0,1980.0,3201.0,60.0
1789867919.933,2026-09-20T01:31:59.932608+00:00,recovery,33.5,667.59,99.0,5.0,884.0,1980.0,3201.0,60.0
1789867919.965,2026-09-20T01:31:59.964547+00:00,recovery,31.9,667.36,99.0,5.0,884.0,1980.0,3201.0,60.0
1789867919.995,2026-09-20T01:31:59.994867+00:00,recovery,30.3,667.36,99.0,5.0,884.0,1980.0,3201.0,60.0
1789867920.03,2026-09-20T01:32:00.029761+00:00,recovery,34.9,667.36,99.0,5.0,884.0,1980.0,3201.0,60.0
1789867920.059,2026-09-20T01:32:00.058591+00:00,recovery,28.8,667.36,99.0,5.0,884.0,1980.0,3201.0,60.0
1789867920.089,2026-09-20T01:32:00.088864+00:00,recovery,30.3,667.49,99.0,5.0,884.0,1980.0,3201.0,60.0
1789867920.118,2026-09-20T01:32:00.118345+00:00,recovery,29.5,667.49,99.0,5.0,884.0,1980.0,3201.0,60.0
1789867920.147,2026-09-20T01:32:00.146914+00:00,recovery,28.6,667.49,99.0,5.0,884.0,1980.0,3201.0,60.0
1789867920.176,2026-09-20T01:32:00.175700+00:00,recovery,28.8,667.42,99.0,5.0,884.0,1980.0,3201.0,60.0
1789867920.204,2026-09-20T01:32:00.204014+00:00,recovery,28.3,667.42,99.0,5.0,884.0,1980.0,3201.0,60.0
1789867920.234,2026-09-20T01:32:00.234394+00:00,recovery,30.4,667.42,99.0,5.0,884.0,1980.0,3201.0,60.0
1789867920.263,2026-09-20T01:32:00.262503+00:00,recovery,28.1,667.29,99.0,5.0,884.0,1980.0,3201.0,60.0
1789867920.291,2026-09-20T01:32:00.290822+00:00,recovery,28.3,667.29,99.0,5.0,884.0,1980.0,3201.0,60.0
1789867920.322,2026-09-20T01:32:00.321763+00:00,recovery,30.9,667.29,99.0,5.0,884.0,1980.0,3201.0,60.0
1789867920.351,2026-09-20T01:32:00.350808+00:00,recovery,29.0,667.29,99.0,5.0,884.0,1980.0,3201.0,60.0
1789867920.382,2026-09-20T01:32:00.381835+00:00,recovery,31.0,667.33,99.0,5.0,884.0,1980.0,3201.0,60.0
1789867920.412,2026-09-20T01:32:00.411545+00:00,recovery,29.7,667.33,99.0,5.0,884.0,1980.0,3201.0,60.0
1789867920.44,2026-09-20T01:32:00.440241+00:00,recovery,28.7,667.33,99.0,5.0,884.0,1980.0,3201.0,60.0
1789867920.469,2026-09-20T01:32:00.469402+00:00,recovery,29.2,667.45,99.0,5.0,884.0,1980.0,3201.0,60.0
1789867920.498,2026-09-20T01:32:00.498154+00:00,recovery,28.8,667.45,99.0,5.0,884.0,1980.0,3201.0,60.0
1789867920.528,2026-09-20T01:32:00.527665+00:00,recovery,29.5,667.45,99.0,5.0,884.0,1980.0,3201.0,60.0
1789867920.558,2026-09-20T01:32:00.558438+00:00,recovery,30.8,667.45,99.0,5.0,884.0,1980.0,3201.0,60.0
1789867920.587,2026-09-20T01:32:00.586529+00:00,recovery,28.1,667.11,99.0,5.0,884.0,1980.0,3201.0,60.0
1789867920.615,2026-09-20T01:32:00.614928+00:00,recovery,28.4,667.11,99.0,5.0,884.0,1980.0,3201.0,60.0
1789867920.643,2026-09-20T01:32:00.643249+00:00,recovery,28.3,667.11,99.0,5.0,884.0,1980.0,3201.0,60.0
1789867920.68,2026-09-20T01:32:00.679928+00:00,recovery,36.7,667.01,99.0,5.0,884.0,1980.0,3201.0,60.0
1789867920.711,2026-09-20T01:32:00.710896+00:00,recovery,31.0,667.01,99.0,5.0,884.0,1980.0,3201.0,60.0
1789867920.74,2026-09-20T01:32:00.739851+00:00,recovery,29.0,667.01,99.0,5.0,884.0,1980.0,3201.0,60.0
1789867920.768,2026-09-20T01:32:00.768462+00:00,recovery,28.6,667.16,99.0,5.0,884.0,1980.0,3201.0,60.0
1789867920.797,2026-09-20T01:32:00.796599+00:00,recovery,28.1,667.16,99.0,5.0,884.0,1980.0,3201.0,60.0
1789867920.825,2026-09-20T01:32:00.825176+00:00,recovery,28.6,667.16,99.0,5.0,884.0,1980.0,3201.0,60.0
1789867920.854,2026-09-20T01:32:00.853797+00:00,recovery,28.6,667.16,99.0,5.0,884.0,1980.0,3201.0,60.0
1789867920.883,2026-09-20T01:32:00.883290+00:00,recovery,29.5,667.5,99.0,5.0,884.0,1980.0,3201.0,60.0
1789867920.912,2026-09-20T01:32:00.911674+00:00,recovery,28.4,667.5,99.0,5.0,884.0,1980.0,3201.0,60.0
1789867920.94,2026-09-20T01:32:00.940154+00:00,recovery,28.5,667.5,99.0,5.0,884.0,1980.0,3201.0,60.0
1789867920.968,2026-09-20T01:32:00.968403+00:00,recovery,28.2,667.51,99.0,5.0,884.0,1980.0,3201.0,60.0
1789867920.996,2026-09-20T01:32:00.996288+00:00,recovery,27.9,667.51,99.0,5.0,884.0,1980.0,3201.0,60.0
1789867921.029,2026-09-20T01:32:01.028745+00:00,recovery,32.5,667.51,99.0,5.0,884.0,1980.0,3201.0,60.0
1789867921.057,2026-09-20T01:32:01.057111+00:00,recovery,28.4,667.51,99.0,5.0,884.0,1980.0,3201.0,60.0
1789867921.087,2026-09-20T01:32:01.086682+00:00,recovery,29.6,667.5,99.0,5.0,884.0,1980.0,3201.0,60.0
1789867921.115,2026-09-20T01:32:01.114754+00:00,recovery,28.1,667.5,99.0,5.0,884.0,1980.0,3201.0,60.0
1789867921.146,2026-09-20T01:32:01.146037+00:00,recovery,31.3,667.5,99.0,5.0,884.0,1980.0,3201.0,60.0
1789867921.175,2026-09-20T01:32:01.174697+00:00,recovery,28.7,667.24,99.0,5.0,884.0,1980.0,3201.0,60.0
1789867921.203,2026-09-20T01:32:01.203002+00:00,recovery,28.3,667.24,99.0,5.0,884.0,1980.0,3201.0,60.0
1789867921.232,2026-09-20T01:32:01.231541+00:00,recovery,28.5,667.24,99.0,5.0,884.0,1980.0,3201.0,60.0
1789867921.26,2026-09-20T01:32:01.260263+00:00,recovery,28.7,667.24,99.0,5.0,884.0,1980.0,3201.0,60.0
1789867921.289,2026-09-20T01:32:01.288649+00:00,recovery,28.4,667.39,99.0,5.0,884.0,1980.0,3201.0,60.0
1789867921.317,2026-09-20T01:32:01.316895+00:00,recovery,28.2,667.39,99.0,5.0,884.0,1980.0,3201.0,60.0
1789867921.347,2026-09-20T01:32:01.346708+00:00,recovery,29.8,667.39,99.0,5.0,884.0,1980.0,3201.0,60.0
1789867921.377,2026-09-20T01:32:01.377496+00:00,recovery,30.8,667.4,99.0,5.0,884.0,1980.0,3201.0,60.0
