iso_timestamp,timestamp,index,uuid,name,power.draw,power.limit,utilization.gpu,utilization.memory,memory.used,memory.free,memory.total,clocks.sm,clocks.mem,clocks.gr,temperature.gpu,pstate,ecc.errors.corrected.volatile.total,ecc.errors.uncorrected.volatile.total,clocks_throttle_reasons.sw_power_cap,clocks_throttle_reasons.hw_slowdown,clocks_throttle_reasons.hw_thermal_slowdown,clocks_throttle_reasons.hw_power_brake_slowdown,clocks_throttle_reasons.sw_thermal_slowdown,clocks_throttle_reasons.sync_boost,actual_interval_ms,nvlink_available,nvlink_tx_kbs,nvlink_rx_kbs
2026-07-31T01:45:36.432899,2026/07/31 01:45:36.363,0,GPU-2c3c1aab-4401-c49f-e973-2d9a530e6442,NVIDIA B200,193.71,1000.0,0.0,0.0,0.0,182625.0,183359.0,120.0,3996.0,120.0,36.0,P0,0,0,Not Active,Not Active,Not Active,Not Active,Not Active,Not Active,,True,6932556715516.0,8406393829084.0
2026-07-31T01:45:36.698649,2026/07/31 01:45:36.632,0,GPU-2c3c1aab-4401-c49f-e973-2d9a530e6442,NVIDIA B200,193.71,1000.0,0.0,0.0,0.0,182625.0,183359.0,120.0,3996.0,120.0,36.0,P0,0,0,Not Active,Not Active,Not Active,Not Active,Not Active,Not Active,271.108,True,6932556715516.0,8406393829084.0
2026-07-31T01:45:36.854229,2026/07/31 01:45:36.790,0,GPU-2c3c1aab-4401-c49f-e973-2d9a530e6442,NVIDIA B200,193.85,1000.0,0.0,0.0,0.0,182625.0,183359.0,120.0,3996.0,120.0,36.0,P0,0,0,Not Active,Not Active,Not Active,Not Active,Not Active,Not Active,153.226,True,6932556715516.0,8406393829084.0
2026-07-31T01:45:37.015523,2026/07/31 01:45:36.951,0,GPU-2c3c1aab-4401-c49f-e973-2d9a530e6442,NVIDIA B200,193.92,1000.0,0.0,0.0,0.0,182625.0,183359.0,120.0,3996.0,120.0,36.0,P0,0,0,Not Active,Not Active,Not Active,Not Active,Not Active,Not Active,161.852,True,6932556715516.0,8406393829084.0
2026-07-31T01:45:37.161931,2026/07/31 01:45:37.101,0,GPU-2c3c1aab-4401-c49f-e973-2d9a530e6442,NVIDIA B200,194.06,1000.0,0.0,0.0,0.0,182625.0,183359.0,120.0,3996.0,120.0,36.0,P0,0,0,Not Active,Not Active,Not Active,Not Active,Not Active,Not Active,151.008,True,6932556715516.0,8406393829084.0
2026-07-31T01:45:37.315263,2026/07/31 01:45:37.254,0,GPU-2c3c1aab-4401-c49f-e973-2d9a530e6442,NVIDIA B200,194.15,1000.0,0.0,0.0,0.0,182625.0,183359.0,120.0,3996.0,120.0,36.0,P0,0,0,Not Active,Not Active,Not Active,Not Active,Not Active,Not Active,152.835,True,6932556715516.0,8406393829084.0
2026-07-31T01:45:37.465997,2026/07/31 01:45:37.408,0,GPU-2c3c1aab-4401-c49f-e973-2d9a530e6442,NVIDIA B200,194.28,1000.0,0.0,0.0,0.0,182625.0,183359.0,120.0,3996.0,120.0,36.0,P0,0,0,Not Active,Not Active,Not Active,Not Active,Not Active,Not Active,153.449,True,6932556715516.0,8406393829084.0
2026-07-31T01:45:37.619160,2026/07/31 01:45:37.559,0,GPU-2c3c1aab-4401-c49f-e973-2d9a530e6442,NVIDIA B200,194.34,1000.0,0.0,0.0,0.0,182625.0,183359.0,120.0,3996.0,120.0,36.0,P0,0,0,Not Active,Not Active,Not Active,Not Active,Not Active,Not Active,154.512,True,6932556715516.0,8406393829084.0
2026-07-31T01:45:37.767686,2026/07/31 01:45:37.706,0,GPU-2c3c1aab-4401-c49f-e973-2d9a530e6442,NVIDIA B200,194.38,1000.0,0.0,0.0,0.0,182625.0,183359.0,120.0,3996.0,120.0,36.0,P0,0,0,Not Active,Not Active,Not Active,Not Active,Not Active,Not Active,144.818,True,6932556715516.0,8406393829084.0
2026-07-31T01:45:37.920577,2026/07/31 01:45:37.861,0,GPU-2c3c1aab-4401-c49f-e973-2d9a530e6442,NVIDIA B200,194.38,1000.0,0.0,0.0,0.0,182625.0,183359.0,120.0,3996.0,120.0,36.0,P0,0,0,Not Active,Not Active,Not Active,Not Active,Not Active,Not Active,154.681,True,6932556715516.0,8406393829084.0
2026-07-31T01:45:38.069564,2026/07/31 01:45:38.008,0,GPU-2c3c1aab-4401-c49f-e973-2d9a530e6442,NVIDIA B200,194.38,1000.0,0.0,0.0,0.0,182625.0,183359.0,120.0,3996.0,120.0,36.0,P0,0,0,Not Active,Not Active,Not Active,Not Active,Not Active,Not Active,147.019,True,6932556715516.0,8406393829084.0
2026-07-31T01:45:38.221978,2026/07/31 01:45:38.162,0,GPU-2c3c1aab-4401-c49f-e973-2d9a530e6442,NVIDIA B200,194.4,1000.0,0.0,0.0,0.0,182625.0,183359.0,120.0,3996.0,120.0,36.0,P0,0,0,Not Active,Not Active,Not Active,Not Active,Not Active,Not Active,155.877,True,6932556715516.0,8406393829084.0
2026-07-31T01:45:38.368578,2026/07/31 01:45:38.308,0,GPU-2c3c1aab-4401-c49f-e973-2d9a530e6442,NVIDIA B200,194.4,1000.0,0.0,0.0,0.0,182625.0,183359.0,120.0,3996.0,120.0,36.0,P0,0,0,Not Active,Not Active,Not Active,Not Active,Not Active,Not Active,143.746,True,6932556715516.0,8406393829084.0
2026-07-31T01:45:38.519456,2026/07/31 01:45:38.461,0,GPU-2c3c1aab-4401-c49f-e973-2d9a530e6442,NVIDIA B200,194.41,1000.0,0.0,0.0,0.0,182625.0,183359.0,120.0,3996.0,120.0,36.0,P0,0,0,Not Active,Not Active,Not Active,Not Active,Not Active,Not Active,155.107,True,6932556715516.0,8406393829084.0
2026-07-31T01:45:38.666656,2026/07/31 01:45:38.605,0,GPU-2c3c1aab-4401-c49f-e973-2d9a530e6442,NVIDIA B200,194.41,1000.0,0.0,0.0,0.0,182625.0,183359.0,120.0,3996.0,120.0,36.0,P0,0,0,Not Active,Not Active,Not Active,Not Active,Not Active,Not Active,143.961,True,6932556715516.0,8406393829084.0
2026-07-31T01:45:38.814957,2026/07/31 01:45:38.751,0,GPU-2c3c1aab-4401-c49f-e973-2d9a530e6442,NVIDIA B200,194.42,1000.0,0.0,0.0,0.0,182625.0,183359.0,120.0,3996.0,120.0,36.0,P0,0,0,Not Active,Not Active,Not Active,Not Active,Not Active,Not Active,146.184,True,6932556715516.0,8406393829084.0
2026-07-31T01:45:38.963580,2026/07/31 01:45:38.905,0,GPU-2c3c1aab-4401-c49f-e973-2d9a530e6442,NVIDIA B200,194.43,1000.0,0.0,0.0,0.0,182625.0,183359.0,120.0,3996.0,120.0,36.0,P0,0,0,Not Active,Not Active,Not Active,Not Active,Not Active,Not Active,154.032,True,6932556715516.0,8406393829084.0
2026-07-31T01:45:39.162006,2026/07/31 01:45:39.051,0,GPU-2c3c1aab-4401-c49f-e973-2d9a530e6442,NVIDIA B200,194.41,1000.0,0.0,0.0,0.0,182625.0,183359.0,120.0,3996.0,120.0,36.0,P0,0,0,Not Active,Not Active,Not Active,Not Active,Not Active,Not Active,145.696,True,6932556715516.0,8406393829084.0
2026-07-31T01:45:41.402388,2026/07/31 01:45:41.018,0,GPU-2c3c1aab-4401-c49f-e973-2d9a530e6442,NVIDIA B200,205.42,1000.0,0.0,0.0,26.0,182599.0,183359.0,1965.0,3996.0,1965.0,37.0,P0,0,0,Not Active,Not Active,Not Active,Not Active,Not Active,Not Active,1920.554,True,6932556715516.0,8406393829084.0
2026-07-31T01:45:42.015344,2026/07/31 01:45:41.942,0,GPU-2c3c1aab-4401-c49f-e973-2d9a530e6442,NVIDIA B200,249.73,1000.0,0.0,0.0,32.0,182593.0,183359.0,1965.0,3996.0,1965.0,37.0,P0,0,0,Not Active,Not Active,Not Active,Not Active,Not Active,Not Active,842.499,True,6932556715516.0,8406393829084.0
2026-07-31T01:45:42.201645,2026/07/31 01:45:42.153,0,GPU-2c3c1aab-4401-c49f-e973-2d9a530e6442,NVIDIA B200,249.99,1000.0,1.0,0.0,1452.0,181173.0,183359.0,1965.0,3996.0,1965.0,37.0,P0,0,0,Not Active,Not Active,Not Active,Not Active,Not Active,Not Active,340.383,True,6932556715516.0,8406393829084.0
2026-07-31T01:45:42.385065,2026/07/31 01:45:42.329,0,GPU-2c3c1aab-4401-c49f-e973-2d9a530e6442,NVIDIA B200,262.3,1000.0,29.0,4.0,1700.0,180925.0,183359.0,1965.0,3996.0,1965.0,37.0,P0,0,0,Not Active,Not Active,Not Active,Not Active,Not Active,Not Active,171.643,True,6932556715516.0,8406393829084.0
2026-07-31T01:45:42.526216,2026/07/31 01:45:42.470,0,GPU-2c3c1aab-4401-c49f-e973-2d9a530e6442,NVIDIA B200,396.39,1000.0,100.0,13.0,1700.0,180925.0,183359.0,1965.0,3996.0,1965.0,47.0,P0,0,0,Not Active,Not Active,Not Active,Not Active,Not Active,Not Active,145.343,True,6932556715516.0,8406393829084.0
2026-07-31T01:45:42.674868,2026/07/31 01:45:42.617,0,GPU-2c3c1aab-4401-c49f-e973-2d9a530e6442,NVIDIA B200,463.01,1000.0,100.0,13.0,1700.0,180925.0,183359.0,1965.0,3996.0,1965.0,48.0,P0,0,0,Not Active,Not Active,Not Active,Not Active,Not Active,Not Active,143.514,True,6932556715516.0,8406393829084.0
2026-07-31T01:45:42.830753,2026/07/31 01:45:42.774,0,GPU-2c3c1aab-4401-c49f-e973-2d9a530e6442,NVIDIA B200,601.39,1000.0,100.0,13.0,1700.0,180925.0,183359.0,1965.0,3996.0,1965.0,50.0,P0,0,0,Not Active,Not Active,Not Active,Not Active,Not Active,Not Active,157.157,True,6932556715516.0,8406393829084.0
2026-07-31T01:45:42.974617,2026/07/31 01:45:42.917,0,GPU-2c3c1aab-4401-c49f-e973-2d9a530e6442,NVIDIA B200,671.53,1000.0,99.0,13.0,1700.0,180925.0,183359.0,1965.0,3996.0,1965.0,50.0,P0,0,0,Not Active,Not Active,Not Active,Not Active,Not Active,Not Active,144.472,True,6932556715516.0,8406393829084.0
2026-07-31T01:45:43.115681,2026/07/31 01:45:43.056,0,GPU-2c3c1aab-4401-c49f-e973-2d9a530e6442,NVIDIA B200,739.72,1000.0,100.0,13.0,1700.0,180925.0,183359.0,1965.0,3996.0,1965.0,51.0,P0,0,0,Not Active,Not Active,Not Active,Not Active,Not Active,Not Active,139.642,True,6932556715516.0,8406393829084.0
2026-07-31T01:45:43.255682,2026/07/31 01:45:43.203,0,GPU-2c3c1aab-4401-c49f-e973-2d9a530e6442,NVIDIA B200,879.34,1000.0,100.0,13.0,1700.0,180925.0,183359.0,1965.0,3996.0,1965.0,51.0,P0,0,0,Not Active,Not Active,Not Active,Not Active,Not Active,Not Active,147.215,True,6932556715516.0,8406393829084.0
2026-07-31T01:45:43.391572,2026/07/31 01:45:43.338,0,GPU-2c3c1aab-4401-c49f-e973-2d9a530e6442,NVIDIA B200,934.34,1000.0,100.0,13.0,1700.0,180925.0,183359.0,1965.0,3996.0,1965.0,52.0,P0,0,0,Not Active,Not Active,Not Active,Not Active,Not Active,Not Active,135.954,True,6932556715516.0,8406393829084.0
2026-07-31T01:45:43.528891,2026/07/31 01:45:43.474,0,GPU-2c3c1aab-4401-c49f-e973-2d9a530e6442,NVIDIA B200,941.66,1000.0,100.0,13.0,1700.0,180925.0,183359.0,1965.0,3996.0,1965.0,52.0,P0,0,0,Not Active,Not Active,Not Active,Not Active,Not Active,Not Active,134.786,True,6932556715516.0,8406393829084.0
2026-07-31T01:45:43.669599,2026/07/31 01:45:43.614,0,GPU-2c3c1aab-4401-c49f-e973-2d9a530e6442,NVIDIA B200,944.55,1000.0,100.0,13.0,1700.0,180925.0,183359.0,1965.0,3996.0,1965.0,52.0,P0,0,0,Not Active,Not Active,Not Active,Not Active,Not Active,Not Active,137.784,True,6932556715516.0,8406393829084.0
2026-07-31T01:45:43.808789,2026/07/31 01:45:43.752,0,GPU-2c3c1aab-4401-c49f-e973-2d9a530e6442,NVIDIA B200,944.16,1000.0,100.0,13.0,1700.0,180925.0,183359.0,1965.0,3996.0,1965.0,52.0,P0,0,0,Not Active,Not Active,Not Active,Not Active,Not Active,Not Active,138.438,True,6932556715516.0,8406393829084.0
2026-07-31T01:45:43.950784,2026/07/31 01:45:43.897,0,GPU-2c3c1aab-4401-c49f-e973-2d9a530e6442,NVIDIA B200,945.63,1000.0,100.0,13.0,1700.0,180925.0,183359.0,1965.0,3996.0,1965.0,53.0,P0,0,0,Not Active,Not Active,Not Active,Not Active,Not Active,Not Active,147.286,True,6932556715516.0,8406393829084.0
2026-07-31T01:45:44.084650,2026/07/31 01:45:44.033,0,GPU-2c3c1aab-4401-c49f-e973-2d9a530e6442,NVIDIA B200,945.78,1000.0,100.0,13.0,1700.0,180925.0,183359.0,1965.0,3996.0,1965.0,53.0,P0,0,0,Not Active,Not Active,Not Active,Not Active,Not Active,Not Active,133.923,True,6932556715516.0,8406393829084.0
2026-07-31T01:45:44.226064,2026/07/31 01:45:44.170,0,GPU-2c3c1aab-4401-c49f-e973-2d9a530e6442,NVIDIA B200,946.45,1000.0,100.0,13.0,1700.0,180925.0,183359.0,1965.0,3996.0,1965.0,53.0,P0,0,0,Not Active,Not Active,Not Active,Not Active,Not Active,Not Active,136.713,True,6932556715516.0,8406393829084.0
2026-07-31T01:45:44.367005,2026/07/31 01:45:44.308,0,GPU-2c3c1aab-4401-c49f-e973-2d9a530e6442,NVIDIA B200,947.09,1000.0,100.0,13.0,1700.0,180925.0,183359.0,1965.0,3996.0,1965.0,53.0,P0,0,0,Not Active,Not Active,Not Active,Not Active,Not Active,Not Active,141.64,True,6932556715516.0,8406393829084.0
2026-07-31T01:45:44.505607,2026/07/31 01:45:44.448,0,GPU-2c3c1aab-4401-c49f-e973-2d9a530e6442,NVIDIA B200,946.34,1000.0,100.0,13.0,1700.0,180925.0,183359.0,1965.0,3996.0,1965.0,53.0,P0,0,0,Not Active,Not Active,Not Active,Not Active,Not Active,Not Active,136.868,True,6932556715516.0,8406393829084.0
2026-07-31T01:45:44.682635,2026/07/31 01:45:44.614,0,GPU-2c3c1aab-4401-c49f-e973-2d9a530e6442,NVIDIA B200,946.5,1000.0,100.0,13.0,1700.0,180925.0,183359.0,1965.0,3996.0,1965.0,53.0,P0,0,0,Not Active,Not Active,Not Active,Not Active,Not Active,Not Active,168.24,True,6932556715516.0,8406393829084.0
2026-07-31T01:45:44.816643,2026/07/31 01:45:44.759,0,GPU-2c3c1aab-4401-c49f-e973-2d9a530e6442,NVIDIA B200,948.11,1000.0,100.0,13.0,1700.0,180925.0,183359.0,1965.0,3996.0,1965.0,53.0,P0,0,0,Not Active,Not Active,Not Active,Not Active,Not Active,Not Active,145.768,True,6932556715516.0,8406393829084.0
2026-07-31T01:45:44.962827,2026/07/31 01:45:44.902,0,GPU-2c3c1aab-4401-c49f-e973-2d9a530e6442,NVIDIA B200,948.98,1000.0,100.0,13.0,1700.0,180925.0,183359.0,1965.0,3996.0,1965.0,53.0,P0,0,0,Not Active,Not Active,Not Active,Not Active,Not Active,Not Active,139.744,True,6932556715516.0,8406393829084.0
2026-07-31T01:45:45.094916,2026/07/31 01:45:45.044,0,GPU-2c3c1aab-4401-c49f-e973-2d9a530e6442,NVIDIA B200,949.88,1000.0,100.0,13.0,1700.0,180925.0,183359.0,1965.0,3996.0,1965.0,53.0,P0,0,0,Not Active,Not Active,Not Active,Not Active,Not Active,Not Active,144.499,True,6932556715516.0,8406393829084.0
2026-07-31T01:45:45.230650,2026/07/31 01:45:45.176,0,GPU-2c3c1aab-4401-c49f-e973-2d9a530e6442,NVIDIA B200,950.1,1000.0,100.0,13.0,1700.0,180925.0,183359.0,1965.0,3996.0,1965.0,54.0,P0,0,0,Not Active,Not Active,Not Active,Not Active,Not Active,Not Active,132.72,True,6932556715516.0,8406393829084.0
2026-07-31T01:45:45.368013,2026/07/31 01:45:45.309,0,GPU-2c3c1aab-4401-c49f-e973-2d9a530e6442,NVIDIA B200,951.95,1000.0,100.0,13.0,1700.0,180925.0,183359.0,1965.0,3996.0,1965.0,54.0,P0,0,0,Not Active,Not Active,Not Active,Not Active,Not Active,Not Active,129.828,True,6932556715516.0,8406393829084.0
2026-07-31T01:45:45.511219,2026/07/31 01:45:45.452,0,GPU-2c3c1aab-4401-c49f-e973-2d9a530e6442,NVIDIA B200,951.13,1000.0,100.0,13.0,1700.0,180925.0,183359.0,1965.0,3996.0,1965.0,54.0,P0,0,0,Not Active,Not Active,Not Active,Not Active,Not Active,Not Active,142.364,True,6932556715516.0,8406393829084.0
2026-07-31T01:45:45.643647,2026/07/31 01:45:45.588,0,GPU-2c3c1aab-4401-c49f-e973-2d9a530e6442,NVIDIA B200,951.75,1000.0,99.0,13.0,1700.0,180925.0,183359.0,1965.0,3996.0,1965.0,54.0,P0,0,0,Not Active,Not Active,Not Active,Not Active,Not Active,Not Active,139.629,True,6932556715516.0,8406393829084.0
2026-07-31T01:45:45.782122,2026/07/31 01:45:45.724,0,GPU-2c3c1aab-4401-c49f-e973-2d9a530e6442,NVIDIA B200,951.82,1000.0,100.0,13.0,1700.0,180925.0,183359.0,1965.0,3996.0,1965.0,54.0,P0,0,0,Not Active,Not Active,Not Active,Not Active,Not Active,Not Active,133.252,True,6932556715516.0,8406393829084.0
2026-07-31T01:45:45.913962,2026/07/31 01:45:45.859,0,GPU-2c3c1aab-4401-c49f-e973-2d9a530e6442,NVIDIA B200,953.22,1000.0,100.0,13.0,1700.0,180925.0,183359.0,1965.0,3996.0,1965.0,54.0,P0,0,0,Not Active,Not Active,Not Active,Not Active,Not Active,Not Active,137.993,True,6932556715516.0,8406393829084.0
2026-07-31T01:45:46.048799,2026/07/31 01:45:45.997,0,GPU-2c3c1aab-4401-c49f-e973-2d9a530e6442,NVIDIA B200,952.08,1000.0,100.0,13.0,1700.0,180925.0,183359.0,1965.0,3996.0,1965.0,54.0,P0,0,0,Not Active,Not Active,Not Active,Not Active,Not Active,Not Active,137.907,True,6932556715516.0,8406393829084.0
2026-07-31T01:45:46.186897,2026/07/31 01:45:46.134,0,GPU-2c3c1aab-4401-c49f-e973-2d9a530e6442,NVIDIA B200,951.11,1000.0,100.0,13.0,1700.0,180925.0,183359.0,1965.0,3996.0,1965.0,54.0,P0,0,0,Not Active,Not Active,Not Active,Not Active,Not Active,Not Active,133.365,True,6932556715516.0,8406393829084.0
2026-07-31T01:45:46.327032,2026/07/31 01:45:46.275,0,GPU-2c3c1aab-4401-c49f-e973-2d9a530e6442,NVIDIA B200,951.67,1000.0,100.0,13.0,1700.0,180925.0,183359.0,1965.0,3996.0,1965.0,54.0,P0,0,0,Not Active,Not Active,Not Active,Not Active,Not Active,Not Active,141.229,True,6932556715516.0,8406393829084.0
2026-07-31T01:45:46.497524,2026/07/31 01:45:46.414,0,GPU-2c3c1aab-4401-c49f-e973-2d9a530e6442,NVIDIA B200,952.25,1000.0,100.0,13.0,1700.0,180925.0,183359.0,1965.0,3996.0,1965.0,54.0,P0,0,0,Not Active,Not Active,Not Active,Not Active,Not Active,Not Active,139.307,True,6932556715516.0,8406393829084.0
2026-07-31T01:45:46.718820,2026/07/31 01:45:46.628,0,GPU-2c3c1aab-4401-c49f-e973-2d9a530e6442,NVIDIA B200,952.21,1000.0,100.0,13.0,1700.0,180925.0,183359.0,1965.0,3996.0,1965.0,55.0,P0,0,0,Not Active,Not Active,Not Active,Not Active,Not Active,Not Active,172.993,True,6932556715516.0,8406393829084.0
2026-07-31T01:45:46.877288,2026/07/31 01:45:46.824,0,GPU-2c3c1aab-4401-c49f-e973-2d9a530e6442,NVIDIA B200,951.45,1000.0,100.0,13.0,1700.0,180925.0,183359.0,1965.0,3996.0,1965.0,54.0,P0,0,0,Not Active,Not Active,Not Active,Not Active,Not Active,Not Active,237.727,True,6932556715516.0,8406393829084.0
2026-07-31T01:45:47.010402,2026/07/31 01:45:46.958,0,GPU-2c3c1aab-4401-c49f-e973-2d9a530e6442,NVIDIA B200,952.52,1000.0,100.0,13.0,1700.0,180925.0,183359.0,1965.0,3996.0,1965.0,55.0,P0,0,0,Not Active,Not Active,Not Active,Not Active,Not Active,Not Active,135.253,True,6932556715516.0,8406393829084.0
2026-07-31T01:45:47.259853,2026/07/31 01:45:47.124,0,GPU-2c3c1aab-4401-c49f-e973-2d9a530e6442,NVIDIA B200,953.85,1000.0,100.0,13.0,1700.0,180925.0,183359.0,1965.0,3996.0,1965.0,55.0,P0,0,0,Not Active,Not Active,Not Active,Not Active,Not Active,Not Active,132.818,True,6932556715516.0,8406393829084.0
2026-07-31T01:45:47.469569,2026/07/31 01:45:47.419,0,GPU-2c3c1aab-4401-c49f-e973-2d9a530e6442,NVIDIA B200,952.97,1000.0,100.0,13.0,1700.0,180925.0,183359.0,1965.0,3996.0,1965.0,55.0,P0,0,0,Not Active,Not Active,Not Active,Not Active,Not Active,Not Active,327.028,True,6932556715516.0,8406393829084.0
2026-07-31T01:45:47.606430,2026/07/31 01:45:47.554,0,GPU-2c3c1aab-4401-c49f-e973-2d9a530e6442,NVIDIA B200,952.98,1000.0,100.0,13.0,1700.0,180925.0,183359.0,1965.0,3996.0,1965.0,55.0,P0,0,0,Not Active,Not Active,Not Active,Not Active,Not Active,Not Active,135.265,True,6932556715516.0,8406393829084.0
2026-07-31T01:45:47.735908,2026/07/31 01:45:47.685,0,GPU-2c3c1aab-4401-c49f-e973-2d9a530e6442,NVIDIA B200,952.61,1000.0,100.0,13.0,1700.0,180925.0,183359.0,1965.0,3996.0,1965.0,55.0,P0,0,0,Not Active,Not Active,Not Active,Not Active,Not Active,Not Active,132.465,True,6932556715516.0,8406393829084.0
2026-07-31T01:45:47.876646,2026/07/31 01:45:47.824,0,GPU-2c3c1aab-4401-c49f-e973-2d9a530e6442,NVIDIA B200,953.97,1000.0,100.0,13.0,1700.0,180925.0,183359.0,1965.0,3996.0,1965.0,55.0,P0,0,0,Not Active,Not Active,Not Active,Not Active,Not Active,Not Active,135.87,True,6932556715516.0,8406393829084.0
2026-07-31T01:45:48.007466,2026/07/31 01:45:47.955,0,GPU-2c3c1aab-4401-c49f-e973-2d9a530e6442,NVIDIA B200,952.51,1000.0,100.0,13.0,1700.0,180925.0,183359.0,1965.0,3996.0,1965.0,55.0,P0,0,0,Not Active,Not Active,Not Active,Not Active,Not Active,Not Active,133.75,True,6932556715516.0,8406393829084.0
2026-07-31T01:45:48.147424,2026/07/31 01:45:48.091,0,GPU-2c3c1aab-4401-c49f-e973-2d9a530e6442,NVIDIA B200,952.2,1000.0,100.0,13.0,1700.0,180925.0,183359.0,1965.0,3996.0,1965.0,55.0,P0,0,0,Not Active,Not Active,Not Active,Not Active,Not Active,Not Active,133.987,True,6932556715516.0,8406393829084.0
2026-07-31T01:45:48.281571,2026/07/31 01:45:48.227,0,GPU-2c3c1aab-4401-c49f-e973-2d9a530e6442,NVIDIA B200,953.57,1000.0,100.0,13.0,1700.0,180925.0,183359.0,1965.0,3996.0,1965.0,55.0,P0,0,0,Not Active,Not Active,Not Active,Not Active,Not Active,Not Active,137.855,True,6932556715516.0,8406393829084.0
2026-07-31T01:45:48.416760,2026/07/31 01:45:48.360,0,GPU-2c3c1aab-4401-c49f-e973-2d9a530e6442,NVIDIA B200,953.22,1000.0,100.0,13.0,1700.0,180925.0,183359.0,1965.0,3996.0,1965.0,55.0,P0,0,0,Not Active,Not Active,Not Active,Not Active,Not Active,Not Active,133.491,True,6932556715516.0,8406393829084.0
2026-07-31T01:45:48.550107,2026/07/31 01:45:48.498,0,GPU-2c3c1aab-4401-c49f-e973-2d9a530e6442,NVIDIA B200,952.06,1000.0,100.0,13.0,1700.0,180925.0,183359.0,1965.0,3996.0,1965.0,55.0,P0,0,0,Not Active,Not Active,Not Active,Not Active,Not Active,Not Active,138.705,True,6932556715516.0,8406393829084.0
2026-07-31T01:45:48.683570,2026/07/31 01:45:48.630,0,GPU-2c3c1aab-4401-c49f-e973-2d9a530e6442,NVIDIA B200,952.14,1000.0,100.0,13.0,1700.0,180925.0,183359.0,1965.0,3996.0,1965.0,55.0,P0,0,0,Not Active,Not Active,Not Active,Not Active,Not Active,Not Active,131.057,True,6932556715516.0,8406393829084.0
2026-07-31T01:45:48.815293,2026/07/31 01:45:48.760,0,GPU-2c3c1aab-4401-c49f-e973-2d9a530e6442,NVIDIA B200,951.77,1000.0,100.0,12.0,1700.0,180925.0,183359.0,1965.0,3996.0,1965.0,55.0,P0,0,0,Not Active,Not Active,Not Active,Not Active,Not Active,Not Active,130.243,True,6932556715516.0,8406393829084.0
2026-07-31T01:45:48.945409,2026/07/31 01:45:48.894,0,GPU-2c3c1aab-4401-c49f-e973-2d9a530e6442,NVIDIA B200,951.7,1000.0,100.0,12.0,1700.0,180925.0,183359.0,1965.0,3996.0,1965.0,56.0,P0,0,0,Not Active,Not Active,Not Active,Not Active,Not Active,Not Active,133.6,True,6932556715516.0,8406393829084.0
2026-07-31T01:45:49.078578,2026/07/31 01:45:49.028,0,GPU-2c3c1aab-4401-c49f-e973-2d9a530e6442,NVIDIA B200,952.35,1000.0,100.0,12.0,1700.0,180925.0,183359.0,1965.0,3996.0,1965.0,56.0,P0,0,0,Not Active,Not Active,Not Active,Not Active,Not Active,Not Active,134.04,True,6932556715516.0,8406393829084.0
2026-07-31T01:45:49.219405,2026/07/31 01:45:49.157,0,GPU-2c3c1aab-4401-c49f-e973-2d9a530e6442,NVIDIA B200,951.69,1000.0,100.0,13.0,1700.0,180925.0,183359.0,1965.0,3996.0,1965.0,55.0,P0,0,0,Not Active,Not Active,Not Active,Not Active,Not Active,Not Active,128.827,True,6932556715516.0,8406393829084.0
2026-07-31T01:45:49.359272,2026/07/31 01:45:49.300,0,GPU-2c3c1aab-4401-c49f-e973-2d9a530e6442,NVIDIA B200,951.52,1000.0,100.0,12.0,1700.0,180925.0,183359.0,1965.0,3996.0,1965.0,56.0,P0,0,0,Not Active,Not Active,Not Active,Not Active,Not Active,Not Active,140.608,True,6932556715516.0,8406393829084.0
2026-07-31T01:45:49.505702,2026/07/31 01:45:49.447,0,GPU-2c3c1aab-4401-c49f-e973-2d9a530e6442,NVIDIA B200,951.92,1000.0,100.0,12.0,1700.0,180925.0,183359.0,1965.0,3996.0,1965.0,56.0,P0,0,0,Not Active,Not Active,Not Active,Not Active,Not Active,Not Active,146.65,True,6932556715516.0,8406393829084.0
2026-07-31T01:45:49.649667,2026/07/31 01:45:49.592,0,GPU-2c3c1aab-4401-c49f-e973-2d9a530e6442,NVIDIA B200,952.37,1000.0,100.0,13.0,1700.0,180925.0,183359.0,1965.0,3996.0,1965.0,56.0,P0,0,0,Not Active,Not Active,Not Active,Not Active,Not Active,Not Active,144.542,True,6932556715516.0,8406393829084.0
2026-07-31T01:45:49.820811,2026/07/31 01:45:49.729,0,GPU-2c3c1aab-4401-c49f-e973-2d9a530e6442,NVIDIA B200,952.83,1000.0,100.0,12.0,1700.0,180925.0,183359.0,1965.0,3996.0,1965.0,56.0,P0,0,0,Not Active,Not Active,Not Active,Not Active,Not Active,Not Active,140.225,True,6932556715516.0,8406393829084.0
2026-07-31T01:45:49.984528,2026/07/31 01:45:49.926,0,GPU-2c3c1aab-4401-c49f-e973-2d9a530e6442,NVIDIA B200,952.78,1000.0,100.0,12.0,1700.0,180925.0,183359.0,1965.0,3996.0,1965.0,56.0,P0,0,0,Not Active,Not Active,Not Active,Not Active,Not Active,Not Active,194.77,True,6932556715516.0,8406393829084.0
2026-07-31T01:45:50.124115,2026/07/31 01:45:50.065,0,GPU-2c3c1aab-4401-c49f-e973-2d9a530e6442,NVIDIA B200,953.57,1000.0,100.0,12.0,1700.0,180925.0,183359.0,1965.0,3996.0,1965.0,56.0,P0,0,0,Not Active,Not Active,Not Active,Not Active,Not Active,Not Active,140.35,True,6932556715516.0,8406393829084.0
2026-07-31T01:45:50.271168,2026/07/31 01:45:50.210,0,GPU-2c3c1aab-4401-c49f-e973-2d9a530e6442,NVIDIA B200,955.11,1000.0,100.0,12.0,1700.0,180925.0,183359.0,1965.0,3996.0,1965.0,56.0,P0,0,0,Not Active,Not Active,Not Active,Not Active,Not Active,Not Active,146.627,True,6932556715516.0,8406393829084.0
2026-07-31T01:45:50.406595,2026/07/31 01:45:50.352,0,GPU-2c3c1aab-4401-c49f-e973-2d9a530e6442,NVIDIA B200,954.1,1000.0,100.0,13.0,1700.0,180925.0,183359.0,1965.0,3996.0,1965.0,56.0,P0,0,0,Not Active,Not Active,Not Active,Not Active,Not Active,Not Active,139.275,True,6932556715516.0,8406393829084.0
2026-07-31T01:45:50.540596,2026/07/31 01:45:50.486,0,GPU-2c3c1aab-4401-c49f-e973-2d9a530e6442,NVIDIA B200,954.24,1000.0,100.0,12.0,1700.0,180925.0,183359.0,1965.0,3996.0,1965.0,56.0,P0,0,0,Not Active,Not Active,Not Active,Not Active,Not Active,Not Active,134.915,True,6932556715516.0,8406393829084.0
2026-07-31T01:45:50.678944,2026/07/31 01:45:50.620,0,GPU-2c3c1aab-4401-c49f-e973-2d9a530e6442,NVIDIA B200,955.51,1000.0,100.0,12.0,1700.0,180925.0,183359.0,1965.0,3996.0,1965.0,56.0,P0,0,0,Not Active,Not Active,Not Active,Not Active,Not Active,Not Active,134.498,True,6932556715516.0,8406393829084.0
2026-07-31T01:45:50.819726,2026/07/31 01:45:50.760,0,GPU-2c3c1aab-4401-c49f-e973-2d9a530e6442,NVIDIA B200,955.62,1000.0,100.0,12.0,1700.0,180925.0,183359.0,1965.0,3996.0,1965.0,56.0,P0,0,0,Not Active,Not Active,Not Active,Not Active,Not Active,Not Active,140.892,True,6932556715516.0,8406393829084.0
2026-07-31T01:45:50.966272,2026/07/31 01:45:50.902,0,GPU-2c3c1aab-4401-c49f-e973-2d9a530e6442,NVIDIA B200,956.07,1000.0,100.0,12.0,1700.0,180925.0,183359.0,1965.0,3996.0,1965.0,56.0,P0,0,0,Not Active,Not Active,Not Active,Not Active,Not Active,Not Active,141.797,True,6932556715516.0,8406393829084.0
2026-07-31T01:45:51.109736,2026/07/31 01:45:51.051,0,GPU-2c3c1aab-4401-c49f-e973-2d9a530e6442,NVIDIA B200,955.36,1000.0,100.0,12.0,1700.0,180925.0,183359.0,1965.0,3996.0,1965.0,56.0,P0,0,0,Not Active,Not Active,Not Active,Not Active,Not Active,Not Active,148.89,True,6932556715516.0,8406393829084.0
2026-07-31T01:45:51.249670,2026/07/31 01:45:51.194,0,GPU-2c3c1aab-4401-c49f-e973-2d9a530e6442,NVIDIA B200,955.44,1000.0,100.0,12.0,1700.0,180925.0,183359.0,1965.0,3996.0,1965.0,56.0,P0,0,0,Not Active,Not Active,Not Active,Not Active,Not Active,Not Active,142.076,True,6932556715516.0,8406393829084.0
2026-07-31T01:45:51.412525,2026/07/31 01:45:51.330,0,GPU-2c3c1aab-4401-c49f-e973-2d9a530e6442,NVIDIA B200,955.75,1000.0,100.0,12.0,1700.0,180925.0,183359.0,1965.0,3996.0,1965.0,56.0,P0,0,0,Not Active,Not Active,Not Active,Not Active,Not Active,Not Active,137.089,True,6932556715516.0,8406393829084.0
2026-07-31T01:45:51.560851,2026/07/31 01:45:51.507,0,GPU-2c3c1aab-4401-c49f-e973-2d9a530e6442,NVIDIA B200,955.97,1000.0,100.0,13.0,1700.0,180925.0,183359.0,1965.0,3996.0,1965.0,56.0,P0,0,0,Not Active,Not Active,Not Active,Not Active,Not Active,Not Active,176.143,True,6932556715516.0,8406393829084.0
2026-07-31T01:45:51.739824,2026/07/31 01:45:51.681,0,GPU-2c3c1aab-4401-c49f-e973-2d9a530e6442,NVIDIA B200,955.62,1000.0,100.0,12.0,1700.0,180925.0,183359.0,1965.0,3996.0,1965.0,57.0,P0,0,0,Not Active,Not Active,Not Active,Not Active,Not Active,Not Active,173.079,True,6932556715516.0,8406393829084.0
2026-07-31T01:45:51.929927,2026/07/31 01:45:51.873,0,GPU-2c3c1aab-4401-c49f-e973-2d9a530e6442,NVIDIA B200,955.9,1000.0,100.0,13.0,1700.0,180925.0,183359.0,1965.0,3996.0,1965.0,57.0,P0,0,0,Not Active,Not Active,Not Active,Not Active,Not Active,Not Active,158.101,True,6932556715516.0,8406393829084.0
2026-07-31T01:45:52.137131,2026/07/31 01:45:52.074,0,GPU-2c3c1aab-4401-c49f-e973-2d9a530e6442,NVIDIA B200,955.6,1000.0,100.0,12.0,1700.0,180925.0,183359.0,1965.0,3996.0,1965.0,57.0,P0,0,0,Not Active,Not Active,Not Active,Not Active,Not Active,Not Active,222.737,True,6932556715516.0,8406393829084.0
2026-07-31T01:45:52.280561,2026/07/31 01:45:52.222,0,GPU-2c3c1aab-4401-c49f-e973-2d9a530e6442,NVIDIA B200,955.94,1000.0,100.0,12.0,1700.0,180925.0,183359.0,1965.0,3996.0,1965.0,57.0,P0,0,0,Not Active,Not Active,Not Active,Not Active,Not Active,Not Active,161.732,True,6932556715516.0,8406393829084.0
2026-07-31T01:45:52.604685,2026/07/31 01:45:52.545,0,GPU-2c3c1aab-4401-c49f-e973-2d9a530e6442,NVIDIA B200,957.35,1000.0,100.0,13.0,1700.0,180925.0,183359.0,1965.0,3996.0,1965.0,57.0,P0,0,0,Not Active,Not Active,Not Active,Not Active,Not Active,Not Active,294.939,True,6932556715516.0,8406393829084.0
2026-07-31T01:45:52.750646,2026/07/31 01:45:52.690,0,GPU-2c3c1aab-4401-c49f-e973-2d9a530e6442,NVIDIA B200,957.04,1000.0,100.0,12.0,1700.0,180925.0,183359.0,1965.0,3996.0,1965.0,57.0,P0,0,0,Not Active,Not Active,Not Active,Not Active,Not Active,Not Active,174.309,True,6932556715516.0,8406393829084.0
2026-07-31T01:45:52.890701,2026/07/31 01:45:52.837,0,GPU-2c3c1aab-4401-c49f-e973-2d9a530e6442,NVIDIA B200,957.21,1000.0,100.0,12.0,1700.0,180925.0,183359.0,1965.0,3996.0,1965.0,57.0,P0,0,0,Not Active,Not Active,Not Active,Not Active,Not Active,Not Active,145.797,True,6932556715516.0,8406393829084.0
2026-07-31T01:45:53.030983,2026/07/31 01:45:52.974,0,GPU-2c3c1aab-4401-c49f-e973-2d9a530e6442,NVIDIA B200,957.24,1000.0,100.0,12.0,1700.0,180925.0,183359.0,1965.0,3996.0,1965.0,57.0,P0,0,0,Not Active,Not Active,Not Active,Not Active,Not Active,Not Active,135.311,True,6932556715516.0,8406393829084.0
2026-07-31T01:45:53.176672,2026/07/31 01:45:53.122,0,GPU-2c3c1aab-4401-c49f-e973-2d9a530e6442,NVIDIA B200,957.39,1000.0,100.0,12.0,1700.0,180925.0,183359.0,1965.0,3996.0,1965.0,57.0,P0,0,0,Not Active,Not Active,Not Active,Not Active,Not Active,Not Active,150.162,True,6932556715516.0,8406393829084.0
2026-07-31T01:45:53.319047,2026/07/31 01:45:53.262,0,GPU-2c3c1aab-4401-c49f-e973-2d9a530e6442,NVIDIA B200,957.42,1000.0,100.0,12.0,1700.0,180925.0,183359.0,1965.0,3996.0,1965.0,57.0,P0,0,0,Not Active,Not Active,Not Active,Not Active,Not Active,Not Active,139.512,True,6932556715516.0,8406393829084.0
2026-07-31T01:45:53.476973,2026/07/31 01:45:53.405,0,GPU-2c3c1aab-4401-c49f-e973-2d9a530e6442,NVIDIA B200,956.88,1000.0,100.0,12.0,1700.0,180925.0,183359.0,1965.0,3996.0,1965.0,57.0,P0,0,0,Not Active,Not Active,Not Active,Not Active,Not Active,Not Active,142.186,True,6932556715516.0,8406393829084.0
2026-07-31T01:45:53.618266,2026/07/31 01:45:53.559,0,GPU-2c3c1aab-4401-c49f-e973-2d9a530e6442,NVIDIA B200,957.26,1000.0,100.0,12.0,1700.0,180925.0,183359.0,1965.0,3996.0,1965.0,57.0,P0,0,0,Not Active,Not Active,Not Active,Not Active,Not Active,Not Active,156.248,True,6932556715516.0,8406393829084.0
2026-07-31T01:45:53.749386,2026/07/31 01:45:53.697,0,GPU-2c3c1aab-4401-c49f-e973-2d9a530e6442,NVIDIA B200,957.19,1000.0,100.0,12.0,1700.0,180925.0,183359.0,1965.0,3996.0,1965.0,57.0,P0,0,0,Not Active,Not Active,Not Active,Not Active,Not Active,Not Active,135.575,True,6932556715516.0,8406393829084.0
2026-07-31T01:45:53.879652,2026/07/31 01:45:53.828,0,GPU-2c3c1aab-4401-c49f-e973-2d9a530e6442,NVIDIA B200,957.15,1000.0,100.0,12.0,1700.0,180925.0,183359.0,1965.0,3996.0,1965.0,57.0,P0,0,0,Not Active,Not Active,Not Active,Not Active,Not Active,Not Active,132.1,True,6932556715516.0,8406393829084.0
2026-07-31T01:45:54.025962,2026/07/31 01:45:53.970,0,GPU-2c3c1aab-4401-c49f-e973-2d9a530e6442,NVIDIA B200,958.22,1000.0,100.0,12.0,1700.0,180925.0,183359.0,1965.0,3996.0,1965.0,57.0,P0,0,0,Not Active,Not Active,Not Active,Not Active,Not Active,Not Active,139.651,True,6932556715516.0,8406393829084.0
2026-07-31T01:45:54.180635,2026/07/31 01:45:54.127,0,GPU-2c3c1aab-4401-c49f-e973-2d9a530e6442,NVIDIA B200,957.68,1000.0,100.0,12.0,1700.0,180925.0,183359.0,1965.0,3996.0,1965.0,57.0,P0,0,0,Not Active,Not Active,Not Active,Not Active,Not Active,Not Active,159.472,True,6932556715516.0,8406393829084.0
2026-07-31T01:45:54.323674,2026/07/31 01:45:54.268,0,GPU-2c3c1aab-4401-c49f-e973-2d9a530e6442,NVIDIA B200,958.24,1000.0,100.0,13.0,1700.0,180925.0,183359.0,1965.0,3996.0,1965.0,57.0,P0,0,0,Not Active,Not Active,Not Active,Not Active,Not Active,Not Active,141.461,True,6932556715516.0,8406393829084.0
2026-07-31T01:45:54.457629,2026/07/31 01:45:54.405,0,GPU-2c3c1aab-4401-c49f-e973-2d9a530e6442,NVIDIA B200,957.63,1000.0,100.0,13.0,1700.0,180925.0,183359.0,1965.0,3996.0,1965.0,57.0,P0,0,0,Not Active,Not Active,Not Active,Not Active,Not Active,Not Active,136.786,True,6932556715516.0,8406393829084.0
2026-07-31T01:45:54.609546,2026/07/31 01:45:54.550,0,GPU-2c3c1aab-4401-c49f-e973-2d9a530e6442,NVIDIA B200,958.65,1000.0,100.0,12.0,1700.0,180925.0,183359.0,1965.0,3996.0,1965.0,57.0,P0,0,0,Not Active,Not Active,Not Active,Not Active,Not Active,Not Active,141.779,True,6932556715516.0,8406393829084.0
2026-07-31T01:45:54.755596,2026/07/31 01:45:54.697,0,GPU-2c3c1aab-4401-c49f-e973-2d9a530e6442,NVIDIA B200,958.84,1000.0,100.0,12.0,1700.0,180925.0,183359.0,1965.0,3996.0,1965.0,58.0,P0,0,0,Not Active,Not Active,Not Active,Not Active,Not Active,Not Active,150.065,True,6932556715516.0,8406393829084.0
2026-07-31T01:45:54.895653,2026/07/31 01:45:54.840,0,GPU-2c3c1aab-4401-c49f-e973-2d9a530e6442,NVIDIA B200,958.45,1000.0,100.0,12.0,1700.0,180925.0,183359.0,1965.0,3996.0,1965.0,58.0,P0,0,0,Not Active,Not Active,Not Active,Not Active,Not Active,Not Active,140.923,True,6932556715516.0,8406393829084.0
2026-07-31T01:45:55.068940,2026/07/31 01:45:54.981,0,GPU-2c3c1aab-4401-c49f-e973-2d9a530e6442,NVIDIA B200,958.9,1000.0,100.0,13.0,1700.0,180925.0,183359.0,1965.0,3996.0,1965.0,57.0,P0,0,0,Not Active,Not Active,Not Active,Not Active,Not Active,Not Active,140.497,True,6932556715516.0,8406393829084.0
2026-07-31T01:45:55.222609,2026/07/31 01:45:55.165,0,GPU-2c3c1aab-4401-c49f-e973-2d9a530e6442,NVIDIA B200,957.9,1000.0,100.0,12.0,1700.0,180925.0,183359.0,1965.0,3996.0,1965.0,58.0,P0,0,0,Not Active,Not Active,Not Active,Not Active,Not Active,Not Active,184.394,True,6932556715516.0,8406393829084.0
2026-07-31T01:45:55.361550,2026/07/31 01:45:55.307,0,GPU-2c3c1aab-4401-c49f-e973-2d9a530e6442,NVIDIA B200,958.61,1000.0,100.0,13.0,1700.0,180925.0,183359.0,1965.0,3996.0,1965.0,58.0,P0,0,0,Not Active,Not Active,Not Active,Not Active,Not Active,Not Active,143.868,True,6932556715516.0,8406393829084.0
2026-07-31T01:45:55.502078,2026/07/31 01:45:55.446,0,GPU-2c3c1aab-4401-c49f-e973-2d9a530e6442,NVIDIA B200,959.86,1000.0,100.0,13.0,1700.0,180925.0,183359.0,1965.0,3996.0,1965.0,58.0,P0,0,0,Not Active,Not Active,Not Active,Not Active,Not Active,Not Active,137.378,True,6932556715516.0,8406393829084.0
2026-07-31T01:45:55.638117,2026/07/31 01:45:55.584,0,GPU-2c3c1aab-4401-c49f-e973-2d9a530e6442,NVIDIA B200,959.82,1000.0,100.0,13.0,1700.0,180925.0,183359.0,1965.0,3996.0,1965.0,58.0,P0,0,0,Not Active,Not Active,Not Active,Not Active,Not Active,Not Active,140.214,True,6932556715516.0,8406393829084.0
2026-07-31T01:45:55.787674,2026/07/31 01:45:55.729,0,GPU-2c3c1aab-4401-c49f-e973-2d9a530e6442,NVIDIA B200,959.56,1000.0,100.0,12.0,1700.0,180925.0,183359.0,1965.0,3996.0,1965.0,58.0,P0,0,0,Not Active,Not Active,Not Active,Not Active,Not Active,Not Active,141.616,True,6932556715516.0,8406393829084.0
2026-07-31T01:45:55.934701,2026/07/31 01:45:55.875,0,GPU-2c3c1aab-4401-c49f-e973-2d9a530e6442,NVIDIA B200,959.12,1000.0,100.0,13.0,1700.0,180925.0,183359.0,1965.0,3996.0,1965.0,58.0,P0,0,0,Not Active,Not Active,Not Active,Not Active,Not Active,Not Active,147.491,True,6932556715516.0,8406393829084.0
2026-07-31T01:45:56.076291,2026/07/31 01:45:56.018,0,GPU-2c3c1aab-4401-c49f-e973-2d9a530e6442,NVIDIA B200,959.43,1000.0,100.0,13.0,1700.0,180925.0,183359.0,1965.0,3996.0,1965.0,58.0,P0,0,0,Not Active,Not Active,Not Active,Not Active,Not Active,Not Active,144.626,True,6932556715516.0,8406393829084.0
2026-07-31T01:45:56.227517,2026/07/31 01:45:56.169,0,GPU-2c3c1aab-4401-c49f-e973-2d9a530e6442,NVIDIA B200,959.29,1000.0,100.0,13.0,1700.0,180925.0,183359.0,1965.0,3996.0,1965.0,58.0,P0,0,0,Not Active,Not Active,Not Active,Not Active,Not Active,Not Active,149.427,True,6932556715516.0,8406393829084.0
2026-07-31T01:45:56.367754,2026/07/31 01:45:56.310,0,GPU-2c3c1aab-4401-c49f-e973-2d9a530e6442,NVIDIA B200,960.07,1000.0,100.0,12.0,1700.0,180925.0,183359.0,1965.0,3996.0,1965.0,58.0,P0,0,0,Not Active,Not Active,Not Active,Not Active,Not Active,Not Active,141.424,True,6932556715516.0,8406393829084.0
2026-07-31T01:45:56.521751,2026/07/31 01:45:56.460,0,GPU-2c3c1aab-4401-c49f-e973-2d9a530e6442,NVIDIA B200,958.81,1000.0,100.0,12.0,1700.0,180925.0,183359.0,1965.0,3996.0,1965.0,58.0,P0,0,0,Not Active,Not Active,Not Active,Not Active,Not Active,Not Active,148.098,True,6932556715516.0,8406393829084.0
2026-07-31T01:45:56.657450,2026/07/31 01:45:56.601,0,GPU-2c3c1aab-4401-c49f-e973-2d9a530e6442,NVIDIA B200,959.45,1000.0,100.0,12.0,1700.0,180925.0,183359.0,1965.0,3996.0,1965.0,58.0,P0,0,0,Not Active,Not Active,Not Active,Not Active,Not Active,Not Active,143.154,True,6932556715516.0,8406393829084.0
2026-07-31T01:45:56.806855,2026/07/31 01:45:56.747,0,GPU-2c3c1aab-4401-c49f-e973-2d9a530e6442,NVIDIA B200,959.26,1000.0,100.0,12.0,1700.0,180925.0,183359.0,1965.0,3996.0,1965.0,58.0,P0,0,0,Not Active,Not Active,Not Active,Not Active,Not Active,Not Active,144.172,True,6932556715516.0,8406393829084.0
2026-07-31T01:45:56.993454,2026/07/31 01:45:56.919,0,GPU-2c3c1aab-4401-c49f-e973-2d9a530e6442,NVIDIA B200,960.31,1000.0,100.0,12.0,1700.0,180925.0,183359.0,1965.0,3996.0,1965.0,58.0,P0,0,0,Not Active,Not Active,Not Active,Not Active,Not Active,Not Active,170.579,True,6932556715516.0,8406393829084.0
2026-07-31T01:45:57.248723,2026/07/31 01:45:57.143,0,GPU-2c3c1aab-4401-c49f-e973-2d9a530e6442,NVIDIA B200,960.34,1000.0,100.0,13.0,1700.0,180925.0,183359.0,1965.0,3996.0,1965.0,58.0,P0,0,0,Not Active,Not Active,Not Active,Not Active,Not Active,Not Active,225.686,True,6932556715516.0,8406393829084.0
2026-07-31T01:45:57.402662,2026/07/31 01:45:57.349,0,GPU-2c3c1aab-4401-c49f-e973-2d9a530e6442,NVIDIA B200,959.6,1000.0,100.0,12.0,1700.0,180925.0,183359.0,1965.0,3996.0,1965.0,58.0,P0,0,0,Not Active,Not Active,Not Active,Not Active,Not Active,Not Active,205.008,True,6932556715516.0,8406393829084.0
2026-07-31T01:45:57.600981,2026/07/31 01:45:57.539,0,GPU-2c3c1aab-4401-c49f-e973-2d9a530e6442,NVIDIA B200,961.04,1000.0,100.0,13.0,1700.0,180925.0,183359.0,1965.0,3996.0,1965.0,58.0,P0,0,0,Not Active,Not Active,Not Active,Not Active,Not Active,Not Active,190.842,True,6932556715516.0,8406393829084.0
2026-07-31T01:45:57.860930,2026/07/31 01:45:57.787,0,GPU-2c3c1aab-4401-c49f-e973-2d9a530e6442,NVIDIA B200,960.25,1000.0,100.0,12.0,1700.0,180925.0,183359.0,1965.0,3996.0,1965.0,58.0,P0,0,0,Not Active,Not Active,Not Active,Not Active,Not Active,Not Active,249.363,True,6932556715516.0,8406393829084.0
2026-07-31T01:45:57.997452,2026/07/31 01:45:57.940,0,GPU-2c3c1aab-4401-c49f-e973-2d9a530e6442,NVIDIA B200,959.84,1000.0,100.0,12.0,1700.0,180925.0,183359.0,1965.0,3996.0,1965.0,58.0,P0,0,0,Not Active,Not Active,Not Active,Not Active,Not Active,Not Active,154.277,True,6932556715516.0,8406393829084.0
2026-07-31T01:45:58.130650,2026/07/31 01:45:58.076,0,GPU-2c3c1aab-4401-c49f-e973-2d9a530e6442,NVIDIA B200,960.89,1000.0,100.0,12.0,1700.0,180925.0,183359.0,1965.0,3996.0,1965.0,58.0,P0,0,0,Not Active,Not Active,Not Active,Not Active,Not Active,Not Active,136.365,True,6932556715516.0,8406393829084.0
2026-07-31T01:45:58.265693,2026/07/31 01:45:58.210,0,GPU-2c3c1aab-4401-c49f-e973-2d9a530e6442,NVIDIA B200,960.87,1000.0,100.0,12.0,1700.0,180925.0,183359.0,1965.0,3996.0,1965.0,58.0,P0,0,0,Not Active,Not Active,Not Active,Not Active,Not Active,Not Active,132.715,True,6932556715516.0,8406393829084.0
2026-07-31T01:45:58.400943,2026/07/31 01:45:58.346,0,GPU-2c3c1aab-4401-c49f-e973-2d9a530e6442,NVIDIA B200,960.71,1000.0,100.0,13.0,1700.0,180925.0,183359.0,1965.0,3996.0,1965.0,59.0,P0,0,0,Not Active,Not Active,Not Active,Not Active,Not Active,Not Active,136.298,True,6932556715516.0,8406393829084.0
2026-07-31T01:45:58.543713,2026/07/31 01:45:58.483,0,GPU-2c3c1aab-4401-c49f-e973-2d9a530e6442,NVIDIA B200,960.59,1000.0,100.0,12.0,1700.0,180925.0,183359.0,1965.0,3996.0,1965.0,58.0,P0,0,0,Not Active,Not Active,Not Active,Not Active,Not Active,Not Active,137.42,True,6932556715516.0,8406393829084.0
2026-07-31T01:45:58.680005,2026/07/31 01:45:58.628,0,GPU-2c3c1aab-4401-c49f-e973-2d9a530e6442,NVIDIA B200,961.92,1000.0,100.0,12.0,1700.0,180925.0,183359.0,1965.0,3996.0,1965.0,59.0,P0,0,0,Not Active,Not Active,Not Active,Not Active,Not Active,Not Active,145.563,True,6932556715516.0,8406393829084.0
2026-07-31T01:45:58.822487,2026/07/31 01:45:58.766,0,GPU-2c3c1aab-4401-c49f-e973-2d9a530e6442,NVIDIA B200,961.12,1000.0,100.0,12.0,1700.0,180925.0,183359.0,1965.0,3996.0,1965.0,59.0,P0,0,0,Not Active,Not Active,Not Active,Not Active,Not Active,Not Active,137.487,True,6932556715516.0,8406393829084.0
2026-07-31T01:45:58.963891,2026/07/31 01:45:58.910,0,GPU-2c3c1aab-4401-c49f-e973-2d9a530e6442,NVIDIA B200,961.67,1000.0,100.0,13.0,1700.0,180925.0,183359.0,1965.0,3996.0,1965.0,59.0,P0,0,0,Not Active,Not Active,Not Active,Not Active,Not Active,Not Active,141.516,True,6932556715516.0,8406393829084.0
2026-07-31T01:45:59.093485,2026/07/31 01:45:59.041,0,GPU-2c3c1aab-4401-c49f-e973-2d9a530e6442,NVIDIA B200,960.83,1000.0,100.0,13.0,1700.0,180925.0,183359.0,1965.0,3996.0,1965.0,59.0,P0,0,0,Not Active,Not Active,Not Active,Not Active,Not Active,Not Active,132.857,True,6932556715516.0,8406393829084.0
2026-07-31T01:45:59.232595,2026/07/31 01:45:59.176,0,GPU-2c3c1aab-4401-c49f-e973-2d9a530e6442,NVIDIA B200,961.49,1000.0,100.0,12.0,1700.0,180925.0,183359.0,1965.0,3996.0,1965.0,59.0,P0,0,0,Not Active,Not Active,Not Active,Not Active,Not Active,Not Active,133.74,True,6932556715516.0,8406393829084.0
2026-07-31T01:45:59.368496,2026/07/31 01:45:59.314,0,GPU-2c3c1aab-4401-c49f-e973-2d9a530e6442,NVIDIA B200,961.6,1000.0,100.0,12.0,1700.0,180925.0,183359.0,1965.0,3996.0,1965.0,59.0,P0,0,0,Not Active,Not Active,Not Active,Not Active,Not Active,Not Active,138.518,True,6932556715516.0,8406393829084.0
2026-07-31T01:45:59.502852,2026/07/31 01:45:59.446,0,GPU-2c3c1aab-4401-c49f-e973-2d9a530e6442,NVIDIA B200,960.92,1000.0,100.0,12.0,1700.0,180925.0,183359.0,1965.0,3996.0,1965.0,59.0,P0,0,0,Not Active,Not Active,Not Active,Not Active,Not Active,Not Active,134.354,True,6932556715516.0,8406393829084.0
2026-07-31T01:45:59.633046,2026/07/31 01:45:59.581,0,GPU-2c3c1aab-4401-c49f-e973-2d9a530e6442,NVIDIA B200,961.28,1000.0,99.0,13.0,1700.0,180925.0,183359.0,1965.0,3996.0,1965.0,59.0,P0,0,0,Not Active,Not Active,Not Active,Not Active,Not Active,Not Active,133.771,True,6932556715516.0,8406393829084.0
2026-07-31T01:45:59.767913,2026/07/31 01:45:59.714,0,GPU-2c3c1aab-4401-c49f-e973-2d9a530e6442,NVIDIA B200,961.88,1000.0,100.0,13.0,1700.0,180925.0,183359.0,1965.0,3996.0,1965.0,59.0,P0,0,0,Not Active,Not Active,Not Active,Not Active,Not Active,Not Active,134.352,True,6932556715516.0,8406393829084.0
2026-07-31T01:45:59.921587,2026/07/31 01:45:59.847,0,GPU-2c3c1aab-4401-c49f-e973-2d9a530e6442,NVIDIA B200,961.91,1000.0,100.0,13.0,1700.0,180925.0,183359.0,1965.0,3996.0,1965.0,59.0,P0,0,0,Not Active,Not Active,Not Active,Not Active,Not Active,Not Active,131.099,True,6932556715516.0,8406393829084.0
2026-07-31T01:46:00.072472,2026/07/31 01:46:00.009,0,GPU-2c3c1aab-4401-c49f-e973-2d9a530e6442,NVIDIA B200,962.41,1000.0,100.0,12.0,1700.0,180925.0,183359.0,1965.0,3996.0,1965.0,59.0,P0,0,0,Not Active,Not Active,Not Active,Not Active,Not Active,Not Active,163.275,True,6932556715516.0,8406393829084.0
2026-07-31T01:46:00.241898,2026/07/31 01:46:00.156,0,GPU-2c3c1aab-4401-c49f-e973-2d9a530e6442,NVIDIA B200,962.23,1000.0,100.0,12.0,1700.0,180925.0,183359.0,1965.0,3996.0,1965.0,59.0,P0,0,0,Not Active,Not Active,Not Active,Not Active,Not Active,Not Active,147.241,True,6932556715516.0,8406393829084.0
2026-07-31T01:46:00.382498,2026/07/31 01:46:00.329,0,GPU-2c3c1aab-4401-c49f-e973-2d9a530e6442,NVIDIA B200,961.76,1000.0,100.0,12.0,1700.0,180925.0,183359.0,1965.0,3996.0,1965.0,59.0,P0,0,0,Not Active,Not Active,Not Active,Not Active,Not Active,Not Active,172.362,True,6932556715516.0,8406393829084.0
2026-07-31T01:46:00.520183,2026/07/31 01:46:00.463,0,GPU-2c3c1aab-4401-c49f-e973-2d9a530e6442,NVIDIA B200,962.76,1000.0,100.0,12.0,1700.0,180925.0,183359.0,1965.0,3996.0,1965.0,59.0,P0,0,0,Not Active,Not Active,Not Active,Not Active,Not Active,Not Active,133.23,True,6932556715516.0,8406393829084.0
2026-07-31T01:46:00.653835,2026/07/31 01:46:00.600,0,GPU-2c3c1aab-4401-c49f-e973-2d9a530e6442,NVIDIA B200,962.37,1000.0,100.0,12.0,1700.0,180925.0,183359.0,1965.0,3996.0,1965.0,59.0,P0,0,0,Not Active,Not Active,Not Active,Not Active,Not Active,Not Active,137.745,True,6932556715516.0,8406393829084.0
2026-07-31T01:46:00.791053,2026/07/31 01:46:00.733,0,GPU-2c3c1aab-4401-c49f-e973-2d9a530e6442,NVIDIA B200,962.2,1000.0,100.0,13.0,1700.0,180925.0,183359.0,1965.0,3996.0,1965.0,59.0,P0,0,0,Not Active,Not Active,Not Active,Not Active,Not Active,Not Active,133.48,True,6932556715516.0,8406393829084.0
2026-07-31T01:46:00.924633,2026/07/31 01:46:00.871,0,GPU-2c3c1aab-4401-c49f-e973-2d9a530e6442,NVIDIA B200,961.78,1000.0,100.0,12.0,1700.0,180925.0,183359.0,1965.0,3996.0,1965.0,59.0,P0,0,0,Not Active,Not Active,Not Active,Not Active,Not Active,Not Active,137.791,True,6932556715516.0,8406393829084.0
2026-07-31T01:46:01.061679,2026/07/31 01:46:01.008,0,GPU-2c3c1aab-4401-c49f-e973-2d9a530e6442,NVIDIA B200,963.38,1000.0,100.0,12.0,1700.0,180925.0,183359.0,1965.0,3996.0,1965.0,59.0,P0,0,0,Not Active,Not Active,Not Active,Not Active,Not Active,Not Active,134.474,True,6932556715516.0,8406393829084.0
2026-07-31T01:46:01.208159,2026/07/31 01:46:01.151,0,GPU-2c3c1aab-4401-c49f-e973-2d9a530e6442,NVIDIA B200,962.75,1000.0,100.0,12.0,1700.0,180925.0,183359.0,1965.0,3996.0,1965.0,59.0,P0,0,0,Not Active,Not Active,Not Active,Not Active,Not Active,Not Active,143.228,True,6932556715516.0,8406393829084.0
2026-07-31T01:46:01.343472,2026/07/31 01:46:01.289,0,GPU-2c3c1aab-4401-c49f-e973-2d9a530e6442,NVIDIA B200,963.63,1000.0,100.0,12.0,1700.0,180925.0,183359.0,1965.0,3996.0,1965.0,59.0,P0,0,0,Not Active,Not Active,Not Active,Not Active,Not Active,Not Active,140.321,True,6932556715516.0,8406393829084.0
2026-07-31T01:46:01.491626,2026/07/31 01:46:01.428,0,GPU-2c3c1aab-4401-c49f-e973-2d9a530e6442,NVIDIA B200,962.08,1000.0,100.0,12.0,1700.0,180925.0,183359.0,1965.0,3996.0,1965.0,59.0,P0,0,0,Not Active,Not Active,Not Active,Not Active,Not Active,Not Active,135.109,True,6932556715516.0,8406393829084.0
2026-07-31T01:46:01.629828,2026/07/31 01:46:01.579,0,GPU-2c3c1aab-4401-c49f-e973-2d9a530e6442,NVIDIA B200,962.63,1000.0,100.0,12.0,1700.0,180925.0,183359.0,1965.0,3996.0,1965.0,59.0,P0,0,0,Not Active,Not Active,Not Active,Not Active,Not Active,Not Active,151.749,True,6932556715516.0,8406393829084.0
2026-07-31T01:46:01.772170,2026/07/31 01:46:01.716,0,GPU-2c3c1aab-4401-c49f-e973-2d9a530e6442,NVIDIA B200,963.97,1000.0,100.0,12.0,1700.0,180925.0,183359.0,1965.0,3996.0,1965.0,60.0,P0,0,0,Not Active,Not Active,Not Active,Not Active,Not Active,Not Active,138.796,True,6932556715516.0,8406393829084.0
2026-07-31T01:46:01.926641,2026/07/31 01:46:01.871,0,GPU-2c3c1aab-4401-c49f-e973-2d9a530e6442,NVIDIA B200,963.46,1000.0,100.0,13.0,1700.0,180925.0,183359.0,1965.0,3996.0,1965.0,59.0,P0,0,0,Not Active,Not Active,Not Active,Not Active,Not Active,Not Active,155.157,True,6932556715516.0,8406393829084.0
2026-07-31T01:46:02.076910,2026/07/31 01:46:02.017,0,GPU-2c3c1aab-4401-c49f-e973-2d9a530e6442,NVIDIA B200,962.76,1000.0,100.0,13.0,1700.0,180925.0,183359.0,1965.0,3996.0,1965.0,59.0,P0,0,0,Not Active,Not Active,Not Active,Not Active,Not Active,Not Active,143.546,True,6932556715516.0,8406393829084.0
2026-07-31T01:46:02.242612,2026/07/31 01:46:02.187,0,GPU-2c3c1aab-4401-c49f-e973-2d9a530e6442,NVIDIA B200,962.55,1000.0,100.0,12.0,1700.0,180925.0,183359.0,1965.0,3996.0,1965.0,60.0,P0,0,0,Not Active,Not Active,Not Active,Not Active,Not Active,Not Active,166.823,True,6932556715516.0,8406393829084.0
2026-07-31T01:46:02.459209,2026/07/31 01:46:02.374,0,GPU-2c3c1aab-4401-c49f-e973-2d9a530e6442,NVIDIA B200,963.0,1000.0,100.0,12.0,1700.0,180925.0,183359.0,1965.0,3996.0,1965.0,60.0,P0,0,0,Not Active,Not Active,Not Active,Not Active,Not Active,Not Active,155.71,True,6932556715516.0,8406393829084.0
2026-07-31T01:46:02.678054,2026/07/31 01:46:02.621,0,GPU-2c3c1aab-4401-c49f-e973-2d9a530e6442,NVIDIA B200,964.16,1000.0,100.0,12.0,1700.0,180925.0,183359.0,1965.0,3996.0,1965.0,60.0,P0,0,0,Not Active,Not Active,Not Active,Not Active,Not Active,Not Active,280.457,True,6932556715516.0,8406393829084.0
2026-07-31T01:46:02.811556,2026/07/31 01:46:02.759,0,GPU-2c3c1aab-4401-c49f-e973-2d9a530e6442,NVIDIA B200,963.3,1000.0,100.0,12.0,1700.0,180925.0,183359.0,1965.0,3996.0,1965.0,60.0,P0,0,0,Not Active,Not Active,Not Active,Not Active,Not Active,Not Active,143.034,True,6932556715516.0,8406393829084.0
2026-07-31T01:46:03.049671,2026/07/31 01:46:02.891,0,GPU-2c3c1aab-4401-c49f-e973-2d9a530e6442,NVIDIA B200,964.04,1000.0,100.0,12.0,1700.0,180925.0,183359.0,1965.0,3996.0,1965.0,60.0,P0,0,0,Not Active,Not Active,Not Active,Not Active,Not Active,Not Active,130.982,True,6932556715516.0,8406393829084.0
2026-07-31T01:46:03.223470,2026/07/31 01:46:03.173,0,GPU-2c3c1aab-4401-c49f-e973-2d9a530e6442,NVIDIA B200,964.66,1000.0,100.0,13.0,1700.0,180925.0,183359.0,1965.0,3996.0,1965.0,60.0,P0,0,0,Not Active,Not Active,Not Active,Not Active,Not Active,Not Active,282.595,True,6932556715516.0,8406393829084.0
2026-07-31T01:46:03.363740,2026/07/31 01:46:03.306,0,GPU-2c3c1aab-4401-c49f-e973-2d9a530e6442,NVIDIA B200,963.67,1000.0,100.0,12.0,1700.0,180925.0,183359.0,1965.0,3996.0,1965.0,60.0,P0,0,0,Not Active,Not Active,Not Active,Not Active,Not Active,Not Active,129.834,True,6932556715516.0,8406393829084.0
2026-07-31T01:46:03.501938,2026/07/31 01:46:03.446,0,GPU-2c3c1aab-4401-c49f-e973-2d9a530e6442,NVIDIA B200,965.45,1000.0,100.0,12.0,1700.0,180925.0,183359.0,1965.0,3996.0,1965.0,60.0,P0,0,0,Not Active,Not Active,Not Active,Not Active,Not Active,Not Active,142.994,True,6932556715516.0,8406393829084.0
2026-07-31T01:46:03.644195,2026/07/31 01:46:03.585,0,GPU-2c3c1aab-4401-c49f-e973-2d9a530e6442,NVIDIA B200,963.23,1000.0,100.0,12.0,1700.0,180925.0,183359.0,1965.0,3996.0,1965.0,60.0,P0,0,0,Not Active,Not Active,Not Active,Not Active,Not Active,Not Active,138.592,True,6932556715516.0,8406393829084.0
2026-07-31T01:46:03.782859,2026/07/31 01:46:03.726,0,GPU-2c3c1aab-4401-c49f-e973-2d9a530e6442,NVIDIA B200,962.9,1000.0,100.0,12.0,1700.0,180925.0,183359.0,1965.0,3996.0,1965.0,60.0,P0,0,0,Not Active,Not Active,Not Active,Not Active,Not Active,Not Active,137.795,True,6932556715516.0,8406393829084.0
2026-07-31T01:46:03.925873,2026/07/31 01:46:03.869,0,GPU-2c3c1aab-4401-c49f-e973-2d9a530e6442,NVIDIA B200,962.99,1000.0,100.0,12.0,1700.0,180925.0,183359.0,1965.0,3996.0,1965.0,60.0,P0,0,0,Not Active,Not Active,Not Active,Not Active,Not Active,Not Active,145.844,True,6932556715516.0,8406393829084.0
2026-07-31T01:46:04.061470,2026/07/31 01:46:04.009,0,GPU-2c3c1aab-4401-c49f-e973-2d9a530e6442,NVIDIA B200,964.78,1000.0,100.0,12.0,1700.0,180925.0,183359.0,1965.0,3996.0,1965.0,60.0,P0,0,0,Not Active,Not Active,Not Active,Not Active,Not Active,Not Active,139.773,True,6932556715516.0,8406393829084.0
2026-07-31T01:46:04.208520,2026/07/31 01:46:04.150,0,GPU-2c3c1aab-4401-c49f-e973-2d9a530e6442,NVIDIA B200,963.39,1000.0,100.0,12.0,1700.0,180925.0,183359.0,1965.0,3996.0,1965.0,60.0,P0,0,0,Not Active,Not Active,Not Active,Not Active,Not Active,Not Active,139.281,True,6932556715516.0,8406393829084.0
2026-07-31T01:46:04.349638,2026/07/31 01:46:04.291,0,GPU-2c3c1aab-4401-c49f-e973-2d9a530e6442,NVIDIA B200,963.45,1000.0,100.0,12.0,1700.0,180925.0,183359.0,1965.0,3996.0,1965.0,60.0,P0,0,0,Not Active,Not Active,Not Active,Not Active,Not Active,Not Active,143.946,True,6932556715516.0,8406393829084.0
2026-07-31T01:46:04.493282,2026/07/31 01:46:04.435,0,GPU-2c3c1aab-4401-c49f-e973-2d9a530e6442,NVIDIA B200,962.36,1000.0,100.0,12.0,1700.0,180925.0,183359.0,1965.0,3996.0,1965.0,60.0,P0,0,0,Not Active,Not Active,Not Active,Not Active,Not Active,Not Active,141.959,True,6932556715516.0,8406393829084.0
2026-07-31T01:46:04.642899,2026/07/31 01:46:04.584,0,GPU-2c3c1aab-4401-c49f-e973-2d9a530e6442,NVIDIA B200,962.7,1000.0,100.0,12.0,1700.0,180925.0,183359.0,1965.0,3996.0,1965.0,60.0,P0,0,0,Not Active,Not Active,Not Active,Not Active,Not Active,Not Active,148.926,True,6932556715516.0,8406393829084.0
2026-07-31T01:46:04.791152,2026/07/31 01:46:04.731,0,GPU-2c3c1aab-4401-c49f-e973-2d9a530e6442,NVIDIA B200,964.21,1000.0,100.0,12.0,1700.0,180925.0,183359.0,1965.0,3996.0,1965.0,60.0,P0,0,0,Not Active,Not Active,Not Active,Not Active,Not Active,Not Active,147.01,True,6932556715516.0,8406393829084.0
2026-07-31T01:46:04.930930,2026/07/31 01:46:04.874,0,GPU-2c3c1aab-4401-c49f-e973-2d9a530e6442,NVIDIA B200,963.83,1000.0,100.0,12.0,1700.0,180925.0,183359.0,1965.0,3996.0,1965.0,60.0,P0,0,0,Not Active,Not Active,Not Active,Not Active,Not Active,Not Active,144.852,True,6932556715516.0,8406393829084.0
2026-07-31T01:46:05.069827,2026/07/31 01:46:05.016,0,GPU-2c3c1aab-4401-c49f-e973-2d9a530e6442,NVIDIA B200,962.92,1000.0,100.0,12.0,1700.0,180925.0,183359.0,1965.0,3996.0,1965.0,60.0,P0,0,0,Not Active,Not Active,Not Active,Not Active,Not Active,Not Active,142.22,True,6932556715516.0,8406393829084.0
2026-07-31T01:46:05.206167,2026/07/31 01:46:05.150,0,GPU-2c3c1aab-4401-c49f-e973-2d9a530e6442,NVIDIA B200,964.46,1000.0,99.0,12.0,1700.0,180925.0,183359.0,1965.0,3996.0,1965.0,60.0,P0,0,0,Not Active,Not Active,Not Active,Not Active,Not Active,Not Active,131.605,True,6932556715516.0,8406393829084.0
2026-07-31T01:46:05.346837,2026/07/31 01:46:05.293,0,GPU-2c3c1aab-4401-c49f-e973-2d9a530e6442,NVIDIA B200,964.77,1000.0,100.0,12.0,1700.0,180925.0,183359.0,1965.0,3996.0,1965.0,60.0,P0,0,0,Not Active,Not Active,Not Active,Not Active,Not Active,Not Active,143.004,True,6932556715516.0,8406393829084.0
2026-07-31T01:46:05.521999,2026/07/31 01:46:05.459,0,GPU-2c3c1aab-4401-c49f-e973-2d9a530e6442,NVIDIA B200,964.38,1000.0,100.0,12.0,1700.0,180925.0,183359.0,1965.0,3996.0,1965.0,60.0,P0,0,0,Not Active,Not Active,Not Active,Not Active,Not Active,Not Active,165.86,True,6932556715516.0,8406393829084.0
2026-07-31T01:46:05.660609,2026/07/31 01:46:05.607,0,GPU-2c3c1aab-4401-c49f-e973-2d9a530e6442,NVIDIA B200,966.28,1000.0,100.0,12.0,1700.0,180925.0,183359.0,1965.0,3996.0,1965.0,60.0,P0,0,0,Not Active,Not Active,Not Active,Not Active,Not Active,Not Active,147.845,True,6932556715516.0,8406393829084.0
2026-07-31T01:46:05.793645,2026/07/31 01:46:05.743,0,GPU-2c3c1aab-4401-c49f-e973-2d9a530e6442,NVIDIA B200,964.76,1000.0,100.0,12.0,1700.0,180925.0,183359.0,1965.0,3996.0,1965.0,60.0,P0,0,0,Not Active,Not Active,Not Active,Not Active,Not Active,Not Active,138.918,True,6932556715516.0,8406393829084.0
2026-07-31T01:46:05.934690,2026/07/31 01:46:05.871,0,GPU-2c3c1aab-4401-c49f-e973-2d9a530e6442,NVIDIA B200,965.0,1000.0,100.0,12.0,1700.0,180925.0,183359.0,1965.0,3996.0,1965.0,61.0,P0,0,0,Not Active,Not Active,Not Active,Not Active,Not Active,Not Active,125.476,True,6932556715516.0,8406393829084.0
2026-07-31T01:46:06.080182,2026/07/31 01:46:06.022,0,GPU-2c3c1aab-4401-c49f-e973-2d9a530e6442,NVIDIA B200,965.55,1000.0,100.0,12.0,1700.0,180925.0,183359.0,1965.0,3996.0,1965.0,60.0,P0,0,0,Not Active,Not Active,Not Active,Not Active,Not Active,Not Active,152.064,True,6932556715516.0,8406393829084.0
2026-07-31T01:46:06.224849,2026/07/31 01:46:06.164,0,GPU-2c3c1aab-4401-c49f-e973-2d9a530e6442,NVIDIA B200,965.22,1000.0,100.0,12.0,1700.0,180925.0,183359.0,1965.0,3996.0,1965.0,61.0,P0,0,0,Not Active,Not Active,Not Active,Not Active,Not Active,Not Active,142.996,True,6932556715516.0,8406393829084.0
2026-07-31T01:46:06.367612,2026/07/31 01:46:06.310,0,GPU-2c3c1aab-4401-c49f-e973-2d9a530e6442,NVIDIA B200,966.13,1000.0,100.0,12.0,1700.0,180925.0,183359.0,1965.0,3996.0,1965.0,61.0,P0,0,0,Not Active,Not Active,Not Active,Not Active,Not Active,Not Active,143.911,True,6932556715516.0,8406393829084.0
2026-07-31T01:46:06.511701,2026/07/31 01:46:06.450,0,GPU-2c3c1aab-4401-c49f-e973-2d9a530e6442,NVIDIA B200,966.56,1000.0,100.0,12.0,1700.0,180925.0,183359.0,1965.0,3996.0,1965.0,61.0,P0,0,0,Not Active,Not Active,Not Active,Not Active,Not Active,Not Active,140.133,True,6932556715516.0,8406393829084.0
2026-07-31T01:46:06.654916,2026/07/31 01:46:06.600,0,GPU-2c3c1aab-4401-c49f-e973-2d9a530e6442,NVIDIA B200,965.07,1000.0,100.0,12.0,1700.0,180925.0,183359.0,1965.0,3996.0,1965.0,60.0,P0,0,0,Not Active,Not Active,Not Active,Not Active,Not Active,Not Active,149.767,True,6932556715516.0,8406393829084.0
2026-07-31T01:46:06.791657,2026/07/31 01:46:06.736,0,GPU-2c3c1aab-4401-c49f-e973-2d9a530e6442,NVIDIA B200,965.66,1000.0,100.0,12.0,1700.0,180925.0,183359.0,1965.0,3996.0,1965.0,61.0,P0,0,0,Not Active,Not Active,Not Active,Not Active,Not Active,Not Active,138.833,True,6932556715516.0,8406393829084.0
2026-07-31T01:46:06.926605,2026/07/31 01:46:06.871,0,GPU-2c3c1aab-4401-c49f-e973-2d9a530e6442,NVIDIA B200,964.8,1000.0,100.0,12.0,1700.0,180925.0,183359.0,1965.0,3996.0,1965.0,61.0,P0,0,0,Not Active,Not Active,Not Active,Not Active,Not Active,Not Active,134.241,True,6932556715516.0,8406393829084.0
2026-07-31T01:46:07.054643,2026/07/31 01:46:07.003,0,GPU-2c3c1aab-4401-c49f-e973-2d9a530e6442,NVIDIA B200,965.53,1000.0,100.0,12.0,1700.0,180925.0,183359.0,1965.0,3996.0,1965.0,61.0,P0,0,0,Not Active,Not Active,Not Active,Not Active,Not Active,Not Active,132.762,True,6932556715516.0,8406393829084.0
2026-07-31T01:46:07.199818,2026/07/31 01:46:07.140,0,GPU-2c3c1aab-4401-c49f-e973-2d9a530e6442,NVIDIA B200,964.25,1000.0,100.0,12.0,1700.0,180925.0,183359.0,1965.0,3996.0,1965.0,61.0,P0,0,0,Not Active,Not Active,Not Active,Not Active,Not Active,Not Active,134.755,True,6932556715516.0,8406393829084.0
2026-07-31T01:46:07.375852,2026/07/31 01:46:07.315,0,GPU-2c3c1aab-4401-c49f-e973-2d9a530e6442,NVIDIA B200,964.17,1000.0,100.0,12.0,1700.0,180925.0,183359.0,1965.0,3996.0,1965.0,61.0,P0,0,0,Not Active,Not Active,Not Active,Not Active,Not Active,Not Active,146.454,True,6932556715516.0,8406393829084.0
2026-07-31T01:46:07.518343,2026/07/31 01:46:07.462,0,GPU-2c3c1aab-4401-c49f-e973-2d9a530e6442,NVIDIA B200,964.4,1000.0,100.0,12.0,1700.0,180925.0,183359.0,1965.0,3996.0,1965.0,61.0,P0,0,0,Not Active,Not Active,Not Active,Not Active,Not Active,Not Active,174.698,True,6932556715516.0,8406393829084.0
2026-07-31T01:46:07.803863,2026/07/31 01:46:07.746,0,GPU-2c3c1aab-4401-c49f-e973-2d9a530e6442,NVIDIA B200,965.09,1000.0,100.0,12.0,1700.0,180925.0,183359.0,1965.0,3996.0,1965.0,61.0,P0,0,0,Not Active,Not Active,Not Active,Not Active,Not Active,Not Active,267.025,True,6932556715516.0,8406393829084.0
2026-07-31T01:46:07.932881,2026/07/31 01:46:07.882,0,GPU-2c3c1aab-4401-c49f-e973-2d9a530e6442,NVIDIA B200,965.69,1000.0,100.0,12.0,1700.0,180925.0,183359.0,1965.0,3996.0,1965.0,61.0,P0,0,0,Not Active,Not Active,Not Active,Not Active,Not Active,Not Active,157.179,True,6932556715516.0,8406393829084.0
2026-07-31T01:46:08.067406,2026/07/31 01:46:08.016,0,GPU-2c3c1aab-4401-c49f-e973-2d9a530e6442,NVIDIA B200,965.04,1000.0,100.0,12.0,1700.0,180925.0,183359.0,1965.0,3996.0,1965.0,61.0,P0,0,0,Not Active,Not Active,Not Active,Not Active,Not Active,Not Active,131.418,True,6932556715516.0,8406393829084.0
2026-07-31T01:46:08.198267,2026/07/31 01:46:08.150,0,GPU-2c3c1aab-4401-c49f-e973-2d9a530e6442,NVIDIA B200,965.06,1000.0,100.0,12.0,1700.0,180925.0,183359.0,1965.0,3996.0,1965.0,61.0,P0,0,0,Not Active,Not Active,Not Active,Not Active,Not Active,Not Active,134.815,True,6932556715516.0,8406393829084.0
2026-07-31T01:46:08.440467,2026/07/31 01:46:08.356,0,GPU-2c3c1aab-4401-c49f-e973-2d9a530e6442,NVIDIA B200,965.16,1000.0,100.0,12.0,1700.0,180925.0,183359.0,1965.0,3996.0,1965.0,61.0,P0,0,0,Not Active,Not Active,Not Active,Not Active,Not Active,Not Active,203.365,True,6932556715516.0,8406393829084.0
2026-07-31T01:46:08.573678,2026/07/31 01:46:08.519,0,GPU-2c3c1aab-4401-c49f-e973-2d9a530e6442,NVIDIA B200,966.68,1000.0,100.0,12.0,1700.0,180925.0,183359.0,1965.0,3996.0,1965.0,61.0,P0,0,0,Not Active,Not Active,Not Active,Not Active,Not Active,Not Active,166.129,True,6932556715516.0,8406393829084.0
2026-07-31T01:46:08.712558,2026/07/31 01:46:08.659,0,GPU-2c3c1aab-4401-c49f-e973-2d9a530e6442,NVIDIA B200,966.39,1000.0,100.0,12.0,1700.0,180925.0,183359.0,1965.0,3996.0,1965.0,61.0,P0,0,0,Not Active,Not Active,Not Active,Not Active,Not Active,Not Active,137.952,True,6932556715516.0,8406393829084.0
2026-07-31T01:46:08.858288,2026/07/31 01:46:08.800,0,GPU-2c3c1aab-4401-c49f-e973-2d9a530e6442,NVIDIA B200,966.86,1000.0,100.0,12.0,1700.0,180925.0,183359.0,1965.0,3996.0,1965.0,61.0,P0,0,0,Not Active,Not Active,Not Active,Not Active,Not Active,Not Active,141.26,True,6932556715516.0,8406393829084.0
2026-07-31T01:46:09.007452,2026/07/31 01:46:08.949,0,GPU-2c3c1aab-4401-c49f-e973-2d9a530e6442,NVIDIA B200,967.02,1000.0,100.0,13.0,1700.0,180925.0,183359.0,1965.0,3996.0,1965.0,61.0,P0,0,0,Not Active,Not Active,Not Active,Not Active,Not Active,Not Active,150.704,True,6932556715516.0,8406393829084.0
2026-07-31T01:46:09.152036,2026/07/31 01:46:09.095,0,GPU-2c3c1aab-4401-c49f-e973-2d9a530e6442,NVIDIA B200,967.12,1000.0,100.0,12.0,1700.0,180925.0,183359.0,1965.0,3996.0,1965.0,61.0,P0,0,0,Not Active,Not Active,Not Active,Not Active,Not Active,Not Active,142.671,True,6932556715516.0,8406393829084.0
2026-07-31T01:46:09.302704,2026/07/31 01:46:09.244,0,GPU-2c3c1aab-4401-c49f-e973-2d9a530e6442,NVIDIA B200,967.34,1000.0,100.0,12.0,1700.0,180925.0,183359.0,1965.0,3996.0,1965.0,61.0,P0,0,0,Not Active,Not Active,Not Active,Not Active,Not Active,Not Active,150.19,True,6932556715516.0,8406393829084.0
2026-07-31T01:46:09.472558,2026/07/31 01:46:09.415,0,GPU-2c3c1aab-4401-c49f-e973-2d9a530e6442,NVIDIA B200,965.53,1000.0,100.0,12.0,1700.0,180925.0,183359.0,1965.0,3996.0,1965.0,61.0,P0,0,0,Not Active,Not Active,Not Active,Not Active,Not Active,Not Active,169.582,True,6932556715516.0,8406393829084.0
2026-07-31T01:46:09.607443,2026/07/31 01:46:09.559,0,GPU-2c3c1aab-4401-c49f-e973-2d9a530e6442,NVIDIA B200,967.08,1000.0,100.0,12.0,1700.0,180925.0,183359.0,1965.0,3996.0,1965.0,61.0,P0,0,0,Not Active,Not Active,Not Active,Not Active,Not Active,Not Active,146.217,True,6932556715516.0,8406393829084.0
2026-07-31T01:46:09.725360,2026/07/31 01:46:09.678,0,GPU-2c3c1aab-4401-c49f-e973-2d9a530e6442,NVIDIA B200,966.06,1000.0,100.0,12.0,1700.0,180925.0,183359.0,1965.0,3996.0,1965.0,61.0,P0,0,0,Not Active,Not Active,Not Active,Not Active,Not Active,Not Active,122.207,True,6932556715516.0,8406393829084.0
2026-07-31T01:46:09.864535,2026/07/31 01:46:09.810,0,GPU-2c3c1aab-4401-c49f-e973-2d9a530e6442,NVIDIA B200,968.43,1000.0,100.0,12.0,1700.0,180925.0,183359.0,1965.0,3996.0,1965.0,61.0,P0,0,0,Not Active,Not Active,Not Active,Not Active,Not Active,Not Active,130.539,True,6932556715516.0,8406393829084.0
2026-07-31T01:46:10.003600,2026/07/31 01:46:09.948,0,GPU-2c3c1aab-4401-c49f-e973-2d9a530e6442,NVIDIA B200,966.68,1000.0,100.0,13.0,1700.0,180925.0,183359.0,1965.0,3996.0,1965.0,61.0,P0,0,0,Not Active,Not Active,Not Active,Not Active,Not Active,Not Active,138.015,True,6932556715516.0,8406393829084.0
2026-07-31T01:46:10.140449,2026/07/31 01:46:10.087,0,GPU-2c3c1aab-4401-c49f-e973-2d9a530e6442,NVIDIA B200,967.24,1000.0,100.0,12.0,1700.0,180925.0,183359.0,1965.0,3996.0,1965.0,61.0,P0,0,0,Not Active,Not Active,Not Active,Not Active,Not Active,Not Active,137.876,True,6932556715516.0,8406393829084.0
2026-07-31T01:46:10.281779,2026/07/31 01:46:10.221,0,GPU-2c3c1aab-4401-c49f-e973-2d9a530e6442,NVIDIA B200,966.67,1000.0,100.0,12.0,1700.0,180925.0,183359.0,1965.0,3996.0,1965.0,61.0,P0,0,0,Not Active,Not Active,Not Active,Not Active,Not Active,Not Active,131.987,True,6932556715516.0,8406393829084.0
2026-07-31T01:46:10.428728,2026/07/31 01:46:10.369,0,GPU-2c3c1aab-4401-c49f-e973-2d9a530e6442,NVIDIA B200,967.92,1000.0,100.0,12.0,1700.0,180925.0,183359.0,1965.0,3996.0,1965.0,61.0,P0,0,0,Not Active,Not Active,Not Active,Not Active,Not Active,Not Active,148.221,True,6932556715516.0,8406393829084.0
2026-07-31T01:46:10.572596,2026/07/31 01:46:10.518,0,GPU-2c3c1aab-4401-c49f-e973-2d9a530e6442,NVIDIA B200,968.59,1000.0,100.0,13.0,1700.0,180925.0,183359.0,1965.0,3996.0,1965.0,61.0,P0,0,0,Not Active,Not Active,Not Active,Not Active,Not Active,Not Active,148.68,True,6932556715516.0,8406393829084.0
2026-07-31T01:46:10.746252,2026/07/31 01:46:10.687,0,GPU-2c3c1aab-4401-c49f-e973-2d9a530e6442,NVIDIA B200,968.91,1000.0,100.0,12.0,1700.0,180925.0,183359.0,1965.0,3996.0,1965.0,61.0,P0,0,0,Not Active,Not Active,Not Active,Not Active,Not Active,Not Active,171.508,True,6932556715516.0,8406393829084.0
2026-07-31T01:46:10.896949,2026/07/31 01:46:10.837,0,GPU-2c3c1aab-4401-c49f-e973-2d9a530e6442,NVIDIA B200,967.31,1000.0,100.0,12.0,1700.0,180925.0,183359.0,1965.0,3996.0,1965.0,61.0,P0,0,0,Not Active,Not Active,Not Active,Not Active,Not Active,Not Active,147.874,True,6932556715516.0,8406393829084.0
2026-07-31T01:46:11.033097,2026/07/31 01:46:10.975,0,GPU-2c3c1aab-4401-c49f-e973-2d9a530e6442,NVIDIA B200,968.08,1000.0,100.0,12.0,1700.0,180925.0,183359.0,1965.0,3996.0,1965.0,61.0,P0,0,0,Not Active,Not Active,Not Active,Not Active,Not Active,Not Active,140.224,True,6932556715516.0,8406393829084.0
2026-07-31T01:46:11.173671,2026/07/31 01:46:11.118,0,GPU-2c3c1aab-4401-c49f-e973-2d9a530e6442,NVIDIA B200,968.13,1000.0,100.0,12.0,1700.0,180925.0,183359.0,1965.0,3996.0,1965.0,61.0,P0,0,0,Not Active,Not Active,Not Active,Not Active,Not Active,Not Active,143.591,True,6932556715516.0,8406393829084.0
2026-07-31T01:46:11.315441,2026/07/31 01:46:11.259,0,GPU-2c3c1aab-4401-c49f-e973-2d9a530e6442,NVIDIA B200,968.46,1000.0,100.0,12.0,1700.0,180925.0,183359.0,1965.0,3996.0,1965.0,61.0,P0,0,0,Not Active,Not Active,Not Active,Not Active,Not Active,Not Active,140.071,True,6932556715516.0,8406393829084.0
2026-07-31T01:46:11.459635,2026/07/31 01:46:11.403,0,GPU-2c3c1aab-4401-c49f-e973-2d9a530e6442,NVIDIA B200,968.58,1000.0,100.0,12.0,1700.0,180925.0,183359.0,1965.0,3996.0,1965.0,61.0,P0,0,0,Not Active,Not Active,Not Active,Not Active,Not Active,Not Active,142.133,True,6932556715516.0,8406393829084.0
2026-07-31T01:46:11.603854,2026/07/31 01:46:11.548,0,GPU-2c3c1aab-4401-c49f-e973-2d9a530e6442,NVIDIA B200,968.25,1000.0,100.0,12.0,1700.0,180925.0,183359.0,1965.0,3996.0,1965.0,61.0,P0,0,0,Not Active,Not Active,Not Active,Not Active,Not Active,Not Active,143.909,True,6932556715516.0,8406393829084.0
2026-07-31T01:46:11.745812,2026/07/31 01:46:11.689,0,GPU-2c3c1aab-4401-c49f-e973-2d9a530e6442,NVIDIA B200,967.08,1000.0,100.0,12.0,1700.0,180925.0,183359.0,1965.0,3996.0,1965.0,61.0,P0,0,0,Not Active,Not Active,Not Active,Not Active,Not Active,Not Active,144.396,True,6932556715516.0,8406393829084.0
2026-07-31T01:46:11.885867,2026/07/31 01:46:11.833,0,GPU-2c3c1aab-4401-c49f-e973-2d9a530e6442,NVIDIA B200,967.57,1000.0,100.0,12.0,1700.0,180925.0,183359.0,1965.0,3996.0,1965.0,61.0,P0,0,0,Not Active,Not Active,Not Active,Not Active,Not Active,Not Active,142.242,True,6932556715516.0,8406393829084.0
2026-07-31T01:46:12.029532,2026/07/31 01:46:11.972,0,GPU-2c3c1aab-4401-c49f-e973-2d9a530e6442,NVIDIA B200,967.64,1000.0,100.0,12.0,1700.0,180925.0,183359.0,1965.0,3996.0,1965.0,61.0,P0,0,0,Not Active,Not Active,Not Active,Not Active,Not Active,Not Active,137.247,True,6932556715516.0,8406393829084.0
2026-07-31T01:46:12.182062,2026/07/31 01:46:12.123,0,GPU-2c3c1aab-4401-c49f-e973-2d9a530e6442,NVIDIA B200,968.47,1000.0,100.0,12.0,1700.0,180925.0,183359.0,1965.0,3996.0,1965.0,61.0,P0,0,0,Not Active,Not Active,Not Active,Not Active,Not Active,Not Active,151.285,True,6932556715516.0,8406393829084.0
2026-07-31T01:46:12.319471,2026/07/31 01:46:12.264,0,GPU-2c3c1aab-4401-c49f-e973-2d9a530e6442,NVIDIA B200,966.75,1000.0,100.0,12.0,1700.0,180925.0,183359.0,1965.0,3996.0,1965.0,61.0,P0,0,0,Not Active,Not Active,Not Active,Not Active,Not Active,Not Active,144.062,True,6932556715516.0,8406393829084.0
2026-07-31T01:46:12.463080,2026/07/31 01:46:12.407,0,GPU-2c3c1aab-4401-c49f-e973-2d9a530e6442,NVIDIA B200,967.6,1000.0,100.0,12.0,1700.0,180925.0,183359.0,1965.0,3996.0,1965.0,61.0,P0,0,0,Not Active,Not Active,Not Active,Not Active,Not Active,Not Active,142.816,True,6932556715516.0,8406393829084.0
2026-07-31T01:46:12.650687,2026/07/31 01:46:12.596,0,GPU-2c3c1aab-4401-c49f-e973-2d9a530e6442,NVIDIA B200,967.54,1000.0,100.0,12.0,1700.0,180925.0,183359.0,1965.0,3996.0,1965.0,61.0,P0,0,0,Not Active,Not Active,Not Active,Not Active,Not Active,Not Active,172.734,True,6932556715516.0,8406393829084.0
2026-07-31T01:46:12.943364,2026/07/31 01:46:12.791,0,GPU-2c3c1aab-4401-c49f-e973-2d9a530e6442,NVIDIA B200,968.66,1000.0,100.0,12.0,1700.0,180925.0,183359.0,1965.0,3996.0,1965.0,61.0,P0,0,0,Not Active,Not Active,Not Active,Not Active,Not Active,Not Active,210.429,True,6932556715516.0,8406393829084.0
2026-07-31T01:46:13.118990,2026/07/31 01:46:13.063,0,GPU-2c3c1aab-4401-c49f-e973-2d9a530e6442,NVIDIA B200,967.91,1000.0,100.0,12.0,1700.0,180925.0,183359.0,1965.0,3996.0,1965.0,61.0,P0,0,0,Not Active,Not Active,Not Active,Not Active,Not Active,Not Active,270.221,True,6932556715516.0,8406393829084.0
2026-07-31T01:46:13.268154,2026/07/31 01:46:13.210,0,GPU-2c3c1aab-4401-c49f-e973-2d9a530e6442,NVIDIA B200,967.96,1000.0,100.0,12.0,1700.0,180925.0,183359.0,1965.0,3996.0,1965.0,61.0,P0,0,0,Not Active,Not Active,Not Active,Not Active,Not Active,Not Active,147.721,True,6932556715516.0,8406393829084.0
2026-07-31T01:46:13.413685,2026/07/31 01:46:13.357,0,GPU-2c3c1aab-4401-c49f-e973-2d9a530e6442,NVIDIA B200,967.5,1000.0,100.0,12.0,1700.0,180925.0,183359.0,1965.0,3996.0,1965.0,61.0,P0,0,0,Not Active,Not Active,Not Active,Not Active,Not Active,Not Active,146.738,True,6932556715516.0,8406393829084.0
2026-07-31T01:46:13.651003,2026/07/31 01:46:13.500,0,GPU-2c3c1aab-4401-c49f-e973-2d9a530e6442,NVIDIA B200,967.76,1000.0,100.0,12.0,1700.0,180925.0,183359.0,1965.0,3996.0,1965.0,61.0,P0,0,0,Not Active,Not Active,Not Active,Not Active,Not Active,Not Active,145.232,True,6932556715516.0,8406393829084.0
2026-07-31T01:46:13.839566,2026/07/31 01:46:13.780,0,GPU-2c3c1aab-4401-c49f-e973-2d9a530e6442,NVIDIA B200,967.63,1000.0,100.0,12.0,1700.0,180925.0,183359.0,1965.0,3996.0,1965.0,61.0,P0,0,0,Not Active,Not Active,Not Active,Not Active,Not Active,Not Active,277.948,True,6932556715516.0,8406393829084.0
2026-07-31T01:46:13.974007,2026/07/31 01:46:13.922,0,GPU-2c3c1aab-4401-c49f-e973-2d9a530e6442,NVIDIA B200,967.17,1000.0,100.0,12.0,1700.0,180925.0,183359.0,1965.0,3996.0,1965.0,61.0,P0,0,0,Not Active,Not Active,Not Active,Not Active,Not Active,Not Active,142.895,True,6932556715516.0,8406393829084.0
2026-07-31T01:46:14.118476,2026/07/31 01:46:14.054,0,GPU-2c3c1aab-4401-c49f-e973-2d9a530e6442,NVIDIA B200,967.16,1000.0,100.0,12.0,1700.0,180925.0,183359.0,1965.0,3996.0,1965.0,61.0,P0,0,0,Not Active,Not Active,Not Active,Not Active,Not Active,Not Active,133.524,True,6932556715516.0,8406393829084.0
2026-07-31T01:46:14.251633,2026/07/31 01:46:14.196,0,GPU-2c3c1aab-4401-c49f-e973-2d9a530e6442,NVIDIA B200,966.62,1000.0,100.0,13.0,1700.0,180925.0,183359.0,1965.0,3996.0,1965.0,61.0,P0,0,0,Not Active,Not Active,Not Active,Not Active,Not Active,Not Active,142.999,True,6932556715516.0,8406393829084.0
2026-07-31T01:46:14.388628,2026/07/31 01:46:14.336,0,GPU-2c3c1aab-4401-c49f-e973-2d9a530e6442,NVIDIA B200,967.73,1000.0,100.0,13.0,1700.0,180925.0,183359.0,1965.0,3996.0,1965.0,61.0,P0,0,0,Not Active,Not Active,Not Active,Not Active,Not Active,Not Active,138.222,True,6932556715516.0,8406393829084.0
2026-07-31T01:46:14.526149,2026/07/31 01:46:14.473,0,GPU-2c3c1aab-4401-c49f-e973-2d9a530e6442,NVIDIA B200,966.12,1000.0,100.0,13.0,1700.0,180925.0,183359.0,1965.0,3996.0,1965.0,61.0,P0,0,0,Not Active,Not Active,Not Active,Not Active,Not Active,Not Active,136.989,True,6932556715516.0,8406393829084.0
2026-07-31T01:46:14.674625,2026/07/31 01:46:14.618,0,GPU-2c3c1aab-4401-c49f-e973-2d9a530e6442,NVIDIA B200,968.1,1000.0,100.0,12.0,1700.0,180925.0,183359.0,1965.0,3996.0,1965.0,61.0,P0,0,0,Not Active,Not Active,Not Active,Not Active,Not Active,Not Active,142.904,True,6932556715516.0,8406393829084.0
2026-07-31T01:46:14.811983,2026/07/31 01:46:14.754,0,GPU-2c3c1aab-4401-c49f-e973-2d9a530e6442,NVIDIA B200,965.99,1000.0,99.0,13.0,1700.0,180925.0,183359.0,1965.0,3996.0,1965.0,61.0,P0,0,0,Not Active,Not Active,Not Active,Not Active,Not Active,Not Active,139.319,True,6932556715516.0,8406393829084.0
2026-07-31T01:46:14.959234,2026/07/31 01:46:14.899,0,GPU-2c3c1aab-4401-c49f-e973-2d9a530e6442,NVIDIA B200,968.4,1000.0,100.0,13.0,1700.0,180925.0,183359.0,1965.0,3996.0,1965.0,61.0,P0,0,0,Not Active,Not Active,Not Active,Not Active,Not Active,Not Active,143.257,True,6932556715516.0,8406393829084.0
2026-07-31T01:46:15.108650,2026/07/31 01:46:15.051,0,GPU-2c3c1aab-4401-c49f-e973-2d9a530e6442,NVIDIA B200,966.94,1000.0,100.0,13.0,1700.0,180925.0,183359.0,1965.0,3996.0,1965.0,61.0,P0,0,0,Not Active,Not Active,Not Active,Not Active,Not Active,Not Active,150.395,True,6932556715516.0,8406393829084.0
2026-07-31T01:46:15.246436,2026/07/31 01:46:15.193,0,GPU-2c3c1aab-4401-c49f-e973-2d9a530e6442,NVIDIA B200,968.0,1000.0,100.0,12.0,1700.0,180925.0,183359.0,1965.0,3996.0,1965.0,62.0,P0,0,0,Not Active,Not Active,Not Active,Not Active,Not Active,Not Active,142.135,True,6932556715516.0,8406393829084.0
2026-07-31T01:46:15.385642,2026/07/31 01:46:15.328,0,GPU-2c3c1aab-4401-c49f-e973-2d9a530e6442,NVIDIA B200,967.66,1000.0,100.0,13.0,1700.0,180925.0,183359.0,1965.0,3996.0,1965.0,61.0,P0,0,0,Not Active,Not Active,Not Active,Not Active,Not Active,Not Active,136.813,True,6932556715516.0,8406393829084.0
2026-07-31T01:46:15.529776,2026/07/31 01:46:15.470,0,GPU-2c3c1aab-4401-c49f-e973-2d9a530e6442,NVIDIA B200,968.78,1000.0,100.0,13.0,1700.0,180925.0,183359.0,1965.0,3996.0,1965.0,61.0,P0,0,0,Not Active,Not Active,Not Active,Not Active,Not Active,Not Active,143.29,True,6932556715516.0,8406393829084.0
2026-07-31T01:46:15.676710,2026/07/31 01:46:15.617,0,GPU-2c3c1aab-4401-c49f-e973-2d9a530e6442,NVIDIA B200,969.01,1000.0,100.0,12.0,1700.0,180925.0,183359.0,1965.0,3996.0,1965.0,62.0,P0,0,0,Not Active,Not Active,Not Active,Not Active,Not Active,Not Active,145.686,True,6932556715516.0,8406393829084.0
2026-07-31T01:46:15.815828,2026/07/31 01:46:15.760,0,GPU-2c3c1aab-4401-c49f-e973-2d9a530e6442,NVIDIA B200,969.71,1000.0,100.0,12.0,1700.0,180925.0,183359.0,1965.0,3996.0,1965.0,62.0,P0,0,0,Not Active,Not Active,Not Active,Not Active,Not Active,Not Active,143.4,True,6932556715516.0,8406393829084.0
2026-07-31T01:46:15.999844,2026/07/31 01:46:15.941,0,GPU-2c3c1aab-4401-c49f-e973-2d9a530e6442,NVIDIA B200,968.36,1000.0,100.0,13.0,1700.0,180925.0,183359.0,1965.0,3996.0,1965.0,62.0,P0,0,0,Not Active,Not Active,Not Active,Not Active,Not Active,Not Active,175.311,True,6932556715516.0,8406393829084.0
2026-07-31T01:46:16.143482,2026/07/31 01:46:16.084,0,GPU-2c3c1aab-4401-c49f-e973-2d9a530e6442,NVIDIA B200,968.06,1000.0,100.0,12.0,1700.0,180925.0,183359.0,1965.0,3996.0,1965.0,62.0,P0,0,0,Not Active,Not Active,Not Active,Not Active,Not Active,Not Active,146.515,True,6932556715516.0,8406393829084.0
2026-07-31T01:46:16.285235,2026/07/31 01:46:16.227,0,GPU-2c3c1aab-4401-c49f-e973-2d9a530e6442,NVIDIA B200,967.71,1000.0,100.0,12.0,1700.0,180925.0,183359.0,1965.0,3996.0,1965.0,62.0,P0,0,0,Not Active,Not Active,Not Active,Not Active,Not Active,Not Active,146.015,True,6932556715516.0,8406393829084.0
2026-07-31T01:46:16.426891,2026/07/31 01:46:16.372,0,GPU-2c3c1aab-4401-c49f-e973-2d9a530e6442,NVIDIA B200,967.1,1000.0,100.0,12.0,1700.0,180925.0,183359.0,1965.0,3996.0,1965.0,62.0,P0,0,0,Not Active,Not Active,Not Active,Not Active,Not Active,Not Active,141.576,True,6932556715516.0,8406393829084.0
2026-07-31T01:46:16.570490,2026/07/31 01:46:16.514,0,GPU-2c3c1aab-4401-c49f-e973-2d9a530e6442,NVIDIA B200,968.28,1000.0,100.0,13.0,1700.0,180925.0,183359.0,1965.0,3996.0,1965.0,62.0,P0,0,0,Not Active,Not Active,Not Active,Not Active,Not Active,Not Active,142.676,True,6932556715516.0,8406393829084.0
2026-07-31T01:46:16.713660,2026/07/31 01:46:16.660,0,GPU-2c3c1aab-4401-c49f-e973-2d9a530e6442,NVIDIA B200,967.55,1000.0,100.0,13.0,1700.0,180925.0,183359.0,1965.0,3996.0,1965.0,62.0,P0,0,0,Not Active,Not Active,Not Active,Not Active,Not Active,Not Active,146.004,True,6932556715516.0,8406393829084.0
2026-07-31T01:46:16.852764,2026/07/31 01:46:16.799,0,GPU-2c3c1aab-4401-c49f-e973-2d9a530e6442,NVIDIA B200,968.57,1000.0,100.0,12.0,1700.0,180925.0,183359.0,1965.0,3996.0,1965.0,62.0,P0,0,0,Not Active,Not Active,Not Active,Not Active,Not Active,Not Active,138.941,True,6932556715516.0,8406393829084.0
2026-07-31T01:46:16.996521,2026/07/31 01:46:16.939,0,GPU-2c3c1aab-4401-c49f-e973-2d9a530e6442,NVIDIA B200,968.74,1000.0,100.0,13.0,1700.0,180925.0,183359.0,1965.0,3996.0,1965.0,62.0,P0,0,0,Not Active,Not Active,Not Active,Not Active,Not Active,Not Active,140.954,True,6932556715516.0,8406393829084.0
2026-07-31T01:46:17.143947,2026/07/31 01:46:17.078,0,GPU-2c3c1aab-4401-c49f-e973-2d9a530e6442,NVIDIA B200,967.29,1000.0,99.0,12.0,1700.0,180925.0,183359.0,1965.0,3996.0,1965.0,62.0,P0,0,0,Not Active,Not Active,Not Active,Not Active,Not Active,Not Active,140.219,True,6932556715516.0,8406393829084.0
2026-07-31T01:46:17.290187,2026/07/31 01:46:17.231,0,GPU-2c3c1aab-4401-c49f-e973-2d9a530e6442,NVIDIA B200,969.09,1000.0,99.0,12.0,1700.0,180925.0,183359.0,1965.0,3996.0,1965.0,62.0,P0,0,0,Not Active,Not Active,Not Active,Not Active,Not Active,Not Active,151.624,True,6932556715516.0,8406393829084.0
2026-07-31T01:46:17.437474,2026/07/31 01:46:17.381,0,GPU-2c3c1aab-4401-c49f-e973-2d9a530e6442,NVIDIA B200,969.15,1000.0,100.0,12.0,1700.0,180925.0,183359.0,1965.0,3996.0,1965.0,62.0,P0,0,0,Not Active,Not Active,Not Active,Not Active,Not Active,Not Active,149.346,True,6932556715516.0,8406393829084.0
2026-07-31T01:46:17.582838,2026/07/31 01:46:17.524,0,GPU-2c3c1aab-4401-c49f-e973-2d9a530e6442,NVIDIA B200,968.64,1000.0,100.0,12.0,1700.0,180925.0,183359.0,1965.0,3996.0,1965.0,62.0,P0,0,0,Not Active,Not Active,Not Active,Not Active,Not Active,Not Active,146.117,True,6932556715516.0,8406393829084.0
2026-07-31T01:46:17.757373,2026/07/31 01:46:17.671,0,GPU-2c3c1aab-4401-c49f-e973-2d9a530e6442,NVIDIA B200,968.77,1000.0,100.0,12.0,1700.0,180925.0,183359.0,1965.0,3996.0,1965.0,62.0,P0,0,0,Not Active,Not Active,Not Active,Not Active,Not Active,Not Active,142.842,True,6932556715516.0,8406393829084.0
2026-07-31T01:46:17.970824,2026/07/31 01:46:17.914,0,GPU-2c3c1aab-4401-c49f-e973-2d9a530e6442,NVIDIA B200,967.91,1000.0,100.0,13.0,1700.0,180925.0,183359.0,1965.0,3996.0,1965.0,62.0,P0,0,0,Not Active,Not Active,Not Active,Not Active,Not Active,Not Active,244.083,True,6932556715516.0,8406393829084.0
2026-07-31T01:46:18.166837,2026/07/31 01:46:18.058,0,GPU-2c3c1aab-4401-c49f-e973-2d9a530e6442,NVIDIA B200,969.74,1000.0,100.0,13.0,1700.0,180925.0,183359.0,1965.0,3996.0,1965.0,62.0,P0,0,0,Not Active,Not Active,Not Active,Not Active,Not Active,Not Active,143.756,True,6932556715516.0,8406393829084.0
2026-07-31T01:46:18.370027,2026/07/31 01:46:18.314,0,GPU-2c3c1aab-4401-c49f-e973-2d9a530e6442,NVIDIA B200,969.25,1000.0,100.0,13.0,1700.0,180925.0,183359.0,1965.0,3996.0,1965.0,62.0,P0,0,0,Not Active,Not Active,Not Active,Not Active,Not Active,Not Active,237.79,True,6932556715516.0,8406393829084.0
2026-07-31T01:46:18.516251,2026/07/31 01:46:18.456,0,GPU-2c3c1aab-4401-c49f-e973-2d9a530e6442,NVIDIA B200,968.31,1000.0,100.0,13.0,1700.0,180925.0,183359.0,1965.0,3996.0,1965.0,62.0,P0,0,0,Not Active,Not Active,Not Active,Not Active,Not Active,Not Active,159.691,True,6932556715516.0,8406393829084.0
2026-07-31T01:46:18.660280,2026/07/31 01:46:18.604,0,GPU-2c3c1aab-4401-c49f-e973-2d9a530e6442,NVIDIA B200,968.94,1000.0,100.0,12.0,1700.0,180925.0,183359.0,1965.0,3996.0,1965.0,62.0,P0,0,0,Not Active,Not Active,Not Active,Not Active,Not Active,Not Active,147.702,True,6932556715516.0,8406393829084.0
2026-07-31T01:46:18.806376,2026/07/31 01:46:18.740,0,GPU-2c3c1aab-4401-c49f-e973-2d9a530e6442,NVIDIA B200,969.61,1000.0,100.0,13.0,1700.0,180925.0,183359.0,1965.0,3996.0,1965.0,62.0,P0,0,0,Not Active,Not Active,Not Active,Not Active,Not Active,Not Active,139.692,True,6932556715516.0,8406393829084.0
2026-07-31T01:46:19.044277,2026/07/31 01:46:18.958,0,GPU-2c3c1aab-4401-c49f-e973-2d9a530e6442,NVIDIA B200,968.83,1000.0,100.0,13.0,1700.0,180925.0,183359.0,1965.0,3996.0,1965.0,62.0,P0,0,0,Not Active,Not Active,Not Active,Not Active,Not Active,Not Active,202.775,True,6932556715516.0,8406393829084.0
2026-07-31T01:46:19.186654,2026/07/31 01:46:19.128,0,GPU-2c3c1aab-4401-c49f-e973-2d9a530e6442,NVIDIA B200,969.28,1000.0,100.0,12.0,1700.0,180925.0,183359.0,1965.0,3996.0,1965.0,62.0,P0,0,0,Not Active,Not Active,Not Active,Not Active,Not Active,Not Active,181.878,True,6932556715516.0,8406393829084.0
2026-07-31T01:46:19.337707,2026/07/31 01:46:19.277,0,GPU-2c3c1aab-4401-c49f-e973-2d9a530e6442,NVIDIA B200,970.83,1000.0,100.0,12.0,1700.0,180925.0,183359.0,1965.0,3996.0,1965.0,62.0,P0,0,0,Not Active,Not Active,Not Active,Not Active,Not Active,Not Active,148.344,True,6932556715516.0,8406393829084.0
2026-07-31T01:46:19.480673,2026/07/31 01:46:19.423,0,GPU-2c3c1aab-4401-c49f-e973-2d9a530e6442,NVIDIA B200,969.35,1000.0,100.0,13.0,1700.0,180925.0,183359.0,1965.0,3996.0,1965.0,62.0,P0,0,0,Not Active,Not Active,Not Active,Not Active,Not Active,Not Active,149.055,True,6932556715516.0,8406393829084.0
2026-07-31T01:46:19.621883,2026/07/31 01:46:19.566,0,GPU-2c3c1aab-4401-c49f-e973-2d9a530e6442,NVIDIA B200,970.91,1000.0,100.0,13.0,1700.0,180925.0,183359.0,1965.0,3996.0,1965.0,62.0,P0,0,0,Not Active,Not Active,Not Active,Not Active,Not Active,Not Active,143.405,True,6932556715516.0,8406393829084.0
2026-07-31T01:46:19.760669,2026/07/31 01:46:19.706,0,GPU-2c3c1aab-4401-c49f-e973-2d9a530e6442,NVIDIA B200,970.64,1000.0,100.0,12.0,1700.0,180925.0,183359.0,1965.0,3996.0,1965.0,62.0,P0,0,0,Not Active,Not Active,Not Active,Not Active,Not Active,Not Active,140.515,True,6932556715516.0,8406393829084.0
2026-07-31T01:46:19.903162,2026/07/31 01:46:19.848,0,GPU-2c3c1aab-4401-c49f-e973-2d9a530e6442,NVIDIA B200,970.54,1000.0,100.0,12.0,1700.0,180925.0,183359.0,1965.0,3996.0,1965.0,62.0,P0,0,0,Not Active,Not Active,Not Active,Not Active,Not Active,Not Active,140.342,True,6932556715516.0,8406393829084.0
2026-07-31T01:46:20.044958,2026/07/31 01:46:19.986,0,GPU-2c3c1aab-4401-c49f-e973-2d9a530e6442,NVIDIA B200,971.01,1000.0,100.0,13.0,1700.0,180925.0,183359.0,1965.0,3996.0,1965.0,62.0,P0,0,0,Not Active,Not Active,Not Active,Not Active,Not Active,Not Active,138.159,True,6932556715516.0,8406393829084.0
2026-07-31T01:46:20.192683,2026/07/31 01:46:20.139,0,GPU-2c3c1aab-4401-c49f-e973-2d9a530e6442,NVIDIA B200,969.93,1000.0,100.0,12.0,1700.0,180925.0,183359.0,1965.0,3996.0,1965.0,62.0,P0,0,0,Not Active,Not Active,Not Active,Not Active,Not Active,Not Active,152.867,True,6932556715516.0,8406393829084.0
2026-07-31T01:46:20.346854,2026/07/31 01:46:20.289,0,GPU-2c3c1aab-4401-c49f-e973-2d9a530e6442,NVIDIA B200,970.14,1000.0,100.0,12.0,1700.0,180925.0,183359.0,1965.0,3996.0,1965.0,62.0,P0,0,0,Not Active,Not Active,Not Active,Not Active,Not Active,Not Active,148.072,True,6932556715516.0,8406393829084.0
2026-07-31T01:46:20.482074,2026/07/31 01:46:20.428,0,GPU-2c3c1aab-4401-c49f-e973-2d9a530e6442,NVIDIA B200,970.1,1000.0,100.0,12.0,1700.0,180925.0,183359.0,1965.0,3996.0,1965.0,62.0,P0,0,0,Not Active,Not Active,Not Active,Not Active,Not Active,Not Active,142.03,True,6932556715516.0,8406393829084.0
2026-07-31T01:46:20.625017,2026/07/31 01:46:20.568,0,GPU-2c3c1aab-4401-c49f-e973-2d9a530e6442,NVIDIA B200,970.12,1000.0,100.0,12.0,1700.0,180925.0,183359.0,1965.0,3996.0,1965.0,62.0,P0,0,0,Not Active,Not Active,Not Active,Not Active,Not Active,Not Active,139.866,True,6932556715516.0,8406393829084.0
2026-07-31T01:46:20.767616,2026/07/31 01:46:20.709,0,GPU-2c3c1aab-4401-c49f-e973-2d9a530e6442,NVIDIA B200,970.32,1000.0,100.0,12.0,1700.0,180925.0,183359.0,1965.0,3996.0,1965.0,62.0,P0,0,0,Not Active,Not Active,Not Active,Not Active,Not Active,Not Active,138.968,True,6932556715516.0,8406393829084.0
2026-07-31T01:46:20.911681,2026/07/31 01:46:20.854,0,GPU-2c3c1aab-4401-c49f-e973-2d9a530e6442,NVIDIA B200,970.9,1000.0,100.0,12.0,1700.0,180925.0,183359.0,1965.0,3996.0,1965.0,62.0,P0,0,0,Not Active,Not Active,Not Active,Not Active,Not Active,Not Active,147.353,True,6932556715516.0,8406393829084.0
2026-07-31T01:46:21.099070,2026/07/31 01:46:21.018,0,GPU-2c3c1aab-4401-c49f-e973-2d9a530e6442,NVIDIA B200,970.43,1000.0,100.0,12.0,1700.0,180925.0,183359.0,1965.0,3996.0,1965.0,62.0,P0,0,0,Not Active,Not Active,Not Active,Not Active,Not Active,Not Active,162.324,True,6932556715516.0,8406393829084.0
2026-07-31T01:46:21.245565,2026/07/31 01:46:21.188,0,GPU-2c3c1aab-4401-c49f-e973-2d9a530e6442,NVIDIA B200,971.93,1000.0,100.0,13.0,1700.0,180925.0,183359.0,1965.0,3996.0,1965.0,62.0,P0,0,0,Not Active,Not Active,Not Active,Not Active,Not Active,Not Active,169.571,True,6932556715516.0,8406393829084.0
2026-07-31T01:46:21.399385,2026/07/31 01:46:21.328,0,GPU-2c3c1aab-4401-c49f-e973-2d9a530e6442,NVIDIA B200,971.29,1000.0,100.0,12.0,1700.0,180925.0,183359.0,1965.0,3996.0,1965.0,62.0,P0,0,0,Not Active,Not Active,Not Active,Not Active,Not Active,Not Active,142.099,True,6932556715516.0,8406393829084.0
2026-07-31T01:46:21.547854,2026/07/31 01:46:21.491,0,GPU-2c3c1aab-4401-c49f-e973-2d9a530e6442,NVIDIA B200,972.22,1000.0,100.0,13.0,1700.0,180925.0,183359.0,1965.0,3996.0,1965.0,62.0,P0,0,0,Not Active,Not Active,Not Active,Not Active,Not Active,Not Active,157.637,True,6932556715516.0,8406393829084.0
2026-07-31T01:46:21.703956,2026/07/31 01:46:21.630,0,GPU-2c3c1aab-4401-c49f-e973-2d9a530e6442,NVIDIA B200,971.19,1000.0,100.0,13.0,1700.0,180925.0,183359.0,1965.0,3996.0,1965.0,62.0,P0,0,0,Not Active,Not Active,Not Active,Not Active,Not Active,Not Active,143.971,True,6932556715516.0,8406393829084.0
2026-07-31T01:46:21.847473,2026/07/31 01:46:21.789,0,GPU-2c3c1aab-4401-c49f-e973-2d9a530e6442,NVIDIA B200,971.45,1000.0,100.0,13.0,1700.0,180925.0,183359.0,1965.0,3996.0,1965.0,62.0,P0,0,0,Not Active,Not Active,Not Active,Not Active,Not Active,Not Active,158.108,True,6932556715516.0,8406393829084.0
2026-07-31T01:46:21.998402,2026/07/31 01:46:21.942,0,GPU-2c3c1aab-4401-c49f-e973-2d9a530e6442,NVIDIA B200,971.1,1000.0,100.0,12.0,1700.0,180925.0,183359.0,1965.0,3996.0,1965.0,62.0,P0,0,0,Not Active,Not Active,Not Active,Not Active,Not Active,Not Active,150.91,True,6932556715516.0,8406393829084.0
2026-07-31T01:46:22.161536,2026/07/31 01:46:22.101,0,GPU-2c3c1aab-4401-c49f-e973-2d9a530e6442,NVIDIA B200,970.67,1000.0,100.0,12.0,1700.0,180925.0,183359.0,1965.0,3996.0,1965.0,62.0,P0,0,0,Not Active,Not Active,Not Active,Not Active,Not Active,Not Active,160.037,True,6932556715516.0,8406393829084.0
2026-07-31T01:46:22.319238,2026/07/31 01:46:22.259,0,GPU-2c3c1aab-4401-c49f-e973-2d9a530e6442,NVIDIA B200,972.14,1000.0,100.0,12.0,1700.0,180925.0,183359.0,1965.0,3996.0,1965.0,62.0,P0,0,0,Not Active,Not Active,Not Active,Not Active,Not Active,Not Active,157.721,True,6932556715516.0,8406393829084.0
2026-07-31T01:46:22.460608,2026/07/31 01:46:22.407,0,GPU-2c3c1aab-4401-c49f-e973-2d9a530e6442,NVIDIA B200,970.84,1000.0,100.0,12.0,1700.0,180925.0,183359.0,1965.0,3996.0,1965.0,62.0,P0,0,0,Not Active,Not Active,Not Active,Not Active,Not Active,Not Active,149.825,True,6932556715516.0,8406393829084.0
2026-07-31T01:46:22.605742,2026/07/31 01:46:22.549,0,GPU-2c3c1aab-4401-c49f-e973-2d9a530e6442,NVIDIA B200,972.55,1000.0,100.0,12.0,1700.0,180925.0,183359.0,1965.0,3996.0,1965.0,62.0,P0,0,0,Not Active,Not Active,Not Active,Not Active,Not Active,Not Active,141.563,True,6932556715516.0,8406393829084.0
2026-07-31T01:46:22.753655,2026/07/31 01:46:22.694,0,GPU-2c3c1aab-4401-c49f-e973-2d9a530e6442,NVIDIA B200,972.28,1000.0,100.0,12.0,1700.0,180925.0,183359.0,1965.0,3996.0,1965.0,62.0,P0,0,0,Not Active,Not Active,Not Active,Not Active,Not Active,Not Active,145.655,True,6932556715516.0,8406393829084.0
2026-07-31T01:46:22.893001,2026/07/31 01:46:22.837,0,GPU-2c3c1aab-4401-c49f-e973-2d9a530e6442,NVIDIA B200,970.78,1000.0,100.0,12.0,1700.0,180925.0,183359.0,1965.0,3996.0,1965.0,62.0,P0,0,0,Not Active,Not Active,Not Active,Not Active,Not Active,Not Active,142.52,True,6932556715516.0,8406393829084.0
2026-07-31T01:46:23.138694,2026/07/31 01:46:23.080,0,GPU-2c3c1aab-4401-c49f-e973-2d9a530e6442,NVIDIA B200,970.78,1000.0,100.0,13.0,1700.0,180925.0,183359.0,1965.0,3996.0,1965.0,62.0,P0,0,0,Not Active,Not Active,Not Active,Not Active,Not Active,Not Active,220.41,True,6932556715516.0,8406393829084.0
2026-07-31T01:46:23.282400,2026/07/31 01:46:23.226,0,GPU-2c3c1aab-4401-c49f-e973-2d9a530e6442,NVIDIA B200,971.97,1000.0,100.0,12.0,1700.0,180925.0,183359.0,1965.0,3996.0,1965.0,62.0,P0,0,0,Not Active,Not Active,Not Active,Not Active,Not Active,Not Active,168.027,True,6932556715516.0,8406393829084.0
2026-07-31T01:46:23.554696,2026/07/31 01:46:23.368,0,GPU-2c3c1aab-4401-c49f-e973-2d9a530e6442,NVIDIA B200,970.92,1000.0,100.0,12.0,1700.0,180925.0,183359.0,1965.0,3996.0,1965.0,62.0,P0,0,0,Not Active,Not Active,Not Active,Not Active,Not Active,Not Active,142.392,True,6932556715516.0,8406393829084.0
2026-07-31T01:46:23.719870,2026/07/31 01:46:23.664,0,GPU-2c3c1aab-4401-c49f-e973-2d9a530e6442,NVIDIA B200,970.34,1000.0,100.0,13.0,1700.0,180925.0,183359.0,1965.0,3996.0,1965.0,62.0,P0,0,0,Not Active,Not Active,Not Active,Not Active,Not Active,Not Active,296.797,True,6932556715516.0,8406393829084.0
2026-07-31T01:46:23.862941,2026/07/31 01:46:23.807,0,GPU-2c3c1aab-4401-c49f-e973-2d9a530e6442,NVIDIA B200,971.8,1000.0,100.0,12.0,1700.0,180925.0,183359.0,1965.0,3996.0,1965.0,63.0,P0,0,0,Not Active,Not Active,Not Active,Not Active,Not Active,Not Active,141.938,True,6932556715516.0,8406393829084.0
2026-07-31T01:46:24.004226,2026/07/31 01:46:23.948,0,GPU-2c3c1aab-4401-c49f-e973-2d9a530e6442,NVIDIA B200,971.45,1000.0,100.0,13.0,1700.0,180925.0,183359.0,1965.0,3996.0,1965.0,63.0,P0,0,0,Not Active,Not Active,Not Active,Not Active,Not Active,Not Active,142.03,True,6932556715516.0,8406393829084.0
2026-07-31T01:46:24.181023,2026/07/31 01:46:24.086,0,GPU-2c3c1aab-4401-c49f-e973-2d9a530e6442,NVIDIA B200,971.1,1000.0,100.0,13.0,1700.0,180925.0,183359.0,1965.0,3996.0,1965.0,62.0,P0,0,0,Not Active,Not Active,Not Active,Not Active,Not Active,Not Active,138.345,True,6932556715516.0,8406393829084.0
2026-07-31T01:46:24.375105,2026/07/31 01:46:24.314,0,GPU-2c3c1aab-4401-c49f-e973-2d9a530e6442,NVIDIA B200,972.03,1000.0,100.0,12.0,1700.0,180925.0,183359.0,1965.0,3996.0,1965.0,63.0,P0,0,0,Not Active,Not Active,Not Active,Not Active,Not Active,Not Active,226.917,True,6932556715516.0,8406393829084.0
2026-07-31T01:46:24.521551,2026/07/31 01:46:24.466,0,GPU-2c3c1aab-4401-c49f-e973-2d9a530e6442,NVIDIA B200,971.9,1000.0,100.0,12.0,1700.0,180925.0,183359.0,1965.0,3996.0,1965.0,63.0,P0,0,0,Not Active,Not Active,Not Active,Not Active,Not Active,Not Active,152.789,True,6932556715516.0,8406393829084.0
2026-07-31T01:46:24.669630,2026/07/31 01:46:24.609,0,GPU-2c3c1aab-4401-c49f-e973-2d9a530e6442,NVIDIA B200,971.38,1000.0,100.0,12.0,1700.0,180925.0,183359.0,1965.0,3996.0,1965.0,62.0,P0,0,0,Not Active,Not Active,Not Active,Not Active,Not Active,Not Active,138.274,True,6932556715516.0,8406393829084.0
2026-07-31T01:46:24.832172,2026/07/31 01:46:24.772,0,GPU-2c3c1aab-4401-c49f-e973-2d9a530e6442,NVIDIA B200,971.86,1000.0,100.0,12.0,1700.0,180925.0,183359.0,1965.0,3996.0,1965.0,62.0,P0,0,0,Not Active,Not Active,Not Active,Not Active,Not Active,Not Active,165.905,True,6932556715516.0,8406393829084.0
2026-07-31T01:46:24.973864,2026/07/31 01:46:24.918,0,GPU-2c3c1aab-4401-c49f-e973-2d9a530e6442,NVIDIA B200,971.04,1000.0,100.0,12.0,1700.0,180925.0,183359.0,1965.0,3996.0,1965.0,63.0,P0,0,0,Not Active,Not Active,Not Active,Not Active,Not Active,Not Active,147.102,True,6932556715516.0,8406393829084.0
2026-07-31T01:46:25.119168,2026/07/31 01:46:25.061,0,GPU-2c3c1aab-4401-c49f-e973-2d9a530e6442,NVIDIA B200,970.93,1000.0,100.0,12.0,1700.0,180925.0,183359.0,1965.0,3996.0,1965.0,63.0,P0,0,0,Not Active,Not Active,Not Active,Not Active,Not Active,Not Active,143.275,True,6932556715516.0,8406393829084.0
2026-07-31T01:46:25.274112,2026/07/31 01:46:25.213,0,GPU-2c3c1aab-4401-c49f-e973-2d9a530e6442,NVIDIA B200,970.09,1000.0,100.0,12.0,1700.0,180925.0,183359.0,1965.0,3996.0,1965.0,62.0,P0,0,0,Not Active,Not Active,Not Active,Not Active,Not Active,Not Active,150.685,True,6932556715516.0,8406393829084.0
2026-07-31T01:46:25.422653,2026/07/31 01:46:25.362,0,GPU-2c3c1aab-4401-c49f-e973-2d9a530e6442,NVIDIA B200,970.97,1000.0,100.0,13.0,1700.0,180925.0,183359.0,1965.0,3996.0,1965.0,63.0,P0,0,0,Not Active,Not Active,Not Active,Not Active,Not Active,Not Active,148.622,True,6932556715516.0,8406393829084.0
2026-07-31T01:46:25.568589,2026/07/31 01:46:25.509,0,GPU-2c3c1aab-4401-c49f-e973-2d9a530e6442,NVIDIA B200,970.59,1000.0,100.0,12.0,1700.0,180925.0,183359.0,1965.0,3996.0,1965.0,63.0,P0,0,0,Not Active,Not Active,Not Active,Not Active,Not Active,Not Active,149.251,True,6932556715516.0,8406393829084.0
2026-07-31T01:46:25.711647,2026/07/31 01:46:25.658,0,GPU-2c3c1aab-4401-c49f-e973-2d9a530e6442,NVIDIA B200,971.69,1000.0,100.0,12.0,1700.0,180925.0,183359.0,1965.0,3996.0,1965.0,63.0,P0,0,0,Not Active,Not Active,Not Active,Not Active,Not Active,Not Active,146.789,True,6932556715516.0,8406393829084.0
2026-07-31T01:46:25.854513,2026/07/31 01:46:25.801,0,GPU-2c3c1aab-4401-c49f-e973-2d9a530e6442,NVIDIA B200,972.12,1000.0,100.0,12.0,1700.0,180925.0,183359.0,1965.0,3996.0,1965.0,62.0,P0,0,0,Not Active,Not Active,Not Active,Not Active,Not Active,Not Active,145.647,True,6932556715516.0,8406393829084.0
2026-07-31T01:46:25.990344,2026/07/31 01:46:25.939,0,GPU-2c3c1aab-4401-c49f-e973-2d9a530e6442,NVIDIA B200,971.48,1000.0,100.0,12.0,1700.0,180925.0,183359.0,1965.0,3996.0,1965.0,63.0,P0,0,0,Not Active,Not Active,Not Active,Not Active,Not Active,Not Active,137.971,True,6932556715516.0,8406393829084.0
2026-07-31T01:46:26.148251,2026/07/31 01:46:26.082,0,GPU-2c3c1aab-4401-c49f-e973-2d9a530e6442,NVIDIA B200,972.1,1000.0,100.0,12.0,1700.0,180925.0,183359.0,1965.0,3996.0,1965.0,63.0,P0,0,0,Not Active,Not Active,Not Active,Not Active,Not Active,Not Active,140.579,True,6932556715516.0,8406393829084.0
2026-07-31T01:46:26.323976,2026/07/31 01:46:26.258,0,GPU-2c3c1aab-4401-c49f-e973-2d9a530e6442,NVIDIA B200,971.81,1000.0,100.0,12.0,1700.0,180925.0,183359.0,1965.0,3996.0,1965.0,63.0,P0,0,0,Not Active,Not Active,Not Active,Not Active,Not Active,Not Active,156.18,True,6932556715516.0,8406393829084.0
2026-07-31T01:46:26.472953,2026/07/31 01:46:26.414,0,GPU-2c3c1aab-4401-c49f-e973-2d9a530e6442,NVIDIA B200,971.85,1000.0,100.0,13.0,1700.0,180925.0,183359.0,1965.0,3996.0,1965.0,63.0,P0,0,0,Not Active,Not Active,Not Active,Not Active,Not Active,Not Active,174.016,True,6932556715516.0,8406393829084.0
2026-07-31T01:46:26.623571,2026/07/31 01:46:26.562,0,GPU-2c3c1aab-4401-c49f-e973-2d9a530e6442,NVIDIA B200,972.29,1000.0,100.0,12.0,1700.0,180925.0,183359.0,1965.0,3996.0,1965.0,63.0,P0,0,0,Not Active,Not Active,Not Active,Not Active,Not Active,Not Active,150.145,True,6932556715516.0,8406393829084.0
2026-07-31T01:46:26.763725,2026/07/31 01:46:26.708,0,GPU-2c3c1aab-4401-c49f-e973-2d9a530e6442,NVIDIA B200,972.05,1000.0,100.0,12.0,1700.0,180925.0,183359.0,1965.0,3996.0,1965.0,63.0,P0,0,0,Not Active,Not Active,Not Active,Not Active,Not Active,Not Active,147.319,True,6932556715516.0,8406393829084.0
2026-07-31T01:46:26.905541,2026/07/31 01:46:26.851,0,GPU-2c3c1aab-4401-c49f-e973-2d9a530e6442,NVIDIA B200,970.07,1000.0,100.0,12.0,1700.0,180925.0,183359.0,1965.0,3996.0,1965.0,63.0,P0,0,0,Not Active,Not Active,Not Active,Not Active,Not Active,Not Active,141.406,True,6932556715516.0,8406393829084.0
2026-07-31T01:46:27.050496,2026/07/31 01:46:26.997,0,GPU-2c3c1aab-4401-c49f-e973-2d9a530e6442,NVIDIA B200,971.25,1000.0,100.0,13.0,1700.0,180925.0,183359.0,1965.0,3996.0,1965.0,63.0,P0,0,0,Not Active,Not Active,Not Active,Not Active,Not Active,Not Active,148.985,True,6932556715516.0,8406393829084.0
2026-07-31T01:46:27.182633,2026/07/31 01:46:27.132,0,GPU-2c3c1aab-4401-c49f-e973-2d9a530e6442,NVIDIA B200,972.01,1000.0,100.0,12.0,1700.0,180925.0,183359.0,1965.0,3996.0,1965.0,63.0,P0,0,0,Not Active,Not Active,Not Active,Not Active,Not Active,Not Active,133.606,True,6932556715516.0,8406393829084.0
2026-07-31T01:46:27.319751,2026/07/31 01:46:27.265,0,GPU-2c3c1aab-4401-c49f-e973-2d9a530e6442,NVIDIA B200,972.37,1000.0,100.0,12.0,1700.0,180925.0,183359.0,1965.0,3996.0,1965.0,63.0,P0,0,0,Not Active,Not Active,Not Active,Not Active,Not Active,Not Active,133.724,True,6932556715516.0,8406393829084.0
2026-07-31T01:46:27.454918,2026/07/31 01:46:27.397,0,GPU-2c3c1aab-4401-c49f-e973-2d9a530e6442,NVIDIA B200,972.51,1000.0,100.0,12.0,1700.0,180925.0,183359.0,1965.0,3996.0,1965.0,63.0,P0,0,0,Not Active,Not Active,Not Active,Not Active,Not Active,Not Active,132.589,True,6932556715516.0,8406393829084.0
2026-07-31T01:46:27.609413,2026/07/31 01:46:27.544,0,GPU-2c3c1aab-4401-c49f-e973-2d9a530e6442,NVIDIA B200,971.67,1000.0,100.0,12.0,1700.0,180925.0,183359.0,1965.0,3996.0,1965.0,63.0,P0,0,0,Not Active,Not Active,Not Active,Not Active,Not Active,Not Active,144.711,True,6932556715516.0,8406393829084.0
2026-07-31T01:46:27.741503,2026/07/31 01:46:27.689,0,GPU-2c3c1aab-4401-c49f-e973-2d9a530e6442,NVIDIA B200,973.52,1000.0,100.0,12.0,1700.0,180925.0,183359.0,1965.0,3996.0,1965.0,63.0,P0,0,0,Not Active,Not Active,Not Active,Not Active,Not Active,Not Active,146.498,True,6932556715516.0,8406393829084.0
2026-07-31T01:46:27.881998,2026/07/31 01:46:27.826,0,GPU-2c3c1aab-4401-c49f-e973-2d9a530e6442,NVIDIA B200,972.91,1000.0,100.0,12.0,1700.0,180925.0,183359.0,1965.0,3996.0,1965.0,63.0,P0,0,0,Not Active,Not Active,Not Active,Not Active,Not Active,Not Active,137.304,True,6932556715516.0,8406393829084.0
2026-07-31T01:46:28.027590,2026/07/31 01:46:27.970,0,GPU-2c3c1aab-4401-c49f-e973-2d9a530e6442,NVIDIA B200,973.32,1000.0,100.0,12.0,1700.0,180925.0,183359.0,1965.0,3996.0,1965.0,63.0,P0,0,0,Not Active,Not Active,Not Active,Not Active,Not Active,Not Active,141.913,True,6932556715516.0,8406393829084.0
2026-07-31T01:46:28.264196,2026/07/31 01:46:28.195,0,GPU-2c3c1aab-4401-c49f-e973-2d9a530e6442,NVIDIA B200,971.57,1000.0,100.0,13.0,1700.0,180925.0,183359.0,1965.0,3996.0,1965.0,63.0,P0,0,0,Not Active,Not Active,Not Active,Not Active,Not Active,Not Active,198.869,True,6932556715516.0,8406393829084.0
2026-07-31T01:46:28.408670,2026/07/31 01:46:28.351,0,GPU-2c3c1aab-4401-c49f-e973-2d9a530e6442,NVIDIA B200,971.49,1000.0,100.0,12.0,1700.0,180925.0,183359.0,1965.0,3996.0,1965.0,63.0,P0,0,0,Not Active,Not Active,Not Active,Not Active,Not Active,Not Active,183.492,True,6932556715516.0,8406393829084.0
2026-07-31T01:46:28.549072,2026/07/31 01:46:28.490,0,GPU-2c3c1aab-4401-c49f-e973-2d9a530e6442,NVIDIA B200,971.58,1000.0,100.0,12.0,1700.0,180925.0,183359.0,1965.0,3996.0,1965.0,63.0,P0,0,0,Not Active,Not Active,Not Active,Not Active,Not Active,Not Active,138.119,True,6932556715516.0,8406393829084.0
2026-07-31T01:46:28.686700,2026/07/31 01:46:28.632,0,GPU-2c3c1aab-4401-c49f-e973-2d9a530e6442,NVIDIA B200,971.4,1000.0,99.0,12.0,1700.0,180925.0,183359.0,1965.0,3996.0,1965.0,63.0,P0,0,0,Not Active,Not Active,Not Active,Not Active,Not Active,Not Active,142.302,True,6932556715516.0,8406393829084.0
2026-07-31T01:46:28.931962,2026/07/31 01:46:28.849,0,GPU-2c3c1aab-4401-c49f-e973-2d9a530e6442,NVIDIA B200,972.86,1000.0,100.0,13.0,1700.0,180925.0,183359.0,1965.0,3996.0,1965.0,63.0,P0,0,0,Not Active,Not Active,Not Active,Not Active,Not Active,Not Active,213.227,True,6932556715516.0,8406393829084.0
2026-07-31T01:46:29.064396,2026/07/31 01:46:29.012,0,GPU-2c3c1aab-4401-c49f-e973-2d9a530e6442,NVIDIA B200,973.04,1000.0,100.0,12.0,1700.0,180925.0,183359.0,1965.0,3996.0,1965.0,63.0,P0,0,0,Not Active,Not Active,Not Active,Not Active,Not Active,Not Active,168.087,True,6932556715516.0,8406393829084.0
2026-07-31T01:46:29.205606,2026/07/31 01:46:29.149,0,GPU-2c3c1aab-4401-c49f-e973-2d9a530e6442,NVIDIA B200,972.24,1000.0,100.0,13.0,1700.0,180925.0,183359.0,1965.0,3996.0,1965.0,63.0,P0,0,0,Not Active,Not Active,Not Active,Not Active,Not Active,Not Active,137.184,True,6932556715516.0,8406393829084.0
2026-07-31T01:46:29.343591,2026/07/31 01:46:29.288,0,GPU-2c3c1aab-4401-c49f-e973-2d9a530e6442,NVIDIA B200,972.69,1000.0,100.0,13.0,1700.0,180925.0,183359.0,1965.0,3996.0,1965.0,63.0,P0,0,0,Not Active,Not Active,Not Active,Not Active,Not Active,Not Active,137.869,True,6932556715516.0,8406393829084.0
2026-07-31T01:46:29.608491,2026/07/31 01:46:29.523,0,GPU-2c3c1aab-4401-c49f-e973-2d9a530e6442,NVIDIA B200,972.36,1000.0,100.0,12.0,1700.0,180925.0,183359.0,1965.0,3996.0,1965.0,63.0,P0,0,0,Not Active,Not Active,Not Active,Not Active,Not Active,Not Active,230.034,True,6932556715516.0,8406393829084.0
2026-07-31T01:46:29.741641,2026/07/31 01:46:29.688,0,GPU-2c3c1aab-4401-c49f-e973-2d9a530e6442,NVIDIA B200,972.76,1000.0,100.0,12.0,1700.0,180925.0,183359.0,1965.0,3996.0,1965.0,63.0,P0,0,0,Not Active,Not Active,Not Active,Not Active,Not Active,Not Active,171.24,True,6932556715516.0,8406393829084.0
2026-07-31T01:46:29.909739,2026/07/31 01:46:29.826,0,GPU-2c3c1aab-4401-c49f-e973-2d9a530e6442,NVIDIA B200,971.74,1000.0,100.0,12.0,1700.0,180925.0,183359.0,1965.0,3996.0,1965.0,63.0,P0,0,0,Not Active,Not Active,Not Active,Not Active,Not Active,Not Active,137.559,True,6932556715516.0,8406393829084.0
2026-07-31T01:46:30.066503,2026/07/31 01:46:30.011,0,GPU-2c3c1aab-4401-c49f-e973-2d9a530e6442,NVIDIA B200,971.44,1000.0,100.0,13.0,1700.0,180925.0,183359.0,1965.0,3996.0,1965.0,63.0,P0,0,0,Not Active,Not Active,Not Active,Not Active,Not Active,Not Active,183.235,True,6932556715516.0,8406393829084.0
2026-07-31T01:46:30.201603,2026/07/31 01:46:30.150,0,GPU-2c3c1aab-4401-c49f-e973-2d9a530e6442,NVIDIA B200,971.87,1000.0,100.0,12.0,1700.0,180925.0,183359.0,1965.0,3996.0,1965.0,63.0,P0,0,0,Not Active,Not Active,Not Active,Not Active,Not Active,Not Active,140.47,True,6932556715516.0,8406393829084.0
2026-07-31T01:46:30.340755,2026/07/31 01:46:30.285,0,GPU-2c3c1aab-4401-c49f-e973-2d9a530e6442,NVIDIA B200,971.73,1000.0,100.0,12.0,1700.0,180925.0,183359.0,1965.0,3996.0,1965.0,63.0,P0,0,0,Not Active,Not Active,Not Active,Not Active,Not Active,Not Active,132.16,True,6932556715516.0,8406393829084.0
2026-07-31T01:46:30.495956,2026/07/31 01:46:30.437,0,GPU-2c3c1aab-4401-c49f-e973-2d9a530e6442,NVIDIA B200,970.08,1000.0,100.0,12.0,1700.0,180925.0,183359.0,1965.0,3996.0,1965.0,63.0,P0,0,0,Not Active,Not Active,Not Active,Not Active,Not Active,Not Active,150.672,True,6932556715516.0,8406393829084.0
2026-07-31T01:46:30.649376,2026/07/31 01:46:30.587,0,GPU-2c3c1aab-4401-c49f-e973-2d9a530e6442,NVIDIA B200,971.7,1000.0,100.0,12.0,1700.0,180925.0,183359.0,1965.0,3996.0,1965.0,63.0,P0,0,0,Not Active,Not Active,Not Active,Not Active,Not Active,Not Active,153.572,True,6932556715516.0,8406393829084.0
2026-07-31T01:46:30.795461,2026/07/31 01:46:30.737,0,GPU-2c3c1aab-4401-c49f-e973-2d9a530e6442,NVIDIA B200,971.18,1000.0,100.0,12.0,1700.0,180925.0,183359.0,1965.0,3996.0,1965.0,63.0,P0,0,0,Not Active,Not Active,Not Active,Not Active,Not Active,Not Active,149.36,True,6932556715516.0,8406393829084.0
2026-07-31T01:46:30.938097,2026/07/31 01:46:30.882,0,GPU-2c3c1aab-4401-c49f-e973-2d9a530e6442,NVIDIA B200,972.05,1000.0,100.0,12.0,1700.0,180925.0,183359.0,1965.0,3996.0,1965.0,63.0,P0,0,0,Not Active,Not Active,Not Active,Not Active,Not Active,Not Active,144.558,True,6932556715516.0,8406393829084.0
2026-07-31T01:46:31.090015,2026/07/31 01:46:31.033,0,GPU-2c3c1aab-4401-c49f-e973-2d9a530e6442,NVIDIA B200,971.45,1000.0,100.0,12.0,1700.0,180925.0,183359.0,1965.0,3996.0,1965.0,62.0,P0,0,0,Not Active,Not Active,Not Active,Not Active,Not Active,Not Active,149.768,True,6932556715516.0,8406393829084.0
2026-07-31T01:46:31.235568,2026/07/31 01:46:31.180,0,GPU-2c3c1aab-4401-c49f-e973-2d9a530e6442,NVIDIA B200,972.77,1000.0,100.0,12.0,1700.0,180925.0,183359.0,1965.0,3996.0,1965.0,63.0,P0,0,0,Not Active,Not Active,Not Active,Not Active,Not Active,Not Active,147.999,True,6932556715516.0,8406393829084.0
2026-07-31T01:46:31.370677,2026/07/31 01:46:31.318,0,GPU-2c3c1aab-4401-c49f-e973-2d9a530e6442,NVIDIA B200,971.48,1000.0,100.0,12.0,1700.0,180925.0,183359.0,1965.0,3996.0,1965.0,63.0,P0,0,0,Not Active,Not Active,Not Active,Not Active,Not Active,Not Active,139.541,True,6932556715516.0,8406393829084.0
2026-07-31T01:46:31.541472,2026/07/31 01:46:31.480,0,GPU-2c3c1aab-4401-c49f-e973-2d9a530e6442,NVIDIA B200,973.33,1000.0,100.0,12.0,1700.0,180925.0,183359.0,1965.0,3996.0,1965.0,63.0,P0,0,0,Not Active,Not Active,Not Active,Not Active,Not Active,Not Active,162.43,True,6932556715516.0,8406393829084.0
2026-07-31T01:46:31.678974,2026/07/31 01:46:31.625,0,GPU-2c3c1aab-4401-c49f-e973-2d9a530e6442,NVIDIA B200,972.75,1000.0,100.0,12.0,1700.0,180925.0,183359.0,1965.0,3996.0,1965.0,62.0,P0,0,0,Not Active,Not Active,Not Active,Not Active,Not Active,Not Active,142.43,True,6932556715516.0,8406393829084.0
2026-07-31T01:46:31.813492,2026/07/31 01:46:31.758,0,GPU-2c3c1aab-4401-c49f-e973-2d9a530e6442,NVIDIA B200,973.49,1000.0,100.0,13.0,1700.0,180925.0,183359.0,1965.0,3996.0,1965.0,63.0,P0,0,0,Not Active,Not Active,Not Active,Not Active,Not Active,Not Active,136.145,True,6932556715516.0,8406393829084.0
2026-07-31T01:46:31.947659,2026/07/31 01:46:31.892,0,GPU-2c3c1aab-4401-c49f-e973-2d9a530e6442,NVIDIA B200,972.06,1000.0,100.0,13.0,1700.0,180925.0,183359.0,1965.0,3996.0,1965.0,63.0,P0,0,0,Not Active,Not Active,Not Active,Not Active,Not Active,Not Active,134.722,True,6932556715516.0,8406393829084.0
2026-07-31T01:46:32.098823,2026/07/31 01:46:32.034,0,GPU-2c3c1aab-4401-c49f-e973-2d9a530e6442,NVIDIA B200,972.24,1000.0,100.0,12.0,1700.0,180925.0,183359.0,1965.0,3996.0,1965.0,63.0,P0,0,0,Not Active,Not Active,Not Active,Not Active,Not Active,Not Active,139.96,True,6932556715516.0,8406393829084.0
2026-07-31T01:46:32.234833,2026/07/31 01:46:32.183,0,GPU-2c3c1aab-4401-c49f-e973-2d9a530e6442,NVIDIA B200,971.34,1000.0,100.0,12.0,1700.0,180925.0,183359.0,1965.0,3996.0,1965.0,63.0,P0,0,0,Not Active,Not Active,Not Active,Not Active,Not Active,Not Active,149.822,True,6932556715516.0,8406393829084.0
2026-07-31T01:46:32.370646,2026/07/31 01:46:32.320,0,GPU-2c3c1aab-4401-c49f-e973-2d9a530e6442,NVIDIA B200,971.57,1000.0,100.0,12.0,1700.0,180925.0,183359.0,1965.0,3996.0,1965.0,63.0,P0,0,0,Not Active,Not Active,Not Active,Not Active,Not Active,Not Active,136.675,True,6932556715516.0,8406393829084.0
2026-07-31T01:46:32.518483,2026/07/31 01:46:32.457,0,GPU-2c3c1aab-4401-c49f-e973-2d9a530e6442,NVIDIA B200,971.88,1000.0,100.0,12.0,1700.0,180925.0,183359.0,1965.0,3996.0,1965.0,63.0,P0,0,0,Not Active,Not Active,Not Active,Not Active,Not Active,Not Active,137.611,True,6932556715516.0,8406393829084.0
2026-07-31T01:46:32.667131,2026/07/31 01:46:32.605,0,GPU-2c3c1aab-4401-c49f-e973-2d9a530e6442,NVIDIA B200,971.4,1000.0,100.0,12.0,1700.0,180925.0,183359.0,1965.0,3996.0,1965.0,63.0,P0,0,0,Not Active,Not Active,Not Active,Not Active,Not Active,Not Active,145.907,True,6932556715516.0,8406393829084.0
2026-07-31T01:46:32.817186,2026/07/31 01:46:32.757,0,GPU-2c3c1aab-4401-c49f-e973-2d9a530e6442,NVIDIA B200,972.21,1000.0,100.0,12.0,1700.0,180925.0,183359.0,1965.0,3996.0,1965.0,63.0,P0,0,0,Not Active,Not Active,Not Active,Not Active,Not Active,Not Active,151.227,True,6932556715516.0,8406393829084.0
2026-07-31T01:46:32.963800,2026/07/31 01:46:32.907,0,GPU-2c3c1aab-4401-c49f-e973-2d9a530e6442,NVIDIA B200,971.7,1000.0,100.0,12.0,1700.0,180925.0,183359.0,1965.0,3996.0,1965.0,63.0,P0,0,0,Not Active,Not Active,Not Active,Not Active,Not Active,Not Active,152.358,True,6932556715516.0,8406393829084.0
2026-07-31T01:46:33.110622,2026/07/31 01:46:33.052,0,GPU-2c3c1aab-4401-c49f-e973-2d9a530e6442,NVIDIA B200,971.92,1000.0,100.0,12.0,1700.0,180925.0,183359.0,1965.0,3996.0,1965.0,63.0,P0,0,0,Not Active,Not Active,Not Active,Not Active,Not Active,Not Active,144.204,True,6932556715516.0,8406393829084.0
2026-07-31T01:46:33.299701,2026/07/31 01:46:33.242,0,GPU-2c3c1aab-4401-c49f-e973-2d9a530e6442,NVIDIA B200,971.89,1000.0,100.0,12.0,1700.0,180925.0,183359.0,1965.0,3996.0,1965.0,63.0,P0,0,0,Not Active,Not Active,Not Active,Not Active,Not Active,Not Active,192.403,True,6932556715516.0,8406393829084.0
2026-07-31T01:46:33.475290,2026/07/31 01:46:33.403,0,GPU-2c3c1aab-4401-c49f-e973-2d9a530e6442,NVIDIA B200,971.47,1000.0,100.0,13.0,1700.0,180925.0,183359.0,1965.0,3996.0,1965.0,63.0,P0,0,0,Not Active,Not Active,Not Active,Not Active,Not Active,Not Active,141.002,True,6932556715516.0,8406393829084.0
2026-07-31T01:46:33.613676,2026/07/31 01:46:33.558,0,GPU-2c3c1aab-4401-c49f-e973-2d9a530e6442,NVIDIA B200,971.96,1000.0,100.0,12.0,1700.0,180925.0,183359.0,1965.0,3996.0,1965.0,63.0,P0,0,0,Not Active,Not Active,Not Active,Not Active,Not Active,Not Active,173.733,True,6932556715516.0,8406393829084.0
2026-07-31T01:46:33.761741,2026/07/31 01:46:33.698,0,GPU-2c3c1aab-4401-c49f-e973-2d9a530e6442,NVIDIA B200,971.22,1000.0,100.0,12.0,1700.0,180925.0,183359.0,1965.0,3996.0,1965.0,63.0,P0,0,0,Not Active,Not Active,Not Active,Not Active,Not Active,Not Active,137.322,True,6932556715516.0,8406393829084.0
2026-07-31T01:46:33.913056,2026/07/31 01:46:33.856,0,GPU-2c3c1aab-4401-c49f-e973-2d9a530e6442,NVIDIA B200,972.25,1000.0,100.0,12.0,1700.0,180925.0,183359.0,1965.0,3996.0,1965.0,63.0,P0,0,0,Not Active,Not Active,Not Active,Not Active,Not Active,Not Active,158.639,True,6932556715516.0,8406393829084.0
2026-07-31T01:46:34.135023,2026/07/31 01:46:33.997,0,GPU-2c3c1aab-4401-c49f-e973-2d9a530e6442,NVIDIA B200,971.97,1000.0,100.0,12.0,1700.0,180925.0,183359.0,1965.0,3996.0,1965.0,63.0,P0,0,0,Not Active,Not Active,Not Active,Not Active,Not Active,Not Active,140.625,True,6932556715516.0,8406393829084.0
2026-07-31T01:46:34.311384,2026/07/31 01:46:34.251,0,GPU-2c3c1aab-4401-c49f-e973-2d9a530e6442,NVIDIA B200,972.68,1000.0,100.0,12.0,1700.0,180925.0,183359.0,1965.0,3996.0,1965.0,63.0,P0,0,0,Not Active,Not Active,Not Active,Not Active,Not Active,Not Active,257.1,True,6932556715516.0,8406393829084.0
2026-07-31T01:46:34.454144,2026/07/31 01:46:34.394,0,GPU-2c3c1aab-4401-c49f-e973-2d9a530e6442,NVIDIA B200,972.09,1000.0,100.0,12.0,1700.0,180925.0,183359.0,1965.0,3996.0,1965.0,63.0,P0,0,0,Not Active,Not Active,Not Active,Not Active,Not Active,Not Active,142.058,True,6932556715516.0,8406393829084.0
2026-07-31T01:46:34.593544,2026/07/31 01:46:34.539,0,GPU-2c3c1aab-4401-c49f-e973-2d9a530e6442,NVIDIA B200,972.27,1000.0,100.0,12.0,1700.0,180925.0,183359.0,1965.0,3996.0,1965.0,62.0,P0,0,0,Not Active,Not Active,Not Active,Not Active,Not Active,Not Active,146.068,True,6932556715516.0,8406393829084.0
2026-07-31T01:46:34.819212,2026/07/31 01:46:34.676,0,GPU-2c3c1aab-4401-c49f-e973-2d9a530e6442,NVIDIA B200,972.94,1000.0,100.0,12.0,1700.0,180925.0,183359.0,1965.0,3996.0,1965.0,62.0,P0,0,0,Not Active,Not Active,Not Active,Not Active,Not Active,Not Active,134.296,True,6932556715516.0,8406393829084.0
2026-07-31T01:46:34.976828,2026/07/31 01:46:34.924,0,GPU-2c3c1aab-4401-c49f-e973-2d9a530e6442,NVIDIA B200,971.21,1000.0,100.0,13.0,1700.0,180925.0,183359.0,1965.0,3996.0,1965.0,63.0,P0,0,0,Not Active,Not Active,Not Active,Not Active,Not Active,Not Active,248.618,True,6932556715516.0,8406393829084.0
2026-07-31T01:46:35.118503,2026/07/31 01:46:35.061,0,GPU-2c3c1aab-4401-c49f-e973-2d9a530e6442,NVIDIA B200,971.62,1000.0,100.0,13.0,1700.0,180925.0,183359.0,1965.0,3996.0,1965.0,62.0,P0,0,0,Not Active,Not Active,Not Active,Not Active,Not Active,Not Active,135.868,True,6932556715516.0,8406393829084.0
2026-07-31T01:46:35.258800,2026/07/31 01:46:35.202,0,GPU-2c3c1aab-4401-c49f-e973-2d9a530e6442,NVIDIA B200,971.92,1000.0,100.0,12.0,1700.0,180925.0,183359.0,1965.0,3996.0,1965.0,63.0,P0,0,0,Not Active,Not Active,Not Active,Not Active,Not Active,Not Active,140.0,True,6932556715516.0,8406393829084.0
2026-07-31T01:46:35.399572,2026/07/31 01:46:35.341,0,GPU-2c3c1aab-4401-c49f-e973-2d9a530e6442,NVIDIA B200,972.91,1000.0,100.0,12.0,1700.0,180925.0,183359.0,1965.0,3996.0,1965.0,63.0,P0,0,0,Not Active,Not Active,Not Active,Not Active,Not Active,Not Active,142.705,True,6932556715516.0,8406393829084.0
2026-07-31T01:46:35.547496,2026/07/31 01:46:35.489,0,GPU-2c3c1aab-4401-c49f-e973-2d9a530e6442,NVIDIA B200,971.76,1000.0,100.0,12.0,1700.0,180925.0,183359.0,1965.0,3996.0,1965.0,63.0,P0,0,0,Not Active,Not Active,Not Active,Not Active,Not Active,Not Active,144.973,True,6932556715516.0,8406393829084.0
2026-07-31T01:46:35.689733,2026/07/31 01:46:35.633,0,GPU-2c3c1aab-4401-c49f-e973-2d9a530e6442,NVIDIA B200,971.51,1000.0,100.0,13.0,1700.0,180925.0,183359.0,1965.0,3996.0,1965.0,62.0,P0,0,0,Not Active,Not Active,Not Active,Not Active,Not Active,Not Active,143.767,True,6932556715516.0,8406393829084.0
2026-07-31T01:46:35.831487,2026/07/31 01:46:35.774,0,GPU-2c3c1aab-4401-c49f-e973-2d9a530e6442,NVIDIA B200,971.61,1000.0,100.0,12.0,1700.0,180925.0,183359.0,1965.0,3996.0,1965.0,62.0,P0,0,0,Not Active,Not Active,Not Active,Not Active,Not Active,Not Active,140.549,True,6932556715516.0,8406393829084.0
2026-07-31T01:46:35.983448,2026/07/31 01:46:35.928,0,GPU-2c3c1aab-4401-c49f-e973-2d9a530e6442,NVIDIA B200,972.33,1000.0,100.0,12.0,1700.0,180925.0,183359.0,1965.0,3996.0,1965.0,63.0,P0,0,0,Not Active,Not Active,Not Active,Not Active,Not Active,Not Active,153.561,True,6932556715516.0,8406393829084.0
2026-07-31T01:46:36.127949,2026/07/31 01:46:36.072,0,GPU-2c3c1aab-4401-c49f-e973-2d9a530e6442,NVIDIA B200,970.85,1000.0,100.0,12.0,1700.0,180925.0,183359.0,1965.0,3996.0,1965.0,63.0,P0,0,0,Not Active,Not Active,Not Active,Not Active,Not Active,Not Active,144.584,True,6932556715516.0,8406393829084.0
2026-07-31T01:46:36.267083,2026/07/31 01:46:36.215,0,GPU-2c3c1aab-4401-c49f-e973-2d9a530e6442,NVIDIA B200,971.28,1000.0,100.0,12.0,1700.0,180925.0,183359.0,1965.0,3996.0,1965.0,62.0,P0,0,0,Not Active,Not Active,Not Active,Not Active,Not Active,Not Active,144.656,True,6932556715516.0,8406393829084.0
2026-07-31T01:46:36.399654,2026/07/31 01:46:36.347,0,GPU-2c3c1aab-4401-c49f-e973-2d9a530e6442,NVIDIA B200,971.58,1000.0,100.0,13.0,1700.0,180925.0,183359.0,1965.0,3996.0,1965.0,63.0,P0,0,0,Not Active,Not Active,Not Active,Not Active,Not Active,Not Active,133.369,True,6932556715516.0,8406393829084.0
2026-07-31T01:46:36.556593,2026/07/31 01:46:36.496,0,GPU-2c3c1aab-4401-c49f-e973-2d9a530e6442,NVIDIA B200,971.79,1000.0,100.0,13.0,1700.0,180925.0,183359.0,1965.0,3996.0,1965.0,63.0,P0,0,0,Not Active,Not Active,Not Active,Not Active,Not Active,Not Active,143.877,True,6932556715516.0,8406393829084.0
2026-07-31T01:46:36.737941,2026/07/31 01:46:36.676,0,GPU-2c3c1aab-4401-c49f-e973-2d9a530e6442,NVIDIA B200,971.85,1000.0,100.0,12.0,1700.0,180925.0,183359.0,1965.0,3996.0,1965.0,63.0,P0,0,0,Not Active,Not Active,Not Active,Not Active,Not Active,Not Active,183.974,True,6932556715516.0,8406393829084.0
2026-07-31T01:46:36.885928,2026/07/31 01:46:36.828,0,GPU-2c3c1aab-4401-c49f-e973-2d9a530e6442,NVIDIA B200,971.71,1000.0,100.0,13.0,1700.0,180925.0,183359.0,1965.0,3996.0,1965.0,62.0,P0,0,0,Not Active,Not Active,Not Active,Not Active,Not Active,Not Active,148.194,True,6932556715516.0,8406393829084.0
2026-07-31T01:46:37.032175,2026/07/31 01:46:36.975,0,GPU-2c3c1aab-4401-c49f-e973-2d9a530e6442,NVIDIA B200,971.46,1000.0,100.0,13.0,1700.0,180925.0,183359.0,1965.0,3996.0,1965.0,63.0,P0,0,0,Not Active,Not Active,Not Active,Not Active,Not Active,Not Active,149.491,True,6932556715516.0,8406393829084.0
2026-07-31T01:46:37.178564,2026/07/31 01:46:37.121,0,GPU-2c3c1aab-4401-c49f-e973-2d9a530e6442,NVIDIA B200,970.98,1000.0,100.0,12.0,1700.0,180925.0,183359.0,1965.0,3996.0,1965.0,63.0,P0,0,0,Not Active,Not Active,Not Active,Not Active,Not Active,Not Active,143.247,True,6932556715516.0,8406393829084.0
2026-07-31T01:46:37.327087,2026/07/31 01:46:37.268,0,GPU-2c3c1aab-4401-c49f-e973-2d9a530e6442,NVIDIA B200,972.49,1000.0,100.0,12.0,1700.0,180925.0,183359.0,1965.0,3996.0,1965.0,63.0,P0,0,0,Not Active,Not Active,Not Active,Not Active,Not Active,Not Active,148.071,True,6932556715516.0,8406393829084.0
2026-07-31T01:46:37.478034,2026/07/31 01:46:37.416,0,GPU-2c3c1aab-4401-c49f-e973-2d9a530e6442,NVIDIA B200,971.58,1000.0,100.0,12.0,1700.0,180925.0,183359.0,1965.0,3996.0,1965.0,63.0,P0,0,0,Not Active,Not Active,Not Active,Not Active,Not Active,Not Active,150.448,True,6932556715516.0,8406393829084.0
2026-07-31T01:46:37.627775,2026/07/31 01:46:37.568,0,GPU-2c3c1aab-4401-c49f-e973-2d9a530e6442,NVIDIA B200,972.12,1000.0,100.0,12.0,1700.0,180925.0,183359.0,1965.0,3996.0,1965.0,63.0,P0,0,0,Not Active,Not Active,Not Active,Not Active,Not Active,Not Active,151.537,True,6932556715516.0,8406393829084.0
2026-07-31T01:46:37.780730,2026/07/31 01:46:37.721,0,GPU-2c3c1aab-4401-c49f-e973-2d9a530e6442,NVIDIA B200,971.99,1000.0,100.0,12.0,1700.0,180925.0,183359.0,1965.0,3996.0,1965.0,63.0,P0,0,0,Not Active,Not Active,Not Active,Not Active,Not Active,Not Active,152.792,True,6932556715516.0,8406393829084.0
2026-07-31T01:46:37.931176,2026/07/31 01:46:37.872,0,GPU-2c3c1aab-4401-c49f-e973-2d9a530e6442,NVIDIA B200,971.96,1000.0,100.0,12.0,1700.0,180925.0,183359.0,1965.0,3996.0,1965.0,63.0,P0,0,0,Not Active,Not Active,Not Active,Not Active,Not Active,Not Active,150.442,True,6932556715516.0,8406393829084.0
2026-07-31T01:46:38.087637,2026/07/31 01:46:38.022,0,GPU-2c3c1aab-4401-c49f-e973-2d9a530e6442,NVIDIA B200,971.13,1000.0,100.0,12.0,1700.0,180925.0,183359.0,1965.0,3996.0,1965.0,63.0,P0,0,0,Not Active,Not Active,Not Active,Not Active,Not Active,Not Active,152.327,True,6932556715516.0,8406393829084.0
2026-07-31T01:46:38.231565,2026/07/31 01:46:38.173,0,GPU-2c3c1aab-4401-c49f-e973-2d9a530e6442,NVIDIA B200,972.81,1000.0,100.0,12.0,1700.0,180925.0,183359.0,1965.0,3996.0,1965.0,63.0,P0,0,0,Not Active,Not Active,Not Active,Not Active,Not Active,Not Active,150.532,True,6932556715516.0,8406393829084.0
2026-07-31T01:46:38.429541,2026/07/31 01:46:38.373,0,GPU-2c3c1aab-4401-c49f-e973-2d9a530e6442,NVIDIA B200,971.83,1000.0,100.0,12.0,1700.0,180925.0,183359.0,1965.0,3996.0,1965.0,63.0,P0,0,0,Not Active,Not Active,Not Active,Not Active,Not Active,Not Active,200.231,True,6932556715516.0,8406393829084.0
2026-07-31T01:46:38.573003,2026/07/31 01:46:38.516,0,GPU-2c3c1aab-4401-c49f-e973-2d9a530e6442,NVIDIA B200,971.3,1000.0,100.0,13.0,1700.0,180925.0,183359.0,1965.0,3996.0,1965.0,63.0,P0,0,0,Not Active,Not Active,Not Active,Not Active,Not Active,Not Active,141.218,True,6932556715516.0,8406393829084.0
2026-07-31T01:46:38.744831,2026/07/31 01:46:38.688,0,GPU-2c3c1aab-4401-c49f-e973-2d9a530e6442,NVIDIA B200,973.05,1000.0,100.0,13.0,1700.0,180925.0,183359.0,1965.0,3996.0,1965.0,63.0,P0,0,0,Not Active,Not Active,Not Active,Not Active,Not Active,Not Active,171.449,True,6932556715516.0,8406393829084.0
2026-07-31T01:46:38.885080,2026/07/31 01:46:38.831,0,GPU-2c3c1aab-4401-c49f-e973-2d9a530e6442,NVIDIA B200,972.43,1000.0,100.0,12.0,1700.0,180925.0,183359.0,1965.0,3996.0,1965.0,63.0,P0,0,0,Not Active,Not Active,Not Active,Not Active,Not Active,Not Active,146.36,True,6932556715516.0,8406393829084.0
2026-07-31T01:46:39.027824,2026/07/31 01:46:38.970,0,GPU-2c3c1aab-4401-c49f-e973-2d9a530e6442,NVIDIA B200,972.38,1000.0,100.0,12.0,1700.0,180925.0,183359.0,1965.0,3996.0,1965.0,63.0,P0,0,0,Not Active,Not Active,Not Active,Not Active,Not Active,Not Active,138.717,True,6932556715516.0,8406393829084.0
2026-07-31T01:46:39.176341,2026/07/31 01:46:39.119,0,GPU-2c3c1aab-4401-c49f-e973-2d9a530e6442,NVIDIA B200,972.09,1000.0,100.0,12.0,1700.0,180925.0,183359.0,1965.0,3996.0,1965.0,63.0,P0,0,0,Not Active,Not Active,Not Active,Not Active,Not Active,Not Active,146.66,True,6932556715516.0,8406393829084.0
2026-07-31T01:46:39.485245,2026/07/31 01:46:39.288,0,GPU-2c3c1aab-4401-c49f-e973-2d9a530e6442,NVIDIA B200,973.78,1000.0,100.0,12.0,1700.0,180925.0,183359.0,1965.0,3996.0,1965.0,63.0,P0,0,0,Not Active,Not Active,Not Active,Not Active,Not Active,Not Active,166.689,True,6932556715516.0,8406393829084.0
2026-07-31T01:46:39.769407,2026/07/31 01:46:39.709,0,GPU-2c3c1aab-4401-c49f-e973-2d9a530e6442,NVIDIA B200,973.88,1000.0,100.0,13.0,1700.0,180925.0,183359.0,1965.0,3996.0,1965.0,63.0,P0,0,0,Not Active,Not Active,Not Active,Not Active,Not Active,Not Active,371.844,True,6932556715516.0,8406393829084.0
2026-07-31T01:46:39.936247,2026/07/31 01:46:39.878,0,GPU-2c3c1aab-4401-c49f-e973-2d9a530e6442,NVIDIA B200,973.12,1000.0,100.0,13.0,1700.0,180925.0,183359.0,1965.0,3996.0,1965.0,63.0,P0,0,0,Not Active,Not Active,Not Active,Not Active,Not Active,Not Active,221.152,True,6932556715516.0,8406393829084.0
2026-07-31T01:46:40.181045,2026/07/31 01:46:40.100,0,GPU-2c3c1aab-4401-c49f-e973-2d9a530e6442,NVIDIA B200,973.66,1000.0,100.0,12.0,1700.0,180925.0,183359.0,1965.0,3996.0,1965.0,63.0,P0,0,0,Not Active,Not Active,Not Active,Not Active,Not Active,Not Active,182.616,True,6932556715516.0,8406393829084.0
2026-07-31T01:46:40.337598,2026/07/31 01:46:40.277,0,GPU-2c3c1aab-4401-c49f-e973-2d9a530e6442,NVIDIA B200,971.95,1000.0,100.0,12.0,1700.0,180925.0,183359.0,1965.0,3996.0,1965.0,63.0,P0,0,0,Not Active,Not Active,Not Active,Not Active,Not Active,Not Active,215.778,True,6932556715516.0,8406393829084.0
2026-07-31T01:46:40.482691,2026/07/31 01:46:40.425,0,GPU-2c3c1aab-4401-c49f-e973-2d9a530e6442,NVIDIA B200,971.96,1000.0,100.0,12.0,1700.0,180925.0,183359.0,1965.0,3996.0,1965.0,63.0,P0,0,0,Not Active,Not Active,Not Active,Not Active,Not Active,Not Active,149.265,True,6932556715516.0,8406393829084.0
2026-07-31T01:46:40.630653,2026/07/31 01:46:40.576,0,GPU-2c3c1aab-4401-c49f-e973-2d9a530e6442,NVIDIA B200,972.62,1000.0,100.0,12.0,1700.0,180925.0,183359.0,1965.0,3996.0,1965.0,63.0,P0,0,0,Not Active,Not Active,Not Active,Not Active,Not Active,Not Active,149.797,True,6932556715516.0,8406393829084.0
2026-07-31T01:46:40.759687,2026/07/31 01:46:40.708,0,GPU-2c3c1aab-4401-c49f-e973-2d9a530e6442,NVIDIA B200,972.13,1000.0,100.0,13.0,1700.0,180925.0,183359.0,1965.0,3996.0,1965.0,63.0,P0,0,0,Not Active,Not Active,Not Active,Not Active,Not Active,Not Active,135.603,True,6932556715516.0,8406393829084.0
2026-07-31T01:46:40.900965,2026/07/31 01:46:40.847,0,GPU-2c3c1aab-4401-c49f-e973-2d9a530e6442,NVIDIA B200,973.22,1000.0,100.0,13.0,1700.0,180925.0,183359.0,1965.0,3996.0,1965.0,62.0,P0,0,0,Not Active,Not Active,Not Active,Not Active,Not Active,Not Active,135.408,True,6932556715516.0,8406393829084.0
2026-07-31T01:46:41.045678,2026/07/31 01:46:40.987,0,GPU-2c3c1aab-4401-c49f-e973-2d9a530e6442,NVIDIA B200,973.07,1000.0,100.0,13.0,1700.0,180925.0,183359.0,1965.0,3996.0,1965.0,63.0,P0,0,0,Not Active,Not Active,Not Active,Not Active,Not Active,Not Active,140.332,True,6932556715516.0,8406393829084.0
2026-07-31T01:46:41.184673,2026/07/31 01:46:41.130,0,GPU-2c3c1aab-4401-c49f-e973-2d9a530e6442,NVIDIA B200,973.76,1000.0,100.0,12.0,1700.0,180925.0,183359.0,1965.0,3996.0,1965.0,63.0,P0,0,0,Not Active,Not Active,Not Active,Not Active,Not Active,Not Active,142.568,True,6932556715516.0,8406393829084.0
2026-07-31T01:46:41.328627,2026/07/31 01:46:41.272,0,GPU-2c3c1aab-4401-c49f-e973-2d9a530e6442,NVIDIA B200,972.05,1000.0,100.0,12.0,1700.0,180925.0,183359.0,1965.0,3996.0,1965.0,63.0,P0,0,0,Not Active,Not Active,Not Active,Not Active,Not Active,Not Active,142.258,True,6932556715516.0,8406393829084.0
2026-07-31T01:46:41.469877,2026/07/31 01:46:41.416,0,GPU-2c3c1aab-4401-c49f-e973-2d9a530e6442,NVIDIA B200,973.41,1000.0,100.0,13.0,1700.0,180925.0,183359.0,1965.0,3996.0,1965.0,62.0,P0,0,0,Not Active,Not Active,Not Active,Not Active,Not Active,Not Active,143.179,True,6932556715516.0,8406393829084.0
2026-07-31T01:46:41.615900,2026/07/31 01:46:41.562,0,GPU-2c3c1aab-4401-c49f-e973-2d9a530e6442,NVIDIA B200,971.13,1000.0,100.0,12.0,1700.0,180925.0,183359.0,1965.0,3996.0,1965.0,63.0,P0,0,0,Not Active,Not Active,Not Active,Not Active,Not Active,Not Active,148.918,True,6932556715516.0,8406393829084.0
2026-07-31T01:46:41.753934,2026/07/31 01:46:41.697,0,GPU-2c3c1aab-4401-c49f-e973-2d9a530e6442,NVIDIA B200,972.31,1000.0,100.0,12.0,1700.0,180925.0,183359.0,1965.0,3996.0,1965.0,63.0,P0,0,0,Not Active,Not Active,Not Active,Not Active,Not Active,Not Active,135.537,True,6932556715516.0,8406393829084.0
2026-07-31T01:46:41.923082,2026/07/31 01:46:41.869,0,GPU-2c3c1aab-4401-c49f-e973-2d9a530e6442,NVIDIA B200,970.66,1000.0,100.0,12.0,1700.0,180925.0,183359.0,1965.0,3996.0,1965.0,63.0,P0,0,0,Not Active,Not Active,Not Active,Not Active,Not Active,Not Active,170.68,True,6932556715516.0,8406393829084.0
2026-07-31T01:46:42.062538,2026/07/31 01:46:42.007,0,GPU-2c3c1aab-4401-c49f-e973-2d9a530e6442,NVIDIA B200,972.4,1000.0,100.0,13.0,1700.0,180925.0,183359.0,1965.0,3996.0,1965.0,62.0,P0,0,0,Not Active,Not Active,Not Active,Not Active,Not Active,Not Active,138.545,True,6932556715516.0,8406393829084.0
2026-07-31T01:46:42.199091,2026/07/31 01:46:42.143,0,GPU-2c3c1aab-4401-c49f-e973-2d9a530e6442,NVIDIA B200,970.86,1000.0,100.0,12.0,1700.0,180925.0,183359.0,1965.0,3996.0,1965.0,63.0,P0,0,0,Not Active,Not Active,Not Active,Not Active,Not Active,Not Active,136.621,True,6932556715516.0,8406393829084.0
2026-07-31T01:46:42.337932,2026/07/31 01:46:42.282,0,GPU-2c3c1aab-4401-c49f-e973-2d9a530e6442,NVIDIA B200,905.22,1000.0,100.0,12.0,1700.0,180925.0,183359.0,1965.0,3996.0,1965.0,54.0,P0,0,0,Not Active,Not Active,Not Active,Not Active,Not Active,Not Active,138.191,True,6932556715516.0,8406393829084.0
2026-07-31T01:46:42.480337,2026/07/31 01:46:42.428,0,GPU-2c3c1aab-4401-c49f-e973-2d9a530e6442,NVIDIA B200,764.54,1000.0,0.0,0.0,1700.0,180925.0,183359.0,1965.0,3996.0,1965.0,51.0,P0,0,0,Not Active,Not Active,Not Active,Not Active,Not Active,Not Active,145.333,True,6932556715516.0,8406393829084.0
2026-07-31T01:46:42.662011,2026/07/31 01:46:42.604,0,GPU-2c3c1aab-4401-c49f-e973-2d9a530e6442,NVIDIA B200,694.86,1000.0,0.0,0.0,1700.0,180925.0,183359.0,1965.0,3996.0,1965.0,50.0,P0,0,0,Not Active,Not Active,Not Active,Not Active,Not Active,Not Active,176.119,True,6932556715516.0,8406393829084.0
2026-07-31T01:46:42.799639,2026/07/31 01:46:42.746,0,GPU-2c3c1aab-4401-c49f-e973-2d9a530e6442,NVIDIA B200,553.62,1000.0,0.0,0.0,1700.0,180925.0,183359.0,1965.0,3996.0,1965.0,49.0,P0,0,0,Not Active,Not Active,Not Active,Not Active,Not Active,Not Active,141.416,True,6932556715516.0,8406393829084.0
2026-07-31T01:46:42.937534,2026/07/31 01:46:42.883,0,GPU-2c3c1aab-4401-c49f-e973-2d9a530e6442,NVIDIA B200,493.47,1000.0,0.0,0.0,1700.0,180925.0,183359.0,1965.0,3996.0,1965.0,49.0,P0,0,0,Not Active,Not Active,Not Active,Not Active,Not Active,Not Active,135.697,True,6932556715516.0,8406393829084.0
2026-07-31T01:46:43.070668,2026/07/31 01:46:43.016,0,GPU-2c3c1aab-4401-c49f-e973-2d9a530e6442,NVIDIA B200,341.83,1000.0,0.0,0.0,1700.0,180925.0,183359.0,1965.0,3996.0,1965.0,48.0,P0,0,0,Not Active,Not Active,Not Active,Not Active,Not Active,Not Active,136.213,True,6932556715516.0,8406393829084.0
2026-07-31T01:46:43.215270,2026/07/31 01:46:43.158,0,GPU-2c3c1aab-4401-c49f-e973-2d9a530e6442,NVIDIA B200,271.95,1000.0,0.0,0.0,1700.0,180925.0,183359.0,1965.0,3996.0,1965.0,48.0,P0,0,0,Not Active,Not Active,Not Active,Not Active,Not Active,Not Active,142.138,True,6932556715516.0,8406393829084.0
2026-07-31T01:46:43.356339,2026/07/31 01:46:43.300,0,GPU-2c3c1aab-4401-c49f-e973-2d9a530e6442,NVIDIA B200,267.69,1000.0,0.0,0.0,1700.0,180925.0,183359.0,1965.0,3996.0,1965.0,48.0,P0,0,0,Not Active,Not Active,Not Active,Not Active,Not Active,Not Active,138.708,True,6932556715516.0,8406393829084.0
2026-07-31T01:46:43.554426,2026/07/31 01:46:43.496,0,GPU-2c3c1aab-4401-c49f-e973-2d9a530e6442,NVIDIA B200,266.49,1000.0,0.0,0.0,1700.0,180925.0,183359.0,1965.0,3996.0,1965.0,48.0,P0,0,0,Not Active,Not Active,Not Active,Not Active,Not Active,Not Active,197.27,True,6932556715516.0,8406393829084.0
2026-07-31T01:46:43.698705,2026/07/31 01:46:43.642,0,GPU-2c3c1aab-4401-c49f-e973-2d9a530e6442,NVIDIA B200,265.62,1000.0,0.0,0.0,1700.0,180925.0,183359.0,1965.0,3996.0,1965.0,47.0,P0,0,0,Not Active,Not Active,Not Active,Not Active,Not Active,Not Active,146.502,True,6932556715516.0,8406393829084.0
2026-07-31T01:46:43.871615,2026/07/31 01:46:43.784,0,GPU-2c3c1aab-4401-c49f-e973-2d9a530e6442,NVIDIA B200,265.36,1000.0,0.0,0.0,1700.0,180925.0,183359.0,1965.0,3996.0,1965.0,47.0,P0,0,0,Not Active,Not Active,Not Active,Not Active,Not Active,Not Active,143.462,True,6932556715516.0,8406393829084.0
2026-07-31T01:46:44.034603,2026/07/31 01:46:43.979,0,GPU-2c3c1aab-4401-c49f-e973-2d9a530e6442,NVIDIA B200,264.9,1000.0,0.0,0.0,1700.0,180925.0,183359.0,1965.0,3996.0,1965.0,47.0,P0,0,0,Not Active,Not Active,Not Active,Not Active,Not Active,Not Active,191.777,True,6932556715516.0,8406393829084.0
2026-07-31T01:46:44.180669,2026/07/31 01:46:44.126,0,GPU-2c3c1aab-4401-c49f-e973-2d9a530e6442,NVIDIA B200,264.52,1000.0,0.0,0.0,1700.0,180925.0,183359.0,1965.0,3996.0,1965.0,47.0,P0,0,0,Not Active,Not Active,Not Active,Not Active,Not Active,Not Active,149.713,True,6932556715516.0,8406393829084.0
2026-07-31T01:46:44.320896,2026/07/31 01:46:44.265,0,GPU-2c3c1aab-4401-c49f-e973-2d9a530e6442,NVIDIA B200,264.33,1000.0,0.0,0.0,1700.0,180925.0,183359.0,1965.0,3996.0,1965.0,47.0,P0,0,0,Not Active,Not Active,Not Active,Not Active,Not Active,Not Active,136.94,True,6932556715516.0,8406393829084.0
2026-07-31T01:46:44.475693,2026/07/31 01:46:44.421,0,GPU-2c3c1aab-4401-c49f-e973-2d9a530e6442,NVIDIA B200,263.87,1000.0,0.0,0.0,1700.0,180925.0,183359.0,1965.0,3996.0,1965.0,46.0,P0,0,0,Not Active,Not Active,Not Active,Not Active,Not Active,Not Active,156.309,True,6932556715516.0,8406393829084.0
2026-07-31T01:46:44.609955,2026/07/31 01:46:44.555,0,GPU-2c3c1aab-4401-c49f-e973-2d9a530e6442,NVIDIA B200,263.74,1000.0,0.0,0.0,1700.0,180925.0,183359.0,1965.0,3996.0,1965.0,46.0,P0,0,0,Not Active,Not Active,Not Active,Not Active,Not Active,Not Active,136.657,True,6932556715516.0,8406393829084.0
2026-07-31T01:46:44.771972,2026/07/31 01:46:44.716,0,GPU-2c3c1aab-4401-c49f-e973-2d9a530e6442,NVIDIA B200,263.49,1000.0,0.0,0.0,1700.0,180925.0,183359.0,1965.0,3996.0,1965.0,46.0,P0,0,0,Not Active,Not Active,Not Active,Not Active,Not Active,Not Active,155.769,True,6932556715516.0,8406393829084.0
2026-07-31T01:46:45.028429,2026/07/31 01:46:44.967,0,GPU-2c3c1aab-4401-c49f-e973-2d9a530e6442,NVIDIA B200,263.23,1000.0,0.0,0.0,1700.0,180925.0,183359.0,1965.0,3996.0,1965.0,46.0,P0,0,0,Not Active,Not Active,Not Active,Not Active,Not Active,Not Active,236.853,True,6932556715516.0,8406393829084.0
2026-07-31T01:46:45.171557,2026/07/31 01:46:45.117,0,GPU-2c3c1aab-4401-c49f-e973-2d9a530e6442,NVIDIA B200,262.96,1000.0,0.0,0.0,1700.0,180925.0,183359.0,1965.0,3996.0,1965.0,46.0,P0,0,0,Not Active,Not Active,Not Active,Not Active,Not Active,Not Active,166.35,True,6932556715516.0,8406393829084.0
2026-07-31T01:46:45.400938,2026/07/31 01:46:45.258,0,GPU-2c3c1aab-4401-c49f-e973-2d9a530e6442,NVIDIA B200,262.85,1000.0,0.0,0.0,1700.0,180925.0,183359.0,1965.0,3996.0,1965.0,46.0,P0,0,0,Not Active,Not Active,Not Active,Not Active,Not Active,Not Active,141.626,True,6932556715516.0,8406393829084.0
2026-07-31T01:46:45.558280,2026/07/31 01:46:45.503,0,GPU-2c3c1aab-4401-c49f-e973-2d9a530e6442,NVIDIA B200,262.66,1000.0,0.0,0.0,1700.0,180925.0,183359.0,1965.0,3996.0,1965.0,46.0,P0,0,0,Not Active,Not Active,Not Active,Not Active,Not Active,Not Active,245.944,True,6932556715516.0,8406393829084.0
2026-07-31T01:46:45.699964,2026/07/31 01:46:45.643,0,GPU-2c3c1aab-4401-c49f-e973-2d9a530e6442,NVIDIA B200,262.41,1000.0,0.0,0.0,1700.0,180925.0,183359.0,1965.0,3996.0,1965.0,46.0,P0,0,0,Not Active,Not Active,Not Active,Not Active,Not Active,Not Active,138.792,True,6932556715516.0,8406393829084.0
2026-07-31T01:46:45.842175,2026/07/31 01:46:45.784,0,GPU-2c3c1aab-4401-c49f-e973-2d9a530e6442,NVIDIA B200,262.32,1000.0,0.0,0.0,1700.0,180925.0,183359.0,1965.0,3996.0,1965.0,46.0,P0,0,0,Not Active,Not Active,Not Active,Not Active,Not Active,Not Active,140.92,True,6932556715516.0,8406393829084.0
2026-07-31T01:46:45.986400,2026/07/31 01:46:45.929,0,GPU-2c3c1aab-4401-c49f-e973-2d9a530e6442,NVIDIA B200,262.1,1000.0,0.0,0.0,1700.0,180925.0,183359.0,1965.0,3996.0,1965.0,45.0,P0,0,0,Not Active,Not Active,Not Active,Not Active,Not Active,Not Active,146.957,True,6932556715516.0,8406393829084.0
2026-07-31T01:46:46.132412,2026/07/31 01:46:46.075,0,GPU-2c3c1aab-4401-c49f-e973-2d9a530e6442,NVIDIA B200,261.99,1000.0,0.0,0.0,1700.0,180925.0,183359.0,1965.0,3996.0,1965.0,45.0,P0,0,0,Not Active,Not Active,Not Active,Not Active,Not Active,Not Active,144.514,True,6932556715516.0,8406393829084.0
2026-07-31T01:46:46.269592,2026/07/31 01:46:46.212,0,GPU-2c3c1aab-4401-c49f-e973-2d9a530e6442,NVIDIA B200,261.89,1000.0,0.0,0.0,1700.0,180925.0,183359.0,1965.0,3996.0,1965.0,45.0,P0,0,0,Not Active,Not Active,Not Active,Not Active,Not Active,Not Active,139.301,True,6932556715516.0,8406393829084.0
2026-07-31T01:46:46.403389,2026/07/31 01:46:46.349,0,GPU-2c3c1aab-4401-c49f-e973-2d9a530e6442,NVIDIA B200,261.83,1000.0,0.0,0.0,1700.0,180925.0,183359.0,1965.0,3996.0,1965.0,45.0,P0,0,0,Not Active,Not Active,Not Active,Not Active,Not Active,Not Active,136.745,True,6932556715516.0,8406393829084.0
2026-07-31T01:46:46.544474,2026/07/31 01:46:46.488,0,GPU-2c3c1aab-4401-c49f-e973-2d9a530e6442,NVIDIA B200,261.75,1000.0,0.0,0.0,1700.0,180925.0,183359.0,1965.0,3996.0,1965.0,45.0,P0,0,0,Not Active,Not Active,Not Active,Not Active,Not Active,Not Active,139.074,True,6932556715516.0,8406393829084.0
2026-07-31T01:46:46.684495,2026/07/31 01:46:46.628,0,GPU-2c3c1aab-4401-c49f-e973-2d9a530e6442,NVIDIA B200,261.69,1000.0,0.0,0.0,1700.0,180925.0,183359.0,1965.0,3996.0,1965.0,45.0,P0,0,0,Not Active,Not Active,Not Active,Not Active,Not Active,Not Active,136.878,True,6932556715516.0,8406393829084.0
2026-07-31T01:46:46.828461,2026/07/31 01:46:46.768,0,GPU-2c3c1aab-4401-c49f-e973-2d9a530e6442,NVIDIA B200,261.58,1000.0,0.0,0.0,1700.0,180925.0,183359.0,1965.0,3996.0,1965.0,45.0,P0,0,0,Not Active,Not Active,Not Active,Not Active,Not Active,Not Active,139.902,True,6932556715516.0,8406393829084.0
2026-07-31T01:46:46.971487,2026/07/31 01:46:46.917,0,GPU-2c3c1aab-4401-c49f-e973-2d9a530e6442,NVIDIA B200,261.44,1000.0,0.0,0.0,1700.0,180925.0,183359.0,1965.0,3996.0,1965.0,45.0,P0,0,0,Not Active,Not Active,Not Active,Not Active,Not Active,Not Active,149.203,True,6932556715516.0,8406393829084.0
2026-07-31T01:46:47.161655,2026/07/31 01:46:47.087,0,GPU-2c3c1aab-4401-c49f-e973-2d9a530e6442,NVIDIA B200,261.33,1000.0,0.0,0.0,1700.0,180925.0,183359.0,1965.0,3996.0,1965.0,45.0,P0,0,0,Not Active,Not Active,Not Active,Not Active,Not Active,Not Active,171.2,True,6932556715516.0,8406393829084.0
2026-07-31T01:46:47.298508,2026/07/31 01:46:47.245,0,GPU-2c3c1aab-4401-c49f-e973-2d9a530e6442,NVIDIA B200,261.12,1000.0,0.0,0.0,1700.0,180925.0,183359.0,1965.0,3996.0,1965.0,45.0,P0,0,0,Not Active,Not Active,Not Active,Not Active,Not Active,Not Active,159.569,True,6932556715516.0,8406393829084.0
2026-07-31T01:46:47.435500,2026/07/31 01:46:47.380,0,GPU-2c3c1aab-4401-c49f-e973-2d9a530e6442,NVIDIA B200,261.04,1000.0,0.0,0.0,1700.0,180925.0,183359.0,1965.0,3996.0,1965.0,45.0,P0,0,0,Not Active,Not Active,Not Active,Not Active,Not Active,Not Active,134.419,True,6932556715516.0,8406393829084.0
2026-07-31T01:46:47.579575,2026/07/31 01:46:47.521,0,GPU-2c3c1aab-4401-c49f-e973-2d9a530e6442,NVIDIA B200,260.89,1000.0,0.0,0.0,1700.0,180925.0,183359.0,1965.0,3996.0,1965.0,45.0,P0,0,0,Not Active,Not Active,Not Active,Not Active,Not Active,Not Active,139.312,True,6932556715516.0,8406393829084.0
2026-07-31T01:46:47.720228,2026/07/31 01:46:47.665,0,GPU-2c3c1aab-4401-c49f-e973-2d9a530e6442,NVIDIA B200,260.81,1000.0,0.0,0.0,1700.0,180925.0,183359.0,1965.0,3996.0,1965.0,44.0,P0,0,0,Not Active,Not Active,Not Active,Not Active,Not Active,Not Active,144.737,True,6932556715516.0,8406393829084.0
2026-07-31T01:46:47.857075,2026/07/31 01:46:47.801,0,GPU-2c3c1aab-4401-c49f-e973-2d9a530e6442,NVIDIA B200,260.74,1000.0,0.0,0.0,1700.0,180925.0,183359.0,1965.0,3996.0,1965.0,44.0,P0,0,0,Not Active,Not Active,Not Active,Not Active,Not Active,Not Active,137.927,True,6932556715516.0,8406393829084.0
2026-07-31T01:46:47.994619,2026/07/31 01:46:47.939,0,GPU-2c3c1aab-4401-c49f-e973-2d9a530e6442,NVIDIA B200,260.57,1000.0,0.0,0.0,1700.0,180925.0,183359.0,1965.0,3996.0,1965.0,44.0,P0,0,0,Not Active,Not Active,Not Active,Not Active,Not Active,Not Active,137.725,True,6932556715516.0,8406393829084.0
2026-07-31T01:46:48.135808,2026/07/31 01:46:48.081,0,GPU-2c3c1aab-4401-c49f-e973-2d9a530e6442,NVIDIA B200,260.55,1000.0,0.0,0.0,1700.0,180925.0,183359.0,1965.0,3996.0,1965.0,44.0,P0,0,0,Not Active,Not Active,Not Active,Not Active,Not Active,Not Active,140.636,True,6932556715516.0,8406393829084.0
2026-07-31T01:46:48.279605,2026/07/31 01:46:48.221,0,GPU-2c3c1aab-4401-c49f-e973-2d9a530e6442,NVIDIA B200,260.31,1000.0,0.0,0.0,1700.0,180925.0,183359.0,1965.0,3996.0,1965.0,44.0,P0,0,0,Not Active,Not Active,Not Active,Not Active,Not Active,Not Active,136.944,True,6932556715516.0,8406393829084.0
2026-07-31T01:46:48.420986,2026/07/31 01:46:48.365,0,GPU-2c3c1aab-4401-c49f-e973-2d9a530e6442,NVIDIA B200,260.22,1000.0,0.0,0.0,1700.0,180925.0,183359.0,1965.0,3996.0,1965.0,44.0,P0,0,0,Not Active,Not Active,Not Active,Not Active,Not Active,Not Active,147.465,True,6932556715516.0,8406393829084.0
2026-07-31T01:46:48.620099,2026/07/31 01:46:48.565,0,GPU-2c3c1aab-4401-c49f-e973-2d9a530e6442,NVIDIA B200,260.01,1000.0,0.0,0.0,1700.0,180925.0,183359.0,1965.0,3996.0,1965.0,44.0,P0,0,0,Not Active,Not Active,Not Active,Not Active,Not Active,Not Active,200.074,True,6932556715516.0,8406393829084.0
2026-07-31T01:46:48.765567,2026/07/31 01:46:48.709,0,GPU-2c3c1aab-4401-c49f-e973-2d9a530e6442,NVIDIA B200,259.76,1000.0,0.0,0.0,1700.0,180925.0,183359.0,1965.0,3996.0,1965.0,44.0,P0,0,0,Not Active,Not Active,Not Active,Not Active,Not Active,Not Active,141.828,True,6932556715516.0,8406393829084.0
2026-07-31T01:46:48.907915,2026/07/31 01:46:48.848,0,GPU-2c3c1aab-4401-c49f-e973-2d9a530e6442,NVIDIA B200,259.64,1000.0,0.0,0.0,1700.0,180925.0,183359.0,1965.0,3996.0,1965.0,44.0,P0,0,0,Not Active,Not Active,Not Active,Not Active,Not Active,Not Active,141.393,True,6932556715516.0,8406393829084.0
2026-07-31T01:46:49.092020,2026/07/31 01:46:48.997,0,GPU-2c3c1aab-4401-c49f-e973-2d9a530e6442,NVIDIA B200,259.53,1000.0,0.0,0.0,1700.0,180925.0,183359.0,1965.0,3996.0,1965.0,44.0,P0,0,0,Not Active,Not Active,Not Active,Not Active,Not Active,Not Active,148.126,True,6932556715516.0,8406393829084.0
2026-07-31T01:46:49.249716,2026/07/31 01:46:49.189,0,GPU-2c3c1aab-4401-c49f-e973-2d9a530e6442,NVIDIA B200,259.33,1000.0,0.0,0.0,1700.0,180925.0,183359.0,1965.0,3996.0,1965.0,44.0,P0,0,0,Not Active,Not Active,Not Active,Not Active,Not Active,Not Active,190.456,True,6932556715516.0,8406393829084.0
2026-07-31T01:46:49.395882,2026/07/31 01:46:49.340,0,GPU-2c3c1aab-4401-c49f-e973-2d9a530e6442,NVIDIA B200,259.16,1000.0,0.0,0.0,1700.0,180925.0,183359.0,1965.0,3996.0,1965.0,44.0,P0,0,0,Not Active,Not Active,Not Active,Not Active,Not Active,Not Active,150.515,True,6932556715516.0,8406393829084.0
2026-07-31T01:46:49.535943,2026/07/31 01:46:49.480,0,GPU-2c3c1aab-4401-c49f-e973-2d9a530e6442,NVIDIA B200,259.09,1000.0,0.0,0.0,1700.0,180925.0,183359.0,1965.0,3996.0,1965.0,44.0,P0,0,0,Not Active,Not Active,Not Active,Not Active,Not Active,Not Active,142.116,True,6932556715516.0,8406393829084.0
2026-07-31T01:46:49.679935,2026/07/31 01:46:49.623,0,GPU-2c3c1aab-4401-c49f-e973-2d9a530e6442,NVIDIA B200,258.95,1000.0,0.0,0.0,1700.0,180925.0,183359.0,1965.0,3996.0,1965.0,44.0,P0,0,0,Not Active,Not Active,Not Active,Not Active,Not Active,Not Active,142.413,True,6932556715516.0,8406393829084.0
2026-07-31T01:46:49.817586,2026/07/31 01:46:49.761,0,GPU-2c3c1aab-4401-c49f-e973-2d9a530e6442,NVIDIA B200,258.91,1000.0,0.0,0.0,1700.0,180925.0,183359.0,1965.0,3996.0,1965.0,43.0,P0,0,0,Not Active,Not Active,Not Active,Not Active,Not Active,Not Active,139.532,True,6932556715516.0,8406393829084.0
2026-07-31T01:46:49.972439,2026/07/31 01:46:49.917,0,GPU-2c3c1aab-4401-c49f-e973-2d9a530e6442,NVIDIA B200,258.81,1000.0,0.0,0.0,1700.0,180925.0,183359.0,1965.0,3996.0,1965.0,43.0,P0,0,0,Not Active,Not Active,Not Active,Not Active,Not Active,Not Active,151.753,True,6932556715516.0,8406393829084.0
2026-07-31T01:46:50.226242,2026/07/31 01:46:50.070,0,GPU-2c3c1aab-4401-c49f-e973-2d9a530e6442,NVIDIA B200,258.8,1000.0,0.0,0.0,1700.0,180925.0,183359.0,1965.0,3996.0,1965.0,43.0,P0,0,0,Not Active,Not Active,Not Active,Not Active,Not Active,Not Active,141.423,True,6932556715516.0,8406393829084.0
2026-07-31T01:46:50.390679,2026/07/31 01:46:50.334,0,GPU-2c3c1aab-4401-c49f-e973-2d9a530e6442,NVIDIA B200,258.59,1000.0,0.0,0.0,1700.0,180925.0,183359.0,1965.0,3996.0,1965.0,43.0,P0,0,0,Not Active,Not Active,Not Active,Not Active,Not Active,Not Active,279.294,True,6932556715516.0,8406393829084.0
2026-07-31T01:46:50.529597,2026/07/31 01:46:50.475,0,GPU-2c3c1aab-4401-c49f-e973-2d9a530e6442,NVIDIA B200,258.53,1000.0,0.0,0.0,1700.0,180925.0,183359.0,1965.0,3996.0,1965.0,43.0,P0,0,0,Not Active,Not Active,Not Active,Not Active,Not Active,Not Active,139.998,True,6932556715516.0,8406393829084.0
2026-07-31T01:46:50.786987,2026/07/31 01:46:50.701,0,GPU-2c3c1aab-4401-c49f-e973-2d9a530e6442,NVIDIA B200,258.39,1000.0,0.0,0.0,1700.0,180925.0,183359.0,1965.0,3996.0,1965.0,43.0,P0,0,0,Not Active,Not Active,Not Active,Not Active,Not Active,Not Active,169.11,True,6932556715516.0,8406393829084.0
2026-07-31T01:46:50.921499,2026/07/31 01:46:50.868,0,GPU-2c3c1aab-4401-c49f-e973-2d9a530e6442,NVIDIA B200,258.35,1000.0,0.0,0.0,1700.0,180925.0,183359.0,1965.0,3996.0,1965.0,43.0,P0,0,0,Not Active,Not Active,Not Active,Not Active,Not Active,Not Active,225.753,True,6932556715516.0,8406393829084.0
2026-07-31T01:46:51.066706,2026/07/31 01:46:51.009,0,GPU-2c3c1aab-4401-c49f-e973-2d9a530e6442,NVIDIA B200,258.12,1000.0,0.0,0.0,1700.0,180925.0,183359.0,1965.0,3996.0,1965.0,43.0,P0,0,0,Not Active,Not Active,Not Active,Not Active,Not Active,Not Active,137.466,True,6932556715516.0,8406393829084.0
2026-07-31T01:46:51.200720,2026/07/31 01:46:51.147,0,GPU-2c3c1aab-4401-c49f-e973-2d9a530e6442,NVIDIA B200,258.08,1000.0,0.0,0.0,1700.0,180925.0,183359.0,1965.0,3996.0,1965.0,43.0,P0,0,0,Not Active,Not Active,Not Active,Not Active,Not Active,Not Active,141.897,True,6932556715516.0,8406393829084.0
2026-07-31T01:46:51.357324,2026/07/31 01:46:51.287,0,GPU-2c3c1aab-4401-c49f-e973-2d9a530e6442,NVIDIA B200,258.06,1000.0,0.0,0.0,1700.0,180925.0,183359.0,1965.0,3996.0,1965.0,43.0,P0,0,0,Not Active,Not Active,Not Active,Not Active,Not Active,Not Active,136.541,True,6932556715516.0,8406393829084.0
