epoch,iso,phase,interval_ms,power.draw,utilization.gpu,utilization.memory,memory.used,clocks.sm,clocks.mem,temperature.gpu
1785388655.546,2026-07-30T05:17:35.546102+00:00,baseline,246.8,851.86,99.0,3.0,972.0,1965.0,3996.0,61.0
1785388655.581,2026-07-30T05:17:35.581302+00:00,baseline,35.2,836.06,99.0,3.0,972.0,1965.0,3996.0,55.0
1785388655.623,2026-07-30T05:17:35.622594+00:00,baseline,41.3,836.06,99.0,3.0,972.0,1965.0,3996.0,55.0
1785388655.656,2026-07-30T05:17:35.655790+00:00,baseline,33.2,836.06,99.0,3.0,972.0,1965.0,3996.0,55.0
1785388655.69,2026-07-30T05:17:35.689741+00:00,baseline,33.9,835.93,99.0,3.0,972.0,1965.0,3996.0,61.0
1785388655.725,2026-07-30T05:17:35.725297+00:00,baseline,35.6,835.93,99.0,3.0,972.0,1965.0,3996.0,61.0
1785388655.758,2026-07-30T05:17:35.757773+00:00,baseline,32.5,835.93,99.0,3.0,972.0,1965.0,3996.0,61.0
1785388655.793,2026-07-30T05:17:35.793012+00:00,baseline,35.2,836.14,99.0,3.0,972.0,1965.0,3996.0,61.0
1785388655.831,2026-07-30T05:17:35.831136+00:00,baseline,38.1,836.14,99.0,3.0,972.0,1965.0,3996.0,61.0
1785388655.864,2026-07-30T05:17:35.864202+00:00,baseline,33.1,836.14,99.0,3.0,972.0,1965.0,3996.0,61.0
1785388655.902,2026-07-30T05:17:35.902142+00:00,baseline,37.9,836.76,99.0,3.0,972.0,1965.0,3996.0,61.0
1785388655.936,2026-07-30T05:17:35.936469+00:00,baseline,34.3,836.76,99.0,3.0,972.0,1965.0,3996.0,61.0
1785388655.974,2026-07-30T05:17:35.974247+00:00,baseline,37.8,836.76,99.0,3.0,972.0,1965.0,3996.0,61.0
1785388656.012,2026-07-30T05:17:36.011726+00:00,baseline,37.5,837.77,99.0,3.0,972.0,1965.0,3996.0,61.0
1785388656.046,2026-07-30T05:17:36.046217+00:00,baseline,34.5,837.77,99.0,3.0,972.0,1965.0,3996.0,61.0
1785388656.079,2026-07-30T05:17:36.078791+00:00,baseline,32.6,838.49,99.0,3.0,972.0,1965.0,3996.0,61.0
1785388656.111,2026-07-30T05:17:36.111178+00:00,baseline,32.4,838.49,99.0,3.0,972.0,1965.0,3996.0,61.0
1785388656.146,2026-07-30T05:17:36.146128+00:00,baseline,35.0,838.49,99.0,3.0,972.0,1965.0,3996.0,61.0
1785388656.183,2026-07-30T05:17:36.182638+00:00,baseline,36.5,838.47,99.0,3.0,972.0,1965.0,3996.0,61.0
1785388656.221,2026-07-30T05:17:36.221025+00:00,baseline,38.4,838.47,99.0,3.0,972.0,1965.0,3996.0,61.0
1785388656.254,2026-07-30T05:17:36.253765+00:00,baseline,32.7,838.47,99.0,3.0,972.0,1965.0,3996.0,61.0
1785388656.288,2026-07-30T05:17:36.287521+00:00,baseline,33.8,838.9,99.0,3.0,972.0,1965.0,3996.0,62.0
1785388656.325,2026-07-30T05:17:36.325120+00:00,baseline,37.6,838.9,99.0,3.0,972.0,1965.0,3996.0,62.0
1785388656.36,2026-07-30T05:17:36.359675+00:00,baseline,34.6,838.9,99.0,3.0,972.0,1965.0,3996.0,62.0
1785388656.393,2026-07-30T05:17:36.392813+00:00,baseline,33.1,838.86,99.0,3.0,972.0,1965.0,3996.0,62.0
1785388656.427,2026-07-30T05:17:36.427061+00:00,baseline,34.2,838.86,99.0,3.0,972.0,1965.0,3996.0,62.0
1785388656.46,2026-07-30T05:17:36.460438+00:00,baseline,33.4,838.86,99.0,3.0,972.0,1965.0,3996.0,62.0
1785388656.494,2026-07-30T05:17:36.493980+00:00,baseline,33.5,838.53,99.0,3.0,972.0,1965.0,3996.0,62.0
1785388656.529,2026-07-30T05:17:36.528731+00:00,baseline,34.8,838.53,99.0,3.0,972.0,1965.0,3996.0,62.0
1785388656.562,2026-07-30T05:17:36.561711+00:00,baseline,33.0,838.53,99.0,3.0,972.0,1965.0,3996.0,62.0
1785388656.595,2026-07-30T05:17:36.594517+00:00,baseline,32.8,858.2,99.0,3.0,972.0,1965.0,3996.0,61.0
1785388656.628,2026-07-30T05:17:36.628069+00:00,baseline,33.6,858.2,99.0,3.0,972.0,1965.0,3996.0,61.0
1785388656.661,2026-07-30T05:17:36.660779+00:00,baseline,32.7,858.2,99.0,3.0,972.0,1965.0,3996.0,61.0
1785388656.698,2026-07-30T05:17:36.697536+00:00,baseline,36.8,858.79,99.0,3.0,972.0,1965.0,3996.0,62.0
1785388656.732,2026-07-30T05:17:36.731942+00:00,baseline,34.4,858.79,99.0,3.0,972.0,1965.0,3996.0,62.0
1785388656.766,2026-07-30T05:17:36.766306+00:00,baseline,34.4,858.79,99.0,3.0,972.0,1965.0,3996.0,62.0
1785388656.815,2026-07-30T05:17:36.814888+00:00,baseline,48.6,859.0,99.0,3.0,972.0,1965.0,3996.0,62.0
1785388656.851,2026-07-30T05:17:36.851098+00:00,baseline,36.2,859.0,99.0,3.0,972.0,1965.0,3996.0,62.0
1785388656.884,2026-07-30T05:17:36.884456+00:00,baseline,33.4,858.74,99.0,3.0,972.0,1965.0,3996.0,62.0
1785388656.922,2026-07-30T05:17:36.921804+00:00,baseline,37.3,858.74,99.0,3.0,972.0,1965.0,3996.0,62.0
1785388656.957,2026-07-30T05:17:36.957069+00:00,baseline,35.3,858.74,99.0,3.0,972.0,1965.0,3996.0,62.0
1785388656.993,2026-07-30T05:17:36.993267+00:00,baseline,36.2,858.43,99.0,3.0,972.0,1965.0,3996.0,62.0
1785388657.027,2026-07-30T05:17:37.027263+00:00,baseline,34.0,858.43,99.0,3.0,972.0,1965.0,3996.0,62.0
1785388657.061,2026-07-30T05:17:37.061027+00:00,baseline,33.8,858.43,99.0,3.0,972.0,1965.0,3996.0,62.0
1785388657.097,2026-07-30T05:17:37.097479+00:00,baseline,36.4,858.2,99.0,3.0,972.0,1965.0,3996.0,62.0
1785388657.132,2026-07-30T05:17:37.132396+00:00,baseline,34.9,858.2,99.0,3.0,972.0,1965.0,3996.0,62.0
1785388657.167,2026-07-30T05:17:37.167008+00:00,baseline,34.6,858.2,99.0,3.0,972.0,1965.0,3996.0,62.0
1785388657.202,2026-07-30T05:17:37.201656+00:00,baseline,34.6,858.3,99.0,3.0,972.0,1965.0,3996.0,62.0
1785388657.234,2026-07-30T05:17:37.234303+00:00,baseline,32.6,858.3,99.0,3.0,972.0,1965.0,3996.0,62.0
1785388657.268,2026-07-30T05:17:37.268321+00:00,baseline,34.0,858.3,99.0,3.0,972.0,1965.0,3996.0,62.0
1785388657.309,2026-07-30T05:17:37.308850+00:00,baseline,40.5,857.91,99.0,3.0,972.0,1965.0,3996.0,62.0
1785388657.344,2026-07-30T05:17:37.344309+00:00,baseline,35.5,857.91,99.0,3.0,972.0,1965.0,3996.0,62.0
1785388657.378,2026-07-30T05:17:37.378405+00:00,baseline,34.1,857.86,99.0,3.0,972.0,1965.0,3996.0,62.0
1785388657.419,2026-07-30T05:17:37.418774+00:00,baseline,40.4,857.86,99.0,3.0,972.0,1965.0,3996.0,62.0
1785388657.455,2026-07-30T05:17:37.455039+00:00,baseline,36.3,857.86,99.0,3.0,972.0,1965.0,3996.0,62.0
1785388657.489,2026-07-30T05:17:37.489029+00:00,baseline,34.0,856.77,99.0,3.0,972.0,1965.0,3996.0,62.0
1785388657.526,2026-07-30T05:17:37.525781+00:00,baseline,36.8,856.77,99.0,3.0,972.0,1965.0,3996.0,62.0
1785388657.559,2026-07-30T05:17:37.558794+00:00,baseline,33.0,856.77,99.0,3.0,972.0,1965.0,3996.0,62.0
1785388657.593,2026-07-30T05:17:37.592826+00:00,baseline,34.0,859.4,99.0,3.0,972.0,1965.0,3996.0,62.0
1785388657.624,2026-07-30T05:17:37.624223+00:00,baseline,31.4,859.4,99.0,3.0,972.0,1965.0,3996.0,62.0
1785388657.659,2026-07-30T05:17:37.658917+00:00,baseline,34.7,859.4,99.0,3.0,972.0,1965.0,3996.0,62.0
1785388657.691,2026-07-30T05:17:37.690641+00:00,baseline,31.7,859.87,99.0,3.0,972.0,1965.0,3996.0,62.0
1785388657.728,2026-07-30T05:17:37.728201+00:00,baseline,37.6,859.87,99.0,3.0,972.0,1965.0,3996.0,62.0
1785388657.761,2026-07-30T05:17:37.761279+00:00,baseline,33.1,859.87,99.0,3.0,972.0,1965.0,3996.0,62.0
1785388657.794,2026-07-30T05:17:37.793882+00:00,baseline,32.6,859.92,99.0,3.0,972.0,1965.0,3996.0,62.0
1785388657.827,2026-07-30T05:17:37.827140+00:00,baseline,33.3,859.92,99.0,3.0,972.0,1965.0,3996.0,62.0
1785388657.86,2026-07-30T05:17:37.860031+00:00,baseline,32.9,859.92,99.0,3.0,972.0,1965.0,3996.0,62.0
1785388657.895,2026-07-30T05:17:37.895021+00:00,baseline,35.0,860.13,99.0,3.0,972.0,1965.0,3996.0,62.0
1785388657.931,2026-07-30T05:17:37.930955+00:00,baseline,35.9,860.13,99.0,3.0,972.0,1965.0,3996.0,62.0
1785388657.962,2026-07-30T05:17:37.962069+00:00,baseline,31.1,860.13,99.0,3.0,972.0,1965.0,3996.0,62.0
1785388657.999,2026-07-30T05:17:37.998901+00:00,baseline,36.8,860.27,99.0,3.0,972.0,1965.0,3996.0,62.0
1785388658.033,2026-07-30T05:17:38.033075+00:00,baseline,34.2,860.27,99.0,3.0,972.0,1965.0,3996.0,62.0
1785388658.068,2026-07-30T05:17:38.068106+00:00,baseline,35.0,860.27,99.0,3.0,972.0,1965.0,3996.0,62.0
1785388658.109,2026-07-30T05:17:38.108627+00:00,baseline,40.5,860.4,99.0,3.0,972.0,1965.0,3996.0,62.0
1785388658.142,2026-07-30T05:17:38.142272+00:00,baseline,33.6,860.4,99.0,3.0,972.0,1965.0,3996.0,62.0
1785388658.177,2026-07-30T05:17:38.177356+00:00,baseline,35.1,860.4,99.0,3.0,972.0,1965.0,3996.0,62.0
1785388658.217,2026-07-30T05:17:38.216748+00:00,baseline,39.4,860.56,99.0,3.0,972.0,1965.0,3996.0,62.0
1785388658.251,2026-07-30T05:17:38.250533+00:00,baseline,33.8,860.56,99.0,3.0,972.0,1965.0,3996.0,62.0
1785388658.281,2026-07-30T05:17:38.281367+00:00,baseline,30.8,861.09,99.0,3.0,972.0,1965.0,3996.0,62.0
1785388658.32,2026-07-30T05:17:38.319771+00:00,baseline,38.4,861.09,99.0,3.0,972.0,1965.0,3996.0,62.0
1785388658.353,2026-07-30T05:17:38.353001+00:00,baseline,33.2,861.09,99.0,3.0,972.0,1965.0,3996.0,62.0
1785388658.569,2026-07-30T05:17:38.568770+00:00,baseline,215.8,861.34,99.0,3.0,972.0,1965.0,3996.0,62.0
1785388658.667,2026-07-30T05:17:38.666784+00:00,baseline,98.0,862.07,99.0,3.0,972.0,1965.0,3996.0,62.0
1785388658.759,2026-07-30T05:17:38.758608+00:00,baseline,91.8,861.96,99.0,3.0,972.0,1965.0,3996.0,62.0
1785388658.902,2026-07-30T05:17:38.902403+00:00,baseline,143.8,862.52,99.0,3.0,972.0,1965.0,3996.0,63.0
1785388658.953,2026-07-30T05:17:38.953288+00:00,baseline,50.9,862.52,99.0,3.0,972.0,1965.0,3996.0,63.0
1785388658.991,2026-07-30T05:17:38.991390+00:00,baseline,38.1,862.35,99.0,3.0,972.0,1965.0,3996.0,63.0
1785388659.027,2026-07-30T05:17:39.027152+00:00,baseline,35.8,862.35,99.0,3.0,972.0,1965.0,3996.0,63.0
1785388659.061,2026-07-30T05:17:39.061368+00:00,baseline,34.2,862.35,99.0,3.0,972.0,1965.0,3996.0,63.0
1785388659.094,2026-07-30T05:17:39.094030+00:00,baseline,32.7,862.14,99.0,3.0,972.0,1965.0,3996.0,63.0
1785388659.129,2026-07-30T05:17:39.128744+00:00,baseline,34.7,862.14,99.0,3.0,972.0,1965.0,3996.0,63.0
1785388659.163,2026-07-30T05:17:39.162681+00:00,baseline,33.9,862.14,99.0,3.0,972.0,1965.0,3996.0,63.0
1785388659.205,2026-07-30T05:17:39.205159+00:00,baseline,42.5,861.37,99.0,3.0,972.0,1965.0,3996.0,63.0
1785388659.241,2026-07-30T05:17:39.241453+00:00,baseline,36.3,861.37,99.0,3.0,972.0,1965.0,3996.0,63.0
1785388659.275,2026-07-30T05:17:39.275328+00:00,baseline,33.9,861.37,99.0,3.0,972.0,1965.0,3996.0,63.0
1785388659.316,2026-07-30T05:17:39.315953+00:00,baseline,40.6,861.06,99.0,3.0,972.0,1965.0,3996.0,63.0
1785388659.349,2026-07-30T05:17:39.348660+00:00,baseline,32.7,861.06,99.0,3.0,972.0,1965.0,3996.0,63.0
1785388659.381,2026-07-30T05:17:39.381219+00:00,baseline,32.6,861.02,99.0,3.0,972.0,1965.0,3996.0,63.0
1785388659.419,2026-07-30T05:17:39.419194+00:00,baseline,38.0,861.02,99.0,3.0,972.0,1965.0,3996.0,63.0
1785388659.456,2026-07-30T05:17:39.455862+00:00,baseline,36.7,861.02,99.0,3.0,972.0,1965.0,3996.0,63.0
1785388659.488,2026-07-30T05:17:39.487584+00:00,baseline,31.7,861.48,99.0,3.0,972.0,1965.0,3996.0,63.0
1785388659.524,2026-07-30T05:17:39.524108+00:00,baseline,36.5,861.48,99.0,3.0,972.0,1965.0,3996.0,63.0
1785388659.559,2026-07-30T05:17:39.558950+00:00,baseline,34.8,861.48,99.0,3.0,972.0,1965.0,3996.0,63.0
1785388659.59,2026-07-30T05:17:39.589532+00:00,baseline,30.6,842.17,99.0,3.0,972.0,1965.0,3996.0,57.0
1785388659.625,2026-07-30T05:17:39.625297+00:00,baseline,35.8,842.17,99.0,3.0,972.0,1965.0,3996.0,57.0
1785388659.662,2026-07-30T05:17:39.661950+00:00,baseline,36.7,842.17,99.0,3.0,972.0,1965.0,3996.0,57.0
1785388659.7,2026-07-30T05:17:39.700123+00:00,baseline,38.2,842.71,99.0,3.0,972.0,1965.0,3996.0,62.0
1785388659.736,2026-07-30T05:17:39.736446+00:00,baseline,36.3,842.71,99.0,3.0,972.0,1965.0,3996.0,62.0
1785388659.771,2026-07-30T05:17:39.770660+00:00,baseline,34.2,842.71,99.0,3.0,972.0,1965.0,3996.0,62.0
1785388659.804,2026-07-30T05:17:39.804076+00:00,baseline,33.4,842.4,99.0,3.0,972.0,1965.0,3996.0,62.0
1785388659.839,2026-07-30T05:17:39.838718+00:00,baseline,34.6,842.4,99.0,3.0,972.0,1965.0,3996.0,62.0
1785388659.874,2026-07-30T05:17:39.874502+00:00,baseline,35.8,842.4,99.0,3.0,972.0,1965.0,3996.0,63.0
1785388659.912,2026-07-30T05:17:39.911658+00:00,baseline,37.2,842.76,99.0,3.0,972.0,1965.0,3996.0,63.0
1785388659.949,2026-07-30T05:17:39.948901+00:00,baseline,37.2,842.76,99.0,3.0,972.0,1965.0,3996.0,63.0
1785388659.983,2026-07-30T05:17:39.983120+00:00,baseline,34.2,842.31,99.0,3.0,972.0,1965.0,3996.0,63.0
1785388660.021,2026-07-30T05:17:40.021478+00:00,baseline,38.4,842.31,99.0,3.0,972.0,1965.0,3996.0,63.0
1785388660.056,2026-07-30T05:17:40.056270+00:00,baseline,34.8,842.31,99.0,3.0,972.0,1965.0,3996.0,63.0
1785388660.089,2026-07-30T05:17:40.088799+00:00,baseline,32.5,843.12,99.0,3.0,972.0,1965.0,3996.0,63.0
1785388660.124,2026-07-30T05:17:40.124031+00:00,baseline,35.2,843.12,99.0,3.0,972.0,1965.0,3996.0,63.0
1785388660.16,2026-07-30T05:17:40.159536+00:00,baseline,35.5,843.12,99.0,3.0,972.0,1965.0,3996.0,63.0
1785388660.195,2026-07-30T05:17:40.195062+00:00,baseline,35.5,844.1,99.0,3.0,972.0,1965.0,3996.0,63.0
1785388660.229,2026-07-30T05:17:40.229410+00:00,baseline,34.3,844.1,99.0,3.0,972.0,1965.0,3996.0,63.0
1785388660.265,2026-07-30T05:17:40.265393+00:00,baseline,36.0,844.1,99.0,3.0,972.0,1965.0,3996.0,63.0
1785388660.304,2026-07-30T05:17:40.303810+00:00,baseline,38.4,844.26,99.0,3.0,972.0,1965.0,3996.0,63.0
1785388660.338,2026-07-30T05:17:40.338090+00:00,baseline,34.3,844.26,99.0,3.0,972.0,1965.0,3996.0,63.0
1785388660.372,2026-07-30T05:17:40.371995+00:00,baseline,33.9,844.26,99.0,3.0,972.0,1965.0,3996.0,63.0
1785388660.412,2026-07-30T05:17:40.412509+00:00,baseline,40.5,844.52,99.0,3.0,972.0,1965.0,3996.0,63.0
1785388660.45,2026-07-30T05:17:40.450315+00:00,baseline,37.8,844.52,99.0,3.0,972.0,1965.0,3996.0,63.0
1785388660.484,2026-07-30T05:17:40.483851+00:00,baseline,33.5,844.59,99.0,3.0,972.0,1965.0,3996.0,63.0
1785388660.523,2026-07-30T05:17:40.523450+00:00,baseline,39.6,844.59,99.0,3.0,972.0,1965.0,3996.0,63.0
1785388660.558,2026-07-30T05:17:40.558235+00:00,baseline,34.8,844.59,99.0,3.0,972.0,1965.0,3996.0,63.0
1785388660.595,2026-07-30T05:17:40.594781+00:00,baseline,36.5,865.48,99.0,3.0,972.0,1965.0,3996.0,63.0
1785388660.63,2026-07-30T05:17:40.630128+00:00,baseline,35.3,865.48,99.0,3.0,972.0,1965.0,3996.0,63.0
1785388660.666,2026-07-30T05:17:40.665872+00:00,baseline,35.7,865.48,99.0,3.0,972.0,1965.0,3996.0,63.0
1785388660.706,2026-07-30T05:17:40.706235+00:00,baseline,40.4,865.72,99.0,3.0,972.0,1965.0,3996.0,63.0
1785388660.741,2026-07-30T05:17:40.740699+00:00,baseline,34.5,865.72,99.0,3.0,972.0,1965.0,3996.0,63.0
1785388660.775,2026-07-30T05:17:40.775482+00:00,baseline,34.8,865.72,99.0,3.0,972.0,1965.0,3996.0,63.0
1785388660.813,2026-07-30T05:17:40.812961+00:00,baseline,37.5,865.7,99.0,3.0,972.0,1965.0,3996.0,63.0
1785388660.849,2026-07-30T05:17:40.849022+00:00,baseline,36.1,865.7,99.0,3.0,972.0,1965.0,3996.0,63.0
1785388660.882,2026-07-30T05:17:40.882402+00:00,baseline,33.4,865.62,99.0,3.0,972.0,1965.0,3996.0,63.0
1785388660.919,2026-07-30T05:17:40.918531+00:00,baseline,36.1,865.62,99.0,3.0,972.0,1965.0,3996.0,63.0
1785388660.953,2026-07-30T05:17:40.952563+00:00,baseline,34.0,865.62,99.0,3.0,972.0,1965.0,3996.0,63.0
1785388660.986,2026-07-30T05:17:40.986398+00:00,baseline,33.8,865.85,99.0,3.0,972.0,1965.0,3996.0,63.0
1785388661.022,2026-07-30T05:17:41.022427+00:00,baseline,36.0,865.85,99.0,3.0,972.0,1965.0,3996.0,63.0
1785388661.057,2026-07-30T05:17:41.057072+00:00,baseline,34.6,865.85,99.0,3.0,972.0,1965.0,3996.0,63.0
1785388661.092,2026-07-30T05:17:41.091547+00:00,baseline,34.5,865.91,99.0,3.0,972.0,1965.0,3996.0,63.0
1785388661.128,2026-07-30T05:17:41.128503+00:00,baseline,37.0,865.91,99.0,3.0,972.0,1965.0,3996.0,63.0
1785388661.163,2026-07-30T05:17:41.162840+00:00,baseline,34.3,865.91,99.0,3.0,972.0,1965.0,3996.0,63.0
1785388661.202,2026-07-30T05:17:41.202488+00:00,baseline,39.6,866.09,99.0,3.0,972.0,1965.0,3996.0,63.0
1785388661.237,2026-07-30T05:17:41.237154+00:00,baseline,34.7,866.09,99.0,3.0,972.0,1965.0,3996.0,63.0
1785388661.271,2026-07-30T05:17:41.271321+00:00,baseline,34.2,866.09,99.0,3.0,972.0,1965.0,3996.0,63.0
1785388661.311,2026-07-30T05:17:41.311443+00:00,baseline,40.1,866.0,99.0,3.0,972.0,1965.0,3996.0,63.0
1785388661.351,2026-07-30T05:17:41.351071+00:00,baseline,39.6,866.0,99.0,3.0,972.0,1965.0,3996.0,63.0
1785388661.385,2026-07-30T05:17:41.385278+00:00,baseline,34.2,866.51,99.0,3.0,972.0,1965.0,3996.0,63.0
1785388661.421,2026-07-30T05:17:41.420700+00:00,baseline,35.4,866.51,99.0,3.0,972.0,1965.0,3996.0,63.0
1785388661.457,2026-07-30T05:17:41.457397+00:00,baseline,36.7,866.51,99.0,3.0,972.0,1965.0,3996.0,63.0
1785388661.492,2026-07-30T05:17:41.492417+00:00,baseline,35.0,866.72,99.0,3.0,972.0,1965.0,3996.0,63.0
1785388661.526,2026-07-30T05:17:41.525724+00:00,baseline,33.3,866.72,99.0,3.0,972.0,1965.0,3996.0,63.0
1785388661.561,2026-07-30T05:17:41.560654+00:00,baseline,34.9,866.72,99.0,3.0,972.0,1965.0,3996.0,63.0
1785388661.597,2026-07-30T05:17:41.596543+00:00,baseline,35.9,811.52,99.0,3.0,972.0,1965.0,3996.0,58.0
1785388661.653,2026-07-30T05:17:41.653083+00:00,baseline,56.5,811.52,99.0,3.0,972.0,1965.0,3996.0,58.0
1785388661.691,2026-07-30T05:17:41.690620+00:00,baseline,37.5,810.64,77.0,2.0,972.0,1965.0,3996.0,61.0
1785388661.727,2026-07-30T05:17:41.726653+00:00,baseline,36.0,810.64,77.0,2.0,972.0,1965.0,3996.0,61.0
1785388661.761,2026-07-30T05:17:41.760760+00:00,baseline,34.1,810.64,77.0,2.0,972.0,1965.0,3996.0,61.0
1785388661.799,2026-07-30T05:17:41.799353+00:00,baseline,38.6,811.66,77.0,2.0,972.0,1965.0,3996.0,62.0
1785388661.845,2026-07-30T05:17:41.845246+00:00,baseline,45.9,811.66,77.0,2.0,972.0,1965.0,3996.0,62.0
1785388661.888,2026-07-30T05:17:41.888196+00:00,baseline,42.9,811.94,99.0,3.0,972.0,1965.0,3996.0,63.0
1785388661.925,2026-07-30T05:17:41.924713+00:00,baseline,36.5,811.94,99.0,3.0,972.0,1965.0,3996.0,63.0
1785388661.96,2026-07-30T05:17:41.960514+00:00,baseline,35.8,811.94,99.0,3.0,972.0,1965.0,3996.0,63.0
1785388662.016,2026-07-30T05:17:42.016434+00:00,baseline,55.9,810.67,99.0,3.0,972.0,1965.0,3996.0,63.0
1785388662.052,2026-07-30T05:17:42.051991+00:00,baseline,35.6,810.67,99.0,3.0,972.0,1965.0,3996.0,63.0
1785388662.087,2026-07-30T05:17:42.087151+00:00,baseline,35.2,810.48,99.0,3.0,972.0,1965.0,3996.0,63.0
1785388662.127,2026-07-30T05:17:42.127508+00:00,baseline,40.4,810.48,99.0,3.0,972.0,1965.0,3996.0,63.0
1785388662.163,2026-07-30T05:17:42.162933+00:00,baseline,35.4,810.48,99.0,3.0,972.0,1965.0,3996.0,63.0
1785388662.198,2026-07-30T05:17:42.197758+00:00,baseline,34.8,811.15,99.0,3.0,972.0,1965.0,3996.0,63.0
1785388662.235,2026-07-30T05:17:42.234724+00:00,baseline,37.0,811.15,99.0,3.0,972.0,1965.0,3996.0,63.0
1785388662.271,2026-07-30T05:17:42.270585+00:00,baseline,35.9,811.15,99.0,3.0,972.0,1965.0,3996.0,63.0
1785388662.323,2026-07-30T05:17:42.322993+00:00,baseline,52.4,809.87,99.0,3.0,972.0,1965.0,3996.0,63.0
1785388662.358,2026-07-30T05:17:42.358425+00:00,baseline,35.4,809.87,99.0,3.0,972.0,1965.0,3996.0,63.0
1785388662.402,2026-07-30T05:17:42.401988+00:00,baseline,43.6,810.72,99.0,3.0,972.0,1965.0,3996.0,63.0
1785388662.438,2026-07-30T05:17:42.438477+00:00,baseline,36.5,810.72,99.0,3.0,972.0,1965.0,3996.0,63.0
1785388662.473,2026-07-30T05:17:42.473101+00:00,baseline,34.6,810.72,99.0,3.0,972.0,1965.0,3996.0,63.0
1785388662.511,2026-07-30T05:17:42.510787+00:00,baseline,37.7,809.26,99.0,3.0,972.0,1965.0,3996.0,64.0
1785388662.56,2026-07-30T05:17:42.560374+00:00,baseline,49.6,809.26,99.0,3.0,972.0,1965.0,3996.0,64.0
1785388662.595,2026-07-30T05:17:42.595102+00:00,baseline,34.7,796.73,99.0,3.0,972.0,1965.0,3996.0,58.0
1785388662.632,2026-07-30T05:17:42.631639+00:00,baseline,36.5,796.73,99.0,3.0,972.0,1965.0,3996.0,58.0
1785388662.664,2026-07-30T05:17:42.663956+00:00,baseline,32.3,796.73,99.0,3.0,972.0,1965.0,3996.0,58.0
1785388662.704,2026-07-30T05:17:42.703986+00:00,baseline,40.0,736.78,0.0,0.0,972.0,1965.0,3996.0,55.0
1785388662.739,2026-07-30T05:17:42.738647+00:00,baseline,34.7,736.78,0.0,0.0,972.0,1965.0,3996.0,55.0
1785388662.772,2026-07-30T05:17:42.771964+00:00,baseline,33.3,736.78,0.0,0.0,972.0,1965.0,3996.0,55.0
1785388662.811,2026-07-30T05:17:42.810839+00:00,baseline,38.9,675.9,0.0,0.0,972.0,1965.0,3996.0,54.0
1785388662.847,2026-07-30T05:17:42.846660+00:00,baseline,35.8,675.9,0.0,0.0,972.0,1965.0,3996.0,54.0
1785388662.881,2026-07-30T05:17:42.880818+00:00,baseline,34.2,675.9,50.0,2.0,972.0,1965.0,3996.0,57.0
1785388662.92,2026-07-30T05:17:42.920390+00:00,baseline,39.6,671.63,50.0,2.0,972.0,1965.0,3996.0,57.0
1785388662.956,2026-07-30T05:17:42.956070+00:00,baseline,35.7,671.63,50.0,2.0,972.0,1965.0,3996.0,57.0
1785388662.99,2026-07-30T05:17:42.989951+00:00,baseline,33.9,674.67,50.0,2.0,972.0,1965.0,3996.0,60.0
1785388663.027,2026-07-30T05:17:43.027183+00:00,baseline,37.2,674.67,50.0,2.0,972.0,1965.0,3996.0,60.0
1785388663.062,2026-07-30T05:17:43.061745+00:00,baseline,34.6,674.67,50.0,2.0,972.0,1965.0,3996.0,60.0
1785388663.099,2026-07-30T05:17:43.099370+00:00,baseline,37.6,674.88,99.0,3.0,972.0,1965.0,3996.0,61.0
1785388663.134,2026-07-30T05:17:43.134369+00:00,baseline,35.0,674.88,99.0,3.0,972.0,1965.0,3996.0,61.0
1785388663.167,2026-07-30T05:17:43.167308+00:00,baseline,32.9,674.88,99.0,3.0,972.0,1965.0,3996.0,61.0
1785388663.202,2026-07-30T05:17:43.201872+00:00,baseline,34.6,674.99,99.0,3.0,972.0,1965.0,3996.0,62.0
1785388663.235,2026-07-30T05:17:43.235352+00:00,baseline,33.5,674.99,99.0,3.0,972.0,1965.0,3996.0,62.0
1785388663.268,2026-07-30T05:17:43.268465+00:00,baseline,33.1,674.99,99.0,3.0,972.0,1965.0,3996.0,62.0
1785388663.307,2026-07-30T05:17:43.307372+00:00,baseline,38.9,675.04,99.0,3.0,972.0,1965.0,3996.0,62.0
1785388663.341,2026-07-30T05:17:43.340876+00:00,baseline,33.5,675.04,99.0,3.0,972.0,1965.0,3996.0,62.0
1785388663.377,2026-07-30T05:17:43.376915+00:00,baseline,36.0,675.04,99.0,3.0,972.0,1965.0,3996.0,62.0
1785388663.417,2026-07-30T05:17:43.416781+00:00,baseline,39.9,675.07,99.0,3.0,972.0,1965.0,3996.0,63.0
1785388663.451,2026-07-30T05:17:43.451271+00:00,baseline,34.5,675.07,99.0,3.0,972.0,1965.0,3996.0,63.0
1785388663.483,2026-07-30T05:17:43.482731+00:00,baseline,31.5,674.4,99.0,3.0,972.0,1965.0,3996.0,63.0
1785388663.518,2026-07-30T05:17:43.517681+00:00,baseline,34.9,674.4,99.0,3.0,972.0,1965.0,3996.0,63.0
1785388663.551,2026-07-30T05:17:43.551499+00:00,baseline,33.8,674.4,99.0,3.0,972.0,1965.0,3996.0,63.0
1785388663.586,2026-07-30T05:17:43.585893+00:00,baseline,34.4,739.44,99.0,3.0,972.0,1965.0,3996.0,63.0
1785388663.621,2026-07-30T05:17:43.620771+00:00,baseline,34.9,739.44,99.0,3.0,972.0,1965.0,3996.0,63.0
1785388663.654,2026-07-30T05:17:43.653941+00:00,baseline,33.2,739.44,99.0,3.0,972.0,1965.0,3996.0,63.0
1785388663.687,2026-07-30T05:17:43.687360+00:00,baseline,33.4,789.73,99.0,3.0,972.0,1965.0,3996.0,63.0
1785388663.724,2026-07-30T05:17:43.724063+00:00,baseline,36.7,789.73,99.0,3.0,972.0,1965.0,3996.0,63.0
1785388663.76,2026-07-30T05:17:43.759570+00:00,baseline,35.5,789.73,99.0,3.0,972.0,1965.0,3996.0,63.0
1785388663.796,2026-07-30T05:17:43.796300+00:00,baseline,36.7,849.04,99.0,3.0,972.0,1965.0,3996.0,63.0
1785388663.832,2026-07-30T05:17:43.832184+00:00,baseline,35.9,849.04,99.0,3.0,972.0,1965.0,3996.0,63.0
1785388663.864,2026-07-30T05:17:43.864477+00:00,baseline,32.3,849.04,99.0,3.0,972.0,1965.0,3996.0,63.0
1785388663.961,2026-07-30T05:17:43.960762+00:00,baseline,96.3,865.68,99.0,3.0,972.0,1965.0,3996.0,64.0
1785388664.209,2026-07-30T05:17:44.208917+00:00,baseline,248.2,867.16,99.0,3.0,972.0,1965.0,3996.0,64.0
1785388664.306,2026-07-30T05:17:44.306349+00:00,baseline,97.4,867.65,99.0,3.0,972.0,1965.0,3996.0,64.0
1785388664.394,2026-07-30T05:17:44.393739+00:00,baseline,87.4,867.65,99.0,3.0,972.0,1965.0,3996.0,64.0
1785388664.472,2026-07-30T05:17:44.471853+00:00,baseline,78.1,867.75,99.0,3.0,972.0,1965.0,3996.0,64.0
1785388664.512,2026-07-30T05:17:44.511795+00:00,baseline,39.9,868.2,99.0,3.0,972.0,1965.0,3996.0,64.0
1785388664.547,2026-07-30T05:17:44.547057+00:00,baseline,35.3,868.2,99.0,3.0,972.0,1965.0,3996.0,64.0
1785388664.581,2026-07-30T05:17:44.581074+00:00,baseline,34.0,868.2,99.0,3.0,972.0,1965.0,3996.0,64.0
1785388664.62,2026-07-30T05:17:44.619535+00:00,baseline,38.5,868.31,99.0,3.0,972.0,1965.0,3996.0,64.0
1785388664.656,2026-07-30T05:17:44.655529+00:00,baseline,36.0,868.31,99.0,3.0,972.0,1965.0,3996.0,64.0
1785388664.689,2026-07-30T05:17:44.688550+00:00,baseline,33.0,868.06,99.0,3.0,972.0,1965.0,3996.0,64.0
1785388664.725,2026-07-30T05:17:44.724890+00:00,baseline,36.3,868.06,99.0,3.0,972.0,1965.0,3996.0,64.0
1785388664.76,2026-07-30T05:17:44.760401+00:00,baseline,35.5,868.06,99.0,3.0,972.0,1965.0,3996.0,64.0
1785388664.801,2026-07-30T05:17:44.801215+00:00,baseline,40.8,868.17,99.0,3.0,972.0,1965.0,3996.0,64.0
1785388664.836,2026-07-30T05:17:44.835840+00:00,baseline,34.6,868.17,99.0,3.0,972.0,1965.0,3996.0,64.0
1785388664.869,2026-07-30T05:17:44.869514+00:00,baseline,33.7,868.17,99.0,3.0,972.0,1965.0,3996.0,64.0
1785388664.91,2026-07-30T05:17:44.909885+00:00,baseline,40.4,868.31,99.0,3.0,972.0,1965.0,3996.0,64.0
1785388664.946,2026-07-30T05:17:44.946274+00:00,baseline,36.4,868.31,99.0,3.0,972.0,1965.0,3996.0,64.0
1785388664.987,2026-07-30T05:17:44.987484+00:00,baseline,41.2,868.31,99.0,3.0,972.0,1965.0,3996.0,64.0
1785388665.024,2026-07-30T05:17:45.023901+00:00,baseline,36.4,868.47,99.0,3.0,972.0,1965.0,3996.0,64.0
1785388665.075,2026-07-30T05:17:45.074696+00:00,baseline,50.8,868.47,99.0,3.0,972.0,1965.0,3996.0,64.0
1785388665.12,2026-07-30T05:17:45.119945+00:00,baseline,45.3,868.66,99.0,3.0,972.0,1965.0,3996.0,64.0
1785388665.155,2026-07-30T05:17:45.154874+00:00,baseline,34.9,868.66,99.0,3.0,972.0,1965.0,3996.0,64.0
1785388665.186,2026-07-30T05:17:45.186395+00:00,baseline,31.5,868.79,99.0,3.0,972.0,1965.0,3996.0,64.0
1785388665.225,2026-07-30T05:17:45.225358+00:00,baseline,39.0,868.79,99.0,3.0,972.0,1965.0,3996.0,64.0
1785388665.261,2026-07-30T05:17:45.260699+00:00,baseline,35.3,868.79,99.0,3.0,972.0,1965.0,3996.0,64.0
1785388665.299,2026-07-30T05:17:45.299151+00:00,baseline,38.4,869.0,99.0,3.0,972.0,1965.0,3996.0,64.0
1785388665.334,2026-07-30T05:17:45.333692+00:00,baseline,34.5,869.0,99.0,3.0,972.0,1965.0,3996.0,64.0
1785388665.368,2026-07-30T05:17:45.367792+00:00,baseline,34.1,869.0,99.0,3.0,972.0,1965.0,3996.0,64.0
1785388665.403,2026-07-30T05:17:45.403193+00:00,baseline,35.4,869.19,99.0,3.0,972.0,1965.0,3996.0,64.0
1785388665.438,2026-07-30T05:17:45.437752+00:00,baseline,34.6,869.19,99.0,3.0,972.0,1965.0,3996.0,64.0
1785388665.471,2026-07-30T05:17:45.471114+00:00,baseline,33.4,869.19,99.0,3.0,972.0,1965.0,3996.0,64.0
1785388665.51,2026-07-30T05:17:45.510303+00:00,baseline,39.2,861.76,99.0,3.0,972.0,1965.0,3996.0,64.0
1785388665.545,2026-07-30T05:17:45.544652+00:00,baseline,34.4,861.76,99.0,3.0,972.0,1965.0,3996.0,64.0
1785388665.582,2026-07-30T05:17:45.582074+00:00,baseline,37.4,861.76,99.0,3.0,972.0,1965.0,3996.0,59.0
1785388665.623,2026-07-30T05:17:45.623024+00:00,baseline,41.0,833.12,99.0,3.0,972.0,1965.0,3996.0,59.0
1785388665.657,2026-07-30T05:17:45.656523+00:00,baseline,33.5,833.12,99.0,3.0,972.0,1965.0,3996.0,59.0
1785388665.688,2026-07-30T05:17:45.688383+00:00,baseline,31.9,832.69,99.0,3.0,972.0,1965.0,3996.0,63.0
1785388665.724,2026-07-30T05:17:45.724050+00:00,baseline,35.7,832.69,99.0,3.0,972.0,1965.0,3996.0,63.0
1785388665.758,2026-07-30T05:17:45.757870+00:00,baseline,33.8,832.69,99.0,3.0,972.0,1965.0,3996.0,63.0
1785388665.796,2026-07-30T05:17:45.796014+00:00,baseline,38.1,832.46,99.0,3.0,972.0,1965.0,3996.0,64.0
1785388665.834,2026-07-30T05:17:45.833535+00:00,baseline,37.5,832.46,99.0,3.0,972.0,1965.0,3996.0,64.0
1785388665.868,2026-07-30T05:17:45.868316+00:00,baseline,34.8,832.46,99.0,3.0,972.0,1965.0,3996.0,64.0
1785388665.911,2026-07-30T05:17:45.911194+00:00,baseline,42.9,832.41,99.0,3.0,972.0,1965.0,3996.0,64.0
1785388665.946,2026-07-30T05:17:45.946331+00:00,baseline,35.1,832.41,99.0,3.0,972.0,1965.0,3996.0,64.0
1785388665.982,2026-07-30T05:17:45.981600+00:00,baseline,35.3,832.41,99.0,3.0,972.0,1965.0,3996.0,64.0
1785388666.018,2026-07-30T05:17:46.017523+00:00,baseline,35.9,832.28,99.0,3.0,972.0,1965.0,3996.0,64.0
1785388666.054,2026-07-30T05:17:46.053527+00:00,baseline,36.0,832.28,99.0,3.0,972.0,1965.0,3996.0,64.0
1785388666.087,2026-07-30T05:17:46.086900+00:00,baseline,33.4,832.25,99.0,3.0,972.0,1965.0,3996.0,64.0
1785388666.125,2026-07-30T05:17:46.125230+00:00,baseline,38.3,832.25,99.0,3.0,972.0,1965.0,3996.0,64.0
1785388666.161,2026-07-30T05:17:46.161063+00:00,baseline,35.8,832.25,99.0,3.0,972.0,1965.0,3996.0,64.0
1785388666.195,2026-07-30T05:17:46.194929+00:00,baseline,33.9,832.8,99.0,3.0,972.0,1965.0,3996.0,64.0
1785388666.227,2026-07-30T05:17:46.227389+00:00,baseline,32.5,832.8,99.0,3.0,972.0,1965.0,3996.0,64.0
1785388666.262,2026-07-30T05:17:46.262284+00:00,baseline,34.9,832.8,99.0,3.0,972.0,1965.0,3996.0,64.0
1785388666.299,2026-07-30T05:17:46.299334+00:00,baseline,37.0,831.58,99.0,3.0,972.0,1965.0,3996.0,64.0
1785388666.333,2026-07-30T05:17:46.333231+00:00,baseline,33.9,831.58,99.0,3.0,972.0,1965.0,3996.0,64.0
1785388666.367,2026-07-30T05:17:46.367299+00:00,baseline,34.1,831.58,99.0,3.0,972.0,1965.0,3996.0,64.0
1785388666.408,2026-07-30T05:17:46.408154+00:00,baseline,40.9,831.5,99.0,3.0,972.0,1965.0,3996.0,64.0
1785388666.443,2026-07-30T05:17:46.443062+00:00,baseline,34.9,831.5,99.0,3.0,972.0,1965.0,3996.0,64.0
1785388666.48,2026-07-30T05:17:46.479920+00:00,baseline,36.9,831.5,99.0,3.0,972.0,1965.0,3996.0,64.0
1785388666.521,2026-07-30T05:17:46.521455+00:00,baseline,41.5,838.36,99.0,3.0,972.0,1965.0,3996.0,65.0
1785388666.555,2026-07-30T05:17:46.554766+00:00,baseline,33.3,838.36,99.0,3.0,972.0,1965.0,3996.0,65.0
1785388666.584,2026-07-30T05:17:46.583799+00:00,baseline,29.0,867.1,99.0,3.0,972.0,1965.0,3996.0,64.0
1785388666.621,2026-07-30T05:17:46.621124+00:00,baseline,37.3,867.1,99.0,3.0,972.0,1965.0,3996.0,64.0
1785388666.655,2026-07-30T05:17:46.654701+00:00,baseline,33.6,867.1,99.0,3.0,972.0,1965.0,3996.0,64.0
1785388666.69,2026-07-30T05:17:46.690212+00:00,baseline,35.5,867.88,99.0,3.0,972.0,1965.0,3996.0,65.0
1785388666.726,2026-07-30T05:17:46.726268+00:00,baseline,36.1,867.88,99.0,3.0,972.0,1965.0,3996.0,65.0
1785388666.761,2026-07-30T05:17:46.761361+00:00,baseline,35.1,867.88,99.0,3.0,972.0,1965.0,3996.0,65.0
1785388666.795,2026-07-30T05:17:46.794816+00:00,baseline,33.5,868.33,99.0,3.0,972.0,1965.0,3996.0,65.0
1785388666.829,2026-07-30T05:17:46.829287+00:00,baseline,34.5,868.33,99.0,3.0,972.0,1965.0,3996.0,65.0
1785388666.863,2026-07-30T05:17:46.863040+00:00,baseline,33.8,868.33,99.0,3.0,972.0,1965.0,3996.0,65.0
1785388666.897,2026-07-30T05:17:46.896585+00:00,baseline,33.5,868.43,99.0,3.0,972.0,1965.0,3996.0,65.0
1785388666.93,2026-07-30T05:17:46.930508+00:00,baseline,33.9,868.43,99.0,3.0,972.0,1965.0,3996.0,65.0
1785388666.964,2026-07-30T05:17:46.963805+00:00,baseline,33.3,868.43,99.0,3.0,972.0,1965.0,3996.0,65.0
1785388667.001,2026-07-30T05:17:47.000678+00:00,baseline,36.9,868.54,99.0,3.0,972.0,1965.0,3996.0,65.0
1785388667.033,2026-07-30T05:17:47.033393+00:00,baseline,32.7,868.54,99.0,3.0,972.0,1965.0,3996.0,65.0
1785388667.066,2026-07-30T05:17:47.066479+00:00,baseline,33.1,868.54,99.0,3.0,972.0,1965.0,3996.0,65.0
1785388667.105,2026-07-30T05:17:47.105102+00:00,baseline,38.6,868.54,99.0,3.0,972.0,1965.0,3996.0,65.0
1785388667.14,2026-07-30T05:17:47.140396+00:00,baseline,35.3,868.54,99.0,3.0,972.0,1965.0,3996.0,65.0
1785388667.174,2026-07-30T05:17:47.174025+00:00,baseline,33.6,868.54,99.0,3.0,972.0,1965.0,3996.0,65.0
1785388667.212,2026-07-30T05:17:47.212451+00:00,baseline,38.4,868.5,99.0,3.0,972.0,1965.0,3996.0,65.0
1785388667.247,2026-07-30T05:17:47.246946+00:00,baseline,34.5,868.5,99.0,3.0,972.0,1965.0,3996.0,65.0
1785388667.282,2026-07-30T05:17:47.281986+00:00,baseline,35.0,868.5,99.0,3.0,972.0,1965.0,3996.0,65.0
1785388667.323,2026-07-30T05:17:47.322751+00:00,baseline,40.8,868.76,99.0,3.0,972.0,1965.0,3996.0,65.0
1785388667.356,2026-07-30T05:17:47.356312+00:00,baseline,33.6,868.76,99.0,3.0,972.0,1965.0,3996.0,65.0
1785388667.39,2026-07-30T05:17:47.389620+00:00,baseline,33.3,868.66,99.0,3.0,972.0,1965.0,3996.0,65.0
1785388667.426,2026-07-30T05:17:47.425973+00:00,baseline,36.4,868.66,99.0,3.0,972.0,1965.0,3996.0,65.0
1785388667.462,2026-07-30T05:17:47.461917+00:00,baseline,35.9,868.66,99.0,3.0,972.0,1965.0,3996.0,65.0
1785388667.497,2026-07-30T05:17:47.497136+00:00,baseline,35.2,868.8,99.0,3.0,972.0,1965.0,3996.0,65.0
1785388667.528,2026-07-30T05:17:47.528382+00:00,baseline,31.2,868.8,99.0,3.0,972.0,1965.0,3996.0,65.0
1785388667.563,2026-07-30T05:17:47.563374+00:00,baseline,35.0,868.8,99.0,3.0,972.0,1965.0,3996.0,65.0
1785388667.596,2026-07-30T05:17:47.596002+00:00,baseline,32.6,868.86,99.0,3.0,972.0,1965.0,3996.0,65.0
1785388667.631,2026-07-30T05:17:47.630991+00:00,baseline,35.0,868.86,99.0,3.0,972.0,1965.0,3996.0,65.0
1785388667.667,2026-07-30T05:17:47.667390+00:00,baseline,36.4,868.86,99.0,3.0,972.0,1965.0,3996.0,65.0
1785388667.707,2026-07-30T05:17:47.707299+00:00,baseline,39.9,868.97,99.0,3.0,972.0,1965.0,3996.0,65.0
1785388667.741,2026-07-30T05:17:47.740913+00:00,baseline,33.6,868.97,99.0,3.0,972.0,1965.0,3996.0,65.0
1785388667.774,2026-07-30T05:17:47.774049+00:00,baseline,33.1,868.97,99.0,3.0,972.0,1965.0,3996.0,65.0
1785388667.813,2026-07-30T05:17:47.813438+00:00,baseline,39.4,868.88,99.0,3.0,972.0,1965.0,3996.0,65.0
1785388667.845,2026-07-30T05:17:47.844755+00:00,baseline,31.3,868.88,99.0,3.0,972.0,1965.0,3996.0,65.0
1785388667.879,2026-07-30T05:17:47.878824+00:00,baseline,34.1,868.88,99.0,3.0,972.0,1965.0,3996.0,65.0
1785388667.92,2026-07-30T05:17:47.920348+00:00,baseline,41.5,868.81,99.0,3.0,972.0,1965.0,3996.0,65.0
1785388667.954,2026-07-30T05:17:47.954480+00:00,baseline,34.1,868.81,99.0,3.0,972.0,1965.0,3996.0,65.0
1785388667.989,2026-07-30T05:17:47.989278+00:00,baseline,34.8,868.72,99.0,3.0,972.0,1965.0,3996.0,65.0
1785388668.025,2026-07-30T05:17:48.024707+00:00,baseline,35.4,868.72,99.0,3.0,972.0,1965.0,3996.0,65.0
1785388668.056,2026-07-30T05:17:48.055868+00:00,baseline,31.2,868.72,99.0,3.0,972.0,1965.0,3996.0,65.0
1785388668.089,2026-07-30T05:17:48.088567+00:00,baseline,32.7,869.05,99.0,3.0,972.0,1965.0,3996.0,65.0
1785388668.124,2026-07-30T05:17:48.123897+00:00,baseline,35.3,869.05,99.0,3.0,972.0,1965.0,3996.0,65.0
1785388668.157,2026-07-30T05:17:48.157023+00:00,baseline,33.1,869.05,99.0,3.0,972.0,1965.0,3996.0,65.0
1785388668.192,2026-07-30T05:17:48.191513+00:00,baseline,34.5,869.28,99.0,3.0,972.0,1965.0,3996.0,65.0
1785388668.227,2026-07-30T05:17:48.226713+00:00,baseline,35.2,869.28,99.0,3.0,972.0,1965.0,3996.0,65.0
1785388668.262,2026-07-30T05:17:48.262189+00:00,baseline,35.5,869.28,99.0,3.0,972.0,1965.0,3996.0,65.0
1785388668.298,2026-07-30T05:17:48.297995+00:00,baseline,35.8,869.6,99.0,3.0,972.0,1965.0,3996.0,65.0
1785388668.333,2026-07-30T05:17:48.333284+00:00,baseline,35.3,869.6,99.0,3.0,972.0,1965.0,3996.0,65.0
1785388668.368,2026-07-30T05:17:48.368136+00:00,baseline,34.9,869.6,99.0,3.0,972.0,1965.0,3996.0,65.0
1785388668.409,2026-07-30T05:17:48.408950+00:00,baseline,40.8,869.72,99.0,3.0,972.0,1965.0,3996.0,65.0
1785388668.444,2026-07-30T05:17:48.443789+00:00,baseline,34.8,869.72,99.0,3.0,972.0,1965.0,3996.0,65.0
1785388668.483,2026-07-30T05:17:48.482560+00:00,baseline,38.8,869.72,99.0,3.0,972.0,1965.0,3996.0,65.0
1785388668.521,2026-07-30T05:17:48.521495+00:00,baseline,38.9,869.26,99.0,3.0,972.0,1965.0,3996.0,65.0
1785388668.556,2026-07-30T05:17:48.555782+00:00,baseline,34.3,869.26,99.0,3.0,972.0,1965.0,3996.0,65.0
1785388668.591,2026-07-30T05:17:48.590655+00:00,baseline,34.9,871.07,99.0,3.0,972.0,1965.0,3996.0,65.0
1785388668.628,2026-07-30T05:17:48.627765+00:00,baseline,37.1,871.07,99.0,3.0,972.0,1965.0,3996.0,65.0
1785388668.663,2026-07-30T05:17:48.662632+00:00,baseline,34.9,871.07,99.0,3.0,972.0,1965.0,3996.0,65.0
1785388668.701,2026-07-30T05:17:48.701117+00:00,baseline,38.5,871.12,99.0,3.0,972.0,1965.0,3996.0,65.0
1785388668.734,2026-07-30T05:17:48.733926+00:00,baseline,32.8,871.12,99.0,3.0,972.0,1965.0,3996.0,65.0
1785388668.768,2026-07-30T05:17:48.768039+00:00,baseline,34.1,871.12,99.0,3.0,972.0,1965.0,3996.0,65.0
1785388668.81,2026-07-30T05:17:48.810422+00:00,baseline,42.4,871.22,99.0,3.0,972.0,1965.0,3996.0,65.0
1785388668.844,2026-07-30T05:17:48.844317+00:00,baseline,33.9,871.22,99.0,3.0,972.0,1965.0,3996.0,65.0
1785388668.883,2026-07-30T05:17:48.882879+00:00,baseline,38.6,871.22,99.0,3.0,972.0,1965.0,3996.0,65.0
1785388668.921,2026-07-30T05:17:48.921491+00:00,baseline,38.6,871.48,99.0,3.0,972.0,1965.0,3996.0,65.0
1785388668.956,2026-07-30T05:17:48.956130+00:00,baseline,34.6,871.48,99.0,3.0,972.0,1965.0,3996.0,65.0
1785388668.99,2026-07-30T05:17:48.990355+00:00,baseline,34.2,871.82,99.0,3.0,972.0,1965.0,3996.0,65.0
1785388669.024,2026-07-30T05:17:49.024307+00:00,baseline,34.0,871.82,99.0,3.0,972.0,1965.0,3996.0,65.0
1785388669.058,2026-07-30T05:17:49.057696+00:00,baseline,33.4,871.82,99.0,3.0,972.0,1965.0,3996.0,65.0
1785388669.093,2026-07-30T05:17:49.093491+00:00,baseline,35.8,871.82,99.0,3.0,972.0,1965.0,3996.0,65.0
1785388669.128,2026-07-30T05:17:49.128262+00:00,baseline,34.8,871.82,99.0,3.0,972.0,1965.0,3996.0,65.0
1785388669.164,2026-07-30T05:17:49.163772+00:00,baseline,35.5,871.82,99.0,3.0,972.0,1965.0,3996.0,65.0
1785388669.203,2026-07-30T05:17:49.203121+00:00,baseline,39.3,871.78,99.0,3.0,972.0,1965.0,3996.0,65.0
1785388669.237,2026-07-30T05:17:49.237113+00:00,baseline,34.0,871.78,99.0,3.0,972.0,1965.0,3996.0,65.0
1785388669.27,2026-07-30T05:17:49.269716+00:00,baseline,32.6,871.78,99.0,3.0,972.0,1965.0,3996.0,65.0
1785388669.304,2026-07-30T05:17:49.304011+00:00,baseline,34.3,871.68,99.0,3.0,972.0,1965.0,3996.0,65.0
1785388669.339,2026-07-30T05:17:49.338882+00:00,baseline,34.9,871.68,99.0,3.0,972.0,1965.0,3996.0,65.0
1785388669.37,2026-07-30T05:17:49.369576+00:00,baseline,30.7,871.68,99.0,3.0,972.0,1965.0,3996.0,65.0
1785388669.409,2026-07-30T05:17:49.409206+00:00,baseline,39.6,871.8,99.0,3.0,972.0,1965.0,3996.0,65.0
1785388669.502,2026-07-30T05:17:49.501814+00:00,baseline,92.6,871.8,99.0,3.0,972.0,1965.0,3996.0,65.0
1785388669.547,2026-07-30T05:17:49.546965+00:00,baseline,45.2,865.3,99.0,3.0,972.0,1965.0,3996.0,65.0
1785388669.829,2026-07-30T05:17:49.829423+00:00,baseline,282.5,826.64,94.0,3.0,972.0,1965.0,3996.0,64.0
1785388669.909,2026-07-30T05:17:49.908815+00:00,baseline,79.4,826.0,99.0,3.0,972.0,1965.0,3996.0,65.0
1785388670.004,2026-07-30T05:17:50.004123+00:00,baseline,95.3,826.0,99.0,3.0,972.0,1965.0,3996.0,65.0
1785388670.04,2026-07-30T05:17:50.039831+00:00,baseline,35.7,825.98,99.0,3.0,972.0,1965.0,3996.0,65.0
1785388670.074,2026-07-30T05:17:50.073929+00:00,baseline,34.1,825.98,99.0,3.0,972.0,1965.0,3996.0,65.0
1785388670.114,2026-07-30T05:17:50.113947+00:00,baseline,40.0,826.07,99.0,3.0,972.0,1965.0,3996.0,65.0
1785388670.149,2026-07-30T05:17:50.148684+00:00,baseline,34.7,826.07,99.0,3.0,972.0,1965.0,3996.0,65.0
1785388670.181,2026-07-30T05:17:50.180769+00:00,baseline,32.1,826.07,99.0,3.0,972.0,1965.0,3996.0,65.0
1785388670.22,2026-07-30T05:17:50.219795+00:00,baseline,39.0,826.94,99.0,3.0,972.0,1965.0,3996.0,65.0
1785388670.253,2026-07-30T05:17:50.253012+00:00,baseline,33.2,826.94,99.0,3.0,972.0,1965.0,3996.0,65.0
1785388670.285,2026-07-30T05:17:50.284712+00:00,baseline,31.7,826.94,99.0,3.0,972.0,1965.0,3996.0,65.0
1785388670.322,2026-07-30T05:17:50.321663+00:00,baseline,36.9,826.39,99.0,3.0,972.0,1965.0,3996.0,65.0
1785388670.353,2026-07-30T05:17:50.352998+00:00,baseline,31.3,826.39,99.0,3.0,972.0,1965.0,3996.0,65.0
1785388670.385,2026-07-30T05:17:50.385284+00:00,baseline,32.3,826.39,99.0,3.0,972.0,1965.0,3996.0,65.0
1785388670.422,2026-07-30T05:17:50.422139+00:00,baseline,36.9,826.15,99.0,3.0,972.0,1965.0,3996.0,65.0
1785388670.456,2026-07-30T05:17:50.456050+00:00,baseline,33.9,826.15,99.0,3.0,972.0,1965.0,3996.0,65.0
1785388670.49,2026-07-30T05:17:50.490263+00:00,baseline,34.2,823.26,99.0,3.0,972.0,1965.0,3996.0,65.0
1785388670.523,2026-07-30T05:17:50.523494+00:00,baseline,33.2,823.26,99.0,3.0,972.0,1965.0,3996.0,65.0
1785388670.557,2026-07-30T05:17:50.557373+00:00,baseline,33.9,823.26,99.0,3.0,972.0,1965.0,3996.0,65.0
1785388670.591,2026-07-30T05:17:50.590579+00:00,baseline,33.2,866.7,99.0,3.0,972.0,1965.0,3996.0,65.0
1785388670.629,2026-07-30T05:17:50.629495+00:00,baseline,38.9,866.7,99.0,3.0,972.0,1965.0,3996.0,65.0
1785388670.664,2026-07-30T05:17:50.664122+00:00,baseline,34.6,866.7,99.0,3.0,972.0,1965.0,3996.0,65.0
1785388670.7,2026-07-30T05:17:50.699685+00:00,baseline,35.6,866.94,99.0,3.0,972.0,1965.0,3996.0,65.0
1785388670.736,2026-07-30T05:17:50.735818+00:00,baseline,36.1,866.94,99.0,3.0,972.0,1965.0,3996.0,65.0
1785388670.774,2026-07-30T05:17:50.773595+00:00,baseline,37.8,866.94,99.0,3.0,972.0,1965.0,3996.0,65.0
1785388670.813,2026-07-30T05:17:50.812699+00:00,baseline,39.1,867.06,99.0,3.0,972.0,1965.0,3996.0,65.0
1785388670.847,2026-07-30T05:17:50.846853+00:00,baseline,34.2,867.06,99.0,3.0,972.0,1965.0,3996.0,65.0
1785388670.883,2026-07-30T05:17:50.883239+00:00,baseline,36.4,867.06,99.0,3.0,972.0,1965.0,3996.0,66.0
1785388670.921,2026-07-30T05:17:50.921350+00:00,baseline,38.1,867.25,99.0,3.0,972.0,1965.0,3996.0,66.0
1785388670.956,2026-07-30T05:17:50.956426+00:00,baseline,35.1,867.25,99.0,3.0,972.0,1965.0,3996.0,66.0
1785388670.99,2026-07-30T05:17:50.989558+00:00,baseline,33.1,867.29,99.0,3.0,972.0,1965.0,3996.0,66.0
1785388671.025,2026-07-30T05:17:51.024976+00:00,baseline,35.4,867.29,99.0,3.0,972.0,1965.0,3996.0,66.0
1785388671.06,2026-07-30T05:17:51.059570+00:00,baseline,34.6,867.29,99.0,3.0,972.0,1965.0,3996.0,66.0
1785388671.097,2026-07-30T05:17:51.096776+00:00,baseline,37.2,866.95,99.0,3.0,972.0,1965.0,3996.0,66.0
1785388671.131,2026-07-30T05:17:51.130852+00:00,baseline,34.1,866.95,99.0,3.0,972.0,1965.0,3996.0,66.0
1785388671.164,2026-07-30T05:17:51.164450+00:00,baseline,33.6,866.95,99.0,3.0,972.0,1965.0,3996.0,66.0
1785388671.208,2026-07-30T05:17:51.208055+00:00,baseline,43.6,866.71,99.0,3.0,972.0,1965.0,3996.0,66.0
1785388671.241,2026-07-30T05:17:51.241335+00:00,baseline,33.3,866.71,99.0,3.0,972.0,1965.0,3996.0,66.0
1785388671.275,2026-07-30T05:17:51.275031+00:00,baseline,33.7,866.71,99.0,3.0,972.0,1965.0,3996.0,66.0
1785388671.313,2026-07-30T05:17:51.312990+00:00,baseline,38.0,866.74,99.0,3.0,972.0,1965.0,3996.0,66.0
1785388671.347,2026-07-30T05:17:51.347452+00:00,baseline,34.5,866.74,99.0,3.0,972.0,1965.0,3996.0,66.0
1785388671.384,2026-07-30T05:17:51.383832+00:00,baseline,36.4,866.74,99.0,3.0,972.0,1965.0,3996.0,66.0
1785388671.421,2026-07-30T05:17:51.421158+00:00,baseline,37.3,866.93,99.0,3.0,972.0,1965.0,3996.0,66.0
1785388671.457,2026-07-30T05:17:51.456771+00:00,baseline,35.6,866.93,99.0,3.0,972.0,1965.0,3996.0,66.0
1785388671.491,2026-07-30T05:17:51.491287+00:00,baseline,34.5,869.68,99.0,3.0,972.0,1965.0,3996.0,66.0
1785388671.527,2026-07-30T05:17:51.527176+00:00,baseline,35.9,869.68,99.0,3.0,972.0,1965.0,3996.0,66.0
1785388671.56,2026-07-30T05:17:51.559646+00:00,baseline,32.5,869.68,99.0,3.0,972.0,1965.0,3996.0,66.0
1785388671.593,2026-07-30T05:17:51.592543+00:00,baseline,32.9,870.81,99.0,3.0,972.0,1965.0,3996.0,66.0
1785388671.627,2026-07-30T05:17:51.626695+00:00,baseline,34.2,870.81,99.0,3.0,972.0,1965.0,3996.0,66.0
1785388671.661,2026-07-30T05:17:51.661188+00:00,baseline,34.5,870.81,99.0,3.0,972.0,1965.0,3996.0,66.0
1785388671.696,2026-07-30T05:17:51.695988+00:00,baseline,34.8,871.19,99.0,3.0,972.0,1965.0,3996.0,66.0
1785388671.733,2026-07-30T05:17:51.732896+00:00,baseline,36.9,871.19,99.0,3.0,972.0,1965.0,3996.0,66.0
1785388671.767,2026-07-30T05:17:51.767336+00:00,baseline,34.4,871.19,99.0,3.0,972.0,1965.0,3996.0,66.0
1785388671.807,2026-07-30T05:17:51.806656+00:00,baseline,39.3,871.3,99.0,3.0,972.0,1965.0,3996.0,66.0
1785388671.844,2026-07-30T05:17:51.843712+00:00,baseline,37.1,871.3,99.0,3.0,972.0,1965.0,3996.0,66.0
1785388671.878,2026-07-30T05:17:51.878209+00:00,baseline,34.5,871.3,99.0,3.0,972.0,1965.0,3996.0,66.0
1785388671.917,2026-07-30T05:17:51.916867+00:00,baseline,38.7,871.44,99.0,3.0,972.0,1965.0,3996.0,66.0
1785388671.951,2026-07-30T05:17:51.950555+00:00,baseline,33.7,871.44,99.0,3.0,972.0,1965.0,3996.0,66.0
1785388671.984,2026-07-30T05:17:51.983886+00:00,baseline,33.3,871.44,99.0,3.0,972.0,1965.0,3996.0,66.0
1785388672.022,2026-07-30T05:17:52.022091+00:00,baseline,38.2,871.9,99.0,3.0,972.0,1965.0,3996.0,66.0
1785388672.054,2026-07-30T05:17:52.054481+00:00,baseline,32.4,871.9,99.0,3.0,972.0,1965.0,3996.0,66.0
1785388672.086,2026-07-30T05:17:52.086097+00:00,baseline,31.6,872.28,99.0,3.0,972.0,1965.0,3996.0,66.0
1785388672.122,2026-07-30T05:17:52.121664+00:00,baseline,35.6,872.28,99.0,3.0,972.0,1965.0,3996.0,66.0
1785388672.157,2026-07-30T05:17:52.157210+00:00,baseline,35.6,872.28,99.0,3.0,972.0,1965.0,3996.0,66.0
1785388672.189,2026-07-30T05:17:52.189276+00:00,baseline,32.1,872.4,99.0,3.0,972.0,1965.0,3996.0,66.0
1785388672.227,2026-07-30T05:17:52.227293+00:00,baseline,38.0,872.4,99.0,3.0,972.0,1965.0,3996.0,66.0
1785388672.265,2026-07-30T05:17:52.265089+00:00,baseline,37.8,872.4,99.0,3.0,972.0,1965.0,3996.0,66.0
1785388672.302,2026-07-30T05:17:52.302095+00:00,baseline,37.0,872.37,99.0,3.0,972.0,1965.0,3996.0,66.0
1785388672.338,2026-07-30T05:17:52.338031+00:00,baseline,35.9,872.37,99.0,3.0,972.0,1965.0,3996.0,66.0
1785388672.374,2026-07-30T05:17:52.374009+00:00,baseline,36.0,872.37,99.0,3.0,972.0,1965.0,3996.0,66.0
1785388672.412,2026-07-30T05:17:52.412346+00:00,baseline,38.3,872.61,99.0,3.0,972.0,1965.0,3996.0,66.0
1785388672.447,2026-07-30T05:17:52.447481+00:00,baseline,35.1,872.61,99.0,3.0,972.0,1965.0,3996.0,66.0
1785388672.481,2026-07-30T05:17:52.481462+00:00,baseline,34.0,872.61,99.0,3.0,972.0,1965.0,3996.0,66.0
1785388672.523,2026-07-30T05:17:52.522749+00:00,baseline,41.3,866.16,99.0,3.0,972.0,1965.0,3996.0,66.0
1785388672.558,2026-07-30T05:17:52.557586+00:00,baseline,34.8,866.16,99.0,3.0,972.0,1965.0,3996.0,66.0
1785388672.592,2026-07-30T05:17:52.592278+00:00,baseline,34.7,807.61,99.0,3.0,972.0,1965.0,3996.0,61.0
1785388672.626,2026-07-30T05:17:52.626339+00:00,baseline,34.1,807.61,99.0,3.0,972.0,1965.0,3996.0,61.0
1785388672.66,2026-07-30T05:17:52.660311+00:00,baseline,34.0,807.61,99.0,3.0,972.0,1965.0,3996.0,61.0
1785388672.695,2026-07-30T05:17:52.695043+00:00,baseline,34.7,766.06,0.0,0.0,972.0,1965.0,3996.0,58.0
1785388672.731,2026-07-30T05:17:52.730778+00:00,baseline,35.7,766.06,0.0,0.0,972.0,1965.0,3996.0,58.0
1785388672.765,2026-07-30T05:17:52.765314+00:00,baseline,34.5,766.06,0.0,0.0,972.0,1965.0,3996.0,58.0
1785388672.8,2026-07-30T05:17:52.800050+00:00,baseline,34.7,765.36,0.0,0.0,972.0,1965.0,3996.0,63.0
1785388672.838,2026-07-30T05:17:52.838137+00:00,baseline,38.1,765.36,0.0,0.0,972.0,1965.0,3996.0,63.0
1785388672.874,2026-07-30T05:17:52.874257+00:00,baseline,36.1,765.36,0.0,0.0,972.0,1965.0,3996.0,63.0
1785388672.913,2026-07-30T05:17:52.912872+00:00,baseline,38.6,765.19,99.0,3.0,972.0,1965.0,3996.0,64.0
1785388672.949,2026-07-30T05:17:52.948889+00:00,baseline,36.0,765.19,99.0,3.0,972.0,1965.0,3996.0,64.0
1785388672.982,2026-07-30T05:17:52.981702+00:00,baseline,32.8,765.19,99.0,3.0,972.0,1965.0,3996.0,64.0
1785388673.024,2026-07-30T05:17:53.023660+00:00,baseline,42.0,764.98,99.0,3.0,972.0,1965.0,3996.0,65.0
1785388673.059,2026-07-30T05:17:53.058826+00:00,baseline,35.2,764.98,99.0,3.0,972.0,1965.0,3996.0,65.0
1785388673.09,2026-07-30T05:17:53.090314+00:00,baseline,31.5,766.66,99.0,3.0,972.0,1965.0,3996.0,65.0
1785388673.126,2026-07-30T05:17:53.126345+00:00,baseline,36.0,766.66,99.0,3.0,972.0,1965.0,3996.0,65.0
1785388673.16,2026-07-30T05:17:53.159678+00:00,baseline,33.3,766.66,99.0,3.0,972.0,1965.0,3996.0,65.0
1785388673.193,2026-07-30T05:17:53.193148+00:00,baseline,33.5,764.61,99.0,3.0,972.0,1965.0,3996.0,65.0
1785388673.23,2026-07-30T05:17:53.229658+00:00,baseline,36.5,764.61,99.0,3.0,972.0,1965.0,3996.0,65.0
1785388673.266,2026-07-30T05:17:53.265572+00:00,baseline,35.9,764.61,99.0,3.0,972.0,1965.0,3996.0,65.0
1785388673.301,2026-07-30T05:17:53.301228+00:00,baseline,35.7,764.61,99.0,3.0,972.0,1965.0,3996.0,66.0
1785388673.335,2026-07-30T05:17:53.334520+00:00,baseline,33.3,764.61,99.0,3.0,972.0,1965.0,3996.0,66.0
1785388673.37,2026-07-30T05:17:53.369690+00:00,baseline,35.2,764.61,99.0,3.0,972.0,1965.0,3996.0,66.0
1785388673.407,2026-07-30T05:17:53.406628+00:00,baseline,36.9,766.38,99.0,3.0,972.0,1965.0,3996.0,66.0
1785388673.441,2026-07-30T05:17:53.441457+00:00,baseline,34.8,766.38,99.0,3.0,972.0,1965.0,3996.0,66.0
1785388673.475,2026-07-30T05:17:53.474788+00:00,baseline,33.3,766.38,99.0,3.0,972.0,1965.0,3996.0,66.0
1785388673.515,2026-07-30T05:17:53.514644+00:00,baseline,39.9,761.71,99.0,3.0,972.0,1965.0,3996.0,66.0
1785388673.549,2026-07-30T05:17:53.549249+00:00,baseline,34.6,761.71,99.0,3.0,972.0,1965.0,3996.0,66.0
1785388673.584,2026-07-30T05:17:53.584103+00:00,baseline,34.9,761.71,99.0,3.0,972.0,1965.0,3996.0,61.0
1785388673.624,2026-07-30T05:17:53.623909+00:00,baseline,39.8,800.42,99.0,3.0,972.0,1965.0,3996.0,61.0
1785388673.658,2026-07-30T05:17:53.657899+00:00,baseline,34.0,800.42,99.0,3.0,972.0,1965.0,3996.0,61.0
1785388673.691,2026-07-30T05:17:53.691464+00:00,baseline,33.6,852.97,100.0,3.0,972.0,1965.0,3996.0,65.0
1785388673.727,2026-07-30T05:17:53.727025+00:00,baseline,35.6,852.97,100.0,3.0,972.0,1965.0,3996.0,65.0
1785388673.761,2026-07-30T05:17:53.761304+00:00,baseline,34.3,852.97,100.0,3.0,972.0,1965.0,3996.0,65.0
1785388673.797,2026-07-30T05:17:53.797389+00:00,baseline,36.1,853.77,100.0,3.0,972.0,1965.0,3996.0,66.0
1785388673.835,2026-07-30T05:17:53.834709+00:00,baseline,37.3,853.77,100.0,3.0,972.0,1965.0,3996.0,66.0
1785388673.868,2026-07-30T05:17:53.868337+00:00,baseline,33.6,853.77,100.0,3.0,972.0,1965.0,3996.0,66.0
1785388673.905,2026-07-30T05:17:53.905357+00:00,baseline,37.0,854.58,100.0,3.0,972.0,1965.0,3996.0,66.0
1785388673.941,2026-07-30T05:17:53.940868+00:00,baseline,35.5,854.58,100.0,3.0,972.0,1965.0,3996.0,66.0
1785388673.975,2026-07-30T05:17:53.974588+00:00,baseline,33.7,854.58,100.0,3.0,972.0,1965.0,3996.0,66.0
1785388674.017,2026-07-30T05:17:54.016541+00:00,baseline,42.0,854.58,100.0,3.0,972.0,1965.0,3996.0,66.0
1785388674.051,2026-07-30T05:17:54.050553+00:00,baseline,34.0,854.58,100.0,3.0,972.0,1965.0,3996.0,66.0
1785388674.085,2026-07-30T05:17:54.085276+00:00,baseline,34.7,854.58,100.0,3.0,972.0,1965.0,3996.0,66.0
1785388674.12,2026-07-30T05:17:54.120471+00:00,baseline,35.2,854.8,100.0,3.0,972.0,1965.0,3996.0,66.0
1785388674.155,2026-07-30T05:17:54.155252+00:00,baseline,34.8,854.8,100.0,3.0,972.0,1965.0,3996.0,66.0
1785388674.187,2026-07-30T05:17:54.186894+00:00,baseline,31.6,855.28,100.0,3.0,972.0,1965.0,3996.0,66.0
1785388674.223,2026-07-30T05:17:54.223000+00:00,baseline,36.1,855.28,100.0,3.0,972.0,1965.0,3996.0,66.0
1785388674.258,2026-07-30T05:17:54.258328+00:00,baseline,35.3,855.28,100.0,3.0,972.0,1965.0,3996.0,66.0
1785388674.291,2026-07-30T05:17:54.290628+00:00,baseline,32.3,855.42,99.0,3.0,972.0,1965.0,3996.0,66.0
1785388674.326,2026-07-30T05:17:54.325833+00:00,baseline,35.2,855.42,99.0,3.0,972.0,1965.0,3996.0,66.0
1785388674.36,2026-07-30T05:17:54.360396+00:00,baseline,34.6,855.42,99.0,3.0,972.0,1965.0,3996.0,66.0
1785388674.393,2026-07-30T05:17:54.393195+00:00,baseline,32.8,855.24,99.0,3.0,972.0,1965.0,3996.0,66.0
1785388674.43,2026-07-30T05:17:54.430333+00:00,baseline,37.1,855.24,99.0,3.0,972.0,1965.0,3996.0,66.0
1785388674.466,2026-07-30T05:17:54.466078+00:00,baseline,35.7,855.24,99.0,3.0,972.0,1965.0,3996.0,66.0
1785388674.503,2026-07-30T05:17:54.502902+00:00,baseline,36.8,855.1,99.0,3.0,972.0,1965.0,3996.0,66.0
1785388674.536,2026-07-30T05:17:54.536052+00:00,baseline,33.2,855.1,99.0,3.0,972.0,1965.0,3996.0,66.0
1785388674.566,2026-07-30T05:17:54.566094+00:00,baseline,30.0,855.1,99.0,3.0,972.0,1965.0,3996.0,66.0
1785388674.603,2026-07-30T05:17:54.602678+00:00,baseline,36.6,812.5,99.0,3.0,972.0,1965.0,3996.0,61.0
1785388674.637,2026-07-30T05:17:54.637253+00:00,baseline,34.6,812.5,99.0,3.0,972.0,1965.0,3996.0,61.0
1785388674.671,2026-07-30T05:17:54.670623+00:00,baseline,33.4,812.5,99.0,3.0,972.0,1965.0,3996.0,61.0
1785388674.713,2026-07-30T05:17:54.713058+00:00,baseline,42.4,809.06,55.0,2.0,972.0,1965.0,3996.0,62.0
1785388674.747,2026-07-30T05:17:54.747358+00:00,baseline,34.3,809.06,55.0,2.0,972.0,1965.0,3996.0,62.0
1785388674.781,2026-07-30T05:17:54.781452+00:00,baseline,34.1,809.06,55.0,2.0,972.0,1965.0,3996.0,62.0
1785388674.821,2026-07-30T05:17:54.821132+00:00,baseline,39.7,809.26,55.0,2.0,972.0,1965.0,3996.0,65.0
1785388674.861,2026-07-30T05:17:54.860653+00:00,baseline,39.5,809.26,55.0,2.0,972.0,1965.0,3996.0,65.0
1785388674.967,2026-07-30T05:17:54.966689+00:00,baseline,106.0,808.83,100.0,3.0,972.0,1965.0,3996.0,65.0
1785388675.014,2026-07-30T05:17:55.013735+00:00,baseline,47.0,807.68,100.0,3.0,972.0,1965.0,3996.0,66.0
1785388675.298,2026-07-30T05:17:55.297943+00:00,baseline,284.2,807.32,99.0,3.0,972.0,1965.0,3996.0,66.0
1785388675.362,2026-07-30T05:17:55.361718+00:00,baseline,63.8,808.81,100.0,3.0,972.0,1965.0,3996.0,66.0
1785388675.43,2026-07-30T05:17:55.430233+00:00,baseline,68.5,808.61,100.0,3.0,972.0,1965.0,3996.0,66.0
1785388675.515,2026-07-30T05:17:55.514542+00:00,baseline,84.3,804.31,99.0,3.0,972.0,1965.0,3996.0,66.0
1785388676.55,2026-07-30T05:17:56.550416+00:00,contended,1035.9,746.26,99.0,3.0,972.0,1965.0,3996.0,66.0
1785388676.585,2026-07-30T05:17:56.585274+00:00,contended,34.9,746.26,99.0,3.0,972.0,1965.0,3996.0,65.0
1785388676.628,2026-07-30T05:17:56.628046+00:00,contended,42.8,795.06,99.0,3.0,972.0,1965.0,3996.0,65.0
1785388676.708,2026-07-30T05:17:56.707843+00:00,contended,79.8,855.8,99.0,3.0,972.0,1965.0,3996.0,66.0
1785388676.767,2026-07-30T05:17:56.767465+00:00,contended,59.6,855.8,99.0,3.0,972.0,1965.0,3996.0,66.0
1785388676.851,2026-07-30T05:17:56.851263+00:00,contended,83.8,869.31,99.0,3.0,995.0,1965.0,3996.0,66.0
1785388676.933,2026-07-30T05:17:56.933192+00:00,contended,81.9,869.72,99.0,3.0,995.0,1965.0,3996.0,66.0
1785388677.039,2026-07-30T05:17:57.039343+00:00,contended,106.2,870.4,99.0,3.0,996.0,1965.0,3996.0,66.0
1785388677.078,2026-07-30T05:17:57.077694+00:00,contended,38.4,870.4,99.0,3.0,1010.0,1965.0,3996.0,66.0
1785388677.121,2026-07-30T05:17:57.121046+00:00,contended,43.4,868.91,99.0,4.0,1594.0,1965.0,3996.0,66.0
1785388677.16,2026-07-30T05:17:57.159989+00:00,contended,38.9,868.91,99.0,4.0,1790.0,1965.0,3996.0,66.0
1785388677.199,2026-07-30T05:17:57.199021+00:00,contended,39.0,863.1,99.0,4.0,1874.0,1965.0,3996.0,65.0
1785388677.237,2026-07-30T05:17:57.236784+00:00,contended,37.8,863.1,99.0,4.0,1940.0,1965.0,3996.0,65.0
1785388677.274,2026-07-30T05:17:57.273656+00:00,contended,36.9,863.1,99.0,4.0,1940.0,1965.0,3996.0,65.0
1785388677.316,2026-07-30T05:17:57.316225+00:00,contended,42.6,858.3,100.0,3.0,1940.0,1965.0,3996.0,66.0
1785388677.353,2026-07-30T05:17:57.352604+00:00,contended,36.4,858.3,100.0,3.0,1940.0,1965.0,3996.0,66.0
1785388677.388,2026-07-30T05:17:57.387662+00:00,contended,35.1,858.3,100.0,3.0,1940.0,1965.0,3996.0,65.0
1785388677.424,2026-07-30T05:17:57.423619+00:00,contended,36.0,851.22,100.0,3.0,1940.0,1965.0,3996.0,65.0
1785388677.46,2026-07-30T05:17:57.459920+00:00,contended,36.3,851.22,100.0,3.0,1940.0,1965.0,3996.0,65.0
1785388677.494,2026-07-30T05:17:57.493540+00:00,contended,33.6,847.82,100.0,3.0,1940.0,1965.0,3996.0,65.0
1785388677.531,2026-07-30T05:17:57.530741+00:00,contended,37.2,847.82,100.0,3.0,1940.0,1965.0,3996.0,65.0
1785388677.568,2026-07-30T05:17:57.567816+00:00,contended,37.1,847.82,100.0,3.0,1940.0,1965.0,3996.0,65.0
1785388677.608,2026-07-30T05:17:57.608081+00:00,contended,40.3,841.79,100.0,3.0,1940.0,1965.0,3996.0,65.0
1785388677.642,2026-07-30T05:17:57.642163+00:00,contended,34.1,841.79,100.0,3.0,1940.0,1965.0,3996.0,65.0
1785388677.677,2026-07-30T05:17:57.677051+00:00,contended,34.9,841.79,100.0,3.0,1940.0,1965.0,3996.0,65.0
1785388677.72,2026-07-30T05:17:57.720074+00:00,contended,43.0,833.39,100.0,3.0,1940.0,1965.0,3996.0,65.0
1785388677.756,2026-07-30T05:17:57.755794+00:00,contended,35.7,833.39,100.0,3.0,1940.0,1965.0,3996.0,65.0
1785388677.796,2026-07-30T05:17:57.795689+00:00,contended,39.9,825.07,100.0,3.0,1940.0,1965.0,3996.0,65.0
1785388677.832,2026-07-30T05:17:57.831740+00:00,contended,36.1,825.07,100.0,3.0,1940.0,1965.0,3996.0,65.0
1785388677.869,2026-07-30T05:17:57.868856+00:00,contended,37.1,825.07,100.0,3.0,1940.0,1965.0,3996.0,65.0
1785388677.911,2026-07-30T05:17:57.911067+00:00,contended,42.2,816.23,100.0,3.0,1940.0,1965.0,3996.0,65.0
1785388677.95,2026-07-30T05:17:57.950338+00:00,contended,39.3,816.23,100.0,3.0,1940.0,1965.0,3996.0,65.0
1785388677.988,2026-07-30T05:17:57.988157+00:00,contended,37.8,816.23,100.0,3.0,1940.0,1965.0,3996.0,65.0
1785388678.023,2026-07-30T05:17:58.022729+00:00,contended,34.6,810.49,100.0,3.0,1940.0,1965.0,3996.0,65.0
1785388678.058,2026-07-30T05:17:58.057675+00:00,contended,34.9,810.49,100.0,3.0,1940.0,1965.0,3996.0,65.0
1785388678.094,2026-07-30T05:17:58.094301+00:00,contended,36.6,804.3,100.0,3.0,1940.0,1965.0,3996.0,65.0
1785388678.13,2026-07-30T05:17:58.129561+00:00,contended,35.3,804.3,100.0,3.0,1940.0,1965.0,3996.0,65.0
1785388678.165,2026-07-30T05:17:58.164817+00:00,contended,35.3,804.3,100.0,3.0,1940.0,1965.0,3996.0,65.0
1785388678.203,2026-07-30T05:17:58.203240+00:00,contended,38.4,805.64,100.0,3.0,1940.0,1965.0,3996.0,65.0
1785388678.238,2026-07-30T05:17:58.238284+00:00,contended,35.0,805.64,100.0,3.0,1940.0,1965.0,3996.0,65.0
1785388678.271,2026-07-30T05:17:58.271335+00:00,contended,33.1,805.64,100.0,3.0,1940.0,1965.0,3996.0,65.0
1785388678.31,2026-07-30T05:17:58.310318+00:00,contended,39.0,803.96,100.0,3.0,1940.0,1965.0,3996.0,65.0
1785388678.345,2026-07-30T05:17:58.344678+00:00,contended,34.4,803.96,100.0,3.0,1940.0,1965.0,3996.0,65.0
1785388678.377,2026-07-30T05:17:58.377236+00:00,contended,32.6,803.96,100.0,3.0,1940.0,1965.0,3996.0,65.0
1785388678.418,2026-07-30T05:17:58.417641+00:00,contended,40.4,803.45,100.0,3.0,1940.0,1965.0,3996.0,65.0
1785388678.452,2026-07-30T05:17:58.452201+00:00,contended,34.6,803.45,100.0,3.0,1940.0,1965.0,3996.0,65.0
1785388678.488,2026-07-30T05:17:58.487907+00:00,contended,35.7,803.45,100.0,3.0,1940.0,1965.0,3996.0,65.0
1785388678.522,2026-07-30T05:17:58.521942+00:00,contended,34.0,797.99,100.0,3.0,1940.0,1965.0,3996.0,65.0
1785388678.555,2026-07-30T05:17:58.555297+00:00,contended,33.4,797.99,100.0,3.0,1940.0,1965.0,3996.0,65.0
1785388678.589,2026-07-30T05:17:58.588743+00:00,contended,33.5,797.99,100.0,3.0,1940.0,1965.0,3996.0,65.0
1785388678.625,2026-07-30T05:17:58.624777+00:00,contended,36.0,798.94,100.0,3.0,1940.0,1965.0,3996.0,65.0
1785388678.657,2026-07-30T05:17:58.657326+00:00,contended,32.6,798.94,100.0,3.0,1940.0,1965.0,3996.0,65.0
1785388678.697,2026-07-30T05:17:58.697018+00:00,contended,39.7,803.53,100.0,3.0,1940.0,1965.0,3996.0,65.0
1785388678.732,2026-07-30T05:17:58.731535+00:00,contended,34.5,803.53,100.0,3.0,1940.0,1965.0,3996.0,65.0
1785388678.764,2026-07-30T05:17:58.764364+00:00,contended,32.8,803.53,100.0,3.0,1940.0,1965.0,3996.0,65.0
1785388678.805,2026-07-30T05:17:58.804689+00:00,contended,40.3,809.34,100.0,3.0,1940.0,1965.0,3996.0,65.0
1785388678.841,2026-07-30T05:17:58.840728+00:00,contended,36.0,809.34,100.0,3.0,1940.0,1965.0,3996.0,65.0
1785388678.876,2026-07-30T05:17:58.875787+00:00,contended,35.1,809.34,100.0,3.0,1940.0,1965.0,3996.0,65.0
1785388678.917,2026-07-30T05:17:58.917346+00:00,contended,41.6,815.22,100.0,3.0,1940.0,1965.0,3996.0,65.0
1785388678.952,2026-07-30T05:17:58.951572+00:00,contended,34.2,815.22,100.0,3.0,1940.0,1965.0,3996.0,65.0
1785388678.988,2026-07-30T05:17:58.988080+00:00,contended,36.5,815.22,100.0,3.0,1940.0,1965.0,3996.0,65.0
1785388679.022,2026-07-30T05:17:59.022485+00:00,contended,34.4,820.94,100.0,3.0,1940.0,1965.0,3996.0,65.0
1785388679.056,2026-07-30T05:17:59.055672+00:00,contended,33.2,820.94,100.0,3.0,1940.0,1965.0,3996.0,65.0
1785388679.088,2026-07-30T05:17:59.088072+00:00,contended,32.4,820.94,100.0,3.0,1940.0,1965.0,3996.0,65.0
1785388679.124,2026-07-30T05:17:59.123978+00:00,contended,35.9,825.62,100.0,3.0,1940.0,1965.0,3996.0,65.0
1785388679.158,2026-07-30T05:17:59.158113+00:00,contended,34.1,825.62,100.0,3.0,1940.0,1965.0,3996.0,65.0
1785388679.192,2026-07-30T05:17:59.191671+00:00,contended,33.6,830.3,100.0,3.0,1940.0,1965.0,3996.0,65.0
1785388679.227,2026-07-30T05:17:59.227373+00:00,contended,35.7,830.3,100.0,3.0,1940.0,1965.0,3996.0,65.0
1785388679.262,2026-07-30T05:17:59.261786+00:00,contended,34.4,830.3,100.0,3.0,1940.0,1965.0,3996.0,65.0
1785388679.297,2026-07-30T05:17:59.297028+00:00,contended,35.2,832.19,100.0,3.0,1940.0,1965.0,3996.0,65.0
1785388679.334,2026-07-30T05:17:59.333527+00:00,contended,36.5,832.19,100.0,3.0,1940.0,1965.0,3996.0,65.0
1785388679.367,2026-07-30T05:17:59.366801+00:00,contended,33.3,832.19,100.0,3.0,1940.0,1965.0,3996.0,65.0
1785388679.409,2026-07-30T05:17:59.409503+00:00,contended,42.7,832.09,100.0,3.0,1940.0,1965.0,3996.0,65.0
1785388679.443,2026-07-30T05:17:59.443424+00:00,contended,33.9,832.09,100.0,3.0,1940.0,1965.0,3996.0,65.0
1785388679.48,2026-07-30T05:17:59.479860+00:00,contended,36.4,832.09,100.0,3.0,1940.0,1965.0,3996.0,65.0
1785388679.519,2026-07-30T05:17:59.518683+00:00,contended,38.8,833.01,100.0,3.0,1940.0,1965.0,3996.0,65.0
1785388679.553,2026-07-30T05:17:59.552533+00:00,contended,33.9,833.01,100.0,3.0,1940.0,1965.0,3996.0,65.0
1785388679.591,2026-07-30T05:17:59.590970+00:00,contended,38.4,833.01,100.0,3.0,1940.0,1965.0,3996.0,65.0
1785388679.628,2026-07-30T05:17:59.627710+00:00,contended,36.7,836.84,100.0,3.0,1940.0,1965.0,3996.0,65.0
1785388679.663,2026-07-30T05:17:59.663128+00:00,contended,35.4,836.84,100.0,3.0,1940.0,1965.0,3996.0,65.0
1785388679.704,2026-07-30T05:17:59.703704+00:00,contended,40.6,834.51,100.0,3.0,1940.0,1965.0,3996.0,65.0
1785388679.737,2026-07-30T05:17:59.736977+00:00,contended,33.3,834.51,100.0,3.0,1940.0,1965.0,3996.0,65.0
1785388679.772,2026-07-30T05:17:59.771712+00:00,contended,34.7,834.51,100.0,3.0,1940.0,1965.0,3996.0,65.0
1785388679.811,2026-07-30T05:17:59.811033+00:00,contended,39.3,829.58,100.0,3.0,1940.0,1965.0,3996.0,65.0
1785388679.848,2026-07-30T05:17:59.848248+00:00,contended,37.2,829.58,100.0,3.0,1940.0,1965.0,3996.0,65.0
1785388679.883,2026-07-30T05:17:59.882971+00:00,contended,34.7,829.58,100.0,3.0,1940.0,1965.0,3996.0,65.0
1785388679.923,2026-07-30T05:17:59.922842+00:00,contended,39.9,828.6,100.0,3.0,1940.0,1965.0,3996.0,65.0
1785388679.954,2026-07-30T05:17:59.954188+00:00,contended,31.3,828.6,100.0,3.0,1940.0,1965.0,3996.0,65.0
1785388679.994,2026-07-30T05:17:59.994320+00:00,contended,40.1,828.09,100.0,3.0,1940.0,1965.0,3996.0,65.0
1785388680.031,2026-07-30T05:18:00.030728+00:00,contended,36.4,828.09,100.0,3.0,1940.0,1965.0,3996.0,65.0
1785388680.065,2026-07-30T05:18:00.065392+00:00,contended,34.7,828.09,100.0,3.0,1940.0,1965.0,3996.0,65.0
1785388680.103,2026-07-30T05:18:00.102882+00:00,contended,37.5,828.52,100.0,3.0,1940.0,1965.0,3996.0,65.0
1785388680.139,2026-07-30T05:18:00.139176+00:00,contended,36.3,828.52,100.0,3.0,1940.0,1965.0,3996.0,65.0
1785388680.175,2026-07-30T05:18:00.174628+00:00,contended,35.5,828.52,100.0,3.0,1940.0,1965.0,3996.0,65.0
1785388680.216,2026-07-30T05:18:00.216245+00:00,contended,41.6,826.61,100.0,3.0,1940.0,1965.0,3996.0,65.0
1785388680.253,2026-07-30T05:18:00.252740+00:00,contended,36.5,826.61,100.0,3.0,1940.0,1965.0,3996.0,65.0
1785388680.289,2026-07-30T05:18:00.288999+00:00,contended,36.3,826.61,100.0,3.0,1940.0,1965.0,3996.0,65.0
1785388680.325,2026-07-30T05:18:00.325508+00:00,contended,36.5,824.15,100.0,3.0,1940.0,1965.0,3996.0,65.0
1785388680.441,2026-07-30T05:18:00.440980+00:00,contended,115.5,822.98,100.0,3.0,1940.0,1965.0,3996.0,65.0
1785388680.482,2026-07-30T05:18:00.482259+00:00,contended,41.3,822.98,100.0,3.0,1940.0,1965.0,3996.0,65.0
1785388680.713,2026-07-30T05:18:00.712773+00:00,contended,230.5,824.32,100.0,3.0,1940.0,1965.0,3996.0,66.0
1785388680.802,2026-07-30T05:18:00.802472+00:00,contended,89.7,829.25,99.0,3.0,1940.0,1965.0,3996.0,65.0
1785388680.856,2026-07-30T05:18:00.856092+00:00,contended,53.6,828.56,99.0,3.0,1940.0,1965.0,3996.0,65.0
1785388680.94,2026-07-30T05:18:00.939879+00:00,contended,83.8,824.63,100.0,3.0,1940.0,1965.0,3996.0,65.0
1785388680.979,2026-07-30T05:18:00.979298+00:00,contended,39.4,824.63,100.0,3.0,1940.0,1965.0,3996.0,65.0
1785388681.018,2026-07-30T05:18:01.018393+00:00,contended,39.1,820.25,100.0,3.0,1940.0,1965.0,3996.0,65.0
1785388681.054,2026-07-30T05:18:01.054059+00:00,contended,35.7,820.25,100.0,3.0,1940.0,1965.0,3996.0,65.0
1785388681.09,2026-07-30T05:18:01.089637+00:00,contended,35.6,820.25,100.0,3.0,1940.0,1965.0,3996.0,65.0
1785388681.129,2026-07-30T05:18:01.129111+00:00,contended,39.5,815.57,100.0,3.0,1940.0,1965.0,3996.0,65.0
1785388681.163,2026-07-30T05:18:01.163155+00:00,contended,34.0,815.57,100.0,3.0,1940.0,1965.0,3996.0,65.0
1785388681.199,2026-07-30T05:18:01.199136+00:00,contended,36.0,813.43,100.0,3.0,1940.0,1965.0,3996.0,65.0
1785388681.235,2026-07-30T05:18:01.235269+00:00,contended,36.1,813.43,100.0,3.0,1940.0,1965.0,3996.0,65.0
1785388681.268,2026-07-30T05:18:01.267758+00:00,contended,32.5,813.43,100.0,3.0,1940.0,1965.0,3996.0,65.0
1785388681.31,2026-07-30T05:18:01.310037+00:00,contended,42.3,812.4,100.0,3.0,1940.0,1965.0,3996.0,65.0
1785388681.345,2026-07-30T05:18:01.344711+00:00,contended,34.7,812.4,100.0,3.0,1940.0,1965.0,3996.0,65.0
1785388681.38,2026-07-30T05:18:01.379785+00:00,contended,35.1,812.4,100.0,3.0,1940.0,1965.0,3996.0,65.0
1785388681.42,2026-07-30T05:18:01.420130+00:00,contended,40.3,813.31,100.0,3.0,1940.0,1965.0,3996.0,65.0
1785388681.46,2026-07-30T05:18:01.460244+00:00,contended,40.1,813.31,100.0,3.0,1940.0,1965.0,3996.0,65.0
1785388681.501,2026-07-30T05:18:01.500900+00:00,contended,40.7,814.01,100.0,3.0,1940.0,1965.0,3996.0,65.0
1785388681.537,2026-07-30T05:18:01.536919+00:00,contended,36.0,814.01,100.0,3.0,1940.0,1965.0,3996.0,65.0
1785388681.572,2026-07-30T05:18:01.572033+00:00,contended,35.1,814.01,100.0,3.0,1940.0,1965.0,3996.0,65.0
1785388681.609,2026-07-30T05:18:01.608821+00:00,contended,36.8,815.91,100.0,3.0,1940.0,1965.0,3996.0,66.0
1785388681.644,2026-07-30T05:18:01.643727+00:00,contended,34.9,815.91,100.0,3.0,1940.0,1965.0,3996.0,66.0
1785388681.68,2026-07-30T05:18:01.679539+00:00,contended,35.8,815.91,100.0,3.0,1940.0,1965.0,3996.0,66.0
1785388681.72,2026-07-30T05:18:01.720239+00:00,contended,40.7,818.76,99.0,3.0,1940.0,1965.0,3996.0,66.0
1785388681.753,2026-07-30T05:18:01.753014+00:00,contended,32.8,818.76,99.0,3.0,1940.0,1965.0,3996.0,66.0
1785388681.79,2026-07-30T05:18:01.790124+00:00,contended,37.1,818.76,99.0,3.0,1940.0,1965.0,3996.0,65.0
1785388681.828,2026-07-30T05:18:01.828506+00:00,contended,38.4,822.5,99.0,3.0,1940.0,1965.0,3996.0,65.0
1785388681.863,2026-07-30T05:18:01.863299+00:00,contended,34.8,822.5,99.0,3.0,1940.0,1965.0,3996.0,65.0
1785388681.9,2026-07-30T05:18:01.899531+00:00,contended,36.2,824.64,100.0,3.0,1940.0,1965.0,3996.0,65.0
1785388681.932,2026-07-30T05:18:01.932227+00:00,contended,32.7,824.64,100.0,3.0,1940.0,1965.0,3996.0,65.0
1785388681.966,2026-07-30T05:18:01.965684+00:00,contended,33.5,824.64,100.0,3.0,1940.0,1965.0,3996.0,65.0
1785388682.004,2026-07-30T05:18:02.004149+00:00,contended,38.5,828.85,100.0,3.0,1940.0,1965.0,3996.0,65.0
1785388682.039,2026-07-30T05:18:02.038958+00:00,contended,34.8,828.85,100.0,3.0,1940.0,1965.0,3996.0,65.0
1785388682.074,2026-07-30T05:18:02.074499+00:00,contended,35.5,828.85,100.0,3.0,1940.0,1965.0,3996.0,65.0
1785388682.116,2026-07-30T05:18:02.115734+00:00,contended,41.2,833.95,100.0,3.0,1940.0,1965.0,3996.0,65.0
1785388682.151,2026-07-30T05:18:02.151305+00:00,contended,35.6,833.95,100.0,3.0,1940.0,1965.0,3996.0,65.0
1785388682.185,2026-07-30T05:18:02.184619+00:00,contended,33.3,833.95,100.0,3.0,1940.0,1965.0,3996.0,65.0
1785388682.221,2026-07-30T05:18:02.221334+00:00,contended,36.7,836.55,100.0,3.0,1940.0,1965.0,3996.0,65.0
1785388682.255,2026-07-30T05:18:02.255420+00:00,contended,34.1,836.55,100.0,3.0,1940.0,1965.0,3996.0,65.0
1785388682.289,2026-07-30T05:18:02.288933+00:00,contended,33.5,836.55,100.0,3.0,1940.0,1965.0,3996.0,65.0
1785388682.326,2026-07-30T05:18:02.326449+00:00,contended,37.5,836.67,100.0,3.0,1940.0,1965.0,3996.0,65.0
1785388682.364,2026-07-30T05:18:02.363721+00:00,contended,37.3,836.67,100.0,3.0,1940.0,1965.0,3996.0,65.0
1785388682.4,2026-07-30T05:18:02.399859+00:00,contended,36.1,836.79,100.0,3.0,1940.0,1965.0,3996.0,65.0
1785388682.437,2026-07-30T05:18:02.437365+00:00,contended,37.5,836.79,100.0,3.0,1940.0,1965.0,3996.0,65.0
1785388682.471,2026-07-30T05:18:02.471106+00:00,contended,33.7,836.79,100.0,3.0,1940.0,1965.0,3996.0,65.0
1785388682.507,2026-07-30T05:18:02.507444+00:00,contended,36.3,836.89,100.0,3.0,1940.0,1965.0,3996.0,65.0
1785388682.543,2026-07-30T05:18:02.543355+00:00,contended,35.9,836.89,100.0,3.0,1940.0,1965.0,3996.0,65.0
1785388682.578,2026-07-30T05:18:02.578218+00:00,contended,34.9,836.89,100.0,3.0,1940.0,1965.0,3996.0,65.0
1785388682.619,2026-07-30T05:18:02.619059+00:00,contended,40.8,835.42,100.0,3.0,1940.0,1965.0,3996.0,65.0
1785388682.654,2026-07-30T05:18:02.654063+00:00,contended,35.0,835.42,100.0,3.0,1940.0,1965.0,3996.0,65.0
1785388682.69,2026-07-30T05:18:02.690220+00:00,contended,36.2,835.42,100.0,3.0,1940.0,1965.0,3996.0,65.0
1785388682.726,2026-07-30T05:18:02.726361+00:00,contended,36.1,833.26,100.0,3.0,1940.0,1965.0,3996.0,65.0
1785388682.764,2026-07-30T05:18:02.764095+00:00,contended,37.7,833.26,100.0,3.0,1940.0,1965.0,3996.0,65.0
1785388682.802,2026-07-30T05:18:02.801994+00:00,contended,37.9,834.5,100.0,3.0,1940.0,1965.0,3996.0,65.0
1785388682.838,2026-07-30T05:18:02.838320+00:00,contended,36.3,834.5,100.0,3.0,1940.0,1965.0,3996.0,65.0
1785388682.873,2026-07-30T05:18:02.872909+00:00,contended,34.6,834.5,100.0,3.0,1940.0,1965.0,3996.0,65.0
1785388682.913,2026-07-30T05:18:02.912794+00:00,contended,39.9,837.91,100.0,3.0,1940.0,1965.0,3996.0,65.0
1785388682.947,2026-07-30T05:18:02.947505+00:00,contended,34.7,837.91,100.0,3.0,1940.0,1965.0,3996.0,65.0
1785388682.981,2026-07-30T05:18:02.980672+00:00,contended,33.2,837.91,100.0,3.0,1940.0,1965.0,3996.0,65.0
1785388683.022,2026-07-30T05:18:03.021805+00:00,contended,41.1,838.23,100.0,3.0,1940.0,1965.0,3996.0,65.0
1785388683.057,2026-07-30T05:18:03.056599+00:00,contended,34.8,838.23,100.0,3.0,1940.0,1965.0,3996.0,65.0
1785388683.092,2026-07-30T05:18:03.091917+00:00,contended,35.3,838.23,100.0,3.0,1940.0,1965.0,3996.0,65.0
1785388683.129,2026-07-30T05:18:03.128843+00:00,contended,36.9,835.26,100.0,3.0,1940.0,1965.0,3996.0,65.0
1785388683.164,2026-07-30T05:18:03.164120+00:00,contended,35.3,835.26,100.0,3.0,1940.0,1965.0,3996.0,65.0
1785388683.203,2026-07-30T05:18:03.203025+00:00,contended,38.9,831.14,100.0,3.0,1940.0,1965.0,3996.0,65.0
1785388683.238,2026-07-30T05:18:03.237708+00:00,contended,34.7,831.14,100.0,3.0,1940.0,1965.0,3996.0,65.0
1785388683.273,2026-07-30T05:18:03.273368+00:00,contended,35.7,831.14,100.0,3.0,1940.0,1965.0,3996.0,65.0
1785388683.313,2026-07-30T05:18:03.312798+00:00,contended,39.4,827.11,100.0,3.0,1940.0,1965.0,3996.0,65.0
1785388683.348,2026-07-30T05:18:03.347659+00:00,contended,34.9,827.11,100.0,3.0,1940.0,1965.0,3996.0,65.0
1785388683.382,2026-07-30T05:18:03.382110+00:00,contended,34.5,827.11,100.0,3.0,1940.0,1965.0,3996.0,65.0
1785388683.424,2026-07-30T05:18:03.424453+00:00,contended,42.3,824.15,100.0,3.0,1940.0,1965.0,3996.0,65.0
1785388683.459,2026-07-30T05:18:03.459440+00:00,contended,35.0,824.15,100.0,3.0,1940.0,1965.0,3996.0,65.0
1785388683.495,2026-07-30T05:18:03.495310+00:00,contended,35.9,824.32,100.0,3.0,1940.0,1965.0,3996.0,65.0
1785388683.533,2026-07-30T05:18:03.533289+00:00,contended,38.0,824.32,100.0,3.0,1940.0,1965.0,3996.0,65.0
1785388683.567,2026-07-30T05:18:03.566680+00:00,contended,33.4,824.32,100.0,3.0,1940.0,1965.0,3996.0,65.0
1785388683.604,2026-07-30T05:18:03.604288+00:00,contended,37.6,826.6,100.0,3.0,1940.0,1965.0,3996.0,66.0
1785388683.638,2026-07-30T05:18:03.638141+00:00,contended,33.9,826.6,100.0,3.0,1940.0,1965.0,3996.0,66.0
1785388683.673,2026-07-30T05:18:03.672891+00:00,contended,34.7,826.6,100.0,3.0,1940.0,1965.0,3996.0,66.0
1785388683.712,2026-07-30T05:18:03.712161+00:00,contended,39.3,830.19,99.0,3.0,1940.0,1965.0,3996.0,66.0
1785388683.748,2026-07-30T05:18:03.748412+00:00,contended,36.3,830.19,99.0,3.0,1940.0,1965.0,3996.0,66.0
1785388683.785,2026-07-30T05:18:03.784540+00:00,contended,36.1,830.19,99.0,3.0,1940.0,1965.0,3996.0,66.0
1785388683.826,2026-07-30T05:18:03.826267+00:00,contended,41.7,831.26,99.0,3.0,1940.0,1965.0,3996.0,65.0
1785388683.864,2026-07-30T05:18:03.864350+00:00,contended,38.1,831.26,99.0,3.0,1940.0,1965.0,3996.0,65.0
1785388683.906,2026-07-30T05:18:03.906504+00:00,contended,42.1,829.24,100.0,3.0,1940.0,1965.0,3996.0,65.0
1785388683.941,2026-07-30T05:18:03.941264+00:00,contended,34.8,829.24,100.0,3.0,1940.0,1965.0,3996.0,65.0
1785388683.975,2026-07-30T05:18:03.975480+00:00,contended,34.2,829.24,100.0,3.0,1940.0,1965.0,3996.0,65.0
1785388684.453,2026-07-30T05:18:04.452877+00:00,contended,477.4,820.58,100.0,3.0,1940.0,1965.0,3996.0,65.0
1785388684.487,2026-07-30T05:18:04.487053+00:00,contended,34.2,820.58,100.0,3.0,1940.0,1965.0,3996.0,65.0
1785388684.52,2026-07-30T05:18:04.520143+00:00,contended,33.1,819.65,100.0,3.0,1940.0,1965.0,3996.0,65.0
1785388684.554,2026-07-30T05:18:04.554044+00:00,contended,33.9,819.65,100.0,3.0,1940.0,1965.0,3996.0,65.0
1785388684.595,2026-07-30T05:18:04.594519+00:00,contended,40.5,819.65,100.0,3.0,1940.0,1965.0,3996.0,65.0
1785388684.632,2026-07-30T05:18:04.632363+00:00,contended,37.8,817.19,100.0,3.0,1940.0,1965.0,3996.0,65.0
1785388684.667,2026-07-30T05:18:04.667233+00:00,contended,34.9,817.19,100.0,3.0,1940.0,1965.0,3996.0,65.0
1785388684.709,2026-07-30T05:18:04.709229+00:00,contended,42.0,810.79,100.0,3.0,1940.0,1965.0,3996.0,65.0
1785388684.742,2026-07-30T05:18:04.742350+00:00,contended,33.1,810.79,100.0,3.0,1940.0,1965.0,3996.0,65.0
1785388684.776,2026-07-30T05:18:04.776313+00:00,contended,34.0,810.79,100.0,3.0,1940.0,1965.0,3996.0,65.0
1785388684.817,2026-07-30T05:18:04.816990+00:00,contended,40.7,807.24,100.0,3.0,1940.0,1965.0,3996.0,65.0
1785388684.854,2026-07-30T05:18:04.853716+00:00,contended,36.7,807.24,100.0,3.0,1940.0,1965.0,3996.0,65.0
1785388684.889,2026-07-30T05:18:04.889271+00:00,contended,35.6,807.24,100.0,3.0,1940.0,1965.0,3996.0,65.0
1785388684.927,2026-07-30T05:18:04.927332+00:00,contended,38.1,803.7,100.0,3.0,1940.0,1965.0,3996.0,65.0
1785388684.965,2026-07-30T05:18:04.964904+00:00,contended,37.6,803.7,100.0,3.0,1940.0,1965.0,3996.0,65.0
1785388685.001,2026-07-30T05:18:05.000590+00:00,contended,35.7,802.33,100.0,3.0,1940.0,1965.0,3996.0,65.0
1785388685.035,2026-07-30T05:18:05.035208+00:00,contended,34.6,802.33,100.0,3.0,1940.0,1965.0,3996.0,65.0
1785388685.073,2026-07-30T05:18:05.072590+00:00,contended,37.4,802.33,100.0,3.0,1940.0,1965.0,3996.0,65.0
1785388685.111,2026-07-30T05:18:05.111040+00:00,contended,38.4,805.84,100.0,3.0,1940.0,1965.0,3996.0,65.0
1785388685.147,2026-07-30T05:18:05.147359+00:00,contended,36.3,805.84,100.0,3.0,1940.0,1965.0,3996.0,65.0
1785388685.183,2026-07-30T05:18:05.182854+00:00,contended,35.5,805.84,100.0,3.0,1940.0,1965.0,3996.0,65.0
1785388685.222,2026-07-30T05:18:05.221534+00:00,contended,38.7,812.69,100.0,3.0,1940.0,1965.0,3996.0,65.0
1785388685.256,2026-07-30T05:18:05.255540+00:00,contended,34.0,812.69,100.0,3.0,1940.0,1965.0,3996.0,65.0
1785388685.292,2026-07-30T05:18:05.291712+00:00,contended,36.2,812.69,100.0,3.0,1940.0,1965.0,3996.0,65.0
1785388685.325,2026-07-30T05:18:05.325240+00:00,contended,33.5,820.71,100.0,3.0,1940.0,1965.0,3996.0,65.0
1785388685.359,2026-07-30T05:18:05.359477+00:00,contended,34.2,820.71,100.0,3.0,1940.0,1965.0,3996.0,65.0
1785388685.398,2026-07-30T05:18:05.397823+00:00,contended,38.3,824.81,100.0,3.0,1940.0,1965.0,3996.0,65.0
1785388685.434,2026-07-30T05:18:05.433546+00:00,contended,35.7,824.81,100.0,3.0,1940.0,1965.0,3996.0,65.0
1785388685.468,2026-07-30T05:18:05.467955+00:00,contended,34.4,824.81,100.0,3.0,1940.0,1965.0,3996.0,65.0
1785388685.506,2026-07-30T05:18:05.505729+00:00,contended,37.8,828.82,100.0,3.0,1940.0,1965.0,3996.0,65.0
1785388685.541,2026-07-30T05:18:05.541028+00:00,contended,35.3,828.82,100.0,3.0,1940.0,1965.0,3996.0,65.0
1785388685.576,2026-07-30T05:18:05.575919+00:00,contended,34.9,828.82,100.0,3.0,1940.0,1965.0,3996.0,65.0
1785388685.682,2026-07-30T05:18:05.681726+00:00,contended,105.8,828.42,100.0,3.0,1940.0,1965.0,3996.0,65.0
1785388685.726,2026-07-30T05:18:05.726233+00:00,contended,44.5,825.85,100.0,3.0,1940.0,1965.0,3996.0,65.0
1785388685.775,2026-07-30T05:18:05.774836+00:00,contended,48.6,825.85,100.0,3.0,1940.0,1965.0,3996.0,65.0
1785388685.82,2026-07-30T05:18:05.820314+00:00,contended,45.5,820.81,100.0,3.0,1940.0,1965.0,3996.0,65.0
1785388685.856,2026-07-30T05:18:05.856211+00:00,contended,35.9,820.81,100.0,3.0,1940.0,1965.0,3996.0,65.0
1785388685.895,2026-07-30T05:18:05.894705+00:00,contended,38.5,820.81,100.0,3.0,1940.0,1965.0,3996.0,65.0
1785388685.967,2026-07-30T05:18:05.967258+00:00,contended,72.6,813.09,100.0,3.0,1940.0,1965.0,3996.0,65.0
1785388686.013,2026-07-30T05:18:06.012876+00:00,contended,45.6,803.55,100.0,3.0,1940.0,1965.0,3996.0,65.0
1785388686.246,2026-07-30T05:18:06.246482+00:00,contended,233.6,783.5,100.0,3.0,1940.0,1965.0,3996.0,65.0
1785388686.307,2026-07-30T05:18:06.306764+00:00,contended,60.3,783.5,100.0,3.0,1940.0,1965.0,3996.0,65.0
1785388686.37,2026-07-30T05:18:06.370486+00:00,contended,63.7,775.44,100.0,3.0,1940.0,1965.0,3996.0,65.0
1785388686.418,2026-07-30T05:18:06.417857+00:00,contended,47.4,773.31,100.0,3.0,1940.0,1965.0,3996.0,65.0
1785388686.454,2026-07-30T05:18:06.454348+00:00,contended,36.5,773.31,100.0,3.0,1940.0,1965.0,3996.0,65.0
1785388686.493,2026-07-30T05:18:06.492747+00:00,contended,38.4,773.31,100.0,3.0,1940.0,1965.0,3996.0,65.0
1785388686.527,2026-07-30T05:18:06.527310+00:00,contended,34.6,773.95,100.0,3.0,1940.0,1965.0,3996.0,65.0
1785388686.558,2026-07-30T05:18:06.558456+00:00,contended,31.1,773.95,100.0,3.0,1940.0,1965.0,3996.0,65.0
1785388686.598,2026-07-30T05:18:06.598215+00:00,contended,39.8,772.87,100.0,3.0,1940.0,1965.0,3996.0,65.0
1785388686.634,2026-07-30T05:18:06.633983+00:00,contended,35.8,772.87,100.0,3.0,1940.0,1965.0,3996.0,65.0
1785388686.668,2026-07-30T05:18:06.668334+00:00,contended,34.4,772.87,100.0,3.0,1940.0,1965.0,3996.0,65.0
1785388686.711,2026-07-30T05:18:06.710925+00:00,contended,42.6,771.65,100.0,3.0,1940.0,1965.0,3996.0,65.0
1785388686.744,2026-07-30T05:18:06.743916+00:00,contended,33.0,771.65,100.0,3.0,1940.0,1965.0,3996.0,65.0
1785388686.778,2026-07-30T05:18:06.777605+00:00,contended,33.7,771.65,100.0,3.0,1940.0,1965.0,3996.0,65.0
1785388686.832,2026-07-30T05:18:06.832070+00:00,contended,54.5,774.25,100.0,3.0,1940.0,1965.0,3996.0,65.0
1785388686.867,2026-07-30T05:18:06.867311+00:00,contended,35.2,774.25,100.0,3.0,1940.0,1965.0,3996.0,65.0
1785388686.909,2026-07-30T05:18:06.908677+00:00,contended,41.4,782.77,100.0,3.0,1940.0,1965.0,3996.0,65.0
1785388686.944,2026-07-30T05:18:06.944378+00:00,contended,35.7,782.77,100.0,3.0,1940.0,1965.0,3996.0,65.0
1785388686.978,2026-07-30T05:18:06.978470+00:00,contended,34.1,782.77,100.0,3.0,1940.0,1965.0,3996.0,65.0
1785388687.017,2026-07-30T05:18:07.017266+00:00,contended,38.8,792.3,100.0,3.0,1940.0,1965.0,3996.0,65.0
1785388687.055,2026-07-30T05:18:07.055210+00:00,contended,37.9,792.3,100.0,3.0,1940.0,1965.0,3996.0,65.0
1785388687.087,2026-07-30T05:18:07.087444+00:00,contended,32.2,792.3,100.0,3.0,1940.0,1965.0,3996.0,65.0
1785388687.127,2026-07-30T05:18:07.127216+00:00,contended,39.8,803.13,100.0,3.0,1940.0,1965.0,3996.0,65.0
1785388687.163,2026-07-30T05:18:07.162727+00:00,contended,35.5,803.13,100.0,3.0,1940.0,1965.0,3996.0,65.0
1785388687.199,2026-07-30T05:18:07.199225+00:00,contended,36.5,813.29,100.0,3.0,1940.0,1965.0,3996.0,65.0
1785388687.237,2026-07-30T05:18:07.236987+00:00,contended,37.8,813.29,100.0,3.0,1940.0,1965.0,3996.0,65.0
1785388687.274,2026-07-30T05:18:07.274244+00:00,contended,37.3,813.29,100.0,3.0,1940.0,1965.0,3996.0,65.0
1785388687.314,2026-07-30T05:18:07.313947+00:00,contended,39.7,818.1,100.0,3.0,1940.0,1965.0,3996.0,65.0
1785388687.349,2026-07-30T05:18:07.349151+00:00,contended,35.2,818.1,100.0,3.0,1940.0,1965.0,3996.0,65.0
1785388687.383,2026-07-30T05:18:07.382651+00:00,contended,33.5,818.1,100.0,3.0,1940.0,1965.0,3996.0,65.0
1785388687.424,2026-07-30T05:18:07.423701+00:00,contended,41.0,822.02,100.0,3.0,1940.0,1965.0,3996.0,65.0
1785388687.457,2026-07-30T05:18:07.457196+00:00,contended,33.5,822.02,100.0,3.0,1940.0,1965.0,3996.0,65.0
1785388687.494,2026-07-30T05:18:07.494072+00:00,contended,36.9,822.02,100.0,3.0,1940.0,1965.0,3996.0,65.0
1785388687.53,2026-07-30T05:18:07.529766+00:00,contended,35.7,825.59,100.0,3.0,1940.0,1965.0,3996.0,65.0
1785388687.563,2026-07-30T05:18:07.563429+00:00,contended,33.7,825.59,100.0,3.0,1940.0,1965.0,3996.0,65.0
1785388687.604,2026-07-30T05:18:07.604104+00:00,contended,40.7,831.6,100.0,3.0,1940.0,1965.0,3996.0,66.0
1785388687.64,2026-07-30T05:18:07.639903+00:00,contended,35.8,831.6,100.0,3.0,1940.0,1965.0,3996.0,66.0
1785388687.675,2026-07-30T05:18:07.675310+00:00,contended,35.4,831.6,100.0,3.0,1940.0,1965.0,3996.0,66.0
1785388687.716,2026-07-30T05:18:07.715686+00:00,contended,40.4,840.07,99.0,3.0,1940.0,1965.0,3996.0,66.0
1785388687.751,2026-07-30T05:18:07.750577+00:00,contended,34.9,840.07,99.0,3.0,1940.0,1965.0,3996.0,66.0
1785388687.782,2026-07-30T05:18:07.782110+00:00,contended,31.5,840.07,99.0,3.0,1940.0,1965.0,3996.0,66.0
1785388687.824,2026-07-30T05:18:07.824015+00:00,contended,41.9,847.74,99.0,3.0,1940.0,1965.0,3996.0,66.0
1785388687.859,2026-07-30T05:18:07.859270+00:00,contended,35.3,847.74,99.0,3.0,1940.0,1965.0,3996.0,66.0
1785388687.896,2026-07-30T05:18:07.895901+00:00,contended,36.6,847.74,100.0,3.0,1940.0,1965.0,3996.0,66.0
1785388687.935,2026-07-30T05:18:07.934685+00:00,contended,38.8,848.81,100.0,3.0,1940.0,1965.0,3996.0,66.0
1785388687.967,2026-07-30T05:18:07.966722+00:00,contended,32.0,848.81,100.0,3.0,1940.0,1965.0,3996.0,66.0
1785388688.009,2026-07-30T05:18:08.009421+00:00,contended,42.7,847.39,100.0,3.0,1940.0,1965.0,3996.0,65.0
1785388688.045,2026-07-30T05:18:08.044516+00:00,contended,35.1,847.39,100.0,3.0,1940.0,1965.0,3996.0,65.0
1785388688.078,2026-07-30T05:18:08.078229+00:00,contended,33.7,847.39,100.0,3.0,1940.0,1965.0,3996.0,65.0
1785388688.119,2026-07-30T05:18:08.118569+00:00,contended,40.3,844.89,100.0,3.0,1940.0,1965.0,3996.0,65.0
1785388688.153,2026-07-30T05:18:08.153296+00:00,contended,34.7,844.89,100.0,3.0,1940.0,1965.0,3996.0,65.0
1785388688.187,2026-07-30T05:18:08.186731+00:00,contended,33.4,844.89,100.0,3.0,1940.0,1965.0,3996.0,65.0
1785388688.226,2026-07-30T05:18:08.225630+00:00,contended,38.9,841.16,100.0,3.0,1940.0,1965.0,3996.0,65.0
1785388688.26,2026-07-30T05:18:08.260430+00:00,contended,34.8,841.16,100.0,3.0,1940.0,1965.0,3996.0,65.0
1785388688.298,2026-07-30T05:18:08.298419+00:00,contended,38.0,841.16,100.0,3.0,1940.0,1965.0,3996.0,65.0
1785388688.337,2026-07-30T05:18:08.337055+00:00,contended,38.6,836.77,100.0,3.0,1940.0,1965.0,3996.0,65.0
1785388688.371,2026-07-30T05:18:08.371377+00:00,contended,34.3,836.77,100.0,3.0,1940.0,1965.0,3996.0,65.0
1785388688.412,2026-07-30T05:18:08.412239+00:00,contended,40.9,830.38,100.0,3.0,1940.0,1965.0,3996.0,65.0
1785388688.447,2026-07-30T05:18:08.447138+00:00,contended,34.9,830.38,100.0,3.0,1940.0,1965.0,3996.0,65.0
1785388688.48,2026-07-30T05:18:08.480417+00:00,contended,33.3,830.38,100.0,3.0,1940.0,1965.0,3996.0,65.0
1785388688.521,2026-07-30T05:18:08.521050+00:00,contended,40.6,820.63,100.0,3.0,1940.0,1965.0,3996.0,65.0
1785388688.557,2026-07-30T05:18:08.556603+00:00,contended,35.6,820.63,100.0,3.0,1940.0,1965.0,3996.0,65.0
1785388688.59,2026-07-30T05:18:08.590001+00:00,contended,33.4,820.63,100.0,3.0,1940.0,1965.0,3996.0,65.0
1785388688.623,2026-07-30T05:18:08.622545+00:00,contended,32.5,813.06,100.0,3.0,1940.0,1965.0,3996.0,65.0
1785388688.656,2026-07-30T05:18:08.655926+00:00,contended,33.4,813.06,100.0,3.0,1940.0,1965.0,3996.0,65.0
1785388688.688,2026-07-30T05:18:08.688296+00:00,contended,32.4,813.06,100.0,3.0,1940.0,1965.0,3996.0,65.0
1785388688.724,2026-07-30T05:18:08.724344+00:00,contended,36.0,805.76,100.0,3.0,1940.0,1965.0,3996.0,65.0
1785388688.757,2026-07-30T05:18:08.757508+00:00,contended,33.2,805.76,100.0,3.0,1940.0,1965.0,3996.0,65.0
1785388688.797,2026-07-30T05:18:08.796768+00:00,contended,39.3,805.76,100.0,3.0,1940.0,1965.0,3996.0,65.0
1785388688.833,2026-07-30T05:18:08.833048+00:00,contended,36.3,798.95,100.0,3.0,1940.0,1965.0,3996.0,65.0
1785388688.868,2026-07-30T05:18:08.867674+00:00,contended,34.6,798.95,100.0,3.0,1940.0,1965.0,3996.0,65.0
1785388688.906,2026-07-30T05:18:08.906237+00:00,contended,38.6,796.0,100.0,3.0,1940.0,1965.0,3996.0,65.0
1785388688.941,2026-07-30T05:18:08.941368+00:00,contended,35.1,796.0,100.0,3.0,1940.0,1965.0,3996.0,65.0
1785388688.977,2026-07-30T05:18:08.976662+00:00,contended,35.3,796.0,100.0,3.0,1940.0,1965.0,3996.0,65.0
1785388689.018,2026-07-30T05:18:09.017939+00:00,contended,41.3,796.86,100.0,3.0,1940.0,1965.0,3996.0,65.0
1785388689.054,2026-07-30T05:18:09.054075+00:00,contended,36.1,796.86,100.0,3.0,1940.0,1965.0,3996.0,65.0
1785388689.086,2026-07-30T05:18:09.086393+00:00,contended,32.3,796.86,100.0,3.0,1940.0,1965.0,3996.0,65.0
1785388689.123,2026-07-30T05:18:09.123002+00:00,contended,36.6,798.91,100.0,3.0,1940.0,1965.0,3996.0,65.0
1785388689.156,2026-07-30T05:18:09.155792+00:00,contended,32.8,798.91,100.0,3.0,1940.0,1965.0,3996.0,65.0
1785388689.189,2026-07-30T05:18:09.189439+00:00,contended,33.6,798.91,100.0,3.0,1940.0,1965.0,3996.0,65.0
1785388689.257,2026-07-30T05:18:09.257239+00:00,contended,67.8,800.62,100.0,3.0,1940.0,1965.0,3996.0,65.0
1785388689.302,2026-07-30T05:18:09.301744+00:00,contended,44.5,800.67,100.0,3.0,1940.0,1965.0,3996.0,65.0
1785388689.349,2026-07-30T05:18:09.349343+00:00,contended,47.6,800.67,100.0,3.0,1940.0,1965.0,3996.0,65.0
1785388689.404,2026-07-30T05:18:09.403585+00:00,contended,54.2,800.67,100.0,3.0,1940.0,1965.0,3996.0,65.0
1785388689.461,2026-07-30T05:18:09.460628+00:00,contended,57.0,797.95,100.0,3.0,1940.0,1965.0,3996.0,65.0
1785388689.535,2026-07-30T05:18:09.534879+00:00,contended,74.3,793.97,100.0,3.0,1940.0,1965.0,3996.0,65.0
1785388689.576,2026-07-30T05:18:09.576055+00:00,contended,41.2,793.97,100.0,3.0,1940.0,1965.0,3996.0,65.0
1785388689.637,2026-07-30T05:18:09.636596+00:00,contended,60.5,794.12,100.0,3.0,1940.0,1965.0,3996.0,65.0
1785388689.671,2026-07-30T05:18:09.671342+00:00,contended,34.7,794.12,100.0,3.0,1940.0,1965.0,3996.0,65.0
1785388689.714,2026-07-30T05:18:09.714285+00:00,contended,42.9,785.34,100.0,3.0,1940.0,1965.0,3996.0,65.0
1785388689.749,2026-07-30T05:18:09.748963+00:00,contended,34.7,785.34,100.0,3.0,1940.0,1965.0,3996.0,65.0
1785388689.784,2026-07-30T05:18:09.784229+00:00,contended,35.3,785.34,100.0,3.0,1940.0,1965.0,3996.0,65.0
1785388689.821,2026-07-30T05:18:09.821232+00:00,contended,37.0,775.56,100.0,3.0,1940.0,1965.0,3996.0,65.0
1785388689.857,2026-07-30T05:18:09.856954+00:00,contended,35.7,775.56,100.0,3.0,1940.0,1965.0,3996.0,65.0
1785388689.894,2026-07-30T05:18:09.894124+00:00,contended,37.2,775.56,100.0,3.0,1940.0,1965.0,3996.0,65.0
1785388689.932,2026-07-30T05:18:09.931613+00:00,contended,37.5,765.47,100.0,3.0,1940.0,1965.0,3996.0,65.0
1785388689.969,2026-07-30T05:18:09.968797+00:00,contended,37.2,765.47,100.0,3.0,1940.0,1965.0,3996.0,65.0
1785388690.009,2026-07-30T05:18:10.008944+00:00,contended,40.1,757.55,100.0,3.0,1940.0,1965.0,3996.0,65.0
1785388690.042,2026-07-30T05:18:10.042507+00:00,contended,33.6,757.55,100.0,3.0,1940.0,1965.0,3996.0,65.0
1785388690.077,2026-07-30T05:18:10.077464+00:00,contended,35.0,757.55,100.0,3.0,1940.0,1965.0,3996.0,65.0
1785388690.117,2026-07-30T05:18:10.116612+00:00,contended,39.1,750.71,100.0,3.0,1940.0,1965.0,3996.0,65.0
1785388690.151,2026-07-30T05:18:10.151010+00:00,contended,34.4,750.71,100.0,3.0,1940.0,1965.0,3996.0,65.0
1785388690.184,2026-07-30T05:18:10.184036+00:00,contended,33.0,750.71,100.0,3.0,1940.0,1965.0,3996.0,65.0
1785388690.222,2026-07-30T05:18:10.222082+00:00,contended,38.0,747.01,100.0,3.0,1940.0,1965.0,3996.0,65.0
1785388690.257,2026-07-30T05:18:10.256634+00:00,contended,34.6,747.01,100.0,3.0,1940.0,1965.0,3996.0,65.0
1785388690.292,2026-07-30T05:18:10.291710+00:00,contended,35.1,747.01,100.0,3.0,1940.0,1965.0,3996.0,65.0
1785388690.329,2026-07-30T05:18:10.329293+00:00,contended,37.6,747.73,100.0,3.0,1940.0,1965.0,3996.0,65.0
1785388690.363,2026-07-30T05:18:10.363047+00:00,contended,33.8,747.73,100.0,3.0,1940.0,1965.0,3996.0,65.0
1785388690.399,2026-07-30T05:18:10.399091+00:00,contended,36.0,752.86,100.0,3.0,1940.0,1965.0,3996.0,65.0
1785388690.436,2026-07-30T05:18:10.436076+00:00,contended,37.0,752.86,100.0,3.0,1940.0,1965.0,3996.0,65.0
1785388690.469,2026-07-30T05:18:10.469047+00:00,contended,33.0,752.86,100.0,3.0,1940.0,1965.0,3996.0,65.0
1785388690.505,2026-07-30T05:18:10.505255+00:00,contended,36.2,761.45,100.0,3.0,1940.0,1965.0,3996.0,65.0
1785388690.542,2026-07-30T05:18:10.541609+00:00,contended,36.4,761.45,100.0,3.0,1940.0,1965.0,3996.0,65.0
1785388690.577,2026-07-30T05:18:10.576779+00:00,contended,35.2,761.45,100.0,3.0,1940.0,1965.0,3996.0,65.0
1785388690.616,2026-07-30T05:18:10.615745+00:00,contended,39.0,767.1,100.0,3.0,1940.0,1965.0,3996.0,65.0
1785388690.65,2026-07-30T05:18:10.650209+00:00,contended,34.5,767.1,100.0,3.0,1940.0,1965.0,3996.0,65.0
1785388690.684,2026-07-30T05:18:10.683675+00:00,contended,33.5,767.1,100.0,3.0,1940.0,1965.0,3996.0,65.0
1785388690.723,2026-07-30T05:18:10.722865+00:00,contended,39.2,767.86,100.0,3.0,1940.0,1965.0,3996.0,65.0
1785388690.757,2026-07-30T05:18:10.756803+00:00,contended,33.9,767.86,100.0,3.0,1940.0,1965.0,3996.0,65.0
1785388690.79,2026-07-30T05:18:10.789787+00:00,contended,33.0,767.86,100.0,3.0,1940.0,1965.0,3996.0,65.0
1785388690.826,2026-07-30T05:18:10.825972+00:00,contended,36.2,771.8,100.0,3.0,1940.0,1965.0,3996.0,65.0
1785388690.91,2026-07-30T05:18:10.910436+00:00,contended,84.5,771.8,100.0,3.0,1940.0,1965.0,3996.0,65.0
1785388690.971,2026-07-30T05:18:10.971030+00:00,contended,60.6,775.08,100.0,3.0,1940.0,1965.0,3996.0,65.0
1785388691.024,2026-07-30T05:18:11.024398+00:00,contended,53.4,783.74,100.0,3.0,1940.0,1965.0,3996.0,65.0
1785388691.07,2026-07-30T05:18:11.069626+00:00,contended,45.2,783.74,100.0,3.0,1940.0,1965.0,3996.0,65.0
1785388691.11,2026-07-30T05:18:11.109740+00:00,contended,40.1,789.63,100.0,3.0,1940.0,1965.0,3996.0,65.0
1785388691.145,2026-07-30T05:18:11.144634+00:00,contended,34.9,789.63,100.0,3.0,1940.0,1965.0,3996.0,65.0
1785388691.178,2026-07-30T05:18:11.177988+00:00,contended,33.4,789.63,100.0,3.0,1940.0,1965.0,3996.0,65.0
1785388691.216,2026-07-30T05:18:11.215553+00:00,contended,37.6,791.32,100.0,3.0,1940.0,1965.0,3996.0,65.0
1785388691.296,2026-07-30T05:18:11.295661+00:00,contended,80.1,791.32,100.0,3.0,1940.0,1965.0,3996.0,65.0
1785388691.332,2026-07-30T05:18:11.331680+00:00,contended,36.0,791.16,100.0,3.0,1940.0,1965.0,3996.0,65.0
1785388691.377,2026-07-30T05:18:11.377343+00:00,contended,45.7,791.16,100.0,3.0,1940.0,1965.0,3996.0,65.0
1785388691.414,2026-07-30T05:18:11.414230+00:00,contended,36.9,787.87,100.0,3.0,1940.0,1965.0,3996.0,65.0
1785388691.672,2026-07-30T05:18:11.671607+00:00,contended,257.4,786.76,100.0,3.0,1940.0,1965.0,3996.0,65.0
1785388691.73,2026-07-30T05:18:11.730107+00:00,contended,58.5,792.54,100.0,3.0,1940.0,1965.0,3996.0,65.0
1785388691.797,2026-07-30T05:18:11.797196+00:00,contended,67.1,792.54,100.0,3.0,1940.0,1965.0,3996.0,65.0
1785388691.867,2026-07-30T05:18:11.867276+00:00,contended,70.1,800.43,100.0,3.0,1940.0,1965.0,3996.0,65.0
1785388691.91,2026-07-30T05:18:11.909697+00:00,contended,42.4,806.57,100.0,3.0,1940.0,1965.0,3996.0,65.0
1785388691.944,2026-07-30T05:18:11.944392+00:00,contended,34.7,806.57,100.0,3.0,1940.0,1965.0,3996.0,65.0
1785388691.981,2026-07-30T05:18:11.980522+00:00,contended,36.1,806.57,100.0,3.0,1940.0,1965.0,3996.0,65.0
1785388692.025,2026-07-30T05:18:12.025502+00:00,contended,45.0,805.13,100.0,3.0,1940.0,1965.0,3996.0,65.0
1785388692.063,2026-07-30T05:18:12.063427+00:00,contended,37.9,805.13,100.0,3.0,1940.0,1965.0,3996.0,65.0
1785388692.102,2026-07-30T05:18:12.101856+00:00,contended,38.4,801.46,100.0,3.0,1940.0,1965.0,3996.0,65.0
1785388692.137,2026-07-30T05:18:12.137136+00:00,contended,35.3,801.46,100.0,3.0,1940.0,1965.0,3996.0,65.0
1785388692.172,2026-07-30T05:18:12.171581+00:00,contended,34.4,801.46,100.0,3.0,1940.0,1965.0,3996.0,65.0
1785388692.212,2026-07-30T05:18:12.211751+00:00,contended,40.2,795.91,100.0,3.0,1940.0,1965.0,3996.0,65.0
1785388692.245,2026-07-30T05:18:12.245507+00:00,contended,33.8,795.91,100.0,3.0,1940.0,1965.0,3996.0,65.0
1785388692.279,2026-07-30T05:18:12.279488+00:00,contended,34.0,795.91,100.0,3.0,1940.0,1965.0,3996.0,65.0
1785388692.327,2026-07-30T05:18:12.327258+00:00,contended,47.8,788.74,100.0,3.0,1940.0,1965.0,3996.0,65.0
1785388692.363,2026-07-30T05:18:12.362520+00:00,contended,35.3,788.74,100.0,3.0,1940.0,1965.0,3996.0,65.0
1785388692.407,2026-07-30T05:18:12.406599+00:00,contended,44.1,782.35,100.0,3.0,1940.0,1965.0,3996.0,65.0
1785388692.442,2026-07-30T05:18:12.441912+00:00,contended,35.3,782.35,100.0,3.0,1940.0,1965.0,3996.0,65.0
1785388692.476,2026-07-30T05:18:12.476104+00:00,contended,34.2,782.35,100.0,3.0,1940.0,1965.0,3996.0,65.0
1785388692.516,2026-07-30T05:18:12.515679+00:00,contended,39.6,772.96,100.0,3.0,1940.0,1965.0,3996.0,65.0
1785388692.565,2026-07-30T05:18:12.565507+00:00,contended,49.8,772.96,100.0,3.0,1940.0,1965.0,3996.0,65.0
1785388692.602,2026-07-30T05:18:12.602391+00:00,contended,36.9,771.5,100.0,3.0,1940.0,1965.0,3996.0,65.0
1785388692.641,2026-07-30T05:18:12.640591+00:00,contended,38.2,771.5,100.0,3.0,1940.0,1965.0,3996.0,65.0
1785388692.674,2026-07-30T05:18:12.673950+00:00,contended,33.4,771.5,100.0,3.0,1940.0,1965.0,3996.0,65.0
1785388692.717,2026-07-30T05:18:12.716915+00:00,contended,43.0,775.7,100.0,3.0,1940.0,1965.0,3996.0,65.0
1785388692.752,2026-07-30T05:18:12.752455+00:00,contended,35.5,775.7,100.0,3.0,1940.0,1965.0,3996.0,65.0
1785388692.785,2026-07-30T05:18:12.784778+00:00,contended,32.3,775.7,100.0,3.0,1940.0,1965.0,3996.0,65.0
1785388692.825,2026-07-30T05:18:12.824736+00:00,contended,40.0,778.86,100.0,3.0,1940.0,1965.0,3996.0,65.0
1785388692.86,2026-07-30T05:18:12.859822+00:00,contended,35.1,778.86,100.0,3.0,1940.0,1965.0,3996.0,65.0
1785388692.896,2026-07-30T05:18:12.896101+00:00,contended,36.3,778.86,100.0,3.0,1940.0,1965.0,3996.0,65.0
1785388692.934,2026-07-30T05:18:12.933817+00:00,contended,37.7,784.12,100.0,3.0,1940.0,1965.0,3996.0,65.0
1785388692.97,2026-07-30T05:18:12.969558+00:00,contended,35.7,784.12,100.0,3.0,1940.0,1965.0,3996.0,65.0
1785388693.01,2026-07-30T05:18:13.010348+00:00,contended,40.8,788.99,100.0,3.0,1940.0,1965.0,3996.0,65.0
1785388693.045,2026-07-30T05:18:13.045290+00:00,contended,34.9,788.99,100.0,3.0,1940.0,1965.0,3996.0,65.0
1785388693.08,2026-07-30T05:18:13.080464+00:00,contended,35.2,788.99,100.0,3.0,1940.0,1965.0,3996.0,65.0
1785388693.121,2026-07-30T05:18:13.121292+00:00,contended,40.8,793.82,100.0,3.0,1940.0,1965.0,3996.0,65.0
1785388693.157,2026-07-30T05:18:13.157290+00:00,contended,36.0,793.82,100.0,3.0,1940.0,1965.0,3996.0,65.0
1785388693.191,2026-07-30T05:18:13.191442+00:00,contended,34.2,793.82,100.0,3.0,1940.0,1965.0,3996.0,65.0
1785388693.228,2026-07-30T05:18:13.227649+00:00,contended,36.2,800.89,100.0,3.0,1940.0,1965.0,3996.0,65.0
1785388693.263,2026-07-30T05:18:13.262949+00:00,contended,35.3,800.89,100.0,3.0,1940.0,1965.0,3996.0,65.0
1785388693.303,2026-07-30T05:18:13.302830+00:00,contended,39.9,810.63,100.0,3.0,1940.0,1965.0,3996.0,65.0
1785388693.338,2026-07-30T05:18:13.338072+00:00,contended,35.2,810.63,100.0,3.0,1940.0,1965.0,3996.0,65.0
1785388693.373,2026-07-30T05:18:13.372728+00:00,contended,34.7,810.63,100.0,3.0,1940.0,1965.0,3996.0,65.0
1785388693.411,2026-07-30T05:18:13.410592+00:00,contended,37.9,815.77,100.0,3.0,1940.0,1965.0,3996.0,65.0
1785388693.444,2026-07-30T05:18:13.444382+00:00,contended,33.8,815.77,100.0,3.0,1940.0,1965.0,3996.0,65.0
1785388693.478,2026-07-30T05:18:13.477560+00:00,contended,33.2,815.77,100.0,3.0,1940.0,1965.0,3996.0,65.0
1785388693.519,2026-07-30T05:18:13.519465+00:00,contended,41.9,822.34,100.0,3.0,1940.0,1965.0,3996.0,65.0
1785388693.554,2026-07-30T05:18:13.553531+00:00,contended,34.1,822.34,100.0,3.0,1940.0,1965.0,3996.0,65.0
1785388693.588,2026-07-30T05:18:13.587890+00:00,contended,34.4,822.34,100.0,3.0,1940.0,1965.0,3996.0,65.0
1785388693.625,2026-07-30T05:18:13.624792+00:00,contended,36.9,825.89,100.0,3.0,1940.0,1965.0,3996.0,65.0
1785388693.663,2026-07-30T05:18:13.663157+00:00,contended,38.4,825.89,100.0,3.0,1940.0,1965.0,3996.0,65.0
1785388693.708,2026-07-30T05:18:13.707570+00:00,contended,44.4,822.4,100.0,3.0,1940.0,1965.0,3996.0,65.0
1785388693.743,2026-07-30T05:18:13.743075+00:00,contended,35.5,822.4,100.0,3.0,1940.0,1965.0,3996.0,65.0
1785388693.778,2026-07-30T05:18:13.777817+00:00,contended,34.7,822.4,100.0,3.0,1940.0,1965.0,3996.0,65.0
1785388693.819,2026-07-30T05:18:13.819452+00:00,contended,41.6,818.67,100.0,3.0,1940.0,1965.0,3996.0,65.0
1785388693.855,2026-07-30T05:18:13.855255+00:00,contended,35.8,818.67,100.0,3.0,1940.0,1965.0,3996.0,65.0
1785388693.89,2026-07-30T05:18:13.890119+00:00,contended,34.9,818.67,100.0,3.0,1940.0,1965.0,3996.0,65.0
1785388693.926,2026-07-30T05:18:13.925531+00:00,contended,35.4,811.93,100.0,3.0,1940.0,1965.0,3996.0,65.0
1785388693.961,2026-07-30T05:18:13.960600+00:00,contended,35.1,811.93,100.0,3.0,1940.0,1965.0,3996.0,65.0
1785388694.001,2026-07-30T05:18:14.001353+00:00,contended,40.8,811.93,100.0,3.0,1940.0,1965.0,3996.0,65.0
1785388694.037,2026-07-30T05:18:14.036728+00:00,contended,35.4,808.64,100.0,3.0,1940.0,1965.0,3996.0,65.0
1785388694.073,2026-07-30T05:18:14.073458+00:00,contended,36.7,808.64,100.0,3.0,1940.0,1965.0,3996.0,65.0
1785388694.115,2026-07-30T05:18:14.114802+00:00,contended,41.4,806.4,100.0,3.0,1940.0,1965.0,3996.0,65.0
1785388694.154,2026-07-30T05:18:14.153755+00:00,contended,38.9,806.4,100.0,3.0,1940.0,1965.0,3996.0,65.0
1785388694.19,2026-07-30T05:18:14.189798+00:00,contended,36.0,806.4,100.0,3.0,1940.0,1965.0,3996.0,65.0
1785388694.226,2026-07-30T05:18:14.226336+00:00,contended,36.5,804.66,100.0,3.0,1940.0,1965.0,3996.0,65.0
1785388694.258,2026-07-30T05:18:14.258054+00:00,contended,31.7,804.66,100.0,3.0,1940.0,1965.0,3996.0,65.0
1785388694.294,2026-07-30T05:18:14.294436+00:00,contended,36.4,804.66,100.0,3.0,1940.0,1965.0,3996.0,65.0
1785388694.329,2026-07-30T05:18:14.328709+00:00,contended,34.3,803.36,100.0,3.0,1940.0,1965.0,3996.0,65.0
1785388694.363,2026-07-30T05:18:14.363427+00:00,contended,34.7,803.36,100.0,3.0,1940.0,1965.0,3996.0,65.0
1785388694.408,2026-07-30T05:18:14.407813+00:00,contended,44.4,804.74,100.0,3.0,1940.0,1965.0,3996.0,65.0
1785388694.444,2026-07-30T05:18:14.444271+00:00,contended,36.5,804.74,100.0,3.0,1940.0,1965.0,3996.0,65.0
1785388694.482,2026-07-30T05:18:14.481669+00:00,contended,37.4,804.74,100.0,3.0,1940.0,1965.0,3996.0,65.0
1785388694.523,2026-07-30T05:18:14.523249+00:00,contended,41.6,807.84,100.0,3.0,1940.0,1965.0,3996.0,65.0
1785388694.558,2026-07-30T05:18:14.558109+00:00,contended,34.9,807.84,100.0,3.0,1940.0,1965.0,3996.0,65.0
1785388694.592,2026-07-30T05:18:14.591573+00:00,contended,33.5,807.84,100.0,3.0,1940.0,1965.0,3996.0,65.0
1785388694.625,2026-07-30T05:18:14.625123+00:00,contended,33.5,807.75,100.0,3.0,1940.0,1965.0,3996.0,65.0
1785388694.656,2026-07-30T05:18:14.656332+00:00,contended,31.2,807.75,100.0,3.0,1940.0,1965.0,3996.0,65.0
1785388694.693,2026-07-30T05:18:14.693348+00:00,contended,37.0,807.75,100.0,3.0,1940.0,1965.0,3996.0,65.0
1785388694.729,2026-07-30T05:18:14.729290+00:00,contended,35.9,805.56,100.0,3.0,1940.0,1965.0,3996.0,65.0
1785388694.764,2026-07-30T05:18:14.764052+00:00,contended,34.8,805.56,100.0,3.0,1940.0,1965.0,3996.0,65.0
1785388694.809,2026-07-30T05:18:14.809282+00:00,contended,45.2,803.7,100.0,3.0,1940.0,1965.0,3996.0,65.0
1785388694.856,2026-07-30T05:18:14.856193+00:00,contended,46.9,803.7,100.0,3.0,1940.0,1965.0,3996.0,65.0
1785388694.89,2026-07-30T05:18:14.889934+00:00,contended,33.8,803.7,100.0,3.0,1940.0,1965.0,3996.0,65.0
1785388694.926,2026-07-30T05:18:14.925830+00:00,contended,35.9,802.47,100.0,3.0,1940.0,1965.0,3996.0,65.0
1785388694.96,2026-07-30T05:18:14.959561+00:00,contended,33.7,802.47,100.0,3.0,1940.0,1965.0,3996.0,65.0
1785388695.004,2026-07-30T05:18:15.003946+00:00,contended,44.4,802.47,100.0,3.0,1940.0,1965.0,3996.0,65.0
1785388695.039,2026-07-30T05:18:15.039136+00:00,contended,35.2,802.16,100.0,3.0,1940.0,1965.0,3996.0,65.0
1785388695.08,2026-07-30T05:18:15.079632+00:00,contended,40.5,802.16,100.0,3.0,1940.0,1965.0,3996.0,65.0
1785388695.132,2026-07-30T05:18:15.131801+00:00,contended,52.2,802.44,100.0,3.0,1940.0,1965.0,3996.0,65.0
1785388695.166,2026-07-30T05:18:15.166241+00:00,contended,34.4,802.44,100.0,3.0,1940.0,1965.0,3996.0,65.0
1785388695.21,2026-07-30T05:18:15.209876+00:00,contended,43.6,803.61,100.0,3.0,1940.0,1965.0,3996.0,65.0
1785388695.246,2026-07-30T05:18:15.245899+00:00,contended,36.0,803.61,100.0,3.0,1940.0,1965.0,3996.0,65.0
1785388695.276,2026-07-30T05:18:15.275775+00:00,contended,29.9,803.61,100.0,3.0,1940.0,1965.0,3996.0,65.0
1785388695.318,2026-07-30T05:18:15.318017+00:00,contended,42.2,804.56,100.0,3.0,1940.0,1965.0,3996.0,65.0
1785388695.355,2026-07-30T05:18:15.355060+00:00,contended,37.0,804.56,100.0,3.0,1940.0,1965.0,3996.0,65.0
1785388695.39,2026-07-30T05:18:15.389806+00:00,contended,34.7,804.56,100.0,3.0,1940.0,1965.0,3996.0,65.0
1785388695.426,2026-07-30T05:18:15.426142+00:00,contended,36.3,805.2,100.0,3.0,1940.0,1965.0,3996.0,65.0
1785388695.46,2026-07-30T05:18:15.459585+00:00,contended,33.5,805.2,100.0,3.0,1940.0,1965.0,3996.0,65.0
1785388695.493,2026-07-30T05:18:15.493428+00:00,contended,33.8,805.2,100.0,3.0,1940.0,1965.0,3996.0,65.0
1785388695.529,2026-07-30T05:18:15.529360+00:00,contended,35.9,802.67,100.0,3.0,1940.0,1965.0,3996.0,65.0
1785388695.564,2026-07-30T05:18:15.564074+00:00,contended,34.7,802.67,100.0,3.0,1940.0,1965.0,3996.0,65.0
1785388695.605,2026-07-30T05:18:15.605437+00:00,contended,41.4,806.54,100.0,3.0,1940.0,1965.0,3996.0,66.0
1785388695.641,2026-07-30T05:18:15.641381+00:00,contended,35.9,806.54,100.0,3.0,1940.0,1965.0,3996.0,66.0
1785388695.675,2026-07-30T05:18:15.675300+00:00,contended,33.9,806.54,100.0,3.0,1940.0,1965.0,3996.0,66.0
1785388695.721,2026-07-30T05:18:15.720765+00:00,contended,45.5,813.78,99.0,3.0,1940.0,1965.0,3996.0,66.0
1785388695.759,2026-07-30T05:18:15.758571+00:00,contended,37.8,813.78,99.0,3.0,1940.0,1965.0,3996.0,66.0
1785388695.794,2026-07-30T05:18:15.794406+00:00,contended,35.8,813.78,99.0,3.0,1940.0,1965.0,3996.0,66.0
1785388695.832,2026-07-30T05:18:15.831644+00:00,contended,37.2,815.13,99.0,3.0,1940.0,1965.0,3996.0,65.0
1785388695.867,2026-07-30T05:18:15.866703+00:00,contended,35.1,815.13,99.0,3.0,1940.0,1965.0,3996.0,65.0
1785388695.905,2026-07-30T05:18:15.905467+00:00,contended,38.8,816.3,100.0,3.0,1940.0,1965.0,3996.0,65.0
1785388695.936,2026-07-30T05:18:15.936421+00:00,contended,31.0,816.3,100.0,3.0,1940.0,1965.0,3996.0,65.0
1785388695.971,2026-07-30T05:18:15.971296+00:00,contended,34.9,816.3,100.0,3.0,1940.0,1965.0,3996.0,65.0
1785388696.009,2026-07-30T05:18:16.009380+00:00,contended,38.1,814.83,100.0,3.0,1940.0,1965.0,3996.0,65.0
1785388696.043,2026-07-30T05:18:16.042604+00:00,contended,33.2,814.83,100.0,3.0,1940.0,1965.0,3996.0,65.0
1785388696.076,2026-07-30T05:18:16.075775+00:00,contended,33.2,814.83,100.0,3.0,1940.0,1965.0,3996.0,65.0
1785388696.189,2026-07-30T05:18:16.189469+00:00,contended,113.7,811.39,100.0,3.0,1940.0,1965.0,3996.0,65.0
1785388696.23,2026-07-30T05:18:16.229742+00:00,contended,40.3,803.92,100.0,3.0,1940.0,1965.0,3996.0,65.0
1785388696.28,2026-07-30T05:18:16.280349+00:00,contended,50.6,803.92,100.0,3.0,1940.0,1965.0,3996.0,65.0
1785388696.324,2026-07-30T05:18:16.323777+00:00,contended,43.4,794.55,100.0,3.0,1940.0,1965.0,3996.0,65.0
1785388696.358,2026-07-30T05:18:16.357559+00:00,contended,33.8,794.55,100.0,3.0,1940.0,1965.0,3996.0,65.0
1785388696.395,2026-07-30T05:18:16.394860+00:00,contended,37.3,794.55,100.0,3.0,1940.0,1965.0,3996.0,65.0
1785388696.467,2026-07-30T05:18:16.467297+00:00,contended,72.4,785.6,100.0,3.0,1940.0,1965.0,3996.0,65.0
1785388696.511,2026-07-30T05:18:16.511233+00:00,contended,43.9,779.81,100.0,3.0,1940.0,1965.0,3996.0,65.0
1785388696.556,2026-07-30T05:18:16.555941+00:00,contended,44.7,779.81,100.0,3.0,1940.0,1965.0,3996.0,65.0
1785388697.853,2026-07-30T05:18:17.853349+00:00,recovery,1297.4,860.5,81.0,2.0,972.0,1965.0,3996.0,67.0
1785388697.89,2026-07-30T05:18:17.890258+00:00,recovery,36.9,860.5,81.0,2.0,972.0,1965.0,3996.0,67.0
1785388697.926,2026-07-30T05:18:17.925957+00:00,recovery,35.7,860.41,99.0,3.0,972.0,1965.0,3996.0,67.0
1785388697.962,2026-07-30T05:18:17.961758+00:00,recovery,35.8,860.41,99.0,3.0,972.0,1965.0,3996.0,67.0
1785388698.0,2026-07-30T05:18:17.999682+00:00,recovery,37.9,860.41,99.0,3.0,972.0,1965.0,3996.0,67.0
1785388698.034,2026-07-30T05:18:18.034441+00:00,recovery,34.8,860.04,99.0,3.0,972.0,1965.0,3996.0,67.0
1785388698.068,2026-07-30T05:18:18.068488+00:00,recovery,34.0,860.04,99.0,3.0,972.0,1965.0,3996.0,67.0
1785388698.102,2026-07-30T05:18:18.102453+00:00,recovery,34.0,860.15,100.0,3.0,972.0,1965.0,3996.0,67.0
1785388698.135,2026-07-30T05:18:18.135127+00:00,recovery,32.7,860.15,100.0,3.0,972.0,1965.0,3996.0,67.0
1785388698.169,2026-07-30T05:18:18.169491+00:00,recovery,34.4,860.15,100.0,3.0,972.0,1965.0,3996.0,67.0
1785388698.213,2026-07-30T05:18:18.213441+00:00,recovery,43.9,859.99,100.0,3.0,972.0,1965.0,3996.0,67.0
1785388698.25,2026-07-30T05:18:18.249711+00:00,recovery,36.3,859.99,100.0,3.0,972.0,1965.0,3996.0,67.0
1785388698.285,2026-07-30T05:18:18.284885+00:00,recovery,35.2,859.99,100.0,3.0,972.0,1965.0,3996.0,67.0
1785388698.32,2026-07-30T05:18:18.320094+00:00,recovery,35.2,860.06,99.0,3.0,972.0,1965.0,3996.0,67.0
1785388698.353,2026-07-30T05:18:18.353072+00:00,recovery,33.0,860.06,99.0,3.0,972.0,1965.0,3996.0,67.0
1785388698.385,2026-07-30T05:18:18.385316+00:00,recovery,32.2,860.06,99.0,3.0,972.0,1965.0,3996.0,67.0
1785388698.421,2026-07-30T05:18:18.420945+00:00,recovery,35.6,860.55,99.0,3.0,972.0,1965.0,3996.0,67.0
1785388698.455,2026-07-30T05:18:18.455283+00:00,recovery,34.3,860.55,99.0,3.0,972.0,1965.0,3996.0,67.0
1785388698.489,2026-07-30T05:18:18.489041+00:00,recovery,33.8,860.55,99.0,3.0,972.0,1965.0,3996.0,67.0
1785388698.522,2026-07-30T05:18:18.522135+00:00,recovery,33.1,860.33,100.0,3.0,972.0,1965.0,3996.0,67.0
1785388698.555,2026-07-30T05:18:18.555208+00:00,recovery,33.1,860.33,100.0,3.0,972.0,1965.0,3996.0,67.0
1785388698.595,2026-07-30T05:18:18.594758+00:00,recovery,39.5,860.33,100.0,3.0,972.0,1965.0,3996.0,67.0
1785388698.63,2026-07-30T05:18:18.630259+00:00,recovery,35.5,866.41,100.0,3.0,972.0,1965.0,3996.0,66.0
1785388698.663,2026-07-30T05:18:18.663208+00:00,recovery,32.9,866.41,100.0,3.0,972.0,1965.0,3996.0,66.0
1785388698.7,2026-07-30T05:18:18.700023+00:00,recovery,36.8,866.41,100.0,3.0,972.0,1965.0,3996.0,67.0
1785388698.736,2026-07-30T05:18:18.735518+00:00,recovery,35.5,866.81,93.0,3.0,972.0,1965.0,3996.0,67.0
1785388698.769,2026-07-30T05:18:18.769380+00:00,recovery,33.9,866.81,93.0,3.0,972.0,1965.0,3996.0,67.0
1785388698.811,2026-07-30T05:18:18.811020+00:00,recovery,41.6,866.62,93.0,3.0,972.0,1965.0,3996.0,67.0
1785388698.848,2026-07-30T05:18:18.848108+00:00,recovery,37.1,866.62,93.0,3.0,972.0,1965.0,3996.0,67.0
1785388698.883,2026-07-30T05:18:18.883126+00:00,recovery,35.0,866.62,93.0,3.0,972.0,1965.0,3996.0,67.0
1785388698.923,2026-07-30T05:18:18.922918+00:00,recovery,39.8,866.95,99.0,3.0,972.0,1965.0,3996.0,67.0
1785388698.955,2026-07-30T05:18:18.955076+00:00,recovery,32.2,866.95,99.0,3.0,972.0,1965.0,3996.0,67.0
1785388698.99,2026-07-30T05:18:18.990246+00:00,recovery,35.2,866.95,99.0,3.0,972.0,1965.0,3996.0,67.0
1785388699.026,2026-07-30T05:18:19.025788+00:00,recovery,35.5,867.1,99.0,3.0,972.0,1965.0,3996.0,67.0
1785388699.059,2026-07-30T05:18:19.059374+00:00,recovery,33.6,867.1,99.0,3.0,972.0,1965.0,3996.0,67.0
1785388699.095,2026-07-30T05:18:19.094551+00:00,recovery,35.2,867.1,99.0,3.0,972.0,1965.0,3996.0,67.0
1785388699.129,2026-07-30T05:18:19.129338+00:00,recovery,34.8,867.42,99.0,3.0,972.0,1965.0,3996.0,67.0
1785388699.162,2026-07-30T05:18:19.162222+00:00,recovery,32.9,867.42,99.0,3.0,972.0,1965.0,3996.0,67.0
1785388699.195,2026-07-30T05:18:19.194746+00:00,recovery,32.5,867.42,99.0,3.0,972.0,1965.0,3996.0,67.0
1785388699.23,2026-07-30T05:18:19.229675+00:00,recovery,34.9,867.07,99.0,3.0,972.0,1965.0,3996.0,67.0
1785388699.263,2026-07-30T05:18:19.262928+00:00,recovery,33.2,867.07,99.0,3.0,972.0,1965.0,3996.0,67.0
1785388699.297,2026-07-30T05:18:19.296865+00:00,recovery,33.9,867.07,99.0,3.0,972.0,1965.0,3996.0,67.0
1785388699.331,2026-07-30T05:18:19.330877+00:00,recovery,34.0,867.16,100.0,3.0,972.0,1965.0,3996.0,67.0
1785388699.366,2026-07-30T05:18:19.365623+00:00,recovery,34.7,867.16,100.0,3.0,972.0,1965.0,3996.0,67.0
1785388699.404,2026-07-30T05:18:19.403860+00:00,recovery,38.2,867.16,100.0,3.0,972.0,1965.0,3996.0,67.0
1785388699.438,2026-07-30T05:18:19.437744+00:00,recovery,33.9,866.88,100.0,3.0,972.0,1965.0,3996.0,67.0
1785388699.476,2026-07-30T05:18:19.475840+00:00,recovery,38.1,866.88,100.0,3.0,972.0,1965.0,3996.0,67.0
1785388699.513,2026-07-30T05:18:19.513232+00:00,recovery,37.4,866.71,99.0,3.0,972.0,1965.0,3996.0,67.0
1785388699.548,2026-07-30T05:18:19.547518+00:00,recovery,34.3,866.71,99.0,3.0,972.0,1965.0,3996.0,67.0
1785388699.58,2026-07-30T05:18:19.580163+00:00,recovery,32.6,866.71,99.0,3.0,972.0,1965.0,3996.0,67.0
1785388699.618,2026-07-30T05:18:19.617989+00:00,recovery,37.8,869.28,99.0,3.0,972.0,1965.0,3996.0,67.0
1785388699.652,2026-07-30T05:18:19.652055+00:00,recovery,34.1,869.28,99.0,3.0,972.0,1965.0,3996.0,67.0
1785388699.684,2026-07-30T05:18:19.683754+00:00,recovery,31.7,869.28,99.0,3.0,972.0,1965.0,3996.0,67.0
1785388699.722,2026-07-30T05:18:19.722338+00:00,recovery,38.6,869.15,95.0,3.0,972.0,1965.0,3996.0,67.0
1785388699.756,2026-07-30T05:18:19.756347+00:00,recovery,34.0,869.15,95.0,3.0,972.0,1965.0,3996.0,67.0
1785388699.791,2026-07-30T05:18:19.790758+00:00,recovery,34.4,869.15,95.0,3.0,972.0,1965.0,3996.0,67.0
1785388699.825,2026-07-30T05:18:19.824665+00:00,recovery,33.9,869.32,95.0,3.0,972.0,1965.0,3996.0,67.0
1785388699.858,2026-07-30T05:18:19.858445+00:00,recovery,33.8,869.32,95.0,3.0,972.0,1965.0,3996.0,67.0
1785388699.891,2026-07-30T05:18:19.891140+00:00,recovery,32.7,869.32,95.0,3.0,972.0,1965.0,3996.0,67.0
1785388699.923,2026-07-30T05:18:19.922623+00:00,recovery,31.5,868.96,100.0,3.0,972.0,1965.0,3996.0,67.0
1785388699.955,2026-07-30T05:18:19.955475+00:00,recovery,32.9,868.96,100.0,3.0,972.0,1965.0,3996.0,67.0
1785388699.987,2026-07-30T05:18:19.986769+00:00,recovery,31.3,868.96,100.0,3.0,972.0,1965.0,3996.0,67.0
1785388700.026,2026-07-30T05:18:20.025771+00:00,recovery,39.0,869.12,100.0,3.0,972.0,1965.0,3996.0,67.0
1785388700.059,2026-07-30T05:18:20.059064+00:00,recovery,33.3,869.12,100.0,3.0,972.0,1965.0,3996.0,67.0
1785388700.092,2026-07-30T05:18:20.091563+00:00,recovery,32.5,869.12,100.0,3.0,972.0,1965.0,3996.0,67.0
1785388700.127,2026-07-30T05:18:20.127294+00:00,recovery,35.7,869.21,100.0,3.0,972.0,1965.0,3996.0,67.0
1785388700.16,2026-07-30T05:18:20.160308+00:00,recovery,33.0,869.21,100.0,3.0,972.0,1965.0,3996.0,67.0
1785388700.195,2026-07-30T05:18:20.195479+00:00,recovery,35.2,869.21,100.0,3.0,972.0,1965.0,3996.0,67.0
1785388700.232,2026-07-30T05:18:20.231800+00:00,recovery,36.3,869.35,100.0,3.0,972.0,1965.0,3996.0,67.0
1785388700.266,2026-07-30T05:18:20.265812+00:00,recovery,34.0,869.35,100.0,3.0,972.0,1965.0,3996.0,67.0
1785388700.303,2026-07-30T05:18:20.303363+00:00,recovery,37.6,869.35,100.0,3.0,972.0,1965.0,3996.0,67.0
1785388700.338,2026-07-30T05:18:20.337962+00:00,recovery,34.6,869.01,100.0,3.0,972.0,1965.0,3996.0,67.0
1785388700.371,2026-07-30T05:18:20.371289+00:00,recovery,33.3,869.01,100.0,3.0,972.0,1965.0,3996.0,67.0
1785388700.41,2026-07-30T05:18:20.409609+00:00,recovery,38.3,869.49,100.0,3.0,972.0,1965.0,3996.0,67.0
1785388700.445,2026-07-30T05:18:20.444636+00:00,recovery,35.0,869.49,100.0,3.0,972.0,1965.0,3996.0,67.0
1785388700.478,2026-07-30T05:18:20.477521+00:00,recovery,32.9,869.49,100.0,3.0,972.0,1965.0,3996.0,67.0
1785388700.52,2026-07-30T05:18:20.520258+00:00,recovery,42.7,869.42,100.0,3.0,972.0,1965.0,3996.0,67.0
1785388700.555,2026-07-30T05:18:20.554748+00:00,recovery,34.5,869.42,100.0,3.0,972.0,1965.0,3996.0,67.0
1785388700.591,2026-07-30T05:18:20.591158+00:00,recovery,36.4,869.42,100.0,3.0,972.0,1965.0,3996.0,67.0
1785388700.627,2026-07-30T05:18:20.626762+00:00,recovery,35.6,870.46,100.0,3.0,972.0,1965.0,3996.0,67.0
1785388700.659,2026-07-30T05:18:20.659051+00:00,recovery,32.3,870.46,100.0,3.0,972.0,1965.0,3996.0,67.0
1785388700.692,2026-07-30T05:18:20.692132+00:00,recovery,33.1,870.46,100.0,3.0,972.0,1965.0,3996.0,67.0
1785388700.725,2026-07-30T05:18:20.725469+00:00,recovery,33.3,870.72,97.0,3.0,972.0,1965.0,3996.0,67.0
1785388700.759,2026-07-30T05:18:20.759033+00:00,recovery,33.6,870.72,97.0,3.0,972.0,1965.0,3996.0,67.0
1785388700.792,2026-07-30T05:18:20.792374+00:00,recovery,33.3,870.72,97.0,3.0,972.0,1965.0,3996.0,67.0
1785388700.83,2026-07-30T05:18:20.829996+00:00,recovery,37.6,870.7,97.0,3.0,972.0,1965.0,3996.0,67.0
1785388700.864,2026-07-30T05:18:20.864405+00:00,recovery,34.4,870.7,97.0,3.0,972.0,1965.0,3996.0,67.0
1785388700.901,2026-07-30T05:18:20.900987+00:00,recovery,36.6,870.7,97.0,3.0,972.0,1965.0,3996.0,67.0
1785388700.937,2026-07-30T05:18:20.936554+00:00,recovery,35.6,871.06,99.0,3.0,972.0,1965.0,3996.0,67.0
1785388700.97,2026-07-30T05:18:20.970248+00:00,recovery,33.7,871.06,99.0,3.0,972.0,1965.0,3996.0,67.0
1785388701.007,2026-07-30T05:18:21.006863+00:00,recovery,36.6,870.74,99.0,3.0,972.0,1965.0,3996.0,67.0
1785388701.042,2026-07-30T05:18:21.041784+00:00,recovery,34.9,870.74,99.0,3.0,972.0,1965.0,3996.0,67.0
1785388701.077,2026-07-30T05:18:21.076732+00:00,recovery,34.9,870.74,99.0,3.0,972.0,1965.0,3996.0,67.0
1785388701.116,2026-07-30T05:18:21.115640+00:00,recovery,38.9,871.01,100.0,3.0,972.0,1965.0,3996.0,67.0
1785388701.149,2026-07-30T05:18:21.149432+00:00,recovery,33.8,871.01,100.0,3.0,972.0,1965.0,3996.0,67.0
1785388701.184,2026-07-30T05:18:21.184448+00:00,recovery,35.0,871.01,100.0,3.0,972.0,1965.0,3996.0,67.0
1785388701.224,2026-07-30T05:18:21.224163+00:00,recovery,39.7,870.83,100.0,3.0,972.0,1965.0,3996.0,67.0
1785388701.258,2026-07-30T05:18:21.257574+00:00,recovery,33.4,870.83,100.0,3.0,972.0,1965.0,3996.0,67.0
1785388701.291,2026-07-30T05:18:21.291054+00:00,recovery,33.5,870.83,100.0,3.0,972.0,1965.0,3996.0,67.0
1785388701.328,2026-07-30T05:18:21.327663+00:00,recovery,36.6,871.15,100.0,3.0,972.0,1965.0,3996.0,67.0
1785388701.36,2026-07-30T05:18:21.359872+00:00,recovery,32.2,871.15,100.0,3.0,972.0,1965.0,3996.0,67.0
1785388701.448,2026-07-30T05:18:21.448019+00:00,recovery,88.1,871.15,100.0,3.0,972.0,1965.0,3996.0,67.0
1785388701.506,2026-07-30T05:18:21.506485+00:00,recovery,58.5,871.18,100.0,3.0,972.0,1965.0,3996.0,67.0
1785388701.544,2026-07-30T05:18:21.543914+00:00,recovery,37.4,871.18,100.0,3.0,972.0,1965.0,3996.0,67.0
1785388701.602,2026-07-30T05:18:21.602220+00:00,recovery,58.3,871.18,100.0,3.0,972.0,1965.0,3996.0,67.0
1785388701.656,2026-07-30T05:18:21.655849+00:00,recovery,53.6,869.92,100.0,3.0,972.0,1965.0,3996.0,67.0
1785388701.694,2026-07-30T05:18:21.693628+00:00,recovery,37.8,869.92,100.0,3.0,972.0,1965.0,3996.0,67.0
1785388701.738,2026-07-30T05:18:21.737755+00:00,recovery,44.1,869.85,95.0,3.0,972.0,1965.0,3996.0,67.0
1785388701.771,2026-07-30T05:18:21.770799+00:00,recovery,33.0,869.85,95.0,3.0,972.0,1965.0,3996.0,67.0
1785388701.809,2026-07-30T05:18:21.809392+00:00,recovery,38.6,869.98,95.0,3.0,972.0,1965.0,3996.0,67.0
1785388701.845,2026-07-30T05:18:21.845428+00:00,recovery,36.0,869.98,95.0,3.0,972.0,1965.0,3996.0,67.0
1785388701.88,2026-07-30T05:18:21.880036+00:00,recovery,34.6,869.98,95.0,3.0,972.0,1965.0,3996.0,67.0
1785388701.919,2026-07-30T05:18:21.919330+00:00,recovery,39.3,869.95,100.0,3.0,972.0,1965.0,3996.0,67.0
1785388701.952,2026-07-30T05:18:21.952143+00:00,recovery,32.8,869.95,100.0,3.0,972.0,1965.0,3996.0,67.0
1785388701.986,2026-07-30T05:18:21.986344+00:00,recovery,34.2,869.95,100.0,3.0,972.0,1965.0,3996.0,67.0
1785388702.024,2026-07-30T05:18:22.023897+00:00,recovery,37.6,870.24,100.0,3.0,972.0,1965.0,3996.0,67.0
1785388702.059,2026-07-30T05:18:22.058610+00:00,recovery,34.7,870.24,100.0,3.0,972.0,1965.0,3996.0,67.0
1785388702.092,2026-07-30T05:18:22.091550+00:00,recovery,32.9,870.24,100.0,3.0,972.0,1965.0,3996.0,67.0
1785388702.133,2026-07-30T05:18:22.133078+00:00,recovery,41.5,870.13,100.0,3.0,972.0,1965.0,3996.0,67.0
1785388702.167,2026-07-30T05:18:22.166670+00:00,recovery,33.6,870.13,100.0,3.0,972.0,1965.0,3996.0,67.0
1785388702.212,2026-07-30T05:18:22.211553+00:00,recovery,44.9,870.17,100.0,3.0,972.0,1965.0,3996.0,67.0
1785388702.246,2026-07-30T05:18:22.245855+00:00,recovery,34.3,870.17,100.0,3.0,972.0,1965.0,3996.0,67.0
1785388702.28,2026-07-30T05:18:22.280110+00:00,recovery,34.3,870.17,100.0,3.0,972.0,1965.0,3996.0,67.0
1785388702.497,2026-07-30T05:18:22.496807+00:00,recovery,216.7,870.04,99.0,3.0,972.0,1965.0,3996.0,67.0
1785388702.561,2026-07-30T05:18:22.561078+00:00,recovery,64.3,869.97,99.0,3.0,972.0,1965.0,3996.0,67.0
1785388702.635,2026-07-30T05:18:22.635452+00:00,recovery,74.4,872.91,99.0,3.0,972.0,1965.0,3996.0,67.0
1785388702.705,2026-07-30T05:18:22.704815+00:00,recovery,69.4,872.91,99.0,3.0,972.0,1965.0,3996.0,67.0
1785388702.737,2026-07-30T05:18:22.736667+00:00,recovery,31.9,873.21,98.0,3.0,972.0,1965.0,3996.0,67.0
1785388702.772,2026-07-30T05:18:22.771624+00:00,recovery,35.0,873.21,98.0,3.0,972.0,1965.0,3996.0,67.0
1785388702.811,2026-07-30T05:18:22.811223+00:00,recovery,39.6,873.33,98.0,3.0,972.0,1965.0,3996.0,67.0
1785388702.845,2026-07-30T05:18:22.845363+00:00,recovery,34.1,873.33,98.0,3.0,972.0,1965.0,3996.0,67.0
1785388702.877,2026-07-30T05:18:22.877296+00:00,recovery,31.9,873.33,98.0,3.0,972.0,1965.0,3996.0,67.0
1785388702.916,2026-07-30T05:18:22.915936+00:00,recovery,38.6,873.12,99.0,3.0,972.0,1965.0,3996.0,67.0
1785388702.953,2026-07-30T05:18:22.952625+00:00,recovery,36.7,873.12,99.0,3.0,972.0,1965.0,3996.0,67.0
1785388702.987,2026-07-30T05:18:22.986963+00:00,recovery,34.3,873.12,99.0,3.0,972.0,1965.0,3996.0,67.0
1785388703.024,2026-07-30T05:18:23.023603+00:00,recovery,36.6,872.96,99.0,3.0,972.0,1965.0,3996.0,67.0
1785388703.058,2026-07-30T05:18:23.057940+00:00,recovery,34.3,872.96,99.0,3.0,972.0,1965.0,3996.0,67.0
1785388703.091,2026-07-30T05:18:23.091313+00:00,recovery,33.4,872.96,99.0,3.0,972.0,1965.0,3996.0,67.0
1785388703.13,2026-07-30T05:18:23.130045+00:00,recovery,38.7,872.9,99.0,3.0,972.0,1965.0,3996.0,67.0
1785388703.164,2026-07-30T05:18:23.163574+00:00,recovery,33.5,872.9,99.0,3.0,972.0,1965.0,3996.0,67.0
1785388703.197,2026-07-30T05:18:23.197094+00:00,recovery,33.5,872.9,99.0,3.0,972.0,1965.0,3996.0,67.0
1785388703.233,2026-07-30T05:18:23.232867+00:00,recovery,35.8,873.28,99.0,3.0,972.0,1965.0,3996.0,67.0
1785388703.266,2026-07-30T05:18:23.265711+00:00,recovery,32.8,873.28,99.0,3.0,972.0,1965.0,3996.0,67.0
1785388703.301,2026-07-30T05:18:23.300620+00:00,recovery,34.9,873.28,99.0,3.0,972.0,1965.0,3996.0,67.0
1785388703.339,2026-07-30T05:18:23.338579+00:00,recovery,38.0,873.47,99.0,3.0,972.0,1965.0,3996.0,67.0
1785388703.372,2026-07-30T05:18:23.371600+00:00,recovery,33.0,873.47,99.0,3.0,972.0,1965.0,3996.0,67.0
1785388703.41,2026-07-30T05:18:23.409832+00:00,recovery,38.2,873.63,99.0,3.0,972.0,1965.0,3996.0,67.0
1785388703.445,2026-07-30T05:18:23.444899+00:00,recovery,35.1,873.63,99.0,3.0,972.0,1965.0,3996.0,67.0
1785388703.479,2026-07-30T05:18:23.479224+00:00,recovery,34.3,873.63,99.0,3.0,972.0,1965.0,3996.0,67.0
1785388703.521,2026-07-30T05:18:23.520619+00:00,recovery,41.4,873.32,100.0,3.0,972.0,1965.0,3996.0,67.0
1785388703.553,2026-07-30T05:18:23.553164+00:00,recovery,32.5,873.32,100.0,3.0,972.0,1965.0,3996.0,67.0
1785388703.587,2026-07-30T05:18:23.586599+00:00,recovery,33.4,873.32,100.0,3.0,972.0,1965.0,3996.0,67.0
1785388703.624,2026-07-30T05:18:23.624324+00:00,recovery,37.7,852.99,100.0,3.0,972.0,1965.0,3996.0,65.0
1785388703.658,2026-07-30T05:18:23.657767+00:00,recovery,33.4,852.99,100.0,3.0,972.0,1965.0,3996.0,65.0
1785388703.696,2026-07-30T05:18:23.695849+00:00,recovery,38.1,852.99,100.0,3.0,972.0,1965.0,3996.0,65.0
1785388703.732,2026-07-30T05:18:23.732450+00:00,recovery,36.6,852.76,64.0,2.0,972.0,1965.0,3996.0,67.0
1785388703.767,2026-07-30T05:18:23.767022+00:00,recovery,34.6,852.76,64.0,2.0,972.0,1965.0,3996.0,67.0
1785388703.807,2026-07-30T05:18:23.806788+00:00,recovery,39.8,852.76,64.0,2.0,972.0,1965.0,3996.0,67.0
1785388703.842,2026-07-30T05:18:23.841916+00:00,recovery,35.1,852.21,64.0,2.0,972.0,1965.0,3996.0,67.0
1785388703.878,2026-07-30T05:18:23.878411+00:00,recovery,36.5,852.21,64.0,2.0,972.0,1965.0,3996.0,67.0
1785388703.918,2026-07-30T05:18:23.918409+00:00,recovery,40.0,852.39,100.0,3.0,972.0,1965.0,3996.0,67.0
1785388703.952,2026-07-30T05:18:23.952145+00:00,recovery,33.7,852.39,100.0,3.0,972.0,1965.0,3996.0,67.0
1785388703.986,2026-07-30T05:18:23.986229+00:00,recovery,34.1,852.39,100.0,3.0,972.0,1965.0,3996.0,67.0
1785388704.025,2026-07-30T05:18:24.024760+00:00,recovery,38.5,852.13,100.0,3.0,972.0,1965.0,3996.0,67.0
1785388704.056,2026-07-30T05:18:24.056158+00:00,recovery,31.4,852.13,100.0,3.0,972.0,1965.0,3996.0,67.0
1785388704.092,2026-07-30T05:18:24.091521+00:00,recovery,35.4,852.13,100.0,3.0,972.0,1965.0,3996.0,67.0
1785388704.127,2026-07-30T05:18:24.126968+00:00,recovery,35.4,852.98,100.0,3.0,972.0,1965.0,3996.0,67.0
1785388704.165,2026-07-30T05:18:24.165426+00:00,recovery,38.5,852.98,100.0,3.0,972.0,1965.0,3996.0,67.0
1785388704.208,2026-07-30T05:18:24.208322+00:00,recovery,42.9,852.98,100.0,3.0,972.0,1965.0,3996.0,67.0
1785388704.243,2026-07-30T05:18:24.242585+00:00,recovery,34.3,852.12,100.0,3.0,972.0,1965.0,3996.0,67.0
1785388704.275,2026-07-30T05:18:24.275398+00:00,recovery,32.8,852.12,100.0,3.0,972.0,1965.0,3996.0,67.0
1785388704.315,2026-07-30T05:18:24.315348+00:00,recovery,39.9,852.56,99.0,3.0,972.0,1965.0,3996.0,67.0
1785388704.349,2026-07-30T05:18:24.348548+00:00,recovery,33.2,852.56,99.0,3.0,972.0,1965.0,3996.0,67.0
1785388704.387,2026-07-30T05:18:24.386824+00:00,recovery,38.3,852.56,99.0,3.0,972.0,1965.0,3996.0,67.0
1785388704.42,2026-07-30T05:18:24.420338+00:00,recovery,33.5,852.58,99.0,3.0,972.0,1965.0,3996.0,67.0
1785388704.454,2026-07-30T05:18:24.454031+00:00,recovery,33.7,852.58,99.0,3.0,972.0,1965.0,3996.0,67.0
1785388704.486,2026-07-30T05:18:24.486413+00:00,recovery,32.4,852.58,99.0,3.0,972.0,1965.0,3996.0,67.0
1785388704.522,2026-07-30T05:18:24.522406+00:00,recovery,36.0,852.42,99.0,3.0,972.0,1965.0,3996.0,67.0
1785388704.556,2026-07-30T05:18:24.556510+00:00,recovery,34.1,852.42,99.0,3.0,972.0,1965.0,3996.0,67.0
1785388704.588,2026-07-30T05:18:24.587943+00:00,recovery,31.4,852.42,99.0,3.0,972.0,1965.0,3996.0,67.0
1785388704.625,2026-07-30T05:18:24.624912+00:00,recovery,37.0,870.88,99.0,3.0,972.0,1965.0,3996.0,67.0
1785388704.66,2026-07-30T05:18:24.659771+00:00,recovery,34.9,870.88,99.0,3.0,972.0,1965.0,3996.0,67.0
1785388704.694,2026-07-30T05:18:24.693797+00:00,recovery,34.0,870.88,99.0,3.0,972.0,1965.0,3996.0,67.0
1785388704.73,2026-07-30T05:18:24.729759+00:00,recovery,36.0,872.35,96.0,3.0,972.0,1965.0,3996.0,67.0
1785388704.764,2026-07-30T05:18:24.763905+00:00,recovery,34.1,872.35,96.0,3.0,972.0,1965.0,3996.0,67.0
1785388704.799,2026-07-30T05:18:24.799041+00:00,recovery,35.1,872.35,96.0,3.0,972.0,1965.0,3996.0,67.0
1785388704.836,2026-07-30T05:18:24.836376+00:00,recovery,37.3,872.47,96.0,3.0,972.0,1965.0,3996.0,67.0
1785388704.869,2026-07-30T05:18:24.869286+00:00,recovery,32.9,872.47,96.0,3.0,972.0,1965.0,3996.0,67.0
1785388704.909,2026-07-30T05:18:24.909253+00:00,recovery,40.0,872.37,99.0,3.0,972.0,1965.0,3996.0,67.0
1785388704.944,2026-07-30T05:18:24.943918+00:00,recovery,34.7,872.37,99.0,3.0,972.0,1965.0,3996.0,67.0
1785388704.979,2026-07-30T05:18:24.978728+00:00,recovery,34.8,872.37,99.0,3.0,972.0,1965.0,3996.0,67.0
1785388705.017,2026-07-30T05:18:25.016559+00:00,recovery,37.8,872.87,99.0,3.0,972.0,1965.0,3996.0,67.0
1785388705.05,2026-07-30T05:18:25.049845+00:00,recovery,33.3,872.87,99.0,3.0,972.0,1965.0,3996.0,67.0
1785388705.084,2026-07-30T05:18:25.083891+00:00,recovery,34.1,872.87,99.0,3.0,972.0,1965.0,3996.0,67.0
1785388705.119,2026-07-30T05:18:25.118662+00:00,recovery,34.8,872.52,99.0,3.0,972.0,1965.0,3996.0,67.0
1785388705.153,2026-07-30T05:18:25.152673+00:00,recovery,34.0,872.52,99.0,3.0,972.0,1965.0,3996.0,67.0
1785388705.187,2026-07-30T05:18:25.186808+00:00,recovery,34.1,872.52,99.0,3.0,972.0,1965.0,3996.0,67.0
1785388705.226,2026-07-30T05:18:25.225933+00:00,recovery,39.1,873.09,99.0,3.0,972.0,1965.0,3996.0,67.0
1785388705.259,2026-07-30T05:18:25.258745+00:00,recovery,32.8,873.09,99.0,3.0,972.0,1965.0,3996.0,67.0
1785388705.293,2026-07-30T05:18:25.292703+00:00,recovery,34.0,873.09,99.0,3.0,972.0,1965.0,3996.0,67.0
1785388705.328,2026-07-30T05:18:25.328378+00:00,recovery,35.7,873.16,100.0,3.0,972.0,1965.0,3996.0,67.0
1785388705.362,2026-07-30T05:18:25.362364+00:00,recovery,34.0,873.16,100.0,3.0,972.0,1965.0,3996.0,67.0
1785388705.396,2026-07-30T05:18:25.395930+00:00,recovery,33.6,873.16,100.0,3.0,972.0,1965.0,3996.0,67.0
1785388705.432,2026-07-30T05:18:25.432022+00:00,recovery,36.1,873.15,100.0,3.0,972.0,1965.0,3996.0,67.0
1785388705.466,2026-07-30T05:18:25.465592+00:00,recovery,33.6,873.15,100.0,3.0,972.0,1965.0,3996.0,67.0
1785388705.501,2026-07-30T05:18:25.500623+00:00,recovery,35.0,873.15,100.0,3.0,972.0,1965.0,3996.0,67.0
1785388705.535,2026-07-30T05:18:25.534940+00:00,recovery,34.3,873.15,100.0,3.0,972.0,1965.0,3996.0,67.0
1785388705.568,2026-07-30T05:18:25.567880+00:00,recovery,32.9,873.15,100.0,3.0,972.0,1965.0,3996.0,67.0
1785388705.605,2026-07-30T05:18:25.605408+00:00,recovery,37.5,873.15,100.0,3.0,972.0,1965.0,3996.0,67.0
1785388705.64,2026-07-30T05:18:25.639809+00:00,recovery,34.4,875.31,100.0,3.0,972.0,1965.0,3996.0,67.0
1785388705.673,2026-07-30T05:18:25.672872+00:00,recovery,33.1,875.31,100.0,3.0,972.0,1965.0,3996.0,67.0
1785388705.713,2026-07-30T05:18:25.712620+00:00,recovery,39.7,875.53,98.0,3.0,972.0,1965.0,3996.0,67.0
1785388705.747,2026-07-30T05:18:25.746936+00:00,recovery,34.3,875.53,98.0,3.0,972.0,1965.0,3996.0,67.0
1785388705.781,2026-07-30T05:18:25.780709+00:00,recovery,33.8,875.53,98.0,3.0,972.0,1965.0,3996.0,67.0
1785388705.822,2026-07-30T05:18:25.822138+00:00,recovery,41.4,875.72,98.0,3.0,972.0,1965.0,3996.0,67.0
1785388705.856,2026-07-30T05:18:25.856296+00:00,recovery,34.2,875.72,98.0,3.0,972.0,1965.0,3996.0,67.0
1785388705.887,2026-07-30T05:18:25.887460+00:00,recovery,31.2,875.72,98.0,3.0,972.0,1965.0,3996.0,67.0
1785388705.925,2026-07-30T05:18:25.924798+00:00,recovery,37.3,875.82,99.0,3.0,972.0,1965.0,3996.0,67.0
1785388705.958,2026-07-30T05:18:25.958337+00:00,recovery,33.5,875.82,99.0,3.0,972.0,1965.0,3996.0,67.0
1785388705.993,2026-07-30T05:18:25.992518+00:00,recovery,34.2,875.82,99.0,3.0,972.0,1965.0,3996.0,67.0
1785388706.027,2026-07-30T05:18:26.026715+00:00,recovery,34.2,875.45,99.0,3.0,972.0,1965.0,3996.0,67.0
1785388706.06,2026-07-30T05:18:26.060449+00:00,recovery,33.7,875.45,99.0,3.0,972.0,1965.0,3996.0,67.0
1785388706.096,2026-07-30T05:18:26.096055+00:00,recovery,35.6,875.45,99.0,3.0,972.0,1965.0,3996.0,67.0
1785388706.131,2026-07-30T05:18:26.130662+00:00,recovery,34.6,875.45,99.0,3.0,972.0,1965.0,3996.0,67.0
1785388706.164,2026-07-30T05:18:26.163858+00:00,recovery,33.2,875.45,99.0,3.0,972.0,1965.0,3996.0,67.0
1785388706.204,2026-07-30T05:18:26.204520+00:00,recovery,40.7,875.45,99.0,3.0,972.0,1965.0,3996.0,67.0
1785388706.239,2026-07-30T05:18:26.238685+00:00,recovery,34.2,875.44,99.0,3.0,972.0,1965.0,3996.0,67.0
1785388706.273,2026-07-30T05:18:26.273153+00:00,recovery,34.5,875.44,99.0,3.0,972.0,1965.0,3996.0,67.0
1785388706.312,2026-07-30T05:18:26.311947+00:00,recovery,38.8,875.5,100.0,3.0,972.0,1965.0,3996.0,67.0
1785388706.347,2026-07-30T05:18:26.346890+00:00,recovery,34.9,875.5,100.0,3.0,972.0,1965.0,3996.0,67.0
1785388706.38,2026-07-30T05:18:26.380060+00:00,recovery,33.2,875.5,100.0,3.0,972.0,1965.0,3996.0,67.0
1785388706.422,2026-07-30T05:18:26.421571+00:00,recovery,41.5,875.17,100.0,3.0,972.0,1965.0,3996.0,67.0
1785388706.455,2026-07-30T05:18:26.455365+00:00,recovery,33.8,875.17,100.0,3.0,972.0,1965.0,3996.0,67.0
1785388706.489,2026-07-30T05:18:26.488584+00:00,recovery,33.2,875.17,100.0,3.0,972.0,1965.0,3996.0,67.0
1785388706.523,2026-07-30T05:18:26.523143+00:00,recovery,34.6,875.22,100.0,3.0,972.0,1965.0,3996.0,67.0
1785388706.556,2026-07-30T05:18:26.555918+00:00,recovery,32.8,875.22,100.0,3.0,972.0,1965.0,3996.0,67.0
1785388706.59,2026-07-30T05:18:26.589876+00:00,recovery,34.0,875.22,100.0,3.0,972.0,1965.0,3996.0,67.0
1785388706.624,2026-07-30T05:18:26.623848+00:00,recovery,34.0,837.68,100.0,3.0,972.0,1965.0,3996.0,60.0
1785388706.707,2026-07-30T05:18:26.707434+00:00,recovery,83.6,837.68,100.0,3.0,972.0,1965.0,3996.0,60.0
1785388706.764,2026-07-30T05:18:26.763576+00:00,recovery,56.1,780.91,0.0,0.0,972.0,1965.0,3996.0,59.0
1785388706.813,2026-07-30T05:18:26.812523+00:00,recovery,48.9,780.91,0.0,0.0,972.0,1965.0,3996.0,65.0
1785388706.904,2026-07-30T05:18:26.903522+00:00,recovery,91.0,780.56,0.0,0.0,972.0,1965.0,3996.0,65.0
1785388706.94,2026-07-30T05:18:26.940286+00:00,recovery,36.8,778.31,99.0,3.0,972.0,1965.0,3996.0,66.0
1785388706.98,2026-07-30T05:18:26.980236+00:00,recovery,40.0,778.31,99.0,3.0,972.0,1965.0,3996.0,66.0
1785388707.019,2026-07-30T05:18:27.018619+00:00,recovery,38.4,780.1,99.0,3.0,972.0,1965.0,3996.0,66.0
1785388707.052,2026-07-30T05:18:27.052107+00:00,recovery,33.5,780.1,99.0,3.0,972.0,1965.0,3996.0,66.0
1785388707.088,2026-07-30T05:18:27.088236+00:00,recovery,36.1,780.1,99.0,3.0,972.0,1965.0,3996.0,66.0
1785388707.126,2026-07-30T05:18:27.126253+00:00,recovery,38.0,778.0,99.0,3.0,972.0,1965.0,3996.0,66.0
1785388707.159,2026-07-30T05:18:27.159301+00:00,recovery,33.1,778.0,99.0,3.0,972.0,1965.0,3996.0,66.0
1785388707.196,2026-07-30T05:18:27.195721+00:00,recovery,36.4,778.0,99.0,3.0,972.0,1965.0,3996.0,66.0
1785388707.233,2026-07-30T05:18:27.233092+00:00,recovery,37.4,777.79,99.0,3.0,972.0,1965.0,3996.0,67.0
1785388707.268,2026-07-30T05:18:27.267577+00:00,recovery,34.5,777.79,99.0,3.0,972.0,1965.0,3996.0,67.0
1785388707.309,2026-07-30T05:18:27.309497+00:00,recovery,41.9,777.79,99.0,3.0,972.0,1965.0,3996.0,67.0
1785388707.346,2026-07-30T05:18:27.345828+00:00,recovery,36.3,779.56,99.0,3.0,972.0,1965.0,3996.0,67.0
1785388707.382,2026-07-30T05:18:27.381766+00:00,recovery,35.9,779.56,99.0,3.0,972.0,1965.0,3996.0,67.0
1785388707.422,2026-07-30T05:18:27.421612+00:00,recovery,39.8,779.29,99.0,3.0,972.0,1965.0,3996.0,67.0
1785388707.456,2026-07-30T05:18:27.455699+00:00,recovery,34.1,779.29,99.0,3.0,972.0,1965.0,3996.0,67.0
1785388707.49,2026-07-30T05:18:27.489982+00:00,recovery,34.3,779.29,99.0,3.0,972.0,1965.0,3996.0,67.0
1785388707.527,2026-07-30T05:18:27.526627+00:00,recovery,36.7,779.12,99.0,3.0,972.0,1965.0,3996.0,67.0
1785388707.562,2026-07-30T05:18:27.561938+00:00,recovery,35.3,779.12,99.0,3.0,972.0,1965.0,3996.0,67.0
1785388707.598,2026-07-30T05:18:27.598047+00:00,recovery,36.1,779.12,99.0,3.0,972.0,1965.0,3996.0,67.0
1785388707.634,2026-07-30T05:18:27.634413+00:00,recovery,36.4,815.12,99.0,3.0,972.0,1965.0,3996.0,67.0
1785388707.668,2026-07-30T05:18:27.668247+00:00,recovery,33.8,815.12,99.0,3.0,972.0,1965.0,3996.0,67.0
1785388707.765,2026-07-30T05:18:27.764765+00:00,recovery,96.5,815.12,95.0,3.0,972.0,1965.0,3996.0,67.0
1785388707.919,2026-07-30T05:18:27.918897+00:00,recovery,154.1,872.69,99.0,3.0,972.0,1965.0,3996.0,67.0
1785388707.966,2026-07-30T05:18:27.965939+00:00,recovery,47.0,872.54,99.0,3.0,972.0,1965.0,3996.0,67.0
1785388708.046,2026-07-30T05:18:28.046335+00:00,recovery,80.4,872.55,99.0,3.0,972.0,1965.0,3996.0,67.0
1785388708.081,2026-07-30T05:18:28.081251+00:00,recovery,34.9,872.55,99.0,3.0,972.0,1965.0,3996.0,67.0
1785388708.122,2026-07-30T05:18:28.121844+00:00,recovery,40.6,872.38,99.0,3.0,972.0,1965.0,3996.0,67.0
1785388708.156,2026-07-30T05:18:28.156083+00:00,recovery,34.2,872.38,99.0,3.0,972.0,1965.0,3996.0,67.0
1785388708.19,2026-07-30T05:18:28.190372+00:00,recovery,34.3,872.38,99.0,3.0,972.0,1965.0,3996.0,67.0
1785388708.227,2026-07-30T05:18:28.227335+00:00,recovery,37.0,872.53,99.0,3.0,972.0,1965.0,3996.0,67.0
1785388708.261,2026-07-30T05:18:28.260941+00:00,recovery,33.6,872.53,99.0,3.0,972.0,1965.0,3996.0,67.0
1785388708.295,2026-07-30T05:18:28.295211+00:00,recovery,34.3,872.53,99.0,3.0,972.0,1965.0,3996.0,67.0
1785388708.33,2026-07-30T05:18:28.329636+00:00,recovery,34.4,872.47,99.0,3.0,972.0,1965.0,3996.0,67.0
1785388708.363,2026-07-30T05:18:28.363201+00:00,recovery,33.6,872.47,99.0,3.0,972.0,1965.0,3996.0,67.0
1785388708.399,2026-07-30T05:18:28.398810+00:00,recovery,35.6,872.47,99.0,3.0,972.0,1965.0,3996.0,67.0
1785388708.433,2026-07-30T05:18:28.433203+00:00,recovery,34.4,872.47,99.0,3.0,972.0,1965.0,3996.0,67.0
1785388708.467,2026-07-30T05:18:28.466647+00:00,recovery,33.4,872.47,99.0,3.0,972.0,1965.0,3996.0,67.0
1785388708.507,2026-07-30T05:18:28.506672+00:00,recovery,40.0,872.47,99.0,3.0,972.0,1965.0,3996.0,67.0
1785388708.54,2026-07-30T05:18:28.540031+00:00,recovery,33.4,872.3,99.0,3.0,972.0,1965.0,3996.0,67.0
1785388708.574,2026-07-30T05:18:28.574436+00:00,recovery,34.4,872.3,99.0,3.0,972.0,1965.0,3996.0,67.0
1785388708.613,2026-07-30T05:18:28.612896+00:00,recovery,38.5,868.93,99.0,3.0,972.0,1965.0,3996.0,67.0
1785388708.647,2026-07-30T05:18:28.647178+00:00,recovery,34.3,868.93,99.0,3.0,972.0,1965.0,3996.0,67.0
1785388708.681,2026-07-30T05:18:28.681138+00:00,recovery,34.0,868.93,99.0,3.0,972.0,1965.0,3996.0,67.0
1785388708.722,2026-07-30T05:18:28.722350+00:00,recovery,41.2,869.03,92.0,3.0,972.0,1965.0,3996.0,67.0
1785388708.756,2026-07-30T05:18:28.756009+00:00,recovery,33.7,869.03,92.0,3.0,972.0,1965.0,3996.0,67.0
1785388708.792,2026-07-30T05:18:28.791670+00:00,recovery,35.7,869.03,92.0,3.0,972.0,1965.0,3996.0,67.0
1785388708.828,2026-07-30T05:18:28.828080+00:00,recovery,36.4,869.06,92.0,3.0,972.0,1965.0,3996.0,67.0
1785388708.863,2026-07-30T05:18:28.862642+00:00,recovery,34.6,869.06,92.0,3.0,972.0,1965.0,3996.0,67.0
1785388708.901,2026-07-30T05:18:28.901076+00:00,recovery,38.4,869.06,92.0,3.0,972.0,1965.0,3996.0,67.0
1785388708.937,2026-07-30T05:18:28.936650+00:00,recovery,35.6,869.1,99.0,3.0,972.0,1965.0,3996.0,67.0
1785388708.971,2026-07-30T05:18:28.970538+00:00,recovery,33.9,869.1,99.0,3.0,972.0,1965.0,3996.0,67.0
1785388709.009,2026-07-30T05:18:29.008532+00:00,recovery,38.0,869.1,99.0,3.0,972.0,1965.0,3996.0,67.0
1785388709.042,2026-07-30T05:18:29.041807+00:00,recovery,33.3,868.86,99.0,3.0,972.0,1965.0,3996.0,67.0
1785388709.076,2026-07-30T05:18:29.076018+00:00,recovery,34.2,868.86,99.0,3.0,972.0,1965.0,3996.0,67.0
1785388709.116,2026-07-30T05:18:29.115912+00:00,recovery,39.9,868.76,99.0,3.0,972.0,1965.0,3996.0,67.0
1785388709.15,2026-07-30T05:18:29.149792+00:00,recovery,33.9,868.76,99.0,3.0,972.0,1965.0,3996.0,67.0
1785388709.184,2026-07-30T05:18:29.183579+00:00,recovery,33.8,868.76,99.0,3.0,972.0,1965.0,3996.0,67.0
1785388709.222,2026-07-30T05:18:29.221529+00:00,recovery,38.0,868.85,99.0,3.0,972.0,1965.0,3996.0,67.0
1785388709.256,2026-07-30T05:18:29.256242+00:00,recovery,34.7,868.85,99.0,3.0,972.0,1965.0,3996.0,67.0
1785388709.291,2026-07-30T05:18:29.291222+00:00,recovery,35.0,868.85,99.0,3.0,972.0,1965.0,3996.0,67.0
1785388709.328,2026-07-30T05:18:29.328448+00:00,recovery,37.2,868.52,99.0,3.0,972.0,1965.0,3996.0,67.0
1785388709.364,2026-07-30T05:18:29.363739+00:00,recovery,35.3,868.52,99.0,3.0,972.0,1965.0,3996.0,67.0
1785388709.399,2026-07-30T05:18:29.399438+00:00,recovery,35.7,868.52,99.0,3.0,972.0,1965.0,3996.0,67.0
1785388709.435,2026-07-30T05:18:29.434982+00:00,recovery,35.5,868.44,99.0,3.0,972.0,1965.0,3996.0,67.0
1785388709.468,2026-07-30T05:18:29.467875+00:00,recovery,32.9,868.44,99.0,3.0,972.0,1965.0,3996.0,67.0
1785388709.51,2026-07-30T05:18:29.509694+00:00,recovery,41.8,868.44,100.0,3.0,972.0,1965.0,3996.0,67.0
1785388709.546,2026-07-30T05:18:29.546431+00:00,recovery,36.7,869.14,100.0,3.0,972.0,1965.0,3996.0,67.0
1785388709.582,2026-07-30T05:18:29.581759+00:00,recovery,35.3,869.14,100.0,3.0,972.0,1965.0,3996.0,67.0
1785388709.62,2026-07-30T05:18:29.619560+00:00,recovery,37.8,868.39,100.0,3.0,972.0,1965.0,3996.0,67.0
1785388709.653,2026-07-30T05:18:29.653301+00:00,recovery,33.7,868.39,100.0,3.0,972.0,1965.0,3996.0,67.0
1785388709.69,2026-07-30T05:18:29.690144+00:00,recovery,36.8,868.39,100.0,3.0,972.0,1965.0,3996.0,67.0
1785388709.726,2026-07-30T05:18:29.725879+00:00,recovery,35.7,868.62,89.0,3.0,972.0,1965.0,3996.0,67.0
1785388709.759,2026-07-30T05:18:29.759441+00:00,recovery,33.6,868.62,89.0,3.0,972.0,1965.0,3996.0,67.0
1785388709.79,2026-07-30T05:18:29.790505+00:00,recovery,31.1,868.62,89.0,3.0,972.0,1965.0,3996.0,67.0
1785388709.827,2026-07-30T05:18:29.827155+00:00,recovery,36.7,869.03,89.0,3.0,972.0,1965.0,3996.0,67.0
1785388710.016,2026-07-30T05:18:30.015916+00:00,recovery,188.8,869.81,99.0,3.0,972.0,1965.0,3996.0,67.0
1785388710.05,2026-07-30T05:18:30.050233+00:00,recovery,34.3,869.81,99.0,3.0,972.0,1965.0,3996.0,67.0
1785388710.083,2026-07-30T05:18:30.082822+00:00,recovery,32.6,869.81,99.0,3.0,972.0,1965.0,3996.0,67.0
1785388710.122,2026-07-30T05:18:30.121665+00:00,recovery,38.8,869.88,100.0,3.0,972.0,1965.0,3996.0,67.0
1785388710.158,2026-07-30T05:18:30.157751+00:00,recovery,36.1,869.88,100.0,3.0,972.0,1965.0,3996.0,67.0
1785388710.195,2026-07-30T05:18:30.195407+00:00,recovery,37.7,869.88,100.0,3.0,972.0,1965.0,3996.0,67.0
1785388710.232,2026-07-30T05:18:30.232518+00:00,recovery,37.1,870.51,100.0,3.0,972.0,1965.0,3996.0,67.0
1785388710.266,2026-07-30T05:18:30.266095+00:00,recovery,33.6,870.51,100.0,3.0,972.0,1965.0,3996.0,67.0
1785388710.301,2026-07-30T05:18:30.300650+00:00,recovery,34.6,870.51,100.0,3.0,972.0,1965.0,3996.0,67.0
1785388710.337,2026-07-30T05:18:30.337476+00:00,recovery,36.8,870.55,99.0,3.0,972.0,1965.0,3996.0,67.0
1785388710.371,2026-07-30T05:18:30.371087+00:00,recovery,33.6,870.55,99.0,3.0,972.0,1965.0,3996.0,67.0
1785388710.41,2026-07-30T05:18:30.410175+00:00,recovery,39.1,870.55,99.0,3.0,972.0,1965.0,3996.0,67.0
1785388710.445,2026-07-30T05:18:30.444924+00:00,recovery,34.8,870.61,99.0,3.0,972.0,1965.0,3996.0,67.0
1785388710.478,2026-07-30T05:18:30.478488+00:00,recovery,33.6,870.61,99.0,3.0,972.0,1965.0,3996.0,67.0
1785388710.52,2026-07-30T05:18:30.519840+00:00,recovery,41.4,870.47,100.0,3.0,972.0,1965.0,3996.0,67.0
1785388710.554,2026-07-30T05:18:30.553901+00:00,recovery,34.1,870.47,100.0,3.0,972.0,1965.0,3996.0,67.0
1785388710.593,2026-07-30T05:18:30.592933+00:00,recovery,39.0,870.47,100.0,3.0,972.0,1965.0,3996.0,67.0
1785388710.626,2026-07-30T05:18:30.625876+00:00,recovery,32.9,870.56,100.0,3.0,972.0,1965.0,3996.0,67.0
1785388710.661,2026-07-30T05:18:30.661327+00:00,recovery,35.5,870.56,100.0,3.0,972.0,1965.0,3996.0,67.0
1785388710.703,2026-07-30T05:18:30.702599+00:00,recovery,41.3,870.56,100.0,3.0,972.0,1965.0,3996.0,67.0
1785388710.737,2026-07-30T05:18:30.736563+00:00,recovery,34.0,870.66,86.0,3.0,972.0,1965.0,3996.0,67.0
1785388710.771,2026-07-30T05:18:30.771041+00:00,recovery,34.5,870.66,86.0,3.0,972.0,1965.0,3996.0,67.0
1785388710.808,2026-07-30T05:18:30.808284+00:00,recovery,37.2,870.66,86.0,3.0,972.0,1965.0,3996.0,67.0
1785388710.843,2026-07-30T05:18:30.843393+00:00,recovery,35.1,870.1,86.0,3.0,972.0,1965.0,3996.0,67.0
1785388710.877,2026-07-30T05:18:30.876874+00:00,recovery,33.5,870.1,86.0,3.0,972.0,1965.0,3996.0,67.0
1785388710.919,2026-07-30T05:18:30.918944+00:00,recovery,42.1,870.36,100.0,3.0,972.0,1965.0,3996.0,67.0
1785388710.953,2026-07-30T05:18:30.952578+00:00,recovery,33.6,870.36,100.0,3.0,972.0,1965.0,3996.0,67.0
1785388710.987,2026-07-30T05:18:30.986929+00:00,recovery,34.3,870.36,100.0,3.0,972.0,1965.0,3996.0,67.0
1785388711.024,2026-07-30T05:18:31.023881+00:00,recovery,37.0,870.33,100.0,3.0,972.0,1965.0,3996.0,67.0
1785388711.058,2026-07-30T05:18:31.057605+00:00,recovery,33.7,870.33,100.0,3.0,972.0,1965.0,3996.0,67.0
1785388711.091,2026-07-30T05:18:31.090960+00:00,recovery,33.4,870.33,100.0,3.0,972.0,1965.0,3996.0,67.0
1785388711.126,2026-07-30T05:18:31.126342+00:00,recovery,35.4,870.27,99.0,3.0,972.0,1965.0,3996.0,67.0
1785388711.16,2026-07-30T05:18:31.159785+00:00,recovery,33.4,870.27,99.0,3.0,972.0,1965.0,3996.0,67.0
1785388711.192,2026-07-30T05:18:31.192275+00:00,recovery,32.5,870.27,99.0,3.0,972.0,1965.0,3996.0,67.0
1785388711.226,2026-07-30T05:18:31.226450+00:00,recovery,34.2,870.34,99.0,3.0,972.0,1965.0,3996.0,67.0
1785388711.261,2026-07-30T05:18:31.260690+00:00,recovery,34.2,870.34,99.0,3.0,972.0,1965.0,3996.0,67.0
1785388711.293,2026-07-30T05:18:31.292643+00:00,recovery,32.0,870.34,99.0,3.0,972.0,1965.0,3996.0,67.0
1785388711.327,2026-07-30T05:18:31.327276+00:00,recovery,34.6,870.26,100.0,3.0,972.0,1965.0,3996.0,67.0
1785388711.361,2026-07-30T05:18:31.360750+00:00,recovery,33.5,870.26,100.0,3.0,972.0,1965.0,3996.0,67.0
1785388711.395,2026-07-30T05:18:31.395244+00:00,recovery,34.5,870.26,100.0,3.0,972.0,1965.0,3996.0,67.0
1785388711.428,2026-07-30T05:18:31.427959+00:00,recovery,32.7,870.55,100.0,3.0,972.0,1965.0,3996.0,67.0
1785388711.462,2026-07-30T05:18:31.462071+00:00,recovery,34.1,870.55,100.0,3.0,972.0,1965.0,3996.0,67.0
1785388711.495,2026-07-30T05:18:31.495236+00:00,recovery,33.2,870.55,100.0,3.0,972.0,1965.0,3996.0,67.0
1785388711.527,2026-07-30T05:18:31.526797+00:00,recovery,31.6,870.53,99.0,3.0,972.0,1965.0,3996.0,67.0
1785388711.559,2026-07-30T05:18:31.559326+00:00,recovery,32.5,870.53,99.0,3.0,972.0,1965.0,3996.0,67.0
1785388711.596,2026-07-30T05:18:31.595605+00:00,recovery,36.3,870.53,99.0,3.0,972.0,1965.0,3996.0,67.0
1785388711.63,2026-07-30T05:18:31.630413+00:00,recovery,34.8,839.87,99.0,3.0,972.0,1965.0,3996.0,60.0
1785388711.664,2026-07-30T05:18:31.664188+00:00,recovery,33.8,839.87,99.0,3.0,972.0,1965.0,3996.0,60.0
1785388711.7,2026-07-30T05:18:31.699609+00:00,recovery,35.4,839.87,99.0,3.0,972.0,1965.0,3996.0,60.0
1785388711.735,2026-07-30T05:18:31.735221+00:00,recovery,35.6,792.95,3.0,0.0,972.0,1965.0,3996.0,63.0
1785388711.768,2026-07-30T05:18:31.768477+00:00,recovery,33.3,792.95,3.0,0.0,972.0,1965.0,3996.0,63.0
1785388711.813,2026-07-30T05:18:31.812694+00:00,recovery,44.2,792.95,3.0,0.0,972.0,1965.0,3996.0,65.0
1785388711.849,2026-07-30T05:18:31.848546+00:00,recovery,35.9,792.3,3.0,0.0,972.0,1965.0,3996.0,65.0
1785388711.883,2026-07-30T05:18:31.883423+00:00,recovery,34.9,792.3,3.0,0.0,972.0,1965.0,3996.0,65.0
1785388711.925,2026-07-30T05:18:31.925214+00:00,recovery,41.8,793.35,99.0,3.0,972.0,1965.0,3996.0,66.0
1785388712.048,2026-07-30T05:18:32.047686+00:00,recovery,122.5,793.35,99.0,3.0,972.0,1965.0,3996.0,66.0
1785388712.094,2026-07-30T05:18:32.093769+00:00,recovery,46.1,791.43,99.0,3.0,972.0,1965.0,3996.0,66.0
1785388712.184,2026-07-30T05:18:32.184298+00:00,recovery,90.5,792.85,99.0,3.0,972.0,1965.0,3996.0,66.0
1785388712.226,2026-07-30T05:18:32.226501+00:00,recovery,42.2,791.13,99.0,3.0,972.0,1965.0,3996.0,67.0
1785388712.266,2026-07-30T05:18:32.265584+00:00,recovery,39.1,791.13,99.0,3.0,972.0,1965.0,3996.0,67.0
1785388712.305,2026-07-30T05:18:32.305483+00:00,recovery,39.9,791.13,99.0,3.0,972.0,1965.0,3996.0,67.0
1785388712.339,2026-07-30T05:18:32.339410+00:00,recovery,33.9,791.16,99.0,3.0,972.0,1965.0,3996.0,67.0
1785388712.374,2026-07-30T05:18:32.373980+00:00,recovery,34.6,791.16,99.0,3.0,972.0,1965.0,3996.0,67.0
1785388712.415,2026-07-30T05:18:32.415065+00:00,recovery,41.1,791.08,99.0,3.0,972.0,1965.0,3996.0,67.0
1785388712.449,2026-07-30T05:18:32.448536+00:00,recovery,33.5,791.08,99.0,3.0,972.0,1965.0,3996.0,67.0
1785388712.484,2026-07-30T05:18:32.483907+00:00,recovery,35.4,791.08,99.0,3.0,972.0,1965.0,3996.0,67.0
1785388712.524,2026-07-30T05:18:32.524504+00:00,recovery,40.6,792.57,99.0,3.0,972.0,1965.0,3996.0,67.0
1785388712.558,2026-07-30T05:18:32.558043+00:00,recovery,33.5,792.57,99.0,3.0,972.0,1965.0,3996.0,67.0
1785388712.593,2026-07-30T05:18:32.593338+00:00,recovery,35.3,792.57,99.0,3.0,972.0,1965.0,3996.0,67.0
1785388712.629,2026-07-30T05:18:32.629473+00:00,recovery,36.1,813.6,99.0,3.0,972.0,1965.0,3996.0,67.0
1785388712.664,2026-07-30T05:18:32.663794+00:00,recovery,34.3,813.6,99.0,3.0,972.0,1965.0,3996.0,67.0
1785388712.703,2026-07-30T05:18:32.702747+00:00,recovery,39.0,813.6,99.0,3.0,972.0,1965.0,3996.0,67.0
1785388712.742,2026-07-30T05:18:32.742444+00:00,recovery,39.7,870.21,96.0,3.0,972.0,1965.0,3996.0,67.0
1785388712.777,2026-07-30T05:18:32.776810+00:00,recovery,34.4,870.21,96.0,3.0,972.0,1965.0,3996.0,67.0
1785388712.819,2026-07-30T05:18:32.819332+00:00,recovery,42.5,873.18,96.0,3.0,972.0,1965.0,3996.0,67.0
1785388712.853,2026-07-30T05:18:32.853284+00:00,recovery,34.0,873.18,96.0,3.0,972.0,1965.0,3996.0,67.0
1785388712.89,2026-07-30T05:18:32.890204+00:00,recovery,36.9,873.18,96.0,3.0,972.0,1965.0,3996.0,67.0
1785388712.928,2026-07-30T05:18:32.927952+00:00,recovery,37.8,873.32,99.0,3.0,972.0,1965.0,3996.0,67.0
1785388712.962,2026-07-30T05:18:32.961922+00:00,recovery,34.0,873.32,99.0,3.0,972.0,1965.0,3996.0,67.0
1785388712.993,2026-07-30T05:18:32.992704+00:00,recovery,30.8,873.32,99.0,3.0,972.0,1965.0,3996.0,67.0
1785388713.028,2026-07-30T05:18:33.027677+00:00,recovery,35.0,873.44,99.0,3.0,972.0,1965.0,3996.0,67.0
1785388713.062,2026-07-30T05:18:33.062282+00:00,recovery,34.6,873.44,99.0,3.0,972.0,1965.0,3996.0,67.0
1785388713.098,2026-07-30T05:18:33.097901+00:00,recovery,35.6,873.44,99.0,3.0,972.0,1965.0,3996.0,67.0
1785388713.217,2026-07-30T05:18:33.216965+00:00,recovery,119.1,873.84,100.0,3.0,972.0,1965.0,3996.0,67.0
1785388713.349,2026-07-30T05:18:33.349197+00:00,recovery,132.2,873.85,99.0,3.0,972.0,1965.0,3996.0,67.0
1785388713.411,2026-07-30T05:18:33.411117+00:00,recovery,61.9,873.85,99.0,3.0,972.0,1965.0,3996.0,67.0
1785388713.477,2026-07-30T05:18:33.476729+00:00,recovery,65.6,873.96,99.0,3.0,972.0,1965.0,3996.0,67.0
1785388713.519,2026-07-30T05:18:33.519348+00:00,recovery,42.6,873.97,99.0,3.0,972.0,1965.0,3996.0,67.0
1785388713.555,2026-07-30T05:18:33.554570+00:00,recovery,35.2,873.97,99.0,3.0,972.0,1965.0,3996.0,67.0
1785388713.588,2026-07-30T05:18:33.588398+00:00,recovery,33.8,873.97,99.0,3.0,972.0,1965.0,3996.0,67.0
1785388713.624,2026-07-30T05:18:33.624455+00:00,recovery,36.1,873.97,99.0,3.0,972.0,1965.0,3996.0,67.0
1785388713.658,2026-07-30T05:18:33.658184+00:00,recovery,33.7,873.97,99.0,3.0,972.0,1965.0,3996.0,67.0
1785388713.697,2026-07-30T05:18:33.697316+00:00,recovery,39.1,873.97,99.0,3.0,972.0,1965.0,3996.0,67.0
1785388713.732,2026-07-30T05:18:33.732014+00:00,recovery,34.7,874.23,94.0,3.0,972.0,1965.0,3996.0,67.0
1785388713.765,2026-07-30T05:18:33.765418+00:00,recovery,33.4,874.23,94.0,3.0,972.0,1965.0,3996.0,67.0
1785388713.807,2026-07-30T05:18:33.807137+00:00,recovery,41.7,874.23,94.0,3.0,972.0,1965.0,3996.0,67.0
1785388713.842,2026-07-30T05:18:33.842311+00:00,recovery,35.2,874.32,94.0,3.0,972.0,1965.0,3996.0,67.0
1785388713.877,2026-07-30T05:18:33.877465+00:00,recovery,35.2,874.32,94.0,3.0,972.0,1965.0,3996.0,67.0
1785388713.92,2026-07-30T05:18:33.920451+00:00,recovery,43.0,874.35,99.0,3.0,972.0,1965.0,3996.0,67.0
1785388713.954,2026-07-30T05:18:33.953833+00:00,recovery,33.4,874.35,99.0,3.0,972.0,1965.0,3996.0,67.0
1785388713.987,2026-07-30T05:18:33.987205+00:00,recovery,33.4,874.35,99.0,3.0,972.0,1965.0,3996.0,67.0
1785388714.023,2026-07-30T05:18:34.023146+00:00,recovery,35.9,874.35,99.0,3.0,972.0,1965.0,3996.0,67.0
1785388714.057,2026-07-30T05:18:34.057109+00:00,recovery,34.0,874.35,99.0,3.0,972.0,1965.0,3996.0,67.0
1785388714.088,2026-07-30T05:18:34.088320+00:00,recovery,31.2,874.35,99.0,3.0,972.0,1965.0,3996.0,67.0
1785388714.124,2026-07-30T05:18:34.123556+00:00,recovery,35.2,874.15,99.0,3.0,972.0,1965.0,3996.0,67.0
1785388714.157,2026-07-30T05:18:34.157096+00:00,recovery,33.5,874.15,99.0,3.0,972.0,1965.0,3996.0,67.0
1785388714.193,2026-07-30T05:18:34.193260+00:00,recovery,36.2,874.15,99.0,3.0,972.0,1965.0,3996.0,67.0
1785388714.227,2026-07-30T05:18:34.227203+00:00,recovery,33.9,874.44,99.0,3.0,972.0,1965.0,3996.0,67.0
1785388714.261,2026-07-30T05:18:34.260826+00:00,recovery,33.6,874.44,99.0,3.0,972.0,1965.0,3996.0,67.0
1785388714.293,2026-07-30T05:18:34.293163+00:00,recovery,32.3,874.44,99.0,3.0,972.0,1965.0,3996.0,67.0
1785388714.326,2026-07-30T05:18:34.326378+00:00,recovery,33.2,874.54,100.0,3.0,972.0,1965.0,3996.0,67.0
1785388714.358,2026-07-30T05:18:34.358213+00:00,recovery,31.8,874.54,100.0,3.0,972.0,1965.0,3996.0,67.0
1785388714.39,2026-07-30T05:18:34.389568+00:00,recovery,31.4,874.54,100.0,3.0,972.0,1965.0,3996.0,67.0
1785388714.424,2026-07-30T05:18:34.424107+00:00,recovery,34.5,874.46,100.0,3.0,972.0,1965.0,3996.0,67.0
1785388714.457,2026-07-30T05:18:34.456818+00:00,recovery,32.7,874.46,100.0,3.0,972.0,1965.0,3996.0,67.0
1785388714.488,2026-07-30T05:18:34.488497+00:00,recovery,31.7,874.46,100.0,3.0,972.0,1965.0,3996.0,67.0
1785388714.525,2026-07-30T05:18:34.524768+00:00,recovery,36.3,874.49,99.0,3.0,972.0,1965.0,3996.0,67.0
1785388714.558,2026-07-30T05:18:34.557831+00:00,recovery,33.1,874.49,99.0,3.0,972.0,1965.0,3996.0,67.0
1785388714.593,2026-07-30T05:18:34.593429+00:00,recovery,35.6,874.49,99.0,3.0,972.0,1965.0,3996.0,67.0
1785388714.628,2026-07-30T05:18:34.628129+00:00,recovery,34.7,842.38,99.0,3.0,972.0,1965.0,3996.0,60.0
1785388714.663,2026-07-30T05:18:34.663157+00:00,recovery,35.0,842.38,99.0,3.0,972.0,1965.0,3996.0,60.0
1785388714.696,2026-07-30T05:18:34.695523+00:00,recovery,32.4,842.38,99.0,3.0,972.0,1965.0,3996.0,60.0
1785388714.733,2026-07-30T05:18:34.732668+00:00,recovery,37.1,824.31,9.0,0.0,972.0,1965.0,3996.0,65.0
1785388714.767,2026-07-30T05:18:34.767444+00:00,recovery,34.8,824.31,9.0,0.0,972.0,1965.0,3996.0,65.0
1785388714.806,2026-07-30T05:18:34.806269+00:00,recovery,38.8,824.31,9.0,0.0,972.0,1965.0,3996.0,66.0
1785388714.841,2026-07-30T05:18:34.841482+00:00,recovery,35.2,823.16,9.0,0.0,972.0,1965.0,3996.0,66.0
1785388714.876,2026-07-30T05:18:34.876001+00:00,recovery,34.5,823.16,9.0,0.0,972.0,1965.0,3996.0,66.0
1785388714.92,2026-07-30T05:18:34.919589+00:00,recovery,43.6,823.87,99.0,3.0,972.0,1965.0,3996.0,66.0
1785388714.953,2026-07-30T05:18:34.953371+00:00,recovery,33.8,823.87,99.0,3.0,972.0,1965.0,3996.0,66.0
1785388714.988,2026-07-30T05:18:34.988382+00:00,recovery,35.0,823.87,99.0,3.0,972.0,1965.0,3996.0,66.0
1785388715.024,2026-07-30T05:18:35.024325+00:00,recovery,35.9,822.73,99.0,3.0,972.0,1965.0,3996.0,67.0
1785388715.058,2026-07-30T05:18:35.058039+00:00,recovery,33.7,822.73,99.0,3.0,972.0,1965.0,3996.0,67.0
1785388715.096,2026-07-30T05:18:35.095926+00:00,recovery,37.9,822.73,99.0,3.0,972.0,1965.0,3996.0,67.0
1785388715.13,2026-07-30T05:18:35.130037+00:00,recovery,34.1,822.72,99.0,3.0,972.0,1965.0,3996.0,67.0
1785388715.164,2026-07-30T05:18:35.163740+00:00,recovery,33.7,822.72,99.0,3.0,972.0,1965.0,3996.0,67.0
1785388715.197,2026-07-30T05:18:35.196744+00:00,recovery,33.0,822.72,99.0,3.0,972.0,1965.0,3996.0,67.0
1785388715.227,2026-07-30T05:18:35.227492+00:00,recovery,30.7,822.36,99.0,3.0,972.0,1965.0,3996.0,67.0
1785388715.261,2026-07-30T05:18:35.260771+00:00,recovery,33.3,822.36,99.0,3.0,972.0,1965.0,3996.0,67.0
1785388715.296,2026-07-30T05:18:35.295713+00:00,recovery,34.9,822.36,99.0,3.0,972.0,1965.0,3996.0,67.0
1785388715.329,2026-07-30T05:18:35.329100+00:00,recovery,33.4,822.35,99.0,3.0,972.0,1965.0,3996.0,67.0
1785388715.362,2026-07-30T05:18:35.361976+00:00,recovery,32.9,822.35,99.0,3.0,972.0,1965.0,3996.0,67.0
1785388715.395,2026-07-30T05:18:35.395394+00:00,recovery,33.4,822.35,99.0,3.0,972.0,1965.0,3996.0,67.0
1785388715.432,2026-07-30T05:18:35.431869+00:00,recovery,36.5,822.44,99.0,3.0,972.0,1965.0,3996.0,67.0
1785388715.466,2026-07-30T05:18:35.466176+00:00,recovery,34.3,822.44,99.0,3.0,972.0,1965.0,3996.0,67.0
1785388715.504,2026-07-30T05:18:35.503711+00:00,recovery,37.5,822.44,99.0,3.0,972.0,1965.0,3996.0,67.0
1785388715.537,2026-07-30T05:18:35.537446+00:00,recovery,33.7,823.53,99.0,3.0,972.0,1965.0,3996.0,67.0
1785388715.57,2026-07-30T05:18:35.570058+00:00,recovery,32.6,823.53,99.0,3.0,972.0,1965.0,3996.0,67.0
1785388715.606,2026-07-30T05:18:35.605728+00:00,recovery,35.7,823.53,99.0,3.0,972.0,1965.0,3996.0,66.0
1785388715.639,2026-07-30T05:18:35.639127+00:00,recovery,33.4,829.93,99.0,3.0,972.0,1965.0,3996.0,66.0
1785388715.67,2026-07-30T05:18:35.670148+00:00,recovery,31.0,829.93,99.0,3.0,972.0,1965.0,3996.0,66.0
1785388715.706,2026-07-30T05:18:35.706393+00:00,recovery,36.2,829.93,99.0,3.0,972.0,1965.0,3996.0,66.0
1785388715.741,2026-07-30T05:18:35.741312+00:00,recovery,34.9,860.81,72.0,2.0,972.0,1965.0,3996.0,66.0
1785388715.774,2026-07-30T05:18:35.774491+00:00,recovery,33.2,860.81,72.0,2.0,972.0,1965.0,3996.0,66.0
1785388715.817,2026-07-30T05:18:35.816767+00:00,recovery,42.3,861.12,72.0,2.0,972.0,1965.0,3996.0,67.0
1785388715.851,2026-07-30T05:18:35.851301+00:00,recovery,34.5,861.12,72.0,2.0,972.0,1965.0,3996.0,67.0
1785388715.886,2026-07-30T05:18:35.886290+00:00,recovery,35.0,861.12,72.0,2.0,972.0,1965.0,3996.0,67.0
1785388715.924,2026-07-30T05:18:35.923534+00:00,recovery,37.2,860.99,99.0,3.0,972.0,1965.0,3996.0,67.0
1785388715.956,2026-07-30T05:18:35.956317+00:00,recovery,32.8,860.99,99.0,3.0,972.0,1965.0,3996.0,67.0
1785388715.997,2026-07-30T05:18:35.997512+00:00,recovery,41.2,860.99,99.0,3.0,972.0,1965.0,3996.0,67.0
1785388716.034,2026-07-30T05:18:36.033718+00:00,recovery,36.2,861.21,99.0,3.0,972.0,1965.0,3996.0,67.0
1785388716.067,2026-07-30T05:18:36.067149+00:00,recovery,33.4,861.21,99.0,3.0,972.0,1965.0,3996.0,67.0
1785388716.102,2026-07-30T05:18:36.101999+00:00,recovery,34.9,861.21,99.0,3.0,972.0,1965.0,3996.0,67.0
1785388716.134,2026-07-30T05:18:36.134287+00:00,recovery,32.3,861.32,99.0,3.0,972.0,1965.0,3996.0,67.0
1785388716.167,2026-07-30T05:18:36.167092+00:00,recovery,32.8,861.32,99.0,3.0,972.0,1965.0,3996.0,67.0
1785388716.202,2026-07-30T05:18:36.202196+00:00,recovery,35.1,861.32,99.0,3.0,972.0,1965.0,3996.0,67.0
1785388716.239,2026-07-30T05:18:36.238603+00:00,recovery,36.4,861.39,99.0,3.0,972.0,1965.0,3996.0,67.0
1785388716.273,2026-07-30T05:18:36.272904+00:00,recovery,34.3,861.39,99.0,3.0,972.0,1965.0,3996.0,67.0
1785388716.312,2026-07-30T05:18:36.311736+00:00,recovery,38.8,861.39,99.0,3.0,972.0,1965.0,3996.0,67.0
1785388716.346,2026-07-30T05:18:36.345950+00:00,recovery,34.2,860.92,99.0,3.0,972.0,1965.0,3996.0,67.0
1785388716.379,2026-07-30T05:18:36.378940+00:00,recovery,33.0,860.92,99.0,3.0,972.0,1965.0,3996.0,67.0
1785388716.418,2026-07-30T05:18:36.418487+00:00,recovery,39.6,861.3,99.0,3.0,972.0,1965.0,3996.0,67.0
1785388716.453,2026-07-30T05:18:36.453509+00:00,recovery,35.0,861.3,99.0,3.0,972.0,1965.0,3996.0,67.0
1785388716.486,2026-07-30T05:18:36.486398+00:00,recovery,32.9,861.3,99.0,3.0,972.0,1965.0,3996.0,67.0
1785388716.523,2026-07-30T05:18:36.522671+00:00,recovery,36.3,860.78,99.0,3.0,972.0,1965.0,3996.0,67.0
1785388716.556,2026-07-30T05:18:36.555711+00:00,recovery,33.0,860.78,99.0,3.0,972.0,1965.0,3996.0,67.0
1785388716.586,2026-07-30T05:18:36.586463+00:00,recovery,30.8,860.78,99.0,3.0,972.0,1965.0,3996.0,67.0
1785388716.625,2026-07-30T05:18:36.624620+00:00,recovery,38.2,842.29,99.0,3.0,972.0,1965.0,3996.0,60.0
1785388716.657,2026-07-30T05:18:36.657496+00:00,recovery,32.9,842.29,99.0,3.0,972.0,1965.0,3996.0,60.0
1785388716.691,2026-07-30T05:18:36.690692+00:00,recovery,33.2,842.29,99.0,3.0,972.0,1965.0,3996.0,60.0
1785388716.727,2026-07-30T05:18:36.727430+00:00,recovery,36.7,781.49,7.0,0.0,972.0,1965.0,3996.0,58.0
1785388716.763,2026-07-30T05:18:36.763003+00:00,recovery,35.6,781.49,7.0,0.0,972.0,1965.0,3996.0,58.0
1785388716.819,2026-07-30T05:18:36.818879+00:00,recovery,55.9,781.49,7.0,0.0,972.0,1965.0,3996.0,58.0
1785388716.852,2026-07-30T05:18:36.852310+00:00,recovery,33.4,766.1,7.0,0.0,972.0,1965.0,3996.0,64.0
1785388716.89,2026-07-30T05:18:36.890509+00:00,recovery,38.2,766.1,7.0,0.0,972.0,1965.0,3996.0,64.0
1785388716.925,2026-07-30T05:18:36.925241+00:00,recovery,34.7,766.15,99.0,3.0,972.0,1965.0,3996.0,65.0
1785388716.958,2026-07-30T05:18:36.957987+00:00,recovery,32.7,766.15,99.0,3.0,972.0,1965.0,3996.0,65.0
1785388716.989,2026-07-30T05:18:36.988842+00:00,recovery,30.9,766.15,99.0,3.0,972.0,1965.0,3996.0,65.0
1785388717.026,2026-07-30T05:18:37.025728+00:00,recovery,36.9,765.75,99.0,3.0,972.0,1965.0,3996.0,66.0
1785388717.058,2026-07-30T05:18:37.058437+00:00,recovery,32.7,765.75,99.0,3.0,972.0,1965.0,3996.0,66.0
1785388717.099,2026-07-30T05:18:37.099072+00:00,recovery,40.6,765.75,99.0,3.0,972.0,1965.0,3996.0,66.0
1785388717.135,2026-07-30T05:18:37.134725+00:00,recovery,35.7,763.35,99.0,3.0,972.0,1965.0,3996.0,66.0
1785388717.17,2026-07-30T05:18:37.169617+00:00,recovery,34.9,763.35,99.0,3.0,972.0,1965.0,3996.0,66.0
1785388717.207,2026-07-30T05:18:37.207353+00:00,recovery,37.7,763.35,99.0,3.0,972.0,1965.0,3996.0,66.0
1785388717.315,2026-07-30T05:18:37.315184+00:00,recovery,107.8,762.81,99.0,3.0,972.0,1965.0,3996.0,66.0
1785388717.354,2026-07-30T05:18:37.354505+00:00,recovery,39.3,764.8,99.0,3.0,972.0,1965.0,3996.0,66.0
1785388717.451,2026-07-30T05:18:37.451243+00:00,recovery,96.7,762.61,99.0,3.0,972.0,1965.0,3996.0,66.0
1785388717.497,2026-07-30T05:18:37.496664+00:00,recovery,45.4,762.61,99.0,3.0,972.0,1965.0,3996.0,66.0
1785388717.528,2026-07-30T05:18:37.528040+00:00,recovery,31.4,764.77,99.0,3.0,972.0,1965.0,3996.0,67.0
1785388717.561,2026-07-30T05:18:37.561205+00:00,recovery,33.2,764.77,99.0,3.0,972.0,1965.0,3996.0,67.0
1785388717.596,2026-07-30T05:18:37.596317+00:00,recovery,35.1,764.77,99.0,3.0,972.0,1965.0,3996.0,67.0
1785388717.631,2026-07-30T05:18:37.631458+00:00,recovery,35.1,785.24,99.0,3.0,972.0,1965.0,3996.0,66.0
1785388717.662,2026-07-30T05:18:37.661983+00:00,recovery,30.5,785.24,99.0,3.0,972.0,1965.0,3996.0,66.0
1785388717.697,2026-07-30T05:18:37.697196+00:00,recovery,35.2,785.24,99.0,3.0,972.0,1965.0,3996.0,66.0
1785388717.733,2026-07-30T05:18:37.733291+00:00,recovery,36.1,845.78,96.0,3.0,972.0,1965.0,3996.0,67.0
1785388717.767,2026-07-30T05:18:37.766953+00:00,recovery,33.7,845.78,96.0,3.0,972.0,1965.0,3996.0,67.0
1785388717.802,2026-07-30T05:18:37.802192+00:00,recovery,35.2,845.78,96.0,3.0,972.0,1965.0,3996.0,67.0
1785388717.836,2026-07-30T05:18:37.836146+00:00,recovery,34.0,874.81,96.0,3.0,972.0,1965.0,3996.0,67.0
