=== PHASE A: Spawning child, writing pattern, sustained hold ===
HOLD 2026-07-30T05:40:57.629932 966, 205.53, 0
4, 200.24, 0
HOLD 2026-07-30T05:40:57.765745 966, 210.13, 0
4, 201.55, 0
HOLD 2026-07-30T05:40:57.912370 966, 224.32, 0
4, 202.14, 0
HOLD 2026-07-30T05:40:58.216750 966, 233.80, 0
4, 202.08, 0
HOLD 2026-07-30T05:40:58.355555 966, 238.55, 0
4, 202.07, 0
HOLD 2026-07-30T05:40:58.500188 966, 246.51, 0
4, 202.08, 0
HOLD 2026-07-30T05:40:58.648192 966, 246.50, 0
4, 202.10, 0
HOLD 2026-07-30T05:40:58.788954 966, 246.50, 0
4, 201.33, 0
HOLD 2026-07-30T05:40:58.932561 966, 246.52, 0
4, 200.73, 0
HOLD 2026-07-30T05:40:59.077732 966, 246.62, 0
4, 198.18, 0
HOLD 2026-07-30T05:40:59.451699 966, 246.67, 0
4, 196.16, 0
HOLD 2026-07-30T05:40:59.739052 966, 246.68, 0
4, 195.65, 0
HOLD 2026-07-30T05:40:59.901803 966, 246.68, 0
4, 195.55, 0
HOLD 2026-07-30T05:41:00.218790 966, 246.69, 0
4, 195.54, 0
HOLD 2026-07-30T05:41:00.358962 966, 246.70, 0
4, 195.49, 0
HOLD 2026-07-30T05:41:00.698073 966, 246.58, 0
4, 195.47, 0
HOLD 2026-07-30T05:41:00.964991 966, 246.58, 0
4, 195.45, 0
HOLD 2026-07-30T05:41:01.317304 966, 246.51, 0
4, 195.47, 0
HOLD 2026-07-30T05:41:01.459186 966, 246.49, 0
4, 195.49, 0
HOLD 2026-07-30T05:41:01.779557 966, 246.49, 0
4, 195.48, 0
HOLD 2026-07-30T05:41:01.924859 966, 246.46, 0
4, 195.49, 0
HOLD 2026-07-30T05:41:02.066715 966, 246.44, 0
4, 195.49, 0
HOLD 2026-07-30T05:41:02.215772 966, 246.44, 0
4, 195.49, 0
HOLD 2026-07-30T05:41:02.356928 966, 246.45, 0
4, 195.43, 0
HOLD 2026-07-30T05:41:02.634638 966, 246.50, 0
4, 195.45, 0
HOLD 2026-07-30T05:41:02.972315 966, 246.56, 0
4, 195.48, 0
HOLD 2026-07-30T05:41:03.116486 966, 246.59, 0
4, 195.46, 0
HOLD 2026-07-30T05:41:03.379885 966, 246.62, 0
4, 195.51, 0
HOLD 2026-07-30T05:41:03.639515 966, 246.60, 0
4, 195.50, 0
HOLD 2026-07-30T05:41:03.784517 966, 246.59, 0
4, 195.50, 0
HOLD 2026-07-30T05:41:03.925878 966, 246.57, 0
4, 195.48, 0
HOLD 2026-07-30T05:41:04.067731 966, 246.60, 0
4, 195.54, 0
HOLD 2026-07-30T05:41:04.214393 966, 246.66, 0
4, 195.53, 0
HOLD 2026-07-30T05:41:04.354907 966, 246.65, 0
4, 195.55, 0
HOLD 2026-07-30T05:41:04.643644 966, 246.66, 0
4, 195.54, 0
HOLD 2026-07-30T05:41:04.802222 966, 246.71, 0
4, 195.57, 0
HOLD 2026-07-30T05:41:05.063881 966, 246.68, 0
4, 195.57, 0
HOLD 2026-07-30T05:41:05.215874 966, 246.64, 0
4, 195.58, 0
HOLD 2026-07-30T05:41:05.355154 966, 246.61, 0
4, 195.57, 0
HOLD 2026-07-30T05:41:05.616140 966, 246.63, 0
4, 195.58, 0
HOLD 2026-07-30T05:41:05.757121 966, 246.60, 0
4, 195.59, 0
HOLD 2026-07-30T05:41:06.026557 966, 246.56, 0
4, 195.54, 0
HOLD 2026-07-30T05:41:06.341846 966, 246.58, 0
4, 195.52, 0
HOLD 2026-07-30T05:41:06.495460 966, 246.62, 0
4, 195.54, 0
HOLD 2026-07-30T05:41:06.644232 966, 246.58, 0
4, 195.53, 0
HOLD 2026-07-30T05:41:06.784118 966, 246.57, 0
4, 195.53, 0
HOLD 2026-07-30T05:41:06.937000 966, 246.67, 0
4, 195.57, 0
HOLD 2026-07-30T05:41:07.317001 966, 246.65, 0
4, 195.53, 0
HOLD 2026-07-30T05:41:07.459714 966, 246.69, 0
4, 195.54, 0
HOLD 2026-07-30T05:41:07.768458 966, 246.71, 0
4, 195.55, 0
HOLD 2026-07-30T05:41:07.919576 966, 246.69, 0
4, 195.53, 0
HOLD 2026-07-30T05:41:08.129988 966, 246.71, 0
4, 195.37, 0
HOLD 2026-07-30T05:41:08.421914 966, 246.67, 0
4, 195.37, 0
HOLD 2026-07-30T05:41:08.806713 966, 246.64, 0
4, 195.37, 0
HOLD 2026-07-30T05:41:08.958206 966, 246.64, 0
4, 195.44, 0
HOLD 2026-07-30T05:41:09.305154 966, 246.65, 0
4, 195.51, 0
HOLD 2026-07-30T05:41:09.465230 966, 246.67, 0
4, 195.46, 0
HOLD 2026-07-30T05:41:09.756131 966, 246.71, 0
4, 195.46, 0
HOLD 2026-07-30T05:41:09.947412 966, 246.76, 0
4, 195.48, 0
HOLD 2026-07-30T05:41:10.119136 966, 246.79, 0
4, 195.49, 0
HOLD 2026-07-30T05:41:10.261153 966, 246.80, 0
4, 195.49, 0
HOLD 2026-07-30T05:41:10.412334 966, 246.74, 0
4, 195.51, 0
HOLD 2026-07-30T05:41:10.551322 966, 246.70, 0
4, 195.55, 0
HOLD 2026-07-30T05:41:10.826660 966, 246.72, 0
4, 195.55, 0
HOLD 2026-07-30T05:41:10.971630 966, 246.73, 0
4, 195.58, 0
HOLD 2026-07-30T05:41:11.121271 966, 246.74, 0
4, 195.52, 0
HOLD 2026-07-30T05:41:11.396960 966, 246.76, 0
4, 195.51, 0
HOLD 2026-07-30T05:41:11.539451 966, 246.72, 0
4, 195.48, 0
HOLD 2026-07-30T05:41:11.683259 966, 246.78, 0
4, 195.47, 0
HOLD 2026-07-30T05:41:11.828164 966, 246.78, 0
4, 195.47, 0
HOLD 2026-07-30T05:41:12.148224 966, 246.76, 0
4, 195.45, 0
HOLD 2026-07-30T05:41:12.298113 966, 246.75, 0
4, 195.51, 0
HOLD 2026-07-30T05:41:12.581295 966, 246.82, 0
4, 195.55, 0
HOLD 2026-07-30T05:41:12.727710 966, 246.84, 0
4, 195.56, 0
HOLD 2026-07-30T05:41:12.868198 966, 246.84, 0
4, 195.59, 0
HOLD 2026-07-30T05:41:13.023957 966, 246.85, 0
4, 195.62, 0
HOLD 2026-07-30T05:41:13.164020 966, 246.91, 0
4, 195.63, 0
HOLD 2026-07-30T05:41:13.314254 966, 246.95, 0
4, 195.58, 0
HOLD 2026-07-30T05:41:13.600396 966, 246.88, 0
4, 195.48, 0
HOLD 2026-07-30T05:41:13.925603 966, 246.88, 0
4, 195.44, 0
HOLD 2026-07-30T05:41:14.250684 966, 246.87, 0
4, 195.43, 0
HOLD 2026-07-30T05:41:14.600026 966, 246.82, 0
4, 195.50, 0
HOLD 2026-07-30T05:41:14.764524 966, 246.87, 0
4, 195.49, 0
HOLD 2026-07-30T05:41:14.914073 966, 246.83, 0
4, 195.49, 0
HOLD 2026-07-30T05:41:15.054151 966, 246.85, 0
4, 195.52, 0
HOLD 2026-07-30T05:41:15.201826 966, 246.84, 0
4, 195.53, 0
HOLD 2026-07-30T05:41:15.541786 966, 246.82, 0
4, 195.54, 0
HOLD 2026-07-30T05:41:15.687261 966, 246.84, 0
4, 195.50, 0
HOLD 2026-07-30T05:41:16.012483 966, 246.76, 0
4, 195.45, 0
HOLD 2026-07-30T05:41:16.360874 966, 246.82, 0
4, 195.43, 0
HOLD 2026-07-30T05:41:16.727395 966, 246.80, 0
4, 195.43, 0
HOLD 2026-07-30T05:41:16.874026 966, 246.76, 0
4, 195.45, 0
HOLD 2026-07-30T05:41:17.165140 966, 246.77, 0
4, 195.52, 0
HOLD 2026-07-30T05:41:17.471484 966, 246.62, 0
4, 195.47, 0
HOLD 2026-07-30T05:41:17.832025 966, 246.65, 0
4, 195.45, 0
HOLD 2026-07-30T05:41:17.975331 966, 246.69, 0
4, 195.45, 0
HOLD 2026-07-30T05:41:18.263343 966, 246.71, 0
4, 195.48, 0
HOLD 2026-07-30T05:41:18.415196 966, 246.88, 0
4, 195.50, 0
HOLD 2026-07-30T05:41:18.921981 966, 246.93, 0
4, 195.56, 0
HOLD 2026-07-30T05:41:19.225759 966, 246.92, 0
4, 195.56, 0
HOLD 2026-07-30T05:41:19.378267 966, 246.90, 0
4, 195.54, 0
HOLD 2026-07-30T05:41:19.521899 966, 246.85, 0
4, 195.57, 0
HOLD 2026-07-30T05:41:19.823320 966, 246.85, 0
4, 195.62, 0
HOLD 2026-07-30T05:41:20.116857 966, 246.86, 0
4, 195.61, 0
HOLD 2026-07-30T05:41:20.276096 966, 246.83, 0
4, 195.55, 0
HOLD 2026-07-30T05:41:20.688642 966, 246.85, 0
4, 195.59, 0
HOLD 2026-07-30T05:41:21.031006 966, 246.85, 0
4, 195.54, 0
HOLD 2026-07-30T05:41:21.405299 966, 246.86, 0
4, 195.51, 0
HOLD 2026-07-30T05:41:21.718544 966, 246.88, 0
4, 195.52, 0
HOLD 2026-07-30T05:41:22.031685 966, 246.89, 0
4, 195.52, 0
HOLD 2026-07-30T05:41:22.173460 966, 246.91, 0
4, 195.52, 0
HOLD 2026-07-30T05:41:22.325251 966, 246.93, 0
4, 195.57, 0
HOLD 2026-07-30T05:41:22.613081 966, 246.91, 0
4, 195.61, 0
HOLD 2026-07-30T05:41:22.913079 966, 246.89, 0
4, 195.57, 0
HOLD 2026-07-30T05:41:23.217423 966, 246.81, 0
4, 195.60, 0
HOLD 2026-07-30T05:41:23.396967 966, 246.84, 0
4, 195.55, 0
HOLD 2026-07-30T05:41:23.956808 966, 246.92, 0
4, 195.52, 0
HOLD 2026-07-30T05:41:24.509025 966, 246.85, 0
4, 195.44, 0
HOLD 2026-07-30T05:41:24.835762 966, 246.83, 0
4, 195.44, 0
HOLD 2026-07-30T05:41:25.225137 966, 246.84, 0
4, 195.44, 0
HOLD 2026-07-30T05:41:25.373833 966, 246.87, 0
4, 195.54, 0
HOLD 2026-07-30T05:41:25.688686 966, 246.82, 0
4, 195.60, 0
HOLD 2026-07-30T05:41:26.216344 966, 246.88, 0
4, 195.58, 0
HOLD 2026-07-30T05:41:26.377438 966, 246.85, 0
4, 195.51, 0
HOLD 2026-07-30T05:41:26.538680 966, 246.96, 0
4, 195.55, 0
HOLD 2026-07-30T05:41:26.849534 966, 247.01, 0
4, 195.54, 0
HOLD 2026-07-30T05:41:27.147679 966, 246.93, 0
4, 195.56, 0
HOLD 2026-07-30T05:41:27.523942 966, 246.93, 0
4, 195.54, 0
HOLD 2026-07-30T05:41:27.671355 966, 246.87, 0
4, 195.53, 0
HOLD 2026-07-30T05:41:27.954896 966, 246.87, 0
4, 195.46, 0
HOLD 2026-07-30T05:41:28.251080 966, 246.86, 0
4, 195.50, 0
HOLD 2026-07-30T05:41:28.410504 966, 246.88, 0
4, 195.42, 0
HOLD 2026-07-30T05:41:28.729151 966, 246.92, 0
4, 195.45, 0
HOLD 2026-07-30T05:41:29.045486 966, 246.99, 0
4, 195.47, 0
HOLD 2026-07-30T05:41:29.371891 966, 247.01, 0
4, 195.50, 0
HOLD 2026-07-30T05:41:29.517372 966, 247.04, 0
4, 195.52, 0
HOLD 2026-07-30T05:41:29.684394 966, 247.08, 0
4, 195.52, 0
HOLD 2026-07-30T05:41:30.191288 966, 247.06, 0
4, 195.54, 0
HOLD 2026-07-30T05:41:30.340688 966, 247.02, 0
4, 195.53, 0
HOLD 2026-07-30T05:41:30.485375 966, 247.02, 0
4, 195.52, 0
HOLD 2026-07-30T05:41:30.634885 966, 247.01, 0
4, 195.49, 0
HOLD 2026-07-30T05:41:30.779863 966, 247.02, 0
4, 195.42, 0
HOLD 2026-07-30T05:41:31.046244 966, 247.05, 0
4, 195.43, 0
HOLD 2026-07-30T05:41:31.190864 966, 247.07, 0
4, 195.42, 0
HOLD 2026-07-30T05:41:31.347945 966, 247.11, 0
4, 195.33, 0
HOLD 2026-07-30T05:41:31.630232 966, 247.11, 0
4, 195.39, 0
HOLD 2026-07-30T05:41:31.927236 966, 247.16, 0
4, 195.41, 0
HOLD 2026-07-30T05:41:32.278271 966, 247.10, 0
4, 195.43, 0
HOLD 2026-07-30T05:41:32.422710 966, 247.11, 0
4, 195.45, 0
HOLD 2026-07-30T05:41:32.728610 966, 247.11, 0
4, 195.43, 0
HOLD 2026-07-30T05:41:32.883313 966, 247.07, 0
4, 195.45, 0
HOLD 2026-07-30T05:41:33.155720 966, 247.06, 0
4, 195.46, 0
HOLD 2026-07-30T05:41:33.308320 966, 247.07, 0
4, 195.45, 0
HOLD 2026-07-30T05:41:33.566243 966, 247.03, 0
4, 195.52, 0
HOLD 2026-07-30T05:41:33.719259 966, 247.06, 0
4, 195.55, 0
HOLD 2026-07-30T05:41:34.005706 966, 246.97, 0
4, 195.49, 0
HOLD 2026-07-30T05:41:34.541974 966, 246.98, 0
4, 195.47, 0
HOLD 2026-07-30T05:41:34.698691 966, 247.01, 0
4, 195.55, 0
HOLD 2026-07-30T05:41:35.029143 966, 247.03, 0
4, 195.54, 0
HOLD 2026-07-30T05:41:35.176810 966, 247.06, 0
4, 195.54, 0
HOLD 2026-07-30T05:41:35.323626 966, 247.03, 0
4, 195.61, 0
HOLD 2026-07-30T05:41:35.621468 966, 247.01, 0
4, 195.58, 0
HOLD 2026-07-30T05:41:35.766654 966, 247.04, 0
4, 195.54, 0
HOLD 2026-07-30T05:41:36.052828 966, 247.03, 0
4, 195.57, 0
HOLD 2026-07-30T05:41:36.207204 966, 247.02, 0
4, 195.57, 0
HOLD 2026-07-30T05:41:36.514205 966, 247.03, 0
4, 195.61, 0
HOLD 2026-07-30T05:41:36.842575 966, 246.99, 0
4, 195.57, 0
HOLD 2026-07-30T05:41:37.200162 966, 247.01, 0
4, 195.67, 0
HOLD 2026-07-30T05:41:37.524798 966, 246.99, 0
4, 195.63, 0
HOLD 2026-07-30T05:41:37.668773 966, 247.01, 0
4, 195.55, 0
HOLD 2026-07-30T05:41:38.026746 966, 246.99, 0
4, 195.46, 0
HOLD 2026-07-30T05:41:38.539705 966, 246.99, 0
4, 195.43, 0
HOLD 2026-07-30T05:41:38.698647 966, 246.97, 0
4, 195.48, 0
HOLD 2026-07-30T05:41:38.962379 966, 246.95, 0
4, 195.52, 0
HOLD 2026-07-30T05:41:39.257364 966, 246.98, 0
4, 195.47, 0
HOLD 2026-07-30T05:41:39.419694 966, 246.99, 0
4, 195.55, 0
HOLD 2026-07-30T05:41:39.715621 966, 247.03, 0
4, 195.54, 0
HOLD 2026-07-30T05:41:39.857807 966, 247.05, 0
4, 195.53, 0
HOLD 2026-07-30T05:41:40.157303 966, 247.08, 0
4, 195.55, 0
HOLD 2026-07-30T05:41:40.433890 966, 247.09, 0
4, 195.59, 0
HOLD 2026-07-30T05:41:40.586040 966, 247.10, 0
4, 195.57, 0
HOLD 2026-07-30T05:41:40.731708 966, 247.10, 0
4, 195.54, 0
HOLD 2026-07-30T05:41:40.876365 966, 246.92, 0
4, 195.50, 0
HOLD 2026-07-30T05:41:41.368767 966, 246.93, 0
4, 195.50, 0
HOLD 2026-07-30T05:41:41.515620 966, 246.95, 0
4, 195.49, 0
HOLD 2026-07-30T05:41:41.809206 966, 247.00, 0
4, 195.51, 0
HOLD 2026-07-30T05:41:41.984143 966, 247.08, 0
4, 195.54, 0
HOLD 2026-07-30T05:41:42.252196 966, 247.09, 0
4, 195.58, 0
HOLD 2026-07-30T05:41:42.616854 966, 247.02, 0
4, 195.56, 0
HOLD 2026-07-30T05:41:42.777857 966, 246.97, 0
4, 195.61, 0
HOLD 2026-07-30T05:41:43.121392 966, 246.96, 0
4, 195.58, 0
HOLD 2026-07-30T05:41:43.416711 966, 246.95, 0
4, 195.59, 0
HOLD 2026-07-30T05:41:43.560513 966, 247.03, 0
4, 195.52, 0
HOLD 2026-07-30T05:41:43.914939 966, 247.06, 0
4, 195.54, 0
HOLD 2026-07-30T05:41:44.431064 966, 247.07, 0
4, 195.52, 0
HOLD 2026-07-30T05:41:44.578560 966, 247.10, 0
4, 195.52, 0
HOLD 2026-07-30T05:41:44.730095 966, 247.05, 0
4, 195.51, 0
HOLD 2026-07-30T05:41:45.023651 966, 247.11, 0
4, 195.54, 0
HOLD 2026-07-30T05:41:45.390927 966, 247.07, 0
4, 195.57, 0
HOLD 2026-07-30T05:41:45.641944 966, 247.05, 0
4, 195.59, 0
HOLD 2026-07-30T05:41:45.961797 966, 247.07, 0
4, 195.51, 0
HOLD 2026-07-30T05:41:46.123830 966, 247.06, 0
4, 195.53, 0
HOLD 2026-07-30T05:41:46.463183 966, 247.10, 0
4, 195.52, 0
HOLD 2026-07-30T05:41:46.743720 966, 247.05, 0
4, 195.58, 0
HOLD 2026-07-30T05:41:47.044208 966, 247.06, 0
4, 195.65, 0
HOLD 2026-07-30T05:41:47.410794 966, 246.99, 0
4, 195.69, 0
HOLD 2026-07-30T05:41:47.789794 966, 247.02, 0
4, 195.66, 0
HOLD 2026-07-30T05:41:48.095432 966, 246.99, 0
4, 195.59, 0
HOLD 2026-07-30T05:41:48.244774 966, 246.99, 0
4, 195.52, 0
HOLD 2026-07-30T05:41:48.596742 966, 247.00, 0
4, 195.50, 0
HOLD 2026-07-30T05:41:48.744813 966, 247.03, 0
4, 195.54, 0
HOLD 2026-07-30T05:41:49.064185 966, 247.05, 0
4, 195.58, 0
HOLD 2026-07-30T05:41:49.216375 966, 247.10, 0
4, 195.64, 0
HOLD 2026-07-30T05:41:49.569683 966, 247.13, 0
4, 195.66, 0
HOLD 2026-07-30T05:41:49.722501 966, 247.13, 0
4, 195.55, 0
HOLD 2026-07-30T05:41:50.246106 966, 247.03, 0
4, 195.60, 0
HOLD 2026-07-30T05:41:50.662683 966, 247.02, 0
4, 195.59, 0
HOLD 2026-07-30T05:41:50.835306 966, 246.97, 0
4, 195.62, 0
HOLD 2026-07-30T05:41:51.141231 966, 246.93, 0
4, 195.65, 0
HOLD 2026-07-30T05:41:51.283282 966, 247.01, 0
4, 195.57, 0
HOLD 2026-07-30T05:41:51.562270 966, 247.04, 0
4, 195.61, 0
HOLD 2026-07-30T05:41:51.852864 966, 247.07, 0
4, 195.64, 0
HOLD 2026-07-30T05:41:52.196379 966, 247.05, 0
4, 195.66, 0
HOLD 2026-07-30T05:41:52.446205 966, 247.05, 0
4, 195.66, 0
HOLD 2026-07-30T05:41:52.763369 966, 247.05, 0
4, 195.60, 0
HOLD 2026-07-30T05:41:53.067496 966, 247.06, 0
4, 195.60, 0
HOLD 2026-07-30T05:41:53.215744 966, 247.06, 0
4, 195.56, 0
HOLD 2026-07-30T05:41:53.735331 966, 247.09, 0
4, 195.51, 0
HOLD 2026-07-30T05:41:53.881434 966, 247.15, 0
4, 195.54, 0
HOLD 2026-07-30T05:41:54.227570 966, 247.14, 0
4, 195.55, 0
HOLD 2026-07-30T05:41:54.369492 966, 247.14, 0
4, 195.62, 0
HOLD 2026-07-30T05:41:54.650331 966, 247.12, 0
4, 195.62, 0
HOLD 2026-07-30T05:41:55.006702 966, 247.11, 0
4, 195.57, 0
HOLD 2026-07-30T05:41:55.162435 966, 247.11, 0
4, 195.53, 0
HOLD 2026-07-30T05:41:55.312683 966, 247.09, 0
4, 195.54, 0
HOLD 2026-07-30T05:41:55.475497 966, 247.07, 0
4, 195.54, 0
HOLD 2026-07-30T05:41:55.863735 966, 247.10, 0
4, 195.57, 0
HOLD 2026-07-30T05:41:56.109112 966, 247.09, 0
4, 195.61, 0
HOLD 2026-07-30T05:41:56.261060 966, 247.07, 0
4, 195.62, 0
HOLD 2026-07-30T05:41:56.563074 966, 247.07, 0
4, 195.58, 0
HOLD 2026-07-30T05:41:56.842972 966, 247.12, 0
4, 195.54, 0
HOLD 2026-07-30T05:41:57.157049 966, 247.12, 0
4, 195.56, 0
HOLD 2026-07-30T05:41:57.317116 966, 247.14, 0
4, 195.54, 0
HOLD 2026-07-30T05:41:57.462208 966, 247.19, 0
4, 195.53, 0
HOLD 2026-07-30T05:41:57.774716 966, 247.18, 0
4, 195.54, 0
HOLD 2026-07-30T05:41:57.926354 966, 247.14, 0
4, 195.59, 0
HOLD 2026-07-30T05:41:58.069540 966, 247.14, 0
4, 195.62, 0
HOLD 2026-07-30T05:41:58.355660 966, 247.12, 0
4, 195.62, 0
HOLD 2026-07-30T05:41:58.650901 966, 247.10, 0
4, 195.63, 0
HOLD 2026-07-30T05:41:59.024744 966, 247.06, 0
4, 195.64, 0
HOLD 2026-07-30T05:41:59.171710 966, 247.01, 0
4, 195.65, 0
HOLD 2026-07-30T05:41:59.485108 966, 246.98, 0
4, 195.75, 0
HOLD 2026-07-30T05:41:59.830214 966, 246.95, 0
4, 195.74, 0
HOLD 2026-07-30T05:41:59.975753 966, 246.95, 0
4, 195.71, 0
HOLD 2026-07-30T05:42:00.264266 966, 246.90, 0
4, 195.73, 0
HOLD 2026-07-30T05:42:00.414156 966, 247.01, 0
4, 195.63, 0
HOLD 2026-07-30T05:42:00.725636 966, 247.08, 0
4, 195.66, 0
HOLD 2026-07-30T05:42:01.031843 966, 247.15, 0
4, 195.66, 0
HOLD 2026-07-30T05:42:01.181289 966, 247.18, 0
4, 195.60, 0
HOLD 2026-07-30T05:42:01.440860 966, 247.14, 0
4, 195.66, 0
HOLD 2026-07-30T05:42:01.757801 966, 247.10, 0
4, 195.59, 0
HOLD 2026-07-30T05:42:02.056688 966, 247.07, 0
4, 195.60, 0
HOLD 2026-07-30T05:42:02.209211 966, 247.06, 0
4, 195.62, 0
HOLD 2026-07-30T05:42:02.511819 966, 247.08, 0
4, 195.54, 0
HOLD 2026-07-30T05:42:02.873022 966, 247.08, 0
4, 195.64, 0
HOLD 2026-07-30T05:42:03.161328 966, 247.12, 0
4, 195.63, 0
HOLD 2026-07-30T05:42:03.312634 966, 247.16, 0
4, 195.73, 0
HOLD 2026-07-30T05:42:03.618217 966, 247.15, 0
4, 195.74, 0
HOLD 2026-07-30T05:42:03.761921 966, 247.12, 0
4, 195.65, 0
HOLD 2026-07-30T05:42:04.028532 966, 247.13, 0
4, 195.62, 0
HOLD 2026-07-30T05:42:04.172844 966, 247.12, 0
4, 195.62, 0
HOLD 2026-07-30T05:42:04.319943 966, 247.13, 0
4, 195.64, 0
HOLD 2026-07-30T05:42:04.459893 966, 247.08, 0
4, 195.62, 0
HOLD 2026-07-30T05:42:04.740265 966, 247.08, 0
4, 195.64, 0
HOLD 2026-07-30T05:42:04.883213 966, 247.11, 0
4, 195.70, 0
HOLD 2026-07-30T05:42:05.025780 966, 247.14, 0
4, 195.68, 0
HOLD 2026-07-30T05:42:05.373385 966, 247.19, 0
4, 195.65, 0
HOLD 2026-07-30T05:42:05.734799 966, 247.19, 0
4, 195.63, 0
HOLD 2026-07-30T05:42:05.921252 966, 247.22, 0
4, 195.54, 0
HOLD 2026-07-30T05:42:06.189509 966, 247.11, 0
4, 195.53, 0
HOLD 2026-07-30T05:42:06.551654 966, 247.16, 0
4, 195.59, 0
HOLD 2026-07-30T05:42:06.847950 966, 247.13, 0
4, 195.63, 0
HOLD 2026-07-30T05:42:06.994508 966, 247.11, 0
4, 195.62, 0
HOLD 2026-07-30T05:42:07.296551 966, 247.11, 0
4, 195.64, 0
HOLD 2026-07-30T05:42:07.443991 966, 247.11, 0
4, 195.61, 0
HOLD 2026-07-30T05:42:07.756958 966, 247.12, 0
4, 195.58, 0
HOLD 2026-07-30T05:42:07.906782 966, 247.15, 0
4, 195.62, 0
HOLD 2026-07-30T05:42:08.049374 966, 247.15, 0
4, 195.62, 0
HOLD 2026-07-30T05:42:08.217200 966, 247.23, 0
4, 195.63, 0
HOLD 2026-07-30T05:42:08.358624 966, 247.26, 0
4, 195.65, 0
HOLD 2026-07-30T05:42:08.671027 966, 247.24, 0
4, 195.64, 0
HOLD 2026-07-30T05:42:08.985621 966, 247.23, 0
4, 195.62, 0
HOLD 2026-07-30T05:42:09.133433 966, 247.10, 0
4, 195.63, 0
HOLD 2026-07-30T05:42:09.534398 966, 247.11, 0
4, 195.65, 0
HOLD 2026-07-30T05:42:09.886444 966, 247.09, 0
4, 195.66, 0
HOLD 2026-07-30T05:42:10.030532 966, 247.09, 0
4, 195.70, 0
HOLD 2026-07-30T05:42:10.173735 966, 247.18, 0
4, 195.61, 0
HOLD 2026-07-30T05:42:10.499227 966, 247.17, 0
4, 195.56, 0
HOLD 2026-07-30T05:42:10.644688 966, 247.16, 0
4, 195.54, 0
HOLD 2026-07-30T05:42:10.939788 966, 247.15, 0
4, 195.49, 0
HOLD 2026-07-30T05:42:11.160821 966, 247.14, 0
4, 195.49, 0
HOLD 2026-07-30T05:42:11.428765 966, 247.14, 0
4, 195.50, 0
HOLD 2026-07-30T05:42:11.612205 966, 247.18, 0
4, 195.49, 0
HOLD 2026-07-30T05:42:11.779688 966, 247.18, 0
4, 195.56, 0
HOLD 2026-07-30T05:42:12.072140 966, 247.20, 0
4, 195.55, 0
HOLD 2026-07-30T05:42:12.220066 966, 247.21, 0
4, 195.64, 0
HOLD 2026-07-30T05:42:12.521061 966, 247.11, 0
4, 195.67, 0
HOLD 2026-07-30T05:42:12.799085 966, 247.16, 0
4, 195.63, 0
HOLD 2026-07-30T05:42:12.942162 966, 247.14, 0
4, 195.66, 0
HOLD 2026-07-30T05:42:13.081935 966, 247.14, 0
4, 195.63, 0
HOLD 2026-07-30T05:42:13.224895 966, 247.14, 0
4, 195.59, 0
HOLD 2026-07-30T05:42:13.367510 966, 247.18, 0
4, 195.63, 0
HOLD 2026-07-30T05:42:13.721825 966, 247.18, 0
4, 195.63, 0
HOLD 2026-07-30T05:42:13.867019 966, 247.14, 0
4, 195.57, 0
HOLD 2026-07-30T05:42:14.186218 966, 247.21, 0
4, 195.57, 0
HOLD 2026-07-30T05:42:14.519081 966, 247.18, 0
4, 195.58, 0
HOLD 2026-07-30T05:42:14.663034 966, 247.20, 0
4, 195.60, 0
HOLD 2026-07-30T05:42:14.817146 966, 247.25, 0
4, 195.65, 0
HOLD 2026-07-30T05:42:15.102945 966, 247.23, 0
4, 195.71, 0
HOLD 2026-07-30T05:42:15.414144 966, 247.23, 0
4, 195.70, 0
HOLD 2026-07-30T05:42:15.556839 966, 247.25, 0
4, 195.60, 0
HOLD 2026-07-30T05:42:16.053774 966, 247.27, 0
4, 195.58, 0
HOLD 2026-07-30T05:42:16.209232 966, 247.26, 0
4, 195.57, 0
HOLD 2026-07-30T05:42:16.416530 966, 247.23, 0
4, 195.56, 0
HOLD 2026-07-30T05:42:16.559434 966, 247.18, 0
4, 195.60, 0
HOLD 2026-07-30T05:42:16.907111 966, 247.20, 0
4, 195.60, 0
HOLD 2026-07-30T05:42:17.053097 966, 247.16, 0
4, 195.61, 0
HOLD 2026-07-30T05:42:17.390526 966, 247.15, 0
4, 195.64, 0
HOLD 2026-07-30T05:42:17.535720 966, 247.13, 0
4, 195.62, 0
HOLD 2026-07-30T05:42:17.810683 966, 247.11, 0
4, 195.61, 0
HOLD 2026-07-30T05:42:17.962003 966, 247.10, 0
4, 195.66, 0
HOLD 2026-07-30T05:42:18.113511 966, 247.09, 0
4, 195.65, 0
HOLD 2026-07-30T05:42:18.254836 966, 247.14, 0
4, 195.66, 0
HOLD 2026-07-30T05:42:18.566133 966, 247.24, 0
4, 195.65, 0
HOLD 2026-07-30T05:42:18.933137 966, 247.25, 0
4, 195.56, 0
HOLD 2026-07-30T05:42:19.075484 966, 247.24, 0
4, 195.57, 0
HOLD 2026-07-30T05:42:19.221598 966, 247.21, 0
4, 195.56, 0
HOLD 2026-07-30T05:42:19.363400 966, 247.22, 0
4, 195.65, 0
HOLD 2026-07-30T05:42:19.513616 966, 247.22, 0
4, 195.62, 0
HOLD 2026-07-30T05:42:19.654975 966, 247.23, 0
4, 195.62, 0
HOLD 2026-07-30T05:42:19.806905 966, 247.14, 0
4, 195.68, 0
HOLD 2026-07-30T05:42:19.951019 966, 247.15, 0
4, 195.71, 0
HOLD 2026-07-30T05:42:20.096970 966, 247.17, 0
4, 195.70, 0
HOLD 2026-07-30T05:42:20.240053 966, 247.18, 0
4, 195.68, 0
HOLD 2026-07-30T05:42:20.521189 966, 247.20, 0
4, 195.65, 0
HOLD 2026-07-30T05:42:20.664117 966, 247.22, 0
4, 195.66, 0
HOLD 2026-07-30T05:42:20.811292 966, 247.28, 0
4, 195.63, 0
HOLD 2026-07-30T05:42:21.078030 966, 247.28, 0
4, 195.61, 0
HOLD 2026-07-30T05:42:21.217979 966, 247.24, 0
4, 195.57, 0
HOLD 2026-07-30T05:42:21.649489 966, 247.26, 0
4, 195.50, 0
HOLD 2026-07-30T05:42:21.925327 966, 247.18, 0
4, 195.51, 0
HOLD 2026-07-30T05:42:22.091806 966, 247.24, 0
4, 195.53, 0
HOLD 2026-07-30T05:42:22.241232 966, 247.26, 0
4, 195.54, 0
HOLD 2026-07-30T05:42:22.380731 966, 247.28, 0
4, 195.57, 0
HOLD 2026-07-30T05:42:22.525882 966, 247.33, 0
4, 195.54, 0
HOLD 2026-07-30T05:42:22.665136 966, 247.19, 0
4, 195.59, 0
HOLD 2026-07-30T05:42:22.937096 966, 247.23, 0
4, 195.52, 0
HOLD 2026-07-30T05:42:23.080302 966, 247.20, 0
4, 195.51, 0
HOLD 2026-07-30T05:42:23.350613 966, 247.12, 0
4, 195.55, 0
HOLD 2026-07-30T05:42:23.498054 966, 247.07, 0
4, 195.54, 0
HOLD 2026-07-30T05:42:23.639979 966, 247.14, 0
4, 195.50, 0
HOLD 2026-07-30T05:42:23.945779 966, 247.12, 0
4, 195.52, 0
HOLD 2026-07-30T05:42:24.108613 966, 247.11, 0
4, 195.54, 0
HOLD 2026-07-30T05:42:24.250223 966, 247.14, 0
4, 195.57, 0
HOLD 2026-07-30T05:42:24.397636 966, 247.20, 0
4, 195.51, 0
HOLD 2026-07-30T05:42:24.688852 966, 247.19, 0
4, 195.54, 0
HOLD 2026-07-30T05:42:24.840832 966, 247.19, 0
4, 195.56, 0
HOLD 2026-07-30T05:42:24.982820 966, 247.21, 0
4, 195.58, 0
HOLD 2026-07-30T05:42:25.122352 966, 247.20, 0
4, 195.54, 0
HOLD 2026-07-30T05:42:25.263551 966, 247.14, 0
4, 195.51, 0
HOLD 2026-07-30T05:42:25.543875 966, 247.12, 0
4, 195.55, 0
HOLD 2026-07-30T05:42:25.867556 966, 247.09, 0
4, 195.57, 0
HOLD 2026-07-30T05:42:26.014886 966, 247.03, 0
4, 195.61, 0
HOLD 2026-07-30T05:42:26.315460 966, 247.05, 0
4, 195.64, 0
HOLD 2026-07-30T05:42:26.459980 966, 247.06, 0
4, 195.65, 0
HOLD 2026-07-30T05:42:26.791345 966, 247.15, 0
4, 195.58, 0
HOLD 2026-07-30T05:42:27.150300 966, 247.20, 0
4, 195.59, 0
HOLD 2026-07-30T05:42:27.295668 966, 247.17, 0
4, 195.59, 0
HOLD 2026-07-30T05:42:27.594406 966, 247.16, 0
4, 195.57, 0
HOLD 2026-07-30T05:42:27.736741 966, 247.11, 0
4, 195.58, 0
HOLD 2026-07-30T05:42:28.225320 966, 247.04, 0
4, 195.60, 0
HOLD 2026-07-30T05:42:28.368688 966, 247.04, 0
4, 195.60, 0
HOLD 2026-07-30T05:42:28.513768 966, 247.08, 0
4, 195.57, 0
HOLD 2026-07-30T05:42:28.780587 966, 247.10, 0
4, 195.54, 0
HOLD 2026-07-30T05:42:28.925551 966, 247.15, 0
4, 195.56, 0
HOLD 2026-07-30T05:42:29.217381 966, 247.16, 0
4, 195.60, 0
HOLD 2026-07-30T05:42:29.382873 966, 247.20, 0
4, 195.61, 0
HOLD 2026-07-30T05:42:29.614087 966, 247.20, 0
4, 195.62, 0
HOLD 2026-07-30T05:42:29.758411 966, 247.15, 0
4, 195.63, 0
HOLD 2026-07-30T05:42:30.243976 966, 247.16, 0
4, 195.60, 0
HOLD 2026-07-30T05:42:30.584046 966, 247.14, 0
4, 195.61, 0
HOLD 2026-07-30T05:42:30.733099 966, 247.15, 0
4, 195.65, 0
HOLD 2026-07-30T05:42:31.064922 966, 247.20, 0
4, 195.71, 0
HOLD 2026-07-30T05:42:31.406164 966, 247.16, 0
4, 195.72, 0
HOLD 2026-07-30T05:42:31.553295 966, 247.13, 0
4, 195.65, 0
HOLD 2026-07-30T05:42:31.844833 966, 247.17, 0
4, 195.63, 0
HOLD 2026-07-30T05:42:32.123986 966, 247.20, 0
4, 195.54, 0
HOLD 2026-07-30T05:42:32.489281 966, 247.25, 0
4, 195.52, 0
HOLD 2026-07-30T05:42:32.659978 966, 247.22, 0
4, 195.54, 0
HOLD 2026-07-30T05:42:32.944932 966, 247.19, 0
4, 195.53, 0
HOLD 2026-07-30T05:42:33.086195 966, 247.18, 0
4, 195.50, 0
HOLD 2026-07-30T05:42:33.378951 966, 247.17, 0
4, 195.56, 0
HOLD 2026-07-30T05:42:33.711400 966, 247.18, 0
4, 195.62, 0
HOLD 2026-07-30T05:42:34.038078 966, 247.15, 0
4, 195.61, 0
HOLD 2026-07-30T05:42:34.181447 966, 247.15, 0
4, 195.67, 0
HOLD 2026-07-30T05:42:34.529040 966, 247.15, 0
4, 195.66, 0
HOLD 2026-07-30T05:42:34.847957 966, 247.16, 0
4, 195.63, 0
HOLD 2026-07-30T05:42:34.998682 966, 247.15, 0
4, 195.57, 0
HOLD 2026-07-30T05:42:35.498071 966, 247.17, 0
4, 195.54, 0
HOLD 2026-07-30T05:42:35.646620 966, 247.07, 0
4, 195.65, 0
HOLD 2026-07-30T05:42:36.158101 966, 247.08, 0
4, 195.66, 0
HOLD 2026-07-30T05:42:36.309932 966, 247.10, 0
4, 195.69, 0
HOLD 2026-07-30T05:42:36.455393 966, 247.11, 0
4, 195.72, 0
HOLD 2026-07-30T05:42:36.810924 966, 247.12, 0
4, 195.69, 0
HOLD 2026-07-30T05:42:36.952620 966, 247.20, 0
4, 195.70, 0
HOLD 2026-07-30T05:42:37.098194 966, 247.23, 0
4, 195.68, 0
HOLD 2026-07-30T05:42:37.404328 966, 247.13, 0
4, 195.63, 0
HOLD 2026-07-30T05:42:37.766766 966, 247.20, 0
4, 195.63, 0
HOLD 2026-07-30T05:42:37.933404 966, 247.20, 0
4, 195.61, 0
HOLD 2026-07-30T05:42:38.245642 966, 247.32, 0
4, 195.54, 0
HOLD 2026-07-30T05:42:38.519083 966, 247.33, 0
4, 195.51, 0
HOLD 2026-07-30T05:42:38.663193 966, 247.37, 0
4, 195.50, 0
HOLD 2026-07-30T05:42:38.941371 966, 247.36, 0
4, 195.48, 0
HOLD 2026-07-30T05:42:39.082008 966, 247.38, 0
4, 195.51, 0
HOLD 2026-07-30T05:42:39.225864 966, 247.35, 0
4, 195.45, 0
HOLD 2026-07-30T05:42:39.368096 966, 247.33, 0
4, 195.49, 0
HOLD 2026-07-30T05:42:39.514594 966, 247.28, 0
4, 195.48, 0
HOLD 2026-07-30T05:42:39.782100 966, 247.32, 0
4, 195.44, 0
HOLD 2026-07-30T05:42:39.927479 966, 247.28, 0
4, 195.45, 0
HOLD 2026-07-30T05:42:40.176534 966, 247.24, 0
4, 195.52, 0
HOLD 2026-07-30T05:42:40.449299 966, 247.28, 0
4, 195.54, 0
HOLD 2026-07-30T05:42:40.603799 966, 247.31, 0
4, 195.53, 0
HOLD 2026-07-30T05:42:40.753106 966, 247.20, 0
4, 195.51, 0
HOLD 2026-07-30T05:42:41.110438 966, 247.16, 0
4, 195.48, 0
HOLD 2026-07-30T05:42:41.256549 966, 247.18, 0
4, 195.49, 0
HOLD 2026-07-30T05:42:41.407943 966, 247.15, 0
4, 195.49, 0
HOLD 2026-07-30T05:42:41.725155 966, 247.23, 0
4, 195.53, 0
HOLD 2026-07-30T05:42:41.879484 966, 247.32, 0
4, 195.55, 0
HOLD 2026-07-30T05:42:42.117983 966, 247.35, 0
4, 195.57, 0
HOLD 2026-07-30T05:42:42.261563 966, 247.36, 0
4, 195.53, 0
HOLD 2026-07-30T05:42:42.409534 966, 247.38, 0
4, 195.49, 0
HOLD 2026-07-30T05:42:42.554243 966, 247.33, 0
4, 195.49, 0
HOLD 2026-07-30T05:42:42.877192 966, 247.32, 0
4, 195.54, 0
HOLD 2026-07-30T05:42:43.023153 966, 247.26, 0
4, 195.54, 0
HOLD 2026-07-30T05:42:43.317627 966, 247.23, 0
4, 195.61, 0
HOLD 2026-07-30T05:42:43.460091 966, 247.24, 0
4, 195.62, 0
HOLD 2026-07-30T05:42:43.611959 966, 247.25, 0
4, 195.63, 0
HOLD 2026-07-30T05:42:43.755301 966, 247.24, 0
4, 195.59, 0
HOLD 2026-07-30T05:42:44.005825 966, 247.25, 0
4, 195.55, 0
HOLD 2026-07-30T05:42:44.156059 966, 247.24, 0
4, 195.57, 0
HOLD 2026-07-30T05:42:44.306064 966, 247.28, 0
4, 195.55, 0
HOLD 2026-07-30T05:42:44.621982 966, 247.21, 0
4, 195.53, 0
HOLD 2026-07-30T05:42:44.763394 966, 247.19, 0
4, 195.53, 0
HOLD 2026-07-30T05:42:45.062438 966, 247.19, 0
4, 195.57, 0
HOLD 2026-07-30T05:42:45.228535 966, 247.22, 0
4, 195.52, 0
HOLD 2026-07-30T05:42:45.369839 966, 247.19, 0
4, 195.51, 0
HOLD 2026-07-30T05:42:45.517207 966, 247.20, 0
4, 195.53, 0
HOLD 2026-07-30T05:42:45.657871 966, 247.24, 0
4, 195.54, 0
HOLD 2026-07-30T05:42:45.807851 966, 247.26, 0
4, 195.57, 0
HOLD 2026-07-30T05:42:45.954769 966, 247.25, 0
4, 195.57, 0
HOLD 2026-07-30T05:42:46.098875 966, 247.20, 0
4, 195.57, 0
HOLD 2026-07-30T05:42:46.251743 966, 247.21, 0
4, 195.58, 0
HOLD 2026-07-30T05:42:46.519761 966, 247.21, 0
4, 195.61, 0
HOLD 2026-07-30T05:42:46.661108 966, 247.22, 0
4, 195.65, 0
HOLD 2026-07-30T05:42:46.812802 966, 247.22, 0
4, 195.65, 0
HOLD 2026-07-30T05:42:46.958634 966, 247.26, 0
4, 195.63, 0
HOLD 2026-07-30T05:42:47.109196 966, 247.23, 0
4, 195.61, 0
HOLD 2026-07-30T05:42:47.252709 966, 247.24, 0
4, 195.62, 0
HOLD 2026-07-30T05:42:47.400823 966, 247.23, 0
4, 195.62, 0
HOLD 2026-07-30T05:42:47.550696 966, 247.23, 0
4, 195.62, 0
HOLD 2026-07-30T05:42:47.691184 966, 247.18, 0
4, 195.64, 0
HOLD 2026-07-30T05:42:47.965281 966, 247.19, 0
4, 195.68, 0
HOLD 2026-07-30T05:42:48.235670 966, 247.20, 0
4, 195.66, 0
HOLD 2026-07-30T05:42:48.579473 966, 247.23, 0
4, 195.67, 0
HOLD 2026-07-30T05:42:48.726637 966, 247.12, 0
4, 195.58, 0
HOLD 2026-07-30T05:42:49.056746 966, 247.10, 0
4, 195.57, 0
HOLD 2026-07-30T05:42:49.207560 966, 247.06, 0
4, 195.57, 0
HOLD 2026-07-30T05:42:49.355416 966, 247.09, 0
4, 195.57, 0
HOLD 2026-07-30T05:42:49.503159 966, 247.07, 0
4, 195.59, 0
HOLD 2026-07-30T05:42:49.784694 966, 247.09, 0
4, 195.60, 0
HOLD 2026-07-30T05:42:49.928680 966, 247.23, 0
4, 195.65, 0
HOLD 2026-07-30T05:42:50.219644 966, 247.19, 0
4, 195.69, 0
HOLD 2026-07-30T05:42:50.539343 966, 247.21, 0
4, 195.66, 0
HOLD 2026-07-30T05:42:50.687695 966, 247.25, 0
4, 195.69, 0
HOLD 2026-07-30T05:42:50.831032 966, 247.23, 0
4, 195.66, 0
HOLD 2026-07-30T05:42:50.973057 966, 247.18, 0
4, 195.66, 0
HOLD 2026-07-30T05:42:51.272486 966, 247.21, 0
4, 195.66, 0
HOLD 2026-07-30T05:42:51.419959 966, 247.16, 0
4, 195.60, 0
HOLD 2026-07-30T05:42:51.777716 966, 247.14, 0
4, 195.60, 0
HOLD 2026-07-30T05:42:51.922962 966, 247.14, 0
4, 195.57, 0
HOLD 2026-07-30T05:42:52.061924 966, 247.23, 0
4, 195.58, 0
HOLD 2026-07-30T05:42:52.337665 966, 247.24, 0
4, 195.62, 0
HOLD 2026-07-30T05:42:52.481907 966, 247.24, 0
4, 195.65, 0
HOLD 2026-07-30T05:42:52.624419 966, 247.20, 0
4, 195.66, 0
HOLD 2026-07-30T05:42:52.903906 966, 247.19, 0
4, 195.68, 0
HOLD 2026-07-30T05:42:53.223231 966, 247.15, 0
4, 195.68, 0
HOLD 2026-07-30T05:42:53.366430 966, 247.16, 0
4, 195.64, 0
HOLD 2026-07-30T05:42:53.710459 966, 247.19, 0
4, 195.66, 0
HOLD 2026-07-30T05:42:53.856120 966, 247.18, 0
4, 195.64, 0
HOLD 2026-07-30T05:42:54.140420 966, 247.19, 0
4, 195.66, 0
HOLD 2026-07-30T05:42:54.417223 966, 247.19, 0
4, 195.67, 0
HOLD 2026-07-30T05:42:54.560503 966, 247.18, 0
4, 195.63, 0
HOLD 2026-07-30T05:42:54.884360 966, 247.21, 0
4, 195.61, 0
HOLD 2026-07-30T05:42:55.161521 966, 247.18, 0
4, 195.60, 0
HOLD 2026-07-30T05:42:55.312240 966, 247.18, 0
4, 195.61, 0
HOLD 2026-07-30T05:42:55.457002 966, 247.12, 0
4, 195.67, 0
HOLD 2026-07-30T05:42:55.743064 966, 247.14, 0
4, 195.68, 0
HOLD 2026-07-30T05:42:55.911827 966, 247.13, 0
4, 195.65, 0
HOLD 2026-07-30T05:42:56.143514 966, 247.12, 0
4, 195.64, 0
HOLD 2026-07-30T05:42:56.504692 966, 247.11, 0
4, 195.61, 0
HOLD 2026-07-30T05:42:56.785197 966, 247.05, 0
4, 195.61, 0
HOLD 2026-07-30T05:42:57.141993 966, 247.13, 0
4, 195.64, 0
HOLD 2026-07-30T05:42:57.484824 966, 247.12, 0
4, 195.63, 0
HOLD 2026-07-30T05:42:57.841619 966, 247.15, 0
4, 195.61, 0
HOLD 2026-07-30T05:42:57.983219 966, 247.23, 0
4, 195.60, 0
HOLD 2026-07-30T05:42:58.125423 966, 247.18, 0
4, 195.59, 0
HOLD 2026-07-30T05:42:58.448892 966, 247.21, 0
4, 195.60, 0
HOLD 2026-07-30T05:42:58.731103 966, 247.26, 0
4, 195.63, 0
HOLD 2026-07-30T05:42:58.879025 966, 247.26, 0
4, 195.65, 0
HOLD 2026-07-30T05:42:59.144434 966, 247.26, 0
4, 195.63, 0
HOLD 2026-07-30T05:42:59.443932 966, 247.23, 0
4, 195.65, 0
HOLD 2026-07-30T05:42:59.719114 966, 247.20, 0
4, 195.65, 0
HOLD 2026-07-30T05:42:59.994470 966, 247.20, 0
4, 195.65, 0
HOLD 2026-07-30T05:43:00.353566 966, 247.16, 0
4, 195.66, 0
HOLD 2026-07-30T05:43:00.631528 966, 247.18, 0
4, 195.64, 0
HOLD 2026-07-30T05:43:00.959782 966, 247.19, 0
4, 195.66, 0
HOLD 2026-07-30T05:43:01.324043 966, 247.20, 0
4, 195.60, 0
HOLD 2026-07-30T05:43:01.683911 966, 247.19, 0
4, 195.60, 0
HOLD 2026-07-30T05:43:01.828754 966, 247.18, 0
4, 195.61, 0
HOLD 2026-07-30T05:43:02.151896 966, 247.18, 0
4, 195.55, 0
HOLD 2026-07-30T05:43:02.296888 966, 247.18, 0
4, 195.58, 0
HOLD 2026-07-30T05:43:02.580513 966, 247.24, 0
4, 195.56, 0
HOLD 2026-07-30T05:43:02.858987 966, 247.22, 0
4, 195.54, 0
HOLD 2026-07-30T05:43:03.161716 966, 247.20, 0
4, 195.61, 0
HOLD 2026-07-30T05:43:03.323723 966, 247.19, 0
4, 195.60, 0
HOLD 2026-07-30T05:43:03.826099 966, 247.26, 0
4, 195.69, 0
HOLD 2026-07-30T05:43:04.155382 966, 247.27, 0
4, 195.65, 0
HOLD 2026-07-30T05:43:04.433420 966, 247.26, 0
4, 195.65, 0
HOLD 2026-07-30T05:43:04.598671 966, 247.20, 0
4, 195.56, 0
HOLD 2026-07-30T05:43:05.083979 966, 247.14, 0
4, 195.56, 0
HOLD 2026-07-30T05:43:05.419117 966, 247.14, 0
4, 195.54, 0
HOLD 2026-07-30T05:43:05.576473 966, 247.09, 0
4, 195.54, 0
HOLD 2026-07-30T05:43:05.845542 966, 247.11, 0
4, 195.60, 0
HOLD 2026-07-30T05:43:06.112202 966, 247.11, 0
4, 195.60, 0
HOLD 2026-07-30T05:43:06.452924 966, 247.14, 0
4, 195.62, 0
HOLD 2026-07-30T05:43:06.817746 966, 247.19, 0
4, 195.58, 0
HOLD 2026-07-30T05:43:07.122722 966, 247.16, 0
4, 195.56, 0
HOLD 2026-07-30T05:43:07.406800 966, 247.12, 0
4, 195.54, 0
HOLD 2026-07-30T05:43:07.557196 966, 247.11, 0
4, 195.55, 0
HOLD 2026-07-30T05:43:07.914613 966, 247.15, 0
4, 195.60, 0
HOLD 2026-07-30T05:43:08.194977 966, 247.16, 0
4, 195.60, 0
HOLD 2026-07-30T05:43:08.520215 966, 247.19, 0
4, 195.62, 0
HOLD 2026-07-30T05:43:08.830364 966, 247.16, 0
4, 195.62, 0
HOLD 2026-07-30T05:43:09.110703 966, 247.19, 0
4, 195.64, 0
HOLD 2026-07-30T05:43:09.471401 966, 247.20, 0
4, 195.60, 0
HOLD 2026-07-30T05:43:09.626198 966, 247.18, 0
4, 195.58, 0
HOLD 2026-07-30T05:43:09.769220 966, 247.16, 0
4, 195.58, 0
HOLD 2026-07-30T05:43:10.022024 966, 247.07, 0
4, 195.56, 0
HOLD 2026-07-30T05:43:10.308857 966, 247.01, 0
4, 195.51, 0
HOLD 2026-07-30T05:43:10.627457 966, 247.01, 0
4, 195.51, 0
HOLD 2026-07-30T05:43:10.786392 966, 247.10, 0
4, 195.45, 0
HOLD 2026-07-30T05:43:11.118729 966, 247.18, 0
4, 195.43, 0
HOLD 2026-07-30T05:43:11.394145 966, 247.18, 0
4, 195.44, 0
HOLD 2026-07-30T05:43:11.539826 966, 247.18, 0
4, 195.52, 0
HOLD 2026-07-30T05:43:11.899328 966, 247.21, 0
4, 195.60, 0
HOLD 2026-07-30T05:43:12.238248 966, 247.19, 0
4, 195.63, 0
HOLD 2026-07-30T05:43:12.572848 966, 247.18, 0
4, 195.60, 0
HOLD 2026-07-30T05:43:12.725349 966, 247.21, 0
4, 195.59, 0
HOLD 2026-07-30T05:43:12.868447 966, 247.16, 0
4, 195.56, 0
HOLD 2026-07-30T05:43:13.019192 966, 247.16, 0
4, 195.54, 0
HOLD 2026-07-30T05:43:13.323761 966, 247.11, 0
4, 195.63, 0
HOLD 2026-07-30T05:43:13.653352 966, 247.12, 0
4, 195.67, 0
HOLD 2026-07-30T05:43:13.806337 966, 247.07, 0
4, 195.72, 0
HOLD 2026-07-30T05:43:14.076640 966, 247.09, 0
4, 195.71, 0
HOLD 2026-07-30T05:43:14.223006 966, 247.03, 0
4, 195.64, 0
HOLD 2026-07-30T05:43:14.509650 966, 247.04, 0
4, 195.66, 0
HOLD 2026-07-30T05:43:14.673423 966, 246.96, 0
4, 195.66, 0
HOLD 2026-07-30T05:43:14.971991 966, 246.94, 0
4, 195.66, 0
HOLD 2026-07-30T05:43:15.121080 966, 246.98, 0
4, 195.69, 0
HOLD 2026-07-30T05:43:15.426482 966, 247.00, 0
4, 195.73, 0
HOLD 2026-07-30T05:43:15.751598 966, 247.01, 0
4, 195.71, 0
HOLD 2026-07-30T05:43:15.906093 966, 247.06, 0
4, 195.67, 0
HOLD 2026-07-30T05:43:16.051102 966, 247.07, 0
4, 195.70, 0
HOLD 2026-07-30T05:43:16.196822 966, 247.07, 0
4, 195.67, 0
HOLD 2026-07-30T05:43:16.340224 966, 247.09, 0
4, 195.65, 0
HOLD 2026-07-30T05:43:16.618405 966, 247.11, 0
4, 195.63, 0
HOLD 2026-07-30T05:43:16.761407 966, 247.18, 0
4, 195.63, 0
HOLD 2026-07-30T05:43:17.237995 966, 247.15, 0
4, 195.59, 0
HOLD 2026-07-30T05:43:17.380502 966, 247.18, 0
4, 195.51, 0
HOLD 2026-07-30T05:43:17.711500 966, 247.14, 0
4, 195.63, 0
HOLD 2026-07-30T05:43:18.010296 966, 247.11, 0
4, 195.62, 0
HOLD 2026-07-30T05:43:18.156327 966, 247.12, 0
4, 195.70, 0
HOLD 2026-07-30T05:43:18.645029 966, 247.07, 0
4, 195.73, 0
HOLD 2026-07-30T05:43:18.925309 966, 247.06, 0
4, 195.73, 0
HOLD 2026-07-30T05:43:19.076019 966, 247.06, 0
4, 195.75, 0
HOLD 2026-07-30T05:43:19.222300 966, 247.06, 0
4, 195.70, 0
HOLD 2026-07-30T05:43:19.474603 966, 247.06, 0
4, 195.74, 0
HOLD 2026-07-30T05:43:19.826660 966, 247.10, 0
4, 195.72, 0
HOLD 2026-07-30T05:43:19.971198 966, 247.11, 0
4, 195.72, 0
HOLD 2026-07-30T05:43:20.119081 966, 247.17, 0
4, 195.71, 0
HOLD 2026-07-30T05:43:20.420324 966, 247.12, 0
4, 195.72, 0
HOLD 2026-07-30T05:43:20.568649 966, 247.20, 0
4, 195.62, 0
HOLD 2026-07-30T05:43:20.843271 966, 247.12, 0
4, 195.60, 0
HOLD 2026-07-30T05:43:21.209824 966, 247.16, 0
4, 195.65, 0
HOLD 2026-07-30T05:43:21.523877 966, 247.14, 0
4, 195.65, 0
HOLD 2026-07-30T05:43:21.859225 966, 247.15, 0
4, 195.64, 0
HOLD 2026-07-30T05:43:22.369835 966, 247.18, 0
4, 195.64, 0
HOLD 2026-07-30T05:43:22.531487 966, 247.13, 0
4, 195.68, 0
HOLD 2026-07-30T05:43:22.683568 966, 247.10, 0
4, 195.72, 0
HOLD 2026-07-30T05:43:22.989090 966, 247.09, 0
4, 195.75, 0
HOLD 2026-07-30T05:43:23.133821 966, 247.09, 0
4, 195.72, 0
HOLD 2026-07-30T05:43:23.276621 966, 247.11, 0
4, 195.73, 0
HOLD 2026-07-30T05:43:23.420610 966, 247.17, 0
4, 195.75, 0
HOLD 2026-07-30T05:43:23.952125 966, 247.23, 0
4, 195.75, 0
HOLD 2026-07-30T05:43:24.261572 966, 247.24, 0
4, 195.80, 0
HOLD 2026-07-30T05:43:24.582826 966, 247.25, 0
4, 195.76, 0
HOLD 2026-07-30T05:43:24.738072 966, 247.21, 0
4, 195.74, 0
HOLD 2026-07-30T05:43:24.885694 966, 247.17, 0
4, 195.71, 0
HOLD 2026-07-30T05:43:25.201453 966, 247.07, 0
4, 195.64, 0
HOLD 2026-07-30T05:43:25.564530 966, 247.11, 0
4, 195.63, 0
HOLD 2026-07-30T05:43:25.718277 966, 247.15, 0
4, 195.64, 0
HOLD 2026-07-30T05:43:26.066197 966, 247.12, 0
4, 195.66, 0
HOLD 2026-07-30T05:43:26.218554 966, 247.16, 0
4, 195.65, 0
HOLD 2026-07-30T05:43:26.360467 966, 247.18, 0
4, 195.70, 0
HOLD 2026-07-30T05:43:26.638083 966, 247.16, 0
4, 195.66, 0
HOLD 2026-07-30T05:43:26.781869 966, 247.20, 0
4, 195.66, 0
HOLD 2026-07-30T05:43:27.050123 966, 247.21, 0
4, 195.64, 0
HOLD 2026-07-30T05:43:27.198506 966, 247.17, 0
4, 195.70, 0
HOLD 2026-07-30T05:43:27.454321 966, 247.21, 0
4, 195.66, 0
HOLD 2026-07-30T05:43:27.609129 966, 247.23, 0
4, 195.64, 0
HOLD 2026-07-30T05:43:27.753616 966, 247.21, 0
4, 195.69, 0
HOLD 2026-07-30T05:43:27.903540 966, 247.17, 0
4, 195.70, 0
HOLD 2026-07-30T05:43:28.052765 966, 247.18, 0
4, 195.71, 0
HOLD 2026-07-30T05:43:28.207563 966, 247.18, 0
4, 195.71, 0
HOLD 2026-07-30T05:43:28.356164 966, 247.14, 0
4, 195.67, 0
HOLD 2026-07-30T05:43:28.505206 966, 247.10, 0
4, 195.69, 0
HOLD 2026-07-30T05:43:28.651508 966, 247.15, 0
4, 195.67, 0
HOLD 2026-07-30T05:43:28.799798 966, 247.17, 0
4, 195.67, 0
HOLD 2026-07-30T05:43:28.942143 966, 247.17, 0
4, 195.62, 0
HOLD 2026-07-30T05:43:29.121438 966, 247.23, 0
4, 195.58, 0
HOLD 2026-07-30T05:43:29.418650 966, 247.22, 0
4, 195.57, 0
HOLD 2026-07-30T05:43:29.561908 966, 247.21, 0
4, 195.54, 0
HOLD 2026-07-30T05:43:29.724343 966, 247.21, 0
4, 195.55, 0
HOLD 2026-07-30T05:43:29.880427 966, 247.24, 0
4, 195.57, 0
HOLD 2026-07-30T05:43:30.024391 966, 247.23, 0
4, 195.56, 0
HOLD 2026-07-30T05:43:30.165648 966, 247.23, 0
4, 195.57, 0
HOLD 2026-07-30T05:43:30.334336 966, 247.23, 0
4, 195.62, 0
HOLD 2026-07-30T05:43:30.476947 966, 247.26, 0
4, 195.67, 0
HOLD 2026-07-30T05:43:30.621837 966, 247.16, 0
4, 195.68, 0
HOLD 2026-07-30T05:43:30.901054 966, 247.12, 0
4, 195.66, 0
HOLD 2026-07-30T05:43:31.052731 966, 247.07, 0
4, 195.64, 0
HOLD 2026-07-30T05:43:31.334480 966, 247.10, 0
4, 195.60, 0
HOLD 2026-07-30T05:43:31.480721 966, 247.12, 0
4, 195.60, 0
HOLD 2026-07-30T05:43:31.836143 966, 247.11, 0
4, 195.59, 0
HOLD 2026-07-30T05:43:31.981340 966, 247.15, 0
4, 195.65, 0
HOLD 2026-07-30T05:43:32.125345 966, 247.17, 0
4, 195.65, 0
HOLD 2026-07-30T05:43:32.267564 966, 247.18, 0
4, 195.66, 0
HOLD 2026-07-30T05:43:32.414954 966, 247.16, 0
4, 195.67, 0
HOLD 2026-07-30T05:43:32.558125 966, 247.16, 0
4, 195.75, 0
HOLD 2026-07-30T05:43:32.727188 966, 247.18, 0
4, 195.77, 0
HOLD 2026-07-30T05:43:32.869837 966, 247.20, 0
4, 195.78, 0
HOLD 2026-07-30T05:43:33.015673 966, 247.16, 0
4, 195.75, 0
HOLD 2026-07-30T05:43:33.155775 966, 247.16, 0
4, 195.80, 0
HOLD 2026-07-30T05:43:33.305860 966, 247.10, 0
4, 195.79, 0
HOLD 2026-07-30T05:43:33.453101 966, 247.13, 0
4, 195.67, 0
HOLD 2026-07-30T05:43:33.782757 966, 247.16, 0
4, 195.71, 0
HOLD 2026-07-30T05:43:33.926866 966, 247.14, 0
4, 195.70, 0
HOLD 2026-07-30T05:43:34.069939 966, 247.11, 0
4, 195.68, 0
HOLD 2026-07-30T05:43:34.219927 966, 247.15, 0
4, 195.62, 0
HOLD 2026-07-30T05:43:34.519512 966, 247.11, 0
4, 195.61, 0
HOLD 2026-07-30T05:43:34.664877 966, 247.12, 0
4, 195.61, 0
HOLD 2026-07-30T05:43:34.824025 966, 247.10, 0
4, 195.57, 0
HOLD 2026-07-30T05:43:34.970612 966, 247.10, 0
4, 195.56, 0
HOLD 2026-07-30T05:43:35.125517 966, 247.20, 0
4, 195.55, 0
HOLD 2026-07-30T05:43:35.273041 966, 247.19, 0
4, 195.54, 0
HOLD 2026-07-30T05:43:35.421592 966, 247.21, 0
4, 195.52, 0
HOLD 2026-07-30T05:43:35.752389 966, 247.22, 0
4, 195.56, 0
HOLD 2026-07-30T05:43:35.911447 966, 247.19, 0
4, 195.56, 0
HOLD 2026-07-30T05:43:36.056243 966, 247.12, 0
4, 195.53, 0
HOLD 2026-07-30T05:43:36.336585 966, 247.16, 0
4, 195.58, 0
HOLD 2026-07-30T05:43:36.483475 966, 247.16, 0
4, 195.60, 0
HOLD 2026-07-30T05:43:36.628298 966, 247.15, 0
4, 195.66, 0
HOLD 2026-07-30T05:43:36.937625 966, 247.19, 0
4, 195.66, 0
HOLD 2026-07-30T05:43:37.079633 966, 247.12, 0
4, 195.74, 0
HOLD 2026-07-30T05:43:37.354727 966, 247.10, 0
4, 195.73, 0
HOLD 2026-07-30T05:43:37.510772 966, 247.06, 0
4, 195.73, 0
HOLD 2026-07-30T05:43:37.653032 966, 247.05, 0
4, 195.71, 0
HOLD 2026-07-30T05:43:37.800920 966, 247.09, 0
4, 195.69, 0
HOLD 2026-07-30T05:43:37.942269 966, 247.07, 0
4, 195.69, 0
HOLD 2026-07-30T05:43:38.106890 966, 247.15, 0
4, 195.70, 0
HOLD 2026-07-30T05:43:38.389043 966, 247.17, 0
4, 195.69, 0
HOLD 2026-07-30T05:43:38.537538 966, 247.24, 0
4, 195.64, 0
HOLD 2026-07-30T05:43:38.823896 966, 247.24, 0
4, 195.66, 0
HOLD 2026-07-30T05:43:38.967326 966, 247.17, 0
4, 195.69, 0
HOLD 2026-07-30T05:43:39.253666 966, 247.08, 0
4, 195.70, 0
HOLD 2026-07-30T05:43:39.515791 966, 247.07, 0
4, 195.70, 0
HOLD 2026-07-30T05:43:39.666884 966, 247.02, 0
4, 195.67, 0
HOLD 2026-07-30T05:43:40.022795 966, 247.05, 0
4, 195.66, 0
HOLD 2026-07-30T05:43:40.163994 966, 247.04, 0
4, 195.61, 0
HOLD 2026-07-30T05:43:40.336763 966, 247.11, 0
4, 195.61, 0
HOLD 2026-07-30T05:43:40.479869 966, 247.10, 0
4, 195.60, 0
HOLD 2026-07-30T05:43:40.780197 966, 247.15, 0
4, 195.60, 0
HOLD 2026-07-30T05:43:40.945645 966, 247.18, 0
4, 195.66, 0
HOLD 2026-07-30T05:43:41.231952 966, 247.11, 0
4, 195.65, 0
HOLD 2026-07-30T05:43:41.524201 966, 247.10, 0
4, 195.66, 0
HOLD 2026-07-30T05:43:41.674111 966, 247.10, 0
4, 195.74, 0
HOLD 2026-07-30T05:43:41.820692 966, 247.01, 0
4, 195.74, 0
HOLD 2026-07-30T05:43:42.117522 966, 247.02, 0
4, 195.74, 0
HOLD 2026-07-30T05:43:42.264448 966, 247.05, 0
4, 195.68, 0
HOLD 2026-07-30T05:43:42.560096 966, 247.06, 0
4, 195.66, 0
HOLD 2026-07-30T05:43:42.715489 966, 247.04, 0
4, 195.56, 0
HOLD 2026-07-30T05:43:43.011561 966, 247.04, 0
4, 195.53, 0
HOLD 2026-07-30T05:43:43.433274 966, 247.07, 0
4, 195.62, 0
HOLD 2026-07-30T05:43:43.752183 966, 247.15, 0
4, 195.62, 0
HOLD 2026-07-30T05:43:44.104434 966, 247.10, 0
4, 195.65, 0
HOLD 2026-07-30T05:43:44.445699 966, 247.08, 0
4, 195.57, 0
HOLD 2026-07-30T05:43:44.593193 966, 247.07, 0
4, 195.55, 0
HOLD 2026-07-30T05:43:44.735887 966, 247.04, 0
4, 195.60, 0
HOLD 2026-07-30T05:43:45.025645 966, 247.07, 0
4, 195.57, 0
HOLD 2026-07-30T05:43:45.171329 966, 247.12, 0
4, 195.55, 0
HOLD 2026-07-30T05:43:45.320620 966, 247.12, 0
4, 195.55, 0
HOLD 2026-07-30T05:43:45.658749 966, 247.12, 0
4, 195.54, 0
HOLD 2026-07-30T05:43:45.924888 966, 247.10, 0
4, 195.59, 0
HOLD 2026-07-30T05:43:46.109319 966, 247.12, 0
4, 195.66, 0
HOLD 2026-07-30T05:43:46.420189 966, 247.11, 0
4, 195.71, 0
HOLD 2026-07-30T05:43:46.696929 966, 247.12, 0
4, 195.73, 0
HOLD 2026-07-30T05:43:46.992875 966, 247.12, 0
4, 195.70, 0
HOLD 2026-07-30T05:43:47.334114 966, 247.14, 0
4, 195.68, 0
HOLD 2026-07-30T05:43:47.500256 966, 247.07, 0
4, 195.65, 0
HOLD 2026-07-30T05:43:47.861544 966, 247.10, 0
4, 195.62, 0
HOLD 2026-07-30T05:43:48.016111 966, 247.09, 0
4, 195.57, 0
HOLD 2026-07-30T05:43:48.307688 966, 247.01, 0
4, 195.54, 0
HOLD 2026-07-30T05:43:48.455520 966, 247.01, 0
4, 195.56, 0
HOLD 2026-07-30T05:43:48.735538 966, 247.06, 0
4, 195.60, 0
HOLD 2026-07-30T05:43:48.877588 966, 247.07, 0
4, 195.64, 0
HOLD 2026-07-30T05:43:49.025185 966, 247.01, 0
4, 195.65, 0
HOLD 2026-07-30T05:43:49.167064 966, 247.03, 0
4, 195.71, 0
HOLD 2026-07-30T05:43:49.316425 966, 247.12, 0
4, 195.67, 0
HOLD 2026-07-30T05:43:49.676008 966, 247.14, 0
4, 195.67, 0
HOLD 2026-07-30T05:43:49.855451 966, 247.12, 0
4, 195.64, 0
HOLD 2026-07-30T05:43:50.077984 966, 247.15, 0
4, 195.58, 0
HOLD 2026-07-30T05:43:50.225993 966, 247.14, 0
4, 195.56, 0
HOLD 2026-07-30T05:43:50.542729 966, 247.12, 0
4, 195.52, 0
HOLD 2026-07-30T05:43:50.854228 966, 247.11, 0
4, 195.53, 0
HOLD 2026-07-30T05:43:51.021244 966, 247.06, 0
4, 195.56, 0
HOLD 2026-07-30T05:43:51.166942 966, 247.05, 0
4, 195.64, 0
HOLD 2026-07-30T05:43:51.377863 966, 247.06, 0
4, 195.65, 0
HOLD 2026-07-30T05:43:51.587058 966, 247.06, 0
4, 195.63, 0
HOLD 2026-07-30T05:43:51.731393 966, 247.03, 0
4, 195.61, 0
HOLD 2026-07-30T05:43:52.020423 966, 247.10, 0
4, 195.59, 0
HOLD 2026-07-30T05:43:52.164196 966, 247.12, 0
4, 195.51, 0
HOLD 2026-07-30T05:43:52.313540 966, 247.12, 0
4, 195.52, 0
HOLD 2026-07-30T05:43:52.457820 966, 247.13, 0
4, 195.51, 0
HOLD 2026-07-30T05:43:52.607807 966, 247.15, 0
4, 195.49, 0
HOLD 2026-07-30T05:43:52.752732 966, 247.21, 0
4, 195.55, 0
HOLD 2026-07-30T05:43:53.029313 966, 247.19, 0
4, 195.55, 0
HOLD 2026-07-30T05:43:53.171357 966, 247.18, 0
4, 195.58, 0
HOLD 2026-07-30T05:43:53.454809 966, 247.21, 0
4, 195.63, 0
HOLD 2026-07-30T05:43:53.603854 966, 247.20, 0
4, 195.63, 0
HOLD 2026-07-30T05:43:53.749856 966, 247.21, 0
4, 195.62, 0
HOLD 2026-07-30T05:43:54.109071 966, 247.18, 0
4, 195.62, 0
HOLD 2026-07-30T05:43:54.254639 966, 247.18, 0
4, 195.66, 0
HOLD 2026-07-30T05:43:54.412494 966, 247.14, 0
4, 195.65, 0
HOLD 2026-07-30T05:43:54.554299 966, 247.14, 0
4, 195.61, 0
HOLD 2026-07-30T05:43:54.858205 966, 247.14, 0
4, 195.54, 0
HOLD 2026-07-30T05:43:55.002199 966, 247.09, 0
4, 195.53, 0
HOLD 2026-07-30T05:43:55.154041 966, 247.11, 0
4, 195.49, 0
HOLD 2026-07-30T05:43:55.452200 966, 247.12, 0
4, 195.47, 0
HOLD 2026-07-30T05:43:55.605411 966, 247.09, 0
4, 195.48, 0
HOLD 2026-07-30T05:43:55.903450 966, 247.09, 0
4, 195.51, 0
HOLD 2026-07-30T05:43:56.077688 966, 247.06, 0
4, 195.51, 0
HOLD 2026-07-30T05:43:56.343953 966, 247.10, 0
4, 195.53, 0
HOLD 2026-07-30T05:43:56.701612 966, 247.19, 0
4, 195.62, 0
HOLD 2026-07-30T05:43:56.855480 966, 247.19, 0
4, 195.55, 0
HOLD 2026-07-30T05:43:57.005286 966, 247.16, 0
4, 195.52, 0
HOLD 2026-07-30T05:43:57.151281 966, 247.23, 0
4, 195.48, 0
HOLD 2026-07-30T05:43:57.434718 966, 247.29, 0
4, 195.46, 0
HOLD 2026-07-30T05:43:57.575344 966, 247.27, 0
4, 195.45, 0
HOLD 2026-07-30T05:43:57.723050 966, 247.29, 0
4, 195.47, 0
HOLD 2026-07-30T05:43:58.018426 966, 247.24, 0
4, 195.50, 0
HOLD 2026-07-30T05:43:58.164997 966, 247.25, 0
4, 195.51, 0
HOLD 2026-07-30T05:43:58.317426 966, 247.22, 0
4, 195.56, 0
HOLD 2026-07-30T05:43:58.459542 966, 247.15, 0
4, 195.56, 0
HOLD 2026-07-30T05:43:58.757083 966, 247.16, 0
4, 195.55, 0
HOLD 2026-07-30T05:43:58.905186 966, 247.15, 0
4, 195.54, 0
HOLD 2026-07-30T05:43:59.217657 966, 247.11, 0
4, 195.54, 0
HOLD 2026-07-30T05:43:59.359030 966, 247.10, 0
4, 195.47, 0
HOLD 2026-07-30T05:43:59.508966 966, 247.11, 0
4, 195.45, 0
HOLD 2026-07-30T05:43:59.651471 966, 247.00, 0
4, 195.45, 0
HOLD 2026-07-30T05:44:00.019554 966, 247.06, 0
4, 195.44, 0
HOLD 2026-07-30T05:44:00.160835 966, 247.09, 0
4, 195.48, 0
HOLD 2026-07-30T05:44:00.310009 966, 247.12, 0
4, 195.51, 0
HOLD 2026-07-30T05:44:00.451702 966, 247.11, 0
4, 195.49, 0
HOLD 2026-07-30T05:44:00.595814 966, 247.14, 0
4, 195.44, 0
HOLD 2026-07-30T05:44:00.838400 966, 247.09, 0
4, 195.38, 0
HOLD 2026-07-30T05:44:01.175503 966, 247.07, 0
4, 195.41, 0
HOLD 2026-07-30T05:44:01.339978 966, 247.06, 0
4, 195.41, 0
HOLD 2026-07-30T05:44:01.639736 966, 247.05, 0
4, 195.43, 0
HOLD 2026-07-30T05:44:01.778487 966, 247.15, 0
4, 195.49, 0
HOLD 2026-07-30T05:44:02.085843 966, 247.16, 0
4, 195.44, 0
HOLD 2026-07-30T05:44:02.234926 966, 247.14, 0
4, 195.42, 0
HOLD 2026-07-30T05:44:02.377136 966, 247.12, 0
4, 195.44, 0
HOLD 2026-07-30T05:44:02.697885 966, 247.14, 0
4, 195.43, 0
HOLD 2026-07-30T05:44:02.843145 966, 247.14, 0
4, 195.43, 0
HOLD 2026-07-30T05:44:02.983971 966, 247.10, 0
4, 195.60, 0
HOLD 2026-07-30T05:44:03.310202 966, 247.11, 0
4, 195.59, 0
HOLD 2026-07-30T05:44:03.615599 966, 247.04, 0
4, 195.61, 0
HOLD 2026-07-30T05:44:03.936530 966, 246.98, 0
4, 195.57, 0
HOLD 2026-07-30T05:44:04.077336 966, 247.02, 0
4, 195.57, 0
HOLD 2026-07-30T05:44:04.681465 966, 247.01, 0
4, 195.57, 0
HOLD 2026-07-30T05:44:04.824460 966, 247.11, 0
4, 195.59, 0
HOLD 2026-07-30T05:44:05.110485 966, 247.06, 0
4, 195.61, 0
HOLD 2026-07-30T05:44:05.431478 966, 247.09, 0
4, 195.46, 0
HOLD 2026-07-30T05:44:05.730142 966, 247.09, 0
4, 195.46, 0
HOLD 2026-07-30T05:44:05.874536 966, 247.05, 0
4, 195.51, 0
HOLD 2026-07-30T05:44:06.168808 966, 247.06, 0
4, 195.51, 0
HOLD 2026-07-30T05:44:06.664134 966, 247.06, 0
4, 195.51, 0
HOLD 2026-07-30T05:44:06.815845 966, 247.08, 0
4, 195.48, 0
HOLD 2026-07-30T05:44:07.168114 966, 247.04, 0
4, 195.50, 0
HOLD 2026-07-30T05:44:07.522164 966, 247.01, 0
4, 195.52, 0
HOLD 2026-07-30T05:44:07.826968 966, 247.05, 0
4, 195.52, 0
HOLD 2026-07-30T05:44:07.969889 966, 247.02, 0
4, 195.46, 0
HOLD 2026-07-30T05:44:08.250395 966, 247.07, 0
4, 195.50, 0
HOLD 2026-07-30T05:44:08.406091 966, 247.05, 0
4, 195.43, 0
HOLD 2026-07-30T05:44:08.713144 966, 247.06, 0
4, 195.44, 0
HOLD 2026-07-30T05:44:08.860648 966, 247.07, 0
4, 195.52, 0
HOLD 2026-07-30T05:44:09.012430 966, 247.11, 0
4, 195.47, 0
HOLD 2026-07-30T05:44:09.304366 966, 247.15, 0
4, 195.48, 0
HOLD 2026-07-30T05:44:09.618918 966, 247.15, 0
4, 195.42, 0
HOLD 2026-07-30T05:44:09.761584 966, 247.18, 0
4, 195.42, 0
HOLD 2026-07-30T05:44:10.072758 966, 247.16, 0
4, 195.49, 0
HOLD 2026-07-30T05:44:10.371649 966, 247.06, 0
4, 195.48, 0
HOLD 2026-07-30T05:44:10.740547 966, 247.04, 0
4, 195.48, 0
HOLD 2026-07-30T05:44:10.881226 966, 246.99, 0
4, 195.43, 0
HOLD 2026-07-30T05:44:11.203600 966, 246.97, 0
4, 195.40, 0
HOLD 2026-07-30T05:44:11.357072 966, 247.00, 0
4, 195.35, 0
HOLD 2026-07-30T05:44:11.656952 966, 247.03, 0
4, 195.34, 0
HOLD 2026-07-30T05:44:11.983328 966, 247.10, 0
4, 195.38, 0
HOLD 2026-07-30T05:44:12.128347 966, 247.21, 0
4, 195.41, 0
HOLD 2026-07-30T05:44:12.460750 966, 247.19, 0
4, 195.43, 0
HOLD 2026-07-30T05:44:12.610570 966, 247.17, 0
4, 195.46, 0
HOLD 2026-07-30T05:44:12.867210 966, 247.11, 0
4, 195.44, 0
HOLD 2026-07-30T05:44:13.352312 966, 247.05, 0
4, 195.46, 0
HOLD 2026-07-30T05:44:13.501211 966, 247.09, 0
4, 195.51, 0
HOLD 2026-07-30T05:44:13.657617 966, 247.09, 0
4, 195.49, 0
HOLD 2026-07-30T05:44:13.928855 966, 247.02, 0
4, 195.49, 0
HOLD 2026-07-30T05:44:14.312923 966, 247.01, 0
4, 195.47, 0
HOLD 2026-07-30T05:44:14.460306 966, 247.01, 0
4, 195.50, 0
HOLD 2026-07-30T05:44:14.615191 966, 247.00, 0
4, 195.53, 0
HOLD 2026-07-30T05:44:14.882791 966, 247.03, 0
4, 195.49, 0
HOLD 2026-07-30T05:44:15.217559 966, 247.03, 0
4, 195.52, 0
HOLD 2026-07-30T05:44:15.366698 966, 247.07, 0
4, 195.58, 0
HOLD 2026-07-30T05:44:15.519949 966, 247.08, 0
4, 195.56, 0
HOLD 2026-07-30T05:44:15.766952 966, 247.14, 0
4, 195.54, 0
HOLD 2026-07-30T05:44:16.097121 966, 247.13, 0
4, 195.55, 0
HOLD 2026-07-30T05:44:16.238945 966, 247.17, 0
4, 195.46, 0
HOLD 2026-07-30T05:44:16.536008 966, 247.06, 0
4, 195.47, 0
HOLD 2026-07-30T05:44:16.896817 966, 247.09, 0
4, 195.44, 0
HOLD 2026-07-30T05:44:17.040532 966, 247.07, 0
4, 195.41, 0
HOLD 2026-07-30T05:44:17.191299 966, 247.06, 0
4, 195.42, 0
HOLD 2026-07-30T05:44:17.333525 966, 247.06, 0
4, 195.44, 0
HOLD 2026-07-30T05:44:17.655765 966, 247.18, 0
4, 195.43, 0
HOLD 2026-07-30T05:44:18.009160 966, 247.20, 0
4, 195.50, 0
HOLD 2026-07-30T05:44:18.155357 966, 247.18, 0
4, 195.50, 0
HOLD 2026-07-30T05:44:18.301284 966, 247.18, 0
4, 195.55, 0
HOLD 2026-07-30T05:44:18.548299 966, 247.15, 0
4, 195.58, 0
HOLD 2026-07-30T05:44:18.693332 966, 247.01, 0
4, 195.55, 0
HOLD 2026-07-30T05:44:18.992304 966, 246.97, 0
4, 195.54, 0
HOLD 2026-07-30T05:44:19.136720 966, 246.96, 0
4, 195.51, 0
HOLD 2026-07-30T05:44:19.277479 966, 246.96, 0
4, 195.47, 0
HOLD 2026-07-30T05:44:19.421218 966, 246.93, 0
4, 195.48, 0
HOLD 2026-07-30T05:44:19.563494 966, 246.98, 0
4, 195.48, 0
HOLD 2026-07-30T05:44:19.922009 966, 247.10, 0
4, 195.47, 0
HOLD 2026-07-30T05:44:20.066315 966, 247.09, 0
4, 195.46, 0
HOLD 2026-07-30T05:44:20.450423 966, 247.12, 0
4, 195.47, 0
HOLD 2026-07-30T05:44:20.604922 966, 247.13, 0
4, 195.45, 0
HOLD 2026-07-30T05:44:20.751301 966, 247.02, 0
4, 195.45, 0
HOLD 2026-07-30T05:44:21.031963 966, 247.01, 0
4, 195.43, 0
HOLD 2026-07-30T05:44:21.174819 966, 247.06, 0
4, 195.44, 0
HOLD 2026-07-30T05:44:21.321667 966, 247.09, 0
4, 195.37, 0
HOLD 2026-07-30T05:44:21.578717 966, 247.11, 0
4, 195.47, 0
HOLD 2026-07-30T05:44:21.846683 966, 247.18, 0
4, 195.43, 0
HOLD 2026-07-30T05:44:21.985640 966, 247.16, 0
4, 195.49, 0
HOLD 2026-07-30T05:44:22.554669 966, 247.18, 0
4, 195.46, 0
HOLD 2026-07-30T05:44:22.708072 966, 247.19, 0
4, 195.39, 0
HOLD 2026-07-30T05:44:22.867478 966, 247.15, 0
4, 195.40, 0
HOLD 2026-07-30T05:44:23.156973 966, 247.09, 0
4, 195.37, 0
HOLD 2026-07-30T05:44:23.484558 966, 247.06, 0
4, 195.43, 0
HOLD 2026-07-30T05:44:23.766578 966, 247.02, 0
4, 195.43, 0
HOLD 2026-07-30T05:44:23.916914 966, 246.97, 0
4, 195.48, 0
HOLD 2026-07-30T05:44:24.061261 966, 246.98, 0
4, 195.48, 0
HOLD 2026-07-30T05:44:24.212193 966, 246.98, 0
4, 195.50, 0
HOLD 2026-07-30T05:44:24.356196 966, 247.01, 0
4, 195.51, 0
HOLD 2026-07-30T05:44:24.709454 966, 246.98, 0
4, 195.57, 0
HOLD 2026-07-30T05:44:24.854941 966, 247.03, 0
4, 195.61, 0
HOLD 2026-07-30T05:44:25.126711 966, 247.02, 0
4, 195.59, 0
HOLD 2026-07-30T05:44:25.267690 966, 246.94, 0
4, 195.59, 0
HOLD 2026-07-30T05:44:25.556095 966, 246.94, 0
4, 195.59, 0
HOLD 2026-07-30T05:44:25.719992 966, 246.96, 0
4, 195.55, 0
HOLD 2026-07-30T05:44:25.981771 966, 246.97, 0
4, 195.53, 0
HOLD 2026-07-30T05:44:26.127736 966, 246.99, 0
4, 195.54, 0
HOLD 2026-07-30T05:44:26.270301 966, 247.07, 0
4, 195.49, 0
HOLD 2026-07-30T05:44:26.421859 966, 247.19, 0
4, 195.45, 0
HOLD 2026-07-30T05:44:26.564132 966, 247.11, 0
4, 195.43, 0
HOLD 2026-07-30T05:44:26.866224 966, 247.12, 0
4, 195.41, 0
HOLD 2026-07-30T05:44:27.018480 966, 247.12, 0
4, 195.42, 0
HOLD 2026-07-30T05:44:27.159296 966, 247.11, 0
4, 195.43, 0
HOLD 2026-07-30T05:44:27.310075 966, 247.05, 0
4, 195.47, 0
HOLD 2026-07-30T05:44:27.453193 966, 247.10, 0
4, 195.52, 0
HOLD 2026-07-30T05:44:27.727384 966, 247.14, 0
4, 195.51, 0
HOLD 2026-07-30T05:44:27.871223 966, 247.16, 0
4, 195.56, 0
HOLD 2026-07-30T05:44:28.043731 966, 247.18, 0
4, 195.58, 0
HOLD 2026-07-30T05:44:28.348062 966, 247.19, 0
4, 195.54, 0
HOLD 2026-07-30T05:44:28.489084 966, 247.04, 0
4, 195.46, 0
HOLD 2026-07-30T05:44:28.777809 966, 247.08, 0
4, 195.42, 0
HOLD 2026-07-30T05:44:28.923082 966, 247.04, 0
4, 195.39, 0
HOLD 2026-07-30T05:44:29.207248 966, 247.07, 0
4, 195.38, 0
HOLD 2026-07-30T05:44:29.351584 966, 247.05, 0
4, 195.36, 0
HOLD 2026-07-30T05:44:29.498719 966, 247.15, 0
4, 195.49, 0
HOLD 2026-07-30T05:44:29.775476 966, 247.12, 0
4, 195.52, 0
HOLD 2026-07-30T05:44:30.041596 966, 247.09, 0
4, 195.58, 0
HOLD 2026-07-30T05:44:30.322053 966, 247.12, 0
4, 195.62, 0
HOLD 2026-07-30T05:44:30.674815 966, 247.14, 0
4, 195.62, 0
HOLD 2026-07-30T05:44:30.825048 966, 247.22, 0
4, 195.60, 0
HOLD 2026-07-30T05:44:30.979076 966, 247.21, 0
4, 195.55, 0
HOLD 2026-07-30T05:44:31.317453 966, 247.14, 0
4, 195.55, 0
HOLD 2026-07-30T05:44:31.461739 966, 247.12, 0
4, 195.51, 0
HOLD 2026-07-30T05:44:31.773204 966, 247.11, 0
4, 195.52, 0
HOLD 2026-07-30T05:44:31.921386 966, 247.10, 0
4, 195.56, 0
HOLD 2026-07-30T05:44:32.186161 966, 247.10, 0
4, 195.54, 0
HOLD 2026-07-30T05:44:32.327250 966, 247.07, 0
4, 195.54, 0
HOLD 2026-07-30T05:44:32.619417 966, 247.10, 0
4, 195.56, 0
HOLD 2026-07-30T05:44:32.766047 966, 247.03, 0
4, 195.58, 0
HOLD 2026-07-30T05:44:33.043987 966, 247.02, 0
4, 195.57, 0
HOLD 2026-07-30T05:44:33.189037 966, 247.05, 0
4, 195.60, 0
HOLD 2026-07-30T05:44:33.363739 966, 247.07, 0
4, 195.57, 0
HOLD 2026-07-30T05:44:33.631679 966, 247.05, 0
4, 195.59, 0
HOLD 2026-07-30T05:44:33.776617 966, 247.12, 0
4, 195.54, 0
HOLD 2026-07-30T05:44:33.922947 966, 247.10, 0
4, 195.49, 0
HOLD 2026-07-30T05:44:34.065315 966, 247.10, 0
4, 195.50, 0
HOLD 2026-07-30T05:44:34.396359 966, 247.13, 0
4, 195.53, 0
HOLD 2026-07-30T05:44:34.543521 966, 247.06, 0
4, 195.50, 0
HOLD 2026-07-30T05:44:34.683520 966, 247.10, 0
4, 195.57, 0
HOLD 2026-07-30T05:44:34.826230 966, 247.09, 0
4, 195.52, 0
HOLD 2026-07-30T05:44:34.968339 966, 247.07, 0
4, 195.55, 0
HOLD 2026-07-30T05:44:35.114234 966, 247.06, 0
4, 195.52, 0
HOLD 2026-07-30T05:44:35.252950 966, 247.01, 0
4, 195.56, 0
HOLD 2026-07-30T05:44:35.397816 966, 246.99, 0
4, 195.50, 0
HOLD 2026-07-30T05:44:35.539203 966, 247.01, 0
4, 195.51, 0
HOLD 2026-07-30T05:44:35.679392 966, 247.05, 0
4, 195.45, 0
HOLD 2026-07-30T05:44:35.823109 966, 247.09, 0
4, 195.46, 0
HOLD 2026-07-30T05:44:35.963148 966, 247.13, 0
4, 195.48, 0
HOLD 2026-07-30T05:44:36.115806 966, 247.10, 0
4, 195.48, 0
HOLD 2026-07-30T05:44:36.276341 966, 247.18, 0
4, 195.53, 0
HOLD 2026-07-30T05:44:36.577363 966, 247.16, 0
4, 195.51, 0
HOLD 2026-07-30T05:44:36.731442 966, 247.10, 0
4, 195.56, 0
HOLD 2026-07-30T05:44:37.024391 966, 247.11, 0
4, 195.59, 0
HOLD 2026-07-30T05:44:37.164407 966, 247.12, 0
4, 195.61, 0
HOLD 2026-07-30T05:44:37.314825 966, 247.10, 0
4, 195.56, 0
HOLD 2026-07-30T05:44:37.457457 966, 247.06, 0
4, 195.57, 0
HOLD 2026-07-30T05:44:37.755419 966, 247.02, 0
4, 195.49, 0
HOLD 2026-07-30T05:44:38.158846 966, 247.04, 0
4, 195.50, 0
HOLD 2026-07-30T05:44:38.309038 966, 247.08, 0
4, 195.51, 0
HOLD 2026-07-30T05:44:38.451192 966, 247.12, 0
4, 195.47, 0
HOLD 2026-07-30T05:44:38.750196 966, 247.14, 0
4, 195.50, 0
HOLD 2026-07-30T05:44:38.894859 966, 247.15, 0
4, 195.49, 0
HOLD 2026-07-30T05:44:39.147032 966, 247.06, 0
4, 195.51, 0
HOLD 2026-07-30T05:44:39.511687 966, 247.05, 0
4, 195.54, 0
HOLD 2026-07-30T05:44:39.651063 966, 247.03, 0
4, 195.53, 0
HOLD 2026-07-30T05:44:39.793962 966, 247.01, 0
4, 195.49, 0
HOLD 2026-07-30T05:44:39.938973 966, 247.00, 0
4, 195.50, 0
HOLD 2026-07-30T05:44:40.078381 966, 247.05, 0
4, 195.56, 0
HOLD 2026-07-30T05:44:40.359739 966, 247.05, 0
4, 195.57, 0
HOLD 2026-07-30T05:44:40.510669 966, 247.07, 0
4, 195.63, 0
HOLD 2026-07-30T05:44:40.757740 966, 247.09, 0
4, 195.63, 0
HOLD 2026-07-30T05:44:40.907578 966, 247.00, 0
4, 195.66, 0
HOLD 2026-07-30T05:44:41.205496 966, 246.99, 0
4, 195.63, 0
HOLD 2026-07-30T05:44:41.363380 966, 247.00, 0
4, 195.56, 0
HOLD 2026-07-30T05:44:41.622482 966, 247.01, 0
4, 195.55, 0
HOLD 2026-07-30T05:44:41.884811 966, 247.05, 0
4, 195.53, 0
HOLD 2026-07-30T05:44:42.036197 966, 247.06, 0
4, 195.53, 0
HOLD 2026-07-30T05:44:42.309410 966, 247.08, 0
4, 195.57, 0
HOLD 2026-07-30T05:44:42.672531 966, 247.08, 0
4, 195.51, 0
HOLD 2026-07-30T05:44:42.956331 966, 247.08, 0
4, 195.54, 0
HOLD 2026-07-30T05:44:43.103405 966, 247.09, 0
4, 195.56, 0
HOLD 2026-07-30T05:44:43.321956 966, 247.15, 0
4, 195.57, 0
HOLD 2026-07-30T05:44:43.612431 966, 247.18, 0
4, 195.53, 0
HOLD 2026-07-30T05:44:43.752923 966, 247.23, 0
4, 195.61, 0
HOLD 2026-07-30T05:44:44.015921 966, 247.24, 0
4, 195.56, 0
HOLD 2026-07-30T05:44:44.354371 966, 247.16, 0
4, 195.60, 0
HOLD 2026-07-30T05:44:44.649828 966, 247.12, 0
4, 195.61, 0
HOLD 2026-07-30T05:44:44.789550 966, 247.09, 0
4, 195.61, 0
HOLD 2026-07-30T05:44:45.076986 966, 247.10, 0
4, 195.60, 0
HOLD 2026-07-30T05:44:45.410526 966, 247.08, 0
4, 195.58, 0
HOLD 2026-07-30T05:44:45.653442 966, 247.13, 0
4, 195.56, 0
HOLD 2026-07-30T05:44:45.799766 966, 247.16, 0
4, 195.61, 0
HOLD 2026-07-30T05:44:45.945565 966, 247.11, 0
4, 195.60, 0
HOLD 2026-07-30T05:44:46.086207 966, 247.15, 0
4, 195.58, 0
HOLD 2026-07-30T05:44:46.352164 966, 247.08, 0
4, 195.61, 0
HOLD 2026-07-30T05:44:46.495801 966, 247.12, 0
4, 195.64, 0
HOLD 2026-07-30T05:44:46.635545 966, 247.09, 0
4, 195.61, 0
HOLD 2026-07-30T05:44:46.928183 966, 247.09, 0
4, 195.60, 0
HOLD 2026-07-30T05:44:47.211209 966, 247.11, 0
4, 195.57, 0
HOLD 2026-07-30T05:44:47.568115 966, 247.14, 0
4, 195.54, 0
HOLD 2026-07-30T05:44:47.716335 966, 247.14, 0
4, 195.57, 0
HOLD 2026-07-30T05:44:48.003106 966, 247.09, 0
4, 195.58, 0
HOLD 2026-07-30T05:44:48.152091 966, 247.12, 0
4, 195.49, 0
HOLD 2026-07-30T05:44:48.442867 966, 247.16, 0
4, 195.53, 0
HOLD 2026-07-30T05:44:48.743101 966, 247.20, 0
4, 195.51, 0
HOLD 2026-07-30T05:44:49.285114 966, 247.23, 0
4, 195.50, 0
HOLD 2026-07-30T05:44:49.433121 966, 247.11, 0
4, 195.41, 0
HOLD 2026-07-30T05:44:49.707926 966, 247.09, 0
4, 195.44, 0
HOLD 2026-07-30T05:44:49.963290 966, 247.12, 0
4, 195.44, 0
HOLD 2026-07-30T05:44:50.312697 966, 247.10, 0
4, 195.44, 0
HOLD 2026-07-30T05:44:50.629781 966, 247.11, 0
4, 195.42, 0
HOLD 2026-07-30T05:44:50.772987 966, 247.09, 0
4, 195.43, 0
HOLD 2026-07-30T05:44:51.125474 966, 247.15, 0
4, 195.47, 0
HOLD 2026-07-30T05:44:51.267500 966, 247.16, 0
4, 195.47, 0
HOLD 2026-07-30T05:44:51.416943 966, 247.28, 0
4, 195.51, 0
HOLD 2026-07-30T05:44:51.912259 966, 247.27, 0
4, 195.48, 0
HOLD 2026-07-30T05:44:52.076695 966, 247.23, 0
4, 195.50, 0
HOLD 2026-07-30T05:44:52.330477 966, 247.18, 0
4, 195.50, 0
HOLD 2026-07-30T05:44:52.473289 966, 247.16, 0
4, 195.57, 0
HOLD 2026-07-30T05:44:52.754482 966, 247.17, 0
4, 195.58, 0
HOLD 2026-07-30T05:44:52.895811 966, 247.19, 0
4, 195.60, 0
HOLD 2026-07-30T05:44:53.036267 966, 247.22, 0
4, 195.60, 0
HOLD 2026-07-30T05:44:53.177001 966, 247.28, 0
4, 195.57, 0
HOLD 2026-07-30T05:44:53.439696 966, 247.19, 0
4, 195.56, 0
HOLD 2026-07-30T05:44:53.793869 966, 247.13, 0
4, 195.53, 0
HOLD 2026-07-30T05:44:54.082718 966, 247.10, 0
4, 195.51, 0
HOLD 2026-07-30T05:44:54.226830 966, 247.07, 0
4, 195.56, 0
HOLD 2026-07-30T05:44:54.509201 966, 247.17, 0
4, 195.58, 0
HOLD 2026-07-30T05:44:55.247784 966, 247.19, 0
4, 195.61, 0
HOLD 2026-07-30T05:44:55.413569 966, 247.22, 0
4, 195.60, 0
HOLD 2026-07-30T05:44:55.562944 966, 247.26, 0
4, 195.62, 0
HOLD 2026-07-30T05:44:55.848933 966, 247.18, 0
4, 195.57, 0
HOLD 2026-07-30T05:44:55.991271 966, 247.14, 0
4, 195.59, 0
HOLD 2026-07-30T05:44:56.134255 966, 247.14, 0
4, 195.55, 0
HOLD 2026-07-30T05:44:56.274830 966, 247.16, 0
4, 195.55, 0
HOLD 2026-07-30T05:44:56.422121 966, 247.13, 0
4, 195.52, 0
HOLD 2026-07-30T05:44:56.562294 966, 247.13, 0
4, 195.52, 0
HOLD 2026-07-30T05:44:56.709883 966, 247.08, 0
4, 195.56, 0
HOLD 2026-07-30T05:44:56.854862 966, 247.11, 0
4, 195.58, 0
HOLD 2026-07-30T05:44:57.005288 966, 247.12, 0
4, 195.60, 0
HOLD 2026-07-30T05:44:57.150287 966, 247.18, 0
4, 195.59, 0
HOLD 2026-07-30T05:44:57.291488 966, 247.21, 0
4, 195.65, 0
HOLD 2026-07-30T05:44:57.452089 966, 247.22, 0
4, 195.65, 0
HOLD 2026-07-30T05:44:57.593945 966, 247.20, 0
4, 195.60, 0

=== PHASE B: SIGKILL child ===

=== PHASE C: Sustained byte-level residual monitoring (0.1s for 240s) ===
CHECK 2026-07-30T05:45:01.814540 matches=0 nonzero=0 1520, 210.46, 0
4, 197.88, 0
CHECK 2026-07-30T05:45:01.953979 matches=0 nonzero=0 1520, 215.29, 3
4, 198.64, 0
CHECK 2026-07-30T05:45:02.105259 matches=0 nonzero=0 1520, 229.35, 1
4, 199.16, 0
CHECK 2026-07-30T05:45:02.387724 matches=0 nonzero=0 1520, 237.53, 0
4, 199.14, 0
CHECK 2026-07-30T05:45:02.541198 matches=0 nonzero=0 1520, 246.44, 1
4, 199.21, 0
CHECK 2026-07-30T05:45:02.745275 matches=0 nonzero=0 1520, 248.97, 1
4, 199.23, 0
CHECK 2026-07-30T05:45:02.923047 matches=0 nonzero=0 1520, 248.47, 1
4, 198.94, 0
CHECK 2026-07-30T05:45:03.075726 matches=0 nonzero=0 1520, 248.68, 1
4, 198.64, 0
CHECK 2026-07-30T05:45:03.222883 matches=0 nonzero=0 1520, 248.64, 1
4, 198.29, 0
CHECK 2026-07-30T05:45:03.370281 matches=0 nonzero=0 1520, 249.01, 0
4, 197.52, 0
CHECK 2026-07-30T05:45:03.517577 matches=0 nonzero=0 1520, 249.22, 1
4, 196.22, 0
CHECK 2026-07-30T05:45:03.938642 matches=0 nonzero=0 1520, 249.50, 0
4, 195.77, 0
CHECK 2026-07-30T05:45:04.850905 matches=0 nonzero=0 1520, 247.98, 0
4, 195.69, 0
CHECK 2026-07-30T05:45:05.888531 matches=0 nonzero=0 1520, 247.72, 0
4, 195.67, 0
CHECK 2026-07-30T05:45:06.083491 matches=0 nonzero=0 1520, 247.95, 0
4, 195.68, 0
CHECK 2026-07-30T05:45:06.253129 matches=0 nonzero=0 1544, 248.34, 0
4, 195.65, 0
CHECK 2026-07-30T05:45:06.438219 matches=0 nonzero=0 2146, 248.47, 0
4, 195.65, 0
CHECK 2026-07-30T05:45:06.637071 matches=0 nonzero=0 2146, 249.37, 0
4, 195.68, 0
CHECK 2026-07-30T05:45:06.844808 matches=0 nonzero=0 2146, 249.47, 0
26, 195.66, 0
CHECK 2026-07-30T05:45:07.016896 matches=0 nonzero=0 2146, 249.28, 0
630, 199.78, 0
CHECK 2026-07-30T05:45:07.167149 matches=0 nonzero=0 2146, 249.70, 0
630, 210.07, 1
CHECK 2026-07-30T05:45:07.343701 matches=0 nonzero=0 2146, 249.58, 1
630, 220.46, 0
CHECK 2026-07-30T05:45:07.525637 matches=0 nonzero=0 2146, 249.36, 1
630, 230.85, 0
CHECK 2026-07-30T05:45:07.724247 matches=0 nonzero=0 2146, 248.87, 1
630, 241.23, 0
CHECK 2026-07-30T05:45:07.959494 matches=0 nonzero=0 2146, 249.25, 1
630, 248.65, 0
CHECK 2026-07-30T05:45:08.165196 matches=0 nonzero=0 2146, 248.91, 1
630, 248.64, 0
CHECK 2026-07-30T05:45:08.367215 matches=0 nonzero=0 2146, 248.98, 1
630, 248.62, 0
CHECK 2026-07-30T05:45:08.615368 matches=0 nonzero=0 2146, 249.02, 0
630, 248.72, 0
CHECK 2026-07-30T05:45:08.875795 matches=0 nonzero=0 2146, 249.23, 0
630, 248.80, 0
CHECK 2026-07-30T05:45:09.021593 matches=0 nonzero=0 1520, 247.72, 0
4, 248.72, 0
CHECK 2026-07-30T05:45:10.358570 matches=0 nonzero=0 1520, 248.20, 0
4, 248.82, 0
CHECK 2026-07-30T05:45:10.560401 matches=0 nonzero=0 1520, 248.68, 1
4, 248.95, 0
CHECK 2026-07-30T05:45:10.710616 matches=0 nonzero=0 1520, 248.76, 1
4, 248.99, 0
CHECK 2026-07-30T05:45:10.860596 matches=0 nonzero=0 1520, 249.53, 0
4, 249.29, 0
CHECK 2026-07-30T05:45:11.191409 matches=0 nonzero=0 1520, 249.40, 1
4, 249.34, 0
CHECK 2026-07-30T05:45:11.532446 matches=0 nonzero=0 1520, 249.39, 0
4, 249.36, 0
CHECK 2026-07-30T05:45:11.675320 matches=0 nonzero=0 1520, 248.98, 0
4, 238.33, 0
CHECK 2026-07-30T05:45:12.038633 matches=0 nonzero=0 1520, 248.82, 0
4, 227.71, 0
CHECK 2026-07-30T05:45:12.193994 matches=0 nonzero=0 1520, 249.34, 0
4, 222.77, 0
CHECK 2026-07-30T05:45:12.338176 matches=0 nonzero=0 1520, 249.63, 1
4, 208.70, 0
CHECK 2026-07-30T05:45:12.677326 matches=0 nonzero=0 1520, 249.32, 0
4, 199.33, 0
CHECK 2026-07-30T05:45:12.983948 matches=0 nonzero=0 1520, 249.30, 0
4, 198.92, 0
CHECK 2026-07-30T05:45:13.148337 matches=0 nonzero=0 1520, 249.10, 1
4, 198.26, 0
CHECK 2026-07-30T05:45:13.354452 matches=0 nonzero=0 1520, 248.89, 1
4, 197.65, 0
CHECK 2026-07-30T05:45:13.573074 matches=0 nonzero=0 1520, 249.17, 1
4, 197.22, 0
CHECK 2026-07-30T05:45:13.726280 matches=0 nonzero=0 1520, 248.91, 1
4, 196.93, 0
CHECK 2026-07-30T05:45:14.023495 matches=0 nonzero=0 1520, 248.76, 0
4, 196.71, 0
CHECK 2026-07-30T05:45:14.338111 matches=0 nonzero=0 1520, 248.72, 1
4, 196.54, 0
CHECK 2026-07-30T05:45:14.696782 matches=0 nonzero=0 1520, 248.80, 0
4, 196.41, 0
CHECK 2026-07-30T05:45:15.004334 matches=0 nonzero=0 1520, 248.78, 0
4, 196.37, 0
CHECK 2026-07-30T05:45:15.159952 matches=0 nonzero=0 1520, 249.31, 1
4, 196.34, 0
CHECK 2026-07-30T05:45:15.310367 matches=0 nonzero=0 1520, 249.32, 1
4, 196.32, 0
CHECK 2026-07-30T05:45:15.488012 matches=0 nonzero=0 1520, 249.46, 0
4, 196.30, 0
CHECK 2026-07-30T05:45:15.754465 matches=0 nonzero=0 1520, 249.39, 0
4, 196.33, 0
CHECK 2026-07-30T05:45:15.915662 matches=0 nonzero=0 1520, 249.69, 1
4, 196.35, 0
CHECK 2026-07-30T05:45:16.220495 matches=0 nonzero=0 1520, 249.18, 1
4, 196.34, 0
CHECK 2026-07-30T05:45:16.366326 matches=0 nonzero=0 1520, 249.33, 1
4, 196.38, 0
CHECK 2026-07-30T05:45:16.653939 matches=0 nonzero=0 1520, 249.19, 1
4, 196.43, 0
CHECK 2026-07-30T05:45:16.798016 matches=0 nonzero=0 1520, 249.16, 0
4, 196.43, 0
CHECK 2026-07-30T05:45:16.941217 matches=0 nonzero=0 1520, 248.89, 0
4, 196.42, 0
CHECK 2026-07-30T05:45:17.433125 matches=0 nonzero=0 1520, 249.10, 0
4, 196.42, 0
CHECK 2026-07-30T05:45:17.759488 matches=0 nonzero=0 1520, 249.16, 0
4, 196.37, 0
CHECK 2026-07-30T05:45:17.914857 matches=0 nonzero=0 1520, 248.90, 1
4, 196.33, 0
CHECK 2026-07-30T05:45:18.215367 matches=0 nonzero=0 1520, 248.83, 0
4, 196.33, 0
CHECK 2026-07-30T05:45:18.689425 matches=0 nonzero=0 1520, 248.83, 0
4, 196.38, 0
CHECK 2026-07-30T05:45:18.859162 matches=0 nonzero=0 1520, 248.81, 0
4, 196.42, 0
CHECK 2026-07-30T05:45:19.010279 matches=0 nonzero=0 1520, 249.07, 1
4, 196.44, 0
CHECK 2026-07-30T05:45:19.264261 matches=0 nonzero=0 1520, 249.02, 0
4, 196.37, 0
CHECK 2026-07-30T05:45:19.415420 matches=0 nonzero=0 1520, 249.07, 0
4, 196.35, 0
CHECK 2026-07-30T05:45:19.558191 matches=0 nonzero=0 1520, 249.11, 0
4, 196.31, 0
CHECK 2026-07-30T05:45:20.069108 matches=0 nonzero=0 1520, 249.01, 0
4, 196.35, 0
CHECK 2026-07-30T05:45:20.219928 matches=0 nonzero=0 1520, 248.96, 0
4, 196.43, 0
CHECK 2026-07-30T05:45:20.587895 matches=0 nonzero=0 1520, 248.39, 1
4, 196.54, 0
CHECK 2026-07-30T05:45:20.883418 matches=0 nonzero=0 1520, 248.45, 0
4, 196.52, 0
CHECK 2026-07-30T05:45:21.191378 matches=0 nonzero=0 1520, 248.17, 0
4, 196.53, 0
CHECK 2026-07-30T05:45:21.342429 matches=0 nonzero=0 1520, 248.51, 1
4, 196.53, 0
CHECK 2026-07-30T05:45:21.666552 matches=0 nonzero=0 1520, 248.37, 0
4, 196.49, 0
CHECK 2026-07-30T05:45:21.855880 matches=0 nonzero=0 1520, 248.36, 0
4, 196.46, 0
CHECK 2026-07-30T05:45:22.008989 matches=0 nonzero=0 1520, 248.98, 1
4, 196.48, 0
CHECK 2026-07-30T05:45:22.344379 matches=0 nonzero=0 1520, 248.71, 1
4, 196.51, 0
CHECK 2026-07-30T05:45:22.682305 matches=0 nonzero=0 1520, 248.32, 0
4, 196.52, 0
CHECK 2026-07-30T05:45:23.017401 matches=0 nonzero=0 1520, 248.25, 0
4, 196.54, 0
CHECK 2026-07-30T05:45:23.163552 matches=0 nonzero=0 1520, 248.71, 1
4, 196.55, 0
CHECK 2026-07-30T05:45:23.466909 matches=0 nonzero=0 1520, 248.74, 0
4, 196.52, 0
CHECK 2026-07-30T05:45:23.771417 matches=0 nonzero=0 1520, 248.86, 0
4, 196.47, 0
CHECK 2026-07-30T05:45:23.995919 matches=0 nonzero=0 1520, 248.98, 1
4, 196.41, 0
CHECK 2026-07-30T05:45:24.190229 matches=0 nonzero=0 1520, 248.91, 1
4, 196.41, 0
CHECK 2026-07-30T05:45:24.524126 matches=0 nonzero=0 1520, 248.86, 1
4, 196.46, 0
CHECK 2026-07-30T05:45:24.846420 matches=0 nonzero=0 1520, 248.59, 1
4, 196.48, 0
CHECK 2026-07-30T05:45:24.991130 matches=0 nonzero=0 1520, 248.77, 0
4, 196.47, 0
CHECK 2026-07-30T05:45:25.135126 matches=0 nonzero=0 1520, 248.78, 1
4, 196.49, 0
CHECK 2026-07-30T05:45:25.433894 matches=0 nonzero=0 1520, 248.82, 1
4, 196.48, 0
CHECK 2026-07-30T05:45:25.579970 matches=0 nonzero=0 1520, 249.26, 1
4, 196.48, 0
CHECK 2026-07-30T05:45:25.894922 matches=0 nonzero=0 1520, 248.63, 0
4, 196.37, 0
CHECK 2026-07-30T05:45:26.405220 matches=0 nonzero=0 1520, 248.75, 1
4, 196.36, 0
CHECK 2026-07-30T05:45:26.708735 matches=0 nonzero=0 1520, 248.39, 0
4, 196.36, 0
CHECK 2026-07-30T05:45:27.017629 matches=0 nonzero=0 1520, 248.52, 0
4, 196.49, 0
CHECK 2026-07-30T05:45:27.330595 matches=0 nonzero=0 1520, 248.71, 1
4, 196.60, 0
CHECK 2026-07-30T05:45:27.613480 matches=0 nonzero=0 1520, 248.73, 1
4, 196.63, 0
CHECK 2026-07-30T05:45:27.762275 matches=0 nonzero=0 1520, 248.42, 0
4, 196.57, 0
CHECK 2026-07-30T05:45:28.258052 matches=0 nonzero=0 1520, 248.47, 0
4, 196.57, 0
CHECK 2026-07-30T05:45:28.411388 matches=0 nonzero=0 1520, 248.70, 0
4, 196.55, 0
CHECK 2026-07-30T05:45:28.565470 matches=0 nonzero=0 1520, 248.65, 1
4, 196.53, 0
CHECK 2026-07-30T05:45:28.852423 matches=0 nonzero=0 1520, 248.68, 1
4, 196.52, 0
CHECK 2026-07-30T05:45:28.999219 matches=0 nonzero=0 1520, 248.87, 0
4, 196.55, 0
CHECK 2026-07-30T05:45:29.140749 matches=0 nonzero=0 1520, 248.73, 1
4, 196.51, 0
CHECK 2026-07-30T05:45:29.459700 matches=0 nonzero=0 1520, 248.93, 0
4, 196.45, 0
CHECK 2026-07-30T05:45:29.796877 matches=0 nonzero=0 1520, 248.98, 1
4, 196.40, 0
CHECK 2026-07-30T05:45:30.090007 matches=0 nonzero=0 1520, 248.77, 0
4, 196.37, 0
CHECK 2026-07-30T05:45:30.357624 matches=0 nonzero=0 1520, 248.85, 1
4, 196.37, 0
CHECK 2026-07-30T05:45:30.700895 matches=0 nonzero=0 1520, 248.81, 0
4, 196.38, 0
CHECK 2026-07-30T05:45:30.847413 matches=0 nonzero=0 1520, 249.38, 0
4, 196.39, 0
CHECK 2026-07-30T05:45:30.992052 matches=0 nonzero=0 1520, 249.04, 0
4, 196.42, 0
CHECK 2026-07-30T05:45:31.138570 matches=0 nonzero=0 1520, 249.44, 1
4, 196.54, 0
CHECK 2026-07-30T05:45:31.477443 matches=0 nonzero=0 1520, 249.45, 0
4, 196.52, 0
CHECK 2026-07-30T05:45:31.815302 matches=0 nonzero=0 1520, 248.90, 0
4, 196.51, 0
CHECK 2026-07-30T05:45:31.961360 matches=0 nonzero=0 1520, 248.92, 1
4, 196.50, 0
CHECK 2026-07-30T05:45:32.240055 matches=0 nonzero=0 1520, 249.01, 0
4, 196.57, 0
CHECK 2026-07-30T05:45:32.524559 matches=0 nonzero=0 1520, 248.62, 1
4, 196.57, 0
CHECK 2026-07-30T05:45:32.847248 matches=0 nonzero=0 1520, 248.64, 0
4, 196.62, 0
CHECK 2026-07-30T05:45:33.117989 matches=0 nonzero=0 1520, 248.55, 0
4, 196.61, 0
CHECK 2026-07-30T05:45:33.270460 matches=0 nonzero=0 1520, 248.77, 1
4, 196.55, 0
CHECK 2026-07-30T05:45:33.568904 matches=0 nonzero=0 1520, 248.77, 0
4, 196.55, 0
CHECK 2026-07-30T05:45:33.724442 matches=0 nonzero=0 1520, 248.80, 1
4, 196.52, 0
CHECK 2026-07-30T05:45:33.868877 matches=0 nonzero=0 1520, 248.93, 1
4, 196.48, 0
CHECK 2026-07-30T05:45:34.018671 matches=0 nonzero=0 1520, 248.59, 0
4, 196.42, 0
CHECK 2026-07-30T05:45:34.377224 matches=0 nonzero=0 1520, 248.74, 1
4, 196.43, 0
CHECK 2026-07-30T05:45:34.705580 matches=0 nonzero=0 1520, 248.62, 0
4, 196.47, 0
CHECK 2026-07-30T05:45:34.853634 matches=0 nonzero=0 1520, 248.78, 0
4, 196.59, 0
CHECK 2026-07-30T05:45:35.143876 matches=0 nonzero=0 1520, 248.70, 0
4, 196.59, 0
CHECK 2026-07-30T05:45:35.289184 matches=0 nonzero=0 1520, 248.89, 1
4, 196.56, 0
CHECK 2026-07-30T05:45:35.434072 matches=0 nonzero=0 1520, 249.10, 1
4, 196.55, 0
CHECK 2026-07-30T05:45:35.575262 matches=0 nonzero=0 1520, 249.37, 0
4, 196.56, 0
CHECK 2026-07-30T05:45:35.722087 matches=0 nonzero=0 1520, 249.08, 1
4, 196.50, 0
CHECK 2026-07-30T05:45:36.057353 matches=0 nonzero=0 1520, 249.06, 1
4, 196.44, 0
CHECK 2026-07-30T05:45:36.209114 matches=0 nonzero=0 1520, 249.03, 0
4, 196.46, 0
CHECK 2026-07-30T05:45:36.372544 matches=0 nonzero=0 1520, 249.22, 1
4, 196.42, 0
CHECK 2026-07-30T05:45:36.520139 matches=0 nonzero=0 1520, 248.90, 1
4, 196.44, 0
CHECK 2026-07-30T05:45:36.665939 matches=0 nonzero=0 1520, 249.15, 1
4, 196.46, 0
CHECK 2026-07-30T05:45:36.851863 matches=0 nonzero=0 1520, 249.07, 1
4, 196.50, 0
CHECK 2026-07-30T05:45:37.004089 matches=0 nonzero=0 1520, 249.35, 0
4, 196.53, 0
CHECK 2026-07-30T05:45:37.155145 matches=0 nonzero=0 1520, 249.43, 1
4, 196.54, 0
CHECK 2026-07-30T05:45:37.308150 matches=0 nonzero=0 1520, 249.61, 0
4, 196.60, 0
CHECK 2026-07-30T05:45:37.654335 matches=0 nonzero=0 1520, 249.02, 0
4, 196.54, 0
CHECK 2026-07-30T05:45:38.016194 matches=0 nonzero=0 1520, 248.98, 0
4, 196.53, 0
CHECK 2026-07-30T05:45:38.162957 matches=0 nonzero=0 1520, 248.72, 0
4, 196.50, 0
CHECK 2026-07-30T05:45:38.316571 matches=0 nonzero=0 1520, 248.98, 1
4, 196.48, 0
CHECK 2026-07-30T05:45:38.626412 matches=0 nonzero=0 1520, 248.97, 1
4, 196.55, 0
CHECK 2026-07-30T05:45:38.773007 matches=0 nonzero=0 1520, 249.03, 0
4, 196.56, 0
CHECK 2026-07-30T05:45:38.922667 matches=0 nonzero=0 1520, 249.09, 1
4, 196.51, 0
CHECK 2026-07-30T05:45:39.064797 matches=0 nonzero=0 1520, 249.08, 1
4, 196.50, 0
CHECK 2026-07-30T05:45:39.402316 matches=0 nonzero=0 1520, 248.53, 0
4, 196.47, 0
CHECK 2026-07-30T05:45:39.555559 matches=0 nonzero=0 1520, 248.84, 1
4, 196.39, 0
CHECK 2026-07-30T05:45:39.837793 matches=0 nonzero=0 1520, 248.56, 1
4, 196.39, 0
CHECK 2026-07-30T05:45:40.006940 matches=0 nonzero=0 1520, 248.86, 1
4, 196.40, 0
CHECK 2026-07-30T05:45:40.305019 matches=0 nonzero=0 1520, 248.82, 0
4, 196.43, 0
CHECK 2026-07-30T05:45:40.454475 matches=0 nonzero=0 1520, 248.92, 0
4, 196.41, 0
CHECK 2026-07-30T05:45:40.721976 matches=0 nonzero=0 1520, 248.92, 0
4, 196.41, 0
CHECK 2026-07-30T05:45:40.863382 matches=0 nonzero=0 1520, 248.89, 1
4, 196.40, 0
CHECK 2026-07-30T05:45:41.016143 matches=0 nonzero=0 1520, 248.80, 0
4, 196.43, 0
CHECK 2026-07-30T05:45:41.324257 matches=0 nonzero=0 1520, 248.80, 0
4, 196.41, 0
CHECK 2026-07-30T05:45:41.468964 matches=0 nonzero=0 1520, 248.65, 0
4, 196.49, 0
CHECK 2026-07-30T05:45:41.835042 matches=0 nonzero=0 1520, 248.51, 0
4, 196.52, 0
CHECK 2026-07-30T05:45:42.044099 matches=0 nonzero=0 1520, 248.52, 0
4, 196.48, 0
CHECK 2026-07-30T05:45:42.241282 matches=0 nonzero=0 1520, 248.67, 0
4, 196.43, 0
CHECK 2026-07-30T05:45:42.518064 matches=0 nonzero=0 1520, 248.51, 0
4, 196.43, 0
CHECK 2026-07-30T05:45:42.677182 matches=0 nonzero=0 1520, 249.04, 1
4, 196.47, 0
CHECK 2026-07-30T05:45:42.979709 matches=0 nonzero=0 1520, 249.30, 0
4, 196.48, 0
CHECK 2026-07-30T05:45:43.121386 matches=0 nonzero=0 1520, 249.30, 1
4, 196.48, 0
CHECK 2026-07-30T05:45:43.264575 matches=0 nonzero=0 1520, 249.31, 1
4, 196.50, 0
CHECK 2026-07-30T05:45:43.415541 matches=0 nonzero=0 1520, 249.13, 0
4, 196.54, 0
CHECK 2026-07-30T05:45:43.742965 matches=0 nonzero=0 1520, 248.86, 0
4, 196.55, 0
CHECK 2026-07-30T05:45:43.886973 matches=0 nonzero=0 1520, 248.64, 0
4, 196.52, 0
CHECK 2026-07-30T05:45:44.210741 matches=0 nonzero=0 1520, 248.58, 1
4, 196.51, 0
CHECK 2026-07-30T05:45:44.517914 matches=0 nonzero=0 1520, 248.33, 0
4, 196.45, 0
CHECK 2026-07-30T05:45:44.662614 matches=0 nonzero=0 1520, 248.95, 1
4, 196.41, 0
CHECK 2026-07-30T05:45:44.819869 matches=0 nonzero=0 1520, 249.13, 0
4, 196.34, 0
CHECK 2026-07-30T05:45:45.058537 matches=0 nonzero=0 1520, 249.03, 0
4, 196.38, 0
CHECK 2026-07-30T05:45:45.215334 matches=0 nonzero=0 1520, 249.23, 0
4, 196.36, 0
CHECK 2026-07-30T05:45:45.376726 matches=0 nonzero=0 1520, 249.63, 0
4, 196.37, 0
CHECK 2026-07-30T05:45:45.531865 matches=0 nonzero=0 1520, 249.71, 1
4, 196.41, 0
CHECK 2026-07-30T05:45:45.676842 matches=0 nonzero=0 1520, 249.81, 1
4, 196.42, 0
CHECK 2026-07-30T05:45:45.823996 matches=0 nonzero=0 1520, 249.86, 1
4, 196.42, 0
CHECK 2026-07-30T05:45:45.968453 matches=0 nonzero=0 1520, 249.78, 1
4, 196.43, 0
CHECK 2026-07-30T05:45:46.245431 matches=0 nonzero=0 1520, 249.56, 0
4, 196.41, 0
CHECK 2026-07-30T05:45:46.599445 matches=0 nonzero=0 1520, 248.88, 0
4, 196.44, 0
CHECK 2026-07-30T05:45:46.753999 matches=0 nonzero=0 1520, 249.11, 1
4, 196.47, 0
CHECK 2026-07-30T05:45:46.908341 matches=0 nonzero=0 1520, 249.09, 1
4, 196.47, 0
CHECK 2026-07-30T05:45:47.054326 matches=0 nonzero=0 1520, 249.26, 1
4, 196.51, 0
CHECK 2026-07-30T05:45:47.207661 matches=0 nonzero=0 1520, 249.41, 0
4, 196.48, 0
CHECK 2026-07-30T05:45:47.353603 matches=0 nonzero=0 1520, 249.50, 1
4, 196.47, 0
CHECK 2026-07-30T05:45:47.498319 matches=0 nonzero=0 1520, 249.89, 1
4, 196.46, 0
CHECK 2026-07-30T05:45:47.642135 matches=0 nonzero=0 1520, 249.73, 0
4, 196.42, 0
CHECK 2026-07-30T05:45:47.929426 matches=0 nonzero=0 1520, 249.73, 0
4, 196.38, 0
CHECK 2026-07-30T05:45:48.084249 matches=0 nonzero=0 1520, 249.36, 1
4, 196.39, 0
CHECK 2026-07-30T05:45:48.228953 matches=0 nonzero=0 1520, 249.15, 0
4, 196.42, 0
CHECK 2026-07-30T05:45:48.510544 matches=0 nonzero=0 1520, 248.73, 0
4, 196.43, 0
CHECK 2026-07-30T05:45:48.659136 matches=0 nonzero=0 1520, 248.52, 0
4, 196.44, 0
CHECK 2026-07-30T05:45:48.811648 matches=0 nonzero=0 1520, 248.97, 0
4, 196.43, 0
CHECK 2026-07-30T05:45:48.959061 matches=0 nonzero=0 1520, 249.46, 1
4, 196.42, 0
CHECK 2026-07-30T05:45:49.226336 matches=0 nonzero=0 1520, 249.33, 1
4, 196.41, 0
CHECK 2026-07-30T05:45:49.370332 matches=0 nonzero=0 1520, 249.62, 0
4, 196.48, 0
CHECK 2026-07-30T05:45:49.518384 matches=0 nonzero=0 1520, 249.73, 1
4, 196.45, 0
CHECK 2026-07-30T05:45:49.658984 matches=0 nonzero=0 1520, 249.78, 1
4, 196.45, 0
CHECK 2026-07-30T05:45:49.806543 matches=0 nonzero=0 1520, 249.37, 1
4, 196.43, 0
CHECK 2026-07-30T05:45:49.951412 matches=0 nonzero=0 1520, 249.40, 1
4, 196.41, 0
CHECK 2026-07-30T05:45:50.098626 matches=0 nonzero=0 1520, 249.77, 1
4, 196.43, 0
CHECK 2026-07-30T05:45:50.352206 matches=0 nonzero=0 1520, 249.53, 0
4, 196.44, 0
CHECK 2026-07-30T05:45:50.496114 matches=0 nonzero=0 1520, 249.64, 1
4, 196.37, 0
CHECK 2026-07-30T05:45:50.786249 matches=0 nonzero=0 1520, 249.47, 0
4, 196.34, 0
CHECK 2026-07-30T05:45:50.929950 matches=0 nonzero=0 1520, 249.41, 1
4, 196.36, 0
CHECK 2026-07-30T05:45:51.073812 matches=0 nonzero=0 1520, 249.59, 1
4, 196.30, 0
CHECK 2026-07-30T05:45:51.219022 matches=0 nonzero=0 1520, 249.19, 1
4, 196.31, 0
CHECK 2026-07-30T05:45:51.359724 matches=0 nonzero=0 1520, 249.80, 0
4, 196.32, 0
CHECK 2026-07-30T05:45:51.507259 matches=0 nonzero=0 1520, 249.99, 1
4, 196.34, 0
CHECK 2026-07-30T05:45:51.650348 matches=0 nonzero=0 1520, 249.72, 1
4, 196.40, 0
CHECK 2026-07-30T05:45:51.795753 matches=0 nonzero=0 1520, 249.81, 0
4, 196.42, 0
CHECK 2026-07-30T05:45:51.940579 matches=0 nonzero=0 1520, 249.92, 1
4, 196.43, 0
CHECK 2026-07-30T05:45:52.082328 matches=0 nonzero=0 1520, 249.49, 1
4, 196.50, 0
CHECK 2026-07-30T05:45:52.344555 matches=0 nonzero=0 1520, 248.92, 0
4, 196.49, 0
CHECK 2026-07-30T05:45:52.486115 matches=0 nonzero=0 1520, 248.51, 1
4, 196.47, 0
CHECK 2026-07-30T05:45:52.628778 matches=0 nonzero=0 1520, 248.59, 1
4, 196.42, 0
CHECK 2026-07-30T05:45:52.769308 matches=0 nonzero=0 1520, 248.63, 1
4, 196.43, 0
CHECK 2026-07-30T05:45:53.120842 matches=0 nonzero=0 1520, 248.64, 0
4, 196.41, 0
CHECK 2026-07-30T05:45:53.270800 matches=0 nonzero=0 1520, 248.73, 1
4, 196.41, 0
CHECK 2026-07-30T05:45:53.440107 matches=0 nonzero=0 1520, 248.72, 1
4, 196.43, 0
CHECK 2026-07-30T05:45:53.581548 matches=0 nonzero=0 1520, 248.72, 1
4, 196.41, 0
CHECK 2026-07-30T05:45:53.922391 matches=0 nonzero=0 1520, 248.65, 0
4, 196.42, 0
CHECK 2026-07-30T05:45:54.065028 matches=0 nonzero=0 1520, 248.77, 0
4, 196.44, 0
CHECK 2026-07-30T05:45:54.208980 matches=0 nonzero=0 1520, 248.78, 1
4, 196.45, 0
CHECK 2026-07-30T05:45:54.353462 matches=0 nonzero=0 1520, 249.05, 1
4, 196.50, 0
CHECK 2026-07-30T05:45:54.609769 matches=0 nonzero=0 1520, 248.57, 1
4, 196.46, 0
CHECK 2026-07-30T05:45:54.751887 matches=0 nonzero=0 1520, 248.67, 1
4, 196.47, 0
CHECK 2026-07-30T05:45:54.897705 matches=0 nonzero=0 1520, 249.29, 0
4, 196.45, 0
CHECK 2026-07-30T05:45:55.259163 matches=0 nonzero=0 1520, 249.27, 0
4, 196.40, 0
CHECK 2026-07-30T05:45:55.411140 matches=0 nonzero=0 1520, 249.45, 0
4, 196.35, 0
CHECK 2026-07-30T05:45:55.557382 matches=0 nonzero=0 1520, 249.70, 1
4, 196.32, 0
CHECK 2026-07-30T05:45:55.705463 matches=0 nonzero=0 1520, 249.47, 0
4, 196.25, 0
CHECK 2026-07-30T05:45:56.026797 matches=0 nonzero=0 1520, 249.18, 0
4, 196.24, 0
CHECK 2026-07-30T05:45:56.389667 matches=0 nonzero=0 1520, 248.64, 0
4, 196.29, 0
CHECK 2026-07-30T05:45:56.535039 matches=0 nonzero=0 1520, 248.62, 1
4, 196.31, 0
CHECK 2026-07-30T05:45:56.824666 matches=0 nonzero=0 1520, 248.45, 1
4, 196.31, 0
CHECK 2026-07-30T05:45:56.964340 matches=0 nonzero=0 1520, 248.62, 0
4, 196.34, 0
CHECK 2026-07-30T05:45:57.113030 matches=0 nonzero=0 1520, 248.56, 1
4, 196.32, 0
CHECK 2026-07-30T05:45:57.255647 matches=0 nonzero=0 1520, 248.67, 1
4, 196.34, 0
CHECK 2026-07-30T05:45:57.406145 matches=0 nonzero=0 1520, 248.99, 1
4, 196.30, 0
CHECK 2026-07-30T05:45:57.550289 matches=0 nonzero=0 1520, 248.60, 0
4, 196.21, 0
CHECK 2026-07-30T05:45:58.314111 matches=0 nonzero=0 1520, 248.21, 0
4, 196.24, 0
CHECK 2026-07-30T05:45:58.460128 matches=0 nonzero=0 1520, 248.95, 1
4, 196.24, 0
CHECK 2026-07-30T05:45:58.659381 matches=0 nonzero=0 1520, 248.90, 1
4, 196.26, 0
CHECK 2026-07-30T05:45:58.810640 matches=0 nonzero=0 1520, 249.20, 0
4, 196.25, 0
CHECK 2026-07-30T05:45:58.955072 matches=0 nonzero=0 1520, 249.82, 1
4, 196.29, 0
CHECK 2026-07-30T05:45:59.221326 matches=0 nonzero=0 1520, 249.82, 1
4, 196.32, 0
CHECK 2026-07-30T05:45:59.364303 matches=0 nonzero=0 1520, 249.22, 1
4, 196.32, 0
CHECK 2026-07-30T05:45:59.650331 matches=0 nonzero=0 1520, 248.93, 0
4, 196.35, 0
CHECK 2026-07-30T05:45:59.944946 matches=0 nonzero=0 1520, 248.37, 1
4, 196.35, 0
CHECK 2026-07-30T05:46:00.286647 matches=0 nonzero=0 1520, 248.23, 0
4, 196.33, 0
CHECK 2026-07-30T05:46:00.441158 matches=0 nonzero=0 1520, 248.30, 0
4, 196.36, 0
CHECK 2026-07-30T05:46:00.765866 matches=0 nonzero=0 1520, 248.08, 0
4, 196.33, 0
CHECK 2026-07-30T05:46:00.918354 matches=0 nonzero=0 1520, 248.29, 1
4, 196.30, 0
CHECK 2026-07-30T05:46:01.119466 matches=0 nonzero=0 1520, 249.24, 1
4, 196.34, 0
CHECK 2026-07-30T05:46:01.389160 matches=0 nonzero=0 1520, 249.15, 1
4, 196.36, 0
CHECK 2026-07-30T05:46:01.537969 matches=0 nonzero=0 1520, 249.29, 1
4, 196.32, 0
CHECK 2026-07-30T05:46:01.865636 matches=0 nonzero=0 1520, 249.13, 1
4, 196.32, 0
CHECK 2026-07-30T05:46:02.019440 matches=0 nonzero=0 1520, 248.97, 0
4, 196.34, 0
CHECK 2026-07-30T05:46:02.290767 matches=0 nonzero=0 1520, 248.65, 0
4, 196.29, 0
CHECK 2026-07-30T05:46:02.608090 matches=0 nonzero=0 1520, 248.50, 1
4, 196.34, 0
CHECK 2026-07-30T05:46:02.861704 matches=0 nonzero=0 1520, 248.47, 0
4, 196.35, 0
CHECK 2026-07-30T05:46:03.019558 matches=0 nonzero=0 1520, 248.41, 0
4, 196.33, 0
CHECK 2026-07-30T05:46:03.162217 matches=0 nonzero=0 1520, 248.57, 1
4, 196.33, 0
CHECK 2026-07-30T05:46:03.447461 matches=0 nonzero=0 1520, 248.30, 1
4, 196.36, 0
CHECK 2026-07-30T05:46:03.594387 matches=0 nonzero=0 1520, 248.51, 0
4, 196.31, 0
CHECK 2026-07-30T05:46:03.738059 matches=0 nonzero=0 1520, 249.00, 1
4, 196.36, 0
CHECK 2026-07-30T05:46:04.016938 matches=0 nonzero=0 1520, 249.08, 0
4, 196.41, 0
CHECK 2026-07-30T05:46:04.344275 matches=0 nonzero=0 1520, 248.96, 0
4, 196.41, 0
CHECK 2026-07-30T05:46:04.487060 matches=0 nonzero=0 1520, 249.04, 1
4, 196.47, 0
CHECK 2026-07-30T05:46:04.809763 matches=0 nonzero=0 1520, 248.46, 1
4, 196.42, 0
CHECK 2026-07-30T05:46:05.091864 matches=0 nonzero=0 1520, 248.08, 0
4, 196.41, 0
CHECK 2026-07-30T05:46:05.240628 matches=0 nonzero=0 1520, 248.41, 0
4, 196.38, 0
CHECK 2026-07-30T05:46:05.382434 matches=0 nonzero=0 1520, 248.48, 1
4, 196.38, 0
CHECK 2026-07-30T05:46:05.682564 matches=0 nonzero=0 1520, 248.40, 0
4, 196.36, 0
CHECK 2026-07-30T05:46:05.831591 matches=0 nonzero=0 1520, 248.56, 0
4, 196.32, 0
CHECK 2026-07-30T05:46:06.137062 matches=0 nonzero=0 1520, 248.55, 0
4, 196.29, 0
CHECK 2026-07-30T05:46:06.277322 matches=0 nonzero=0 1520, 248.74, 1
4, 196.25, 0
CHECK 2026-07-30T05:46:06.536652 matches=0 nonzero=0 1520, 248.63, 0
4, 196.25, 0
CHECK 2026-07-30T05:46:06.681148 matches=0 nonzero=0 1520, 248.86, 1
4, 196.25, 0
CHECK 2026-07-30T05:46:06.828268 matches=0 nonzero=0 1520, 248.86, 1
4, 196.26, 0
CHECK 2026-07-30T05:46:06.972298 matches=0 nonzero=0 1520, 248.91, 0
4, 196.23, 0
CHECK 2026-07-30T05:46:07.120377 matches=0 nonzero=0 1520, 249.08, 1
4, 196.27, 0
CHECK 2026-07-30T05:46:07.261614 matches=0 nonzero=0 1520, 248.56, 1
4, 196.29, 0
CHECK 2026-07-30T05:46:07.532763 matches=0 nonzero=0 1520, 248.58, 0
4, 196.29, 0
CHECK 2026-07-30T05:46:07.673694 matches=0 nonzero=0 1520, 248.66, 1
4, 196.29, 0
CHECK 2026-07-30T05:46:07.957950 matches=0 nonzero=0 1520, 248.78, 1
4, 196.34, 0
CHECK 2026-07-30T05:46:08.283252 matches=0 nonzero=0 1520, 248.67, 0
4, 196.36, 0
CHECK 2026-07-30T05:46:08.426605 matches=0 nonzero=0 1520, 248.88, 0
4, 196.35, 0
CHECK 2026-07-30T05:46:08.717491 matches=0 nonzero=0 1520, 248.55, 0
4, 196.35, 0
CHECK 2026-07-30T05:46:08.860493 matches=0 nonzero=0 1520, 248.61, 1
4, 196.33, 0
CHECK 2026-07-30T05:46:09.142100 matches=0 nonzero=0 1520, 248.58, 0
4, 196.31, 0
CHECK 2026-07-30T05:46:09.284406 matches=0 nonzero=0 1520, 248.76, 1
4, 196.31, 0
CHECK 2026-07-30T05:46:09.446301 matches=0 nonzero=0 1520, 248.73, 1
4, 196.30, 0
CHECK 2026-07-30T05:46:09.593983 matches=0 nonzero=0 1520, 248.82, 0
4, 196.32, 0
CHECK 2026-07-30T05:46:09.736698 matches=0 nonzero=0 1520, 249.02, 1
4, 196.31, 0
CHECK 2026-07-30T05:46:09.878053 matches=0 nonzero=0 1520, 249.26, 1
4, 196.30, 0
CHECK 2026-07-30T05:46:10.022040 matches=0 nonzero=0 1520, 249.31, 1
4, 196.28, 0
CHECK 2026-07-30T05:46:10.163384 matches=0 nonzero=0 1520, 249.36, 1
4, 196.30, 0
CHECK 2026-07-30T05:46:10.466995 matches=0 nonzero=0 1520, 249.24, 1
4, 196.30, 0
CHECK 2026-07-30T05:46:10.618144 matches=0 nonzero=0 1520, 248.73, 0
4, 196.28, 0
CHECK 2026-07-30T05:46:10.966990 matches=0 nonzero=0 1520, 248.40, 0
4, 196.30, 0
CHECK 2026-07-30T05:46:11.113534 matches=0 nonzero=0 1520, 248.45, 1
4, 196.22, 0
CHECK 2026-07-30T05:46:11.255331 matches=0 nonzero=0 1520, 249.07, 0
4, 196.25, 0
CHECK 2026-07-30T05:46:11.691303 matches=0 nonzero=0 1520, 249.05, 0
4, 196.29, 0
CHECK 2026-07-30T05:46:11.975679 matches=0 nonzero=0 1520, 249.19, 0
4, 196.32, 0
CHECK 2026-07-30T05:46:12.122462 matches=0 nonzero=0 1520, 249.18, 1
4, 196.34, 0
CHECK 2026-07-30T05:46:12.263976 matches=0 nonzero=0 1520, 248.89, 1
4, 196.35, 0
CHECK 2026-07-30T05:46:12.416207 matches=0 nonzero=0 1520, 248.60, 1
4, 196.34, 0
CHECK 2026-07-30T05:46:12.559309 matches=0 nonzero=0 1520, 249.06, 0
4, 196.29, 0
CHECK 2026-07-30T05:46:12.712343 matches=0 nonzero=0 1520, 249.64, 1
4, 196.25, 0
CHECK 2026-07-30T05:46:12.855480 matches=0 nonzero=0 1520, 249.78, 0
4, 196.24, 0
CHECK 2026-07-30T05:46:13.209084 matches=0 nonzero=0 1520, 249.65, 0
4, 196.23, 0
CHECK 2026-07-30T05:46:13.354716 matches=0 nonzero=0 1520, 249.62, 1
4, 196.22, 0
CHECK 2026-07-30T05:46:13.504503 matches=0 nonzero=0 1520, 249.62, 1
4, 196.23, 0
CHECK 2026-07-30T05:46:13.648576 matches=0 nonzero=0 1520, 249.26, 1
4, 196.25, 0
CHECK 2026-07-30T05:46:13.791992 matches=0 nonzero=0 1520, 249.34, 0
4, 196.25, 0
CHECK 2026-07-30T05:46:13.937476 matches=0 nonzero=0 1520, 249.01, 1
4, 196.23, 0
CHECK 2026-07-30T05:46:14.077340 matches=0 nonzero=0 1520, 249.59, 1
4, 196.16, 0
CHECK 2026-07-30T05:46:14.395385 matches=0 nonzero=0 1520, 249.34, 1
4, 196.19, 0
CHECK 2026-07-30T05:46:14.669476 matches=0 nonzero=0 1520, 249.11, 1
4, 196.20, 0
CHECK 2026-07-30T05:46:14.820374 matches=0 nonzero=0 1520, 248.97, 0
4, 196.21, 0
CHECK 2026-07-30T05:46:15.185918 matches=0 nonzero=0 1520, 248.60, 0
4, 196.23, 0
CHECK 2026-07-30T05:46:15.333413 matches=0 nonzero=0 1520, 248.62, 1
4, 196.20, 0
CHECK 2026-07-30T05:46:15.479322 matches=0 nonzero=0 1520, 248.90, 1
4, 196.19, 0
CHECK 2026-07-30T05:46:15.624352 matches=0 nonzero=0 1520, 248.96, 1
4, 196.14, 0
CHECK 2026-07-30T05:46:15.768385 matches=0 nonzero=0 1520, 248.82, 1
4, 196.15, 0
CHECK 2026-07-30T05:46:16.038612 matches=0 nonzero=0 1520, 248.87, 1
4, 196.15, 0
CHECK 2026-07-30T05:46:16.188464 matches=0 nonzero=0 1520, 249.38, 0
4, 196.20, 0
CHECK 2026-07-30T05:46:16.333385 matches=0 nonzero=0 1520, 249.56, 1
4, 196.15, 0
CHECK 2026-07-30T05:46:16.619554 matches=0 nonzero=0 1520, 249.10, 1
4, 196.14, 0
CHECK 2026-07-30T05:46:16.762012 matches=0 nonzero=0 1520, 249.35, 0
4, 196.19, 0
CHECK 2026-07-30T05:46:16.967075 matches=0 nonzero=0 1520, 249.07, 1
4, 196.13, 0
CHECK 2026-07-30T05:46:17.254295 matches=0 nonzero=0 1520, 249.03, 1
4, 196.12, 0
CHECK 2026-07-30T05:46:17.404555 matches=0 nonzero=0 1520, 248.91, 0
4, 196.15, 0
CHECK 2026-07-30T05:46:17.549974 matches=0 nonzero=0 1520, 248.98, 1
4, 196.16, 0
CHECK 2026-07-30T05:46:17.698465 matches=0 nonzero=0 1520, 249.11, 0
4, 196.18, 0
CHECK 2026-07-30T05:46:18.056062 matches=0 nonzero=0 1520, 248.98, 0
4, 196.18, 0
CHECK 2026-07-30T05:46:18.203073 matches=0 nonzero=0 1520, 249.06, 1
4, 196.17, 0
CHECK 2026-07-30T05:46:18.555795 matches=0 nonzero=0 1520, 249.01, 0
4, 196.17, 0
CHECK 2026-07-30T05:46:18.706476 matches=0 nonzero=0 1520, 248.87, 1
4, 196.17, 0
CHECK 2026-07-30T05:46:18.955539 matches=0 nonzero=0 1520, 248.88, 0
4, 196.19, 0
CHECK 2026-07-30T05:46:19.107042 matches=0 nonzero=0 1520, 249.09, 1
4, 196.25, 0
CHECK 2026-07-30T05:46:19.353715 matches=0 nonzero=0 1520, 248.91, 0
4, 196.23, 0
CHECK 2026-07-30T05:46:19.503616 matches=0 nonzero=0 1520, 249.13, 1
4, 196.22, 0
CHECK 2026-07-30T05:46:19.771354 matches=0 nonzero=0 1520, 249.13, 0
4, 196.22, 0
CHECK 2026-07-30T05:46:19.921350 matches=0 nonzero=0 1520, 248.90, 1
4, 196.19, 0
CHECK 2026-07-30T05:46:20.278869 matches=0 nonzero=0 1520, 248.61, 0
4, 196.19, 0
CHECK 2026-07-30T05:46:20.554462 matches=0 nonzero=0 1520, 248.72, 1
4, 196.18, 0
CHECK 2026-07-30T05:46:20.902252 matches=0 nonzero=0 1520, 248.43, 0
4, 196.19, 0
CHECK 2026-07-30T05:46:21.060991 matches=0 nonzero=0 1520, 248.52, 0
4, 196.23, 0
CHECK 2026-07-30T05:46:21.213878 matches=0 nonzero=0 1520, 248.74, 0
4, 196.29, 0
CHECK 2026-07-30T05:46:21.577866 matches=0 nonzero=0 1520, 248.86, 1
4, 196.38, 0
CHECK 2026-07-30T05:46:21.927160 matches=0 nonzero=0 1520, 248.87, 0
4, 196.38, 0
CHECK 2026-07-30T05:46:22.074195 matches=0 nonzero=0 1520, 249.19, 1
4, 196.40, 0
CHECK 2026-07-30T05:46:22.414652 matches=0 nonzero=0 1520, 248.87, 0
4, 196.42, 0
CHECK 2026-07-30T05:46:22.559325 matches=0 nonzero=0 1520, 249.27, 1
4, 196.42, 0
CHECK 2026-07-30T05:46:22.853548 matches=0 nonzero=0 1520, 249.27, 0
4, 196.40, 0
CHECK 2026-07-30T05:46:23.057122 matches=0 nonzero=0 1520, 249.34, 0
4, 196.38, 0
CHECK 2026-07-30T05:46:23.342325 matches=0 nonzero=0 1520, 249.32, 0
4, 196.37, 0
CHECK 2026-07-30T05:46:23.486099 matches=0 nonzero=0 1520, 249.28, 1
4, 196.34, 0
CHECK 2026-07-30T05:46:23.630785 matches=0 nonzero=0 1520, 249.07, 0
4, 196.27, 0
CHECK 2026-07-30T05:46:23.939492 matches=0 nonzero=0 1520, 248.98, 1
4, 196.21, 0
CHECK 2026-07-30T05:46:24.246328 matches=0 nonzero=0 1520, 248.95, 1
4, 196.19, 0
CHECK 2026-07-30T05:46:24.415546 matches=0 nonzero=0 1520, 249.45, 0
4, 196.19, 0
CHECK 2026-07-30T05:46:24.695494 matches=0 nonzero=0 1520, 249.31, 0
4, 196.22, 0
CHECK 2026-07-30T05:46:24.964624 matches=0 nonzero=0 1520, 249.37, 0
4, 196.22, 0
CHECK 2026-07-30T05:46:25.116865 matches=0 nonzero=0 1520, 248.94, 1
4, 196.23, 0
CHECK 2026-07-30T05:46:25.264225 matches=0 nonzero=0 1520, 249.35, 1
4, 196.26, 0
CHECK 2026-07-30T05:46:25.553015 matches=0 nonzero=0 1520, 248.92, 0
4, 196.34, 0
CHECK 2026-07-30T05:46:25.924252 matches=0 nonzero=0 1520, 248.96, 0
4, 196.35, 0
CHECK 2026-07-30T05:46:26.070892 matches=0 nonzero=0 1520, 248.65, 1
4, 196.35, 0
CHECK 2026-07-30T05:46:26.345019 matches=0 nonzero=0 1520, 248.55, 0
4, 196.34, 0
CHECK 2026-07-30T05:46:26.488103 matches=0 nonzero=0 1520, 248.45, 0
4, 196.27, 0
CHECK 2026-07-30T05:46:26.964289 matches=0 nonzero=0 1520, 248.25, 1
4, 196.27, 0
CHECK 2026-07-30T05:46:27.334238 matches=0 nonzero=0 1520, 248.23, 0
4, 196.26, 0
CHECK 2026-07-30T05:46:27.502392 matches=0 nonzero=0 1520, 248.41, 1
4, 196.27, 0
CHECK 2026-07-30T05:46:27.801311 matches=0 nonzero=0 1520, 248.45, 0
4, 196.30, 0
CHECK 2026-07-30T05:46:28.376127 matches=0 nonzero=0 1520, 248.60, 1
4, 196.24, 0
CHECK 2026-07-30T05:46:28.671409 matches=0 nonzero=0 1520, 248.73, 0
4, 196.26, 0
CHECK 2026-07-30T05:46:28.825480 matches=0 nonzero=0 1520, 248.68, 0
4, 196.25, 0
CHECK 2026-07-30T05:46:28.971215 matches=0 nonzero=0 1520, 248.96, 1
4, 196.28, 0
CHECK 2026-07-30T05:46:29.242483 matches=0 nonzero=0 1520, 248.65, 0
4, 196.27, 0
CHECK 2026-07-30T05:46:29.528929 matches=0 nonzero=0 1520, 248.57, 1
4, 196.30, 0
CHECK 2026-07-30T05:46:29.827036 matches=0 nonzero=0 1520, 248.56, 1
4, 196.31, 0
CHECK 2026-07-30T05:46:29.966482 matches=0 nonzero=0 1520, 248.63, 1
4, 196.31, 0
CHECK 2026-07-30T05:46:30.256699 matches=0 nonzero=0 1520, 248.90, 0
4, 196.38, 0
CHECK 2026-07-30T05:46:30.563657 matches=0 nonzero=0 1520, 248.82, 0
4, 196.40, 0
CHECK 2026-07-30T05:46:30.711095 matches=0 nonzero=0 1520, 248.50, 0
4, 196.36, 0
CHECK 2026-07-30T05:46:31.239565 matches=0 nonzero=0 1520, 248.49, 0
4, 196.36, 0
CHECK 2026-07-30T05:46:31.388951 matches=0 nonzero=0 1520, 248.93, 1
4, 196.40, 0
CHECK 2026-07-30T05:46:31.706599 matches=0 nonzero=0 1520, 248.85, 0
4, 196.43, 0
CHECK 2026-07-30T05:46:32.058784 matches=0 nonzero=0 1520, 249.20, 0
4, 196.47, 0
CHECK 2026-07-30T05:46:32.348880 matches=0 nonzero=0 1520, 248.67, 0
4, 196.45, 0
CHECK 2026-07-30T05:46:32.510194 matches=0 nonzero=0 1520, 248.83, 1
4, 196.38, 0
CHECK 2026-07-30T05:46:32.819973 matches=0 nonzero=0 1520, 249.20, 0
4, 196.34, 0
CHECK 2026-07-30T05:46:33.122863 matches=0 nonzero=0 1520, 249.00, 1
4, 196.28, 0
CHECK 2026-07-30T05:46:33.441974 matches=0 nonzero=0 1520, 248.76, 1
4, 196.27, 0
CHECK 2026-07-30T05:46:33.625323 matches=0 nonzero=0 1520, 248.76, 0
4, 196.31, 0
CHECK 2026-07-30T05:46:33.851219 matches=0 nonzero=0 1520, 248.51, 0
4, 196.24, 0
CHECK 2026-07-30T05:46:34.146721 matches=0 nonzero=0 1520, 248.50, 0
4, 196.26, 0
CHECK 2026-07-30T05:46:34.315596 matches=0 nonzero=0 1520, 248.61, 1
4, 196.30, 0
CHECK 2026-07-30T05:46:34.642678 matches=0 nonzero=0 1520, 248.62, 0
4, 196.32, 0
CHECK 2026-07-30T05:46:35.010579 matches=0 nonzero=0 1520, 248.32, 1
4, 196.30, 0
CHECK 2026-07-30T05:46:35.347013 matches=0 nonzero=0 1520, 248.22, 0
4, 196.31, 0
CHECK 2026-07-30T05:46:35.618034 matches=0 nonzero=0 1520, 248.26, 1
4, 196.29, 0
CHECK 2026-07-30T05:46:35.771935 matches=0 nonzero=0 1520, 248.86, 1
4, 196.26, 0
CHECK 2026-07-30T05:46:36.065148 matches=0 nonzero=0 1520, 248.91, 0
4, 196.28, 0
CHECK 2026-07-30T05:46:36.365903 matches=0 nonzero=0 1520, 248.95, 0
4, 196.31, 0
CHECK 2026-07-30T05:46:36.515757 matches=0 nonzero=0 1520, 249.23, 1
4, 196.30, 0
CHECK 2026-07-30T05:46:36.787660 matches=0 nonzero=0 1520, 248.78, 1
4, 196.33, 0
CHECK 2026-07-30T05:46:36.968313 matches=0 nonzero=0 1520, 248.91, 1
4, 196.37, 0
CHECK 2026-07-30T05:46:37.307557 matches=0 nonzero=0 1520, 248.98, 0
4, 196.37, 0
CHECK 2026-07-30T05:46:37.587970 matches=0 nonzero=0 1520, 248.64, 0
4, 196.35, 0
CHECK 2026-07-30T05:46:37.735597 matches=0 nonzero=0 1520, 248.98, 1
4, 196.28, 0
CHECK 2026-07-30T05:46:38.015235 matches=0 nonzero=0 1520, 248.56, 1
4, 196.24, 0
CHECK 2026-07-30T05:46:38.186094 matches=0 nonzero=0 1520, 249.05, 1
4, 196.26, 0
CHECK 2026-07-30T05:46:38.463850 matches=0 nonzero=0 1520, 248.90, 1
4, 196.24, 0
CHECK 2026-07-30T05:46:38.612430 matches=0 nonzero=0 1520, 249.02, 1
4, 196.27, 0
CHECK 2026-07-30T05:46:38.877874 matches=0 nonzero=0 1520, 249.12, 0
4, 196.31, 0
CHECK 2026-07-30T05:46:39.031068 matches=0 nonzero=0 1520, 248.93, 0
4, 196.31, 0
CHECK 2026-07-30T05:46:39.310961 matches=0 nonzero=0 1520, 248.73, 0
4, 196.32, 0
CHECK 2026-07-30T05:46:39.456736 matches=0 nonzero=0 1520, 249.20, 0
4, 196.38, 0
CHECK 2026-07-30T05:46:39.732135 matches=0 nonzero=0 1520, 248.91, 1
4, 196.41, 0
CHECK 2026-07-30T05:46:40.045683 matches=0 nonzero=0 1520, 248.90, 1
4, 196.38, 0
CHECK 2026-07-30T05:46:40.198888 matches=0 nonzero=0 1520, 249.23, 1
4, 196.34, 0
CHECK 2026-07-30T05:46:40.531595 matches=0 nonzero=0 1520, 248.95, 0
4, 196.35, 0
CHECK 2026-07-30T05:46:40.814359 matches=0 nonzero=0 1520, 249.00, 0
4, 196.34, 0
CHECK 2026-07-30T05:46:41.114561 matches=0 nonzero=0 1520, 249.12, 0
4, 196.33, 0
CHECK 2026-07-30T05:46:41.395548 matches=0 nonzero=0 1520, 249.18, 1
4, 196.35, 0
CHECK 2026-07-30T05:46:41.542405 matches=0 nonzero=0 1520, 249.05, 1
4, 196.33, 0
CHECK 2026-07-30T05:46:41.883259 matches=0 nonzero=0 1520, 248.78, 0
4, 196.33, 0
CHECK 2026-07-30T05:46:42.224419 matches=0 nonzero=0 1520, 248.42, 0
4, 196.33, 0
CHECK 2026-07-30T05:46:42.373582 matches=0 nonzero=0 1520, 248.49, 1
4, 196.26, 0
CHECK 2026-07-30T05:46:42.663979 matches=0 nonzero=0 1520, 248.40, 1
4, 196.24, 0
CHECK 2026-07-30T05:46:42.815281 matches=0 nonzero=0 1520, 248.81, 0
4, 196.23, 0
CHECK 2026-07-30T05:46:43.373577 matches=0 nonzero=0 1520, 248.60, 1
4, 196.24, 0
CHECK 2026-07-30T05:46:43.737884 matches=0 nonzero=0 1520, 248.47, 0
4, 196.27, 0
CHECK 2026-07-30T05:46:43.887734 matches=0 nonzero=0 1520, 248.76, 1
4, 196.32, 0
CHECK 2026-07-30T05:46:44.038475 matches=0 nonzero=0 1520, 249.01, 0
4, 196.33, 0
CHECK 2026-07-30T05:46:44.399372 matches=0 nonzero=0 1520, 248.90, 1
4, 196.32, 0
CHECK 2026-07-30T05:46:44.732221 matches=0 nonzero=0 1520, 248.51, 0
4, 196.34, 0
CHECK 2026-07-30T05:46:45.061381 matches=0 nonzero=0 1520, 248.41, 1
4, 196.38, 0
CHECK 2026-07-30T05:46:45.423919 matches=0 nonzero=0 1520, 248.21, 0
4, 196.37, 0
CHECK 2026-07-30T05:46:45.574286 matches=0 nonzero=0 1520, 248.35, 1
4, 196.37, 0
CHECK 2026-07-30T05:46:45.723220 matches=0 nonzero=0 1520, 248.52, 0
4, 196.38, 0
CHECK 2026-07-30T05:46:45.887880 matches=0 nonzero=0 1520, 248.64, 1
4, 196.39, 0
CHECK 2026-07-30T05:46:46.218112 matches=0 nonzero=0 1520, 248.48, 0
4, 196.33, 0
CHECK 2026-07-30T05:46:46.364011 matches=0 nonzero=0 1520, 249.04, 1
4, 196.35, 0
CHECK 2026-07-30T05:46:46.510972 matches=0 nonzero=0 1520, 249.16, 1
4, 196.34, 0
CHECK 2026-07-30T05:46:46.765572 matches=0 nonzero=0 1520, 249.13, 0
4, 196.31, 0
CHECK 2026-07-30T05:46:46.918866 matches=0 nonzero=0 1520, 249.37, 0
4, 196.37, 0
CHECK 2026-07-30T05:46:47.275358 matches=0 nonzero=0 1520, 249.39, 1
4, 196.36, 0
CHECK 2026-07-30T05:46:47.425411 matches=0 nonzero=0 1520, 248.74, 0
4, 196.35, 0
CHECK 2026-07-30T05:46:47.933043 matches=0 nonzero=0 1520, 248.35, 0
4, 196.32, 0
CHECK 2026-07-30T05:46:48.236690 matches=0 nonzero=0 1520, 248.32, 0
4, 196.34, 0
CHECK 2026-07-30T05:46:48.387437 matches=0 nonzero=0 1520, 248.78, 1
4, 196.37, 0
CHECK 2026-07-30T05:46:48.550244 matches=0 nonzero=0 1520, 248.65, 0
4, 196.41, 0
CHECK 2026-07-30T05:46:48.693107 matches=0 nonzero=0 1520, 249.19, 1
4, 196.49, 0
CHECK 2026-07-30T05:46:49.011117 matches=0 nonzero=0 1520, 249.33, 0
4, 196.42, 0
CHECK 2026-07-30T05:46:49.313888 matches=0 nonzero=0 1520, 248.87, 0
4, 196.39, 0
CHECK 2026-07-30T05:46:49.467203 matches=0 nonzero=0 1520, 248.95, 1
4, 196.37, 0
CHECK 2026-07-30T05:46:49.754275 matches=0 nonzero=0 1520, 248.98, 0
4, 196.34, 0
CHECK 2026-07-30T05:46:50.050448 matches=0 nonzero=0 1520, 248.96, 0
4, 196.33, 0
CHECK 2026-07-30T05:46:50.207922 matches=0 nonzero=0 1520, 248.98, 1
4, 196.34, 0
CHECK 2026-07-30T05:46:50.355792 matches=0 nonzero=0 1520, 248.81, 0
4, 196.31, 0
CHECK 2026-07-30T05:46:50.638124 matches=0 nonzero=0 1520, 248.75, 0
4, 196.33, 0
CHECK 2026-07-30T05:46:50.781552 matches=0 nonzero=0 1520, 249.26, 1
4, 196.30, 0
CHECK 2026-07-30T05:46:50.934134 matches=0 nonzero=0 1520, 249.03, 0
4, 196.32, 0
CHECK 2026-07-30T05:46:51.107641 matches=0 nonzero=0 1520, 249.13, 1
4, 196.36, 0
CHECK 2026-07-30T05:46:51.253634 matches=0 nonzero=0 1520, 249.29, 1
4, 196.33, 0
CHECK 2026-07-30T05:46:51.582981 matches=0 nonzero=0 1520, 248.82, 0
4, 196.29, 0
CHECK 2026-07-30T05:46:51.947191 matches=0 nonzero=0 1520, 248.54, 0
4, 196.27, 0
CHECK 2026-07-30T05:46:52.266263 matches=0 nonzero=0 1520, 248.41, 0
4, 196.25, 0
CHECK 2026-07-30T05:46:52.421544 matches=0 nonzero=0 1520, 248.26, 1
4, 196.22, 0
CHECK 2026-07-30T05:46:52.563774 matches=0 nonzero=0 1520, 248.44, 0
4, 196.25, 0
CHECK 2026-07-30T05:46:53.032559 matches=0 nonzero=0 1520, 248.28, 0
4, 196.28, 0
CHECK 2026-07-30T05:46:53.175362 matches=0 nonzero=0 1520, 248.63, 0
4, 196.36, 0
CHECK 2026-07-30T05:46:53.545196 matches=0 nonzero=0 1520, 248.57, 0
4, 196.33, 0
CHECK 2026-07-30T05:46:53.847487 matches=0 nonzero=0 1520, 248.52, 0
4, 196.34, 0
CHECK 2026-07-30T05:46:53.995957 matches=0 nonzero=0 1520, 248.61, 0
4, 196.30, 0
CHECK 2026-07-30T05:46:54.309276 matches=0 nonzero=0 1520, 248.43, 1
4, 196.30, 0
CHECK 2026-07-30T05:46:54.456159 matches=0 nonzero=0 1520, 248.94, 1
4, 196.34, 0
CHECK 2026-07-30T05:46:54.787552 matches=0 nonzero=0 1520, 248.73, 0
4, 196.34, 0
CHECK 2026-07-30T05:46:55.114291 matches=0 nonzero=0 1520, 248.48, 0
4, 196.34, 0
CHECK 2026-07-30T05:46:55.272981 matches=0 nonzero=0 1520, 248.58, 0
4, 196.30, 0
CHECK 2026-07-30T05:46:55.423117 matches=0 nonzero=0 1520, 248.64, 1
4, 196.30, 0
CHECK 2026-07-30T05:46:55.565908 matches=0 nonzero=0 1520, 248.52, 0
4, 196.26, 0
CHECK 2026-07-30T05:46:55.908278 matches=0 nonzero=0 1520, 248.49, 1
4, 196.30, 0
CHECK 2026-07-30T05:46:56.058499 matches=0 nonzero=0 1520, 248.70, 1
4, 196.31, 0
CHECK 2026-07-30T05:46:56.209620 matches=0 nonzero=0 1520, 249.07, 0
4, 196.34, 0
CHECK 2026-07-30T05:46:56.491087 matches=0 nonzero=0 1520, 248.88, 0
4, 196.30, 0
CHECK 2026-07-30T05:46:56.836597 matches=0 nonzero=0 1520, 248.95, 0
4, 196.27, 0
CHECK 2026-07-30T05:46:56.983992 matches=0 nonzero=0 1520, 249.35, 1
4, 196.25, 0
CHECK 2026-07-30T05:46:57.136975 matches=0 nonzero=0 1520, 248.91, 0
4, 196.22, 0
CHECK 2026-07-30T05:46:57.278358 matches=0 nonzero=0 1520, 249.35, 0
4, 196.18, 0
CHECK 2026-07-30T05:46:57.426742 matches=0 nonzero=0 1520, 249.55, 1
4, 196.21, 0
CHECK 2026-07-30T05:46:57.568869 matches=0 nonzero=0 1520, 249.71, 1
4, 196.24, 0
CHECK 2026-07-30T05:46:57.718114 matches=0 nonzero=0 1520, 249.72, 0
4, 196.22, 0
CHECK 2026-07-30T05:46:57.860070 matches=0 nonzero=0 1520, 250.25, 1
4, 196.26, 0
CHECK 2026-07-30T05:46:58.182291 matches=0 nonzero=0 1520, 250.15, 0
4, 196.26, 0
CHECK 2026-07-30T05:46:58.330044 matches=0 nonzero=0 1520, 249.46, 0
4, 196.22, 0
CHECK 2026-07-30T05:46:58.655897 matches=0 nonzero=0 1520, 249.31, 0
4, 196.26, 0
CHECK 2026-07-30T05:46:58.808432 matches=0 nonzero=0 1520, 249.06, 1
4, 196.24, 0
CHECK 2026-07-30T05:46:58.956291 matches=0 nonzero=0 1520, 248.51, 0
4, 196.24, 0
CHECK 2026-07-30T05:46:59.104663 matches=0 nonzero=0 1520, 248.90, 1
4, 196.20, 0
CHECK 2026-07-30T05:46:59.254668 matches=0 nonzero=0 1520, 249.38, 1
4, 196.21, 0
CHECK 2026-07-30T05:46:59.523812 matches=0 nonzero=0 1520, 249.17, 0
4, 196.19, 0
CHECK 2026-07-30T05:46:59.700268 matches=0 nonzero=0 1520, 249.61, 1
4, 196.20, 0
CHECK 2026-07-30T05:46:59.957022 matches=0 nonzero=0 1520, 249.58, 0
4, 196.20, 0
CHECK 2026-07-30T05:47:00.351798 matches=0 nonzero=0 1520, 249.21, 0
4, 196.21, 0
CHECK 2026-07-30T05:47:00.612507 matches=0 nonzero=0 1520, 249.04, 0
4, 196.20, 0
CHECK 2026-07-30T05:47:00.766278 matches=0 nonzero=0 1520, 249.04, 0
4, 196.14, 0
CHECK 2026-07-30T05:47:01.122965 matches=0 nonzero=0 1520, 248.63, 0
4, 196.17, 0
CHECK 2026-07-30T05:47:01.267397 matches=0 nonzero=0 1520, 248.84, 1
4, 196.14, 0
CHECK 2026-07-30T05:47:01.603641 matches=0 nonzero=0 1520, 248.81, 0
4, 196.12, 0
CHECK 2026-07-30T05:47:01.755744 matches=0 nonzero=0 1520, 248.61, 0
4, 196.15, 0
CHECK 2026-07-30T05:47:01.908152 matches=0 nonzero=0 1520, 248.88, 1
4, 196.16, 0
CHECK 2026-07-30T05:47:02.216752 matches=0 nonzero=0 1520, 248.75, 0
4, 196.22, 0
CHECK 2026-07-30T05:47:02.358067 matches=0 nonzero=0 1520, 249.28, 0
4, 196.23, 0
CHECK 2026-07-30T05:47:02.639979 matches=0 nonzero=0 1520, 249.76, 1
4, 196.25, 0
CHECK 2026-07-30T05:47:02.930860 matches=0 nonzero=0 1520, 249.41, 0
4, 196.28, 0
CHECK 2026-07-30T05:47:03.078383 matches=0 nonzero=0 1520, 249.35, 0
4, 196.29, 0
CHECK 2026-07-30T05:47:03.226653 matches=0 nonzero=0 1520, 249.73, 1
4, 196.23, 0
CHECK 2026-07-30T05:47:03.370191 matches=0 nonzero=0 1520, 249.53, 1
4, 196.24, 0
CHECK 2026-07-30T05:47:03.515594 matches=0 nonzero=0 1520, 249.40, 0
4, 196.21, 0
CHECK 2026-07-30T05:47:03.658477 matches=0 nonzero=0 1520, 249.64, 1
4, 196.27, 0
CHECK 2026-07-30T05:47:03.944808 matches=0 nonzero=0 1520, 249.62, 0
4, 196.24, 0
CHECK 2026-07-30T05:47:04.095233 matches=0 nonzero=0 1520, 249.74, 1
4, 196.26, 0
CHECK 2026-07-30T05:47:04.388709 matches=0 nonzero=0 1520, 249.52, 0
4, 196.29, 0
CHECK 2026-07-30T05:47:04.534496 matches=0 nonzero=0 1520, 249.54, 0
4, 196.28, 0
CHECK 2026-07-30T05:47:04.714972 matches=0 nonzero=0 1520, 249.12, 0
4, 196.21, 0
CHECK 2026-07-30T05:47:04.861324 matches=0 nonzero=0 1520, 249.40, 0
4, 196.19, 0
CHECK 2026-07-30T05:47:05.006473 matches=0 nonzero=0 1520, 249.11, 0
4, 196.13, 0
CHECK 2026-07-30T05:47:05.362535 matches=0 nonzero=0 1520, 249.11, 0
4, 196.11, 0
CHECK 2026-07-30T05:47:05.513789 matches=0 nonzero=0 1520, 249.02, 0
4, 196.12, 0
CHECK 2026-07-30T05:47:05.812313 matches=0 nonzero=0 1520, 248.90, 0
4, 196.16, 0
CHECK 2026-07-30T05:47:06.102794 matches=0 nonzero=0 1520, 248.63, 1
4, 196.24, 0
CHECK 2026-07-30T05:47:06.257012 matches=0 nonzero=0 1520, 248.72, 1
4, 196.26, 0
CHECK 2026-07-30T05:47:06.414191 matches=0 nonzero=0 1520, 249.02, 1
4, 196.25, 0
CHECK 2026-07-30T05:47:06.559095 matches=0 nonzero=0 1520, 249.37, 1
4, 196.25, 0
CHECK 2026-07-30T05:47:06.709610 matches=0 nonzero=0 1520, 249.54, 1
4, 196.28, 0
CHECK 2026-07-30T05:47:06.869474 matches=0 nonzero=0 1520, 249.66, 1
4, 196.29, 0
CHECK 2026-07-30T05:47:07.014089 matches=0 nonzero=0 1520, 249.60, 1
4, 196.21, 0
CHECK 2026-07-30T05:47:07.283122 matches=0 nonzero=0 1520, 249.51, 1
4, 196.17, 0
CHECK 2026-07-30T05:47:07.429102 matches=0 nonzero=0 1520, 249.08, 1
4, 196.21, 0
CHECK 2026-07-30T05:47:07.713681 matches=0 nonzero=0 1520, 248.77, 0
4, 196.21, 0
CHECK 2026-07-30T05:47:08.020000 matches=0 nonzero=0 1520, 248.65, 0
4, 196.17, 0
CHECK 2026-07-30T05:47:08.174036 matches=0 nonzero=0 1520, 248.97, 1
4, 196.18, 0
CHECK 2026-07-30T05:47:08.319548 matches=0 nonzero=0 1520, 249.00, 0
4, 196.13, 0
CHECK 2026-07-30T05:47:08.460887 matches=0 nonzero=0 1520, 249.13, 1
4, 196.12, 0
CHECK 2026-07-30T05:47:08.728065 matches=0 nonzero=0 1520, 249.15, 0
4, 196.13, 0
CHECK 2026-07-30T05:47:08.870344 matches=0 nonzero=0 1520, 249.03, 0
4, 196.12, 0
CHECK 2026-07-30T05:47:09.017373 matches=0 nonzero=0 1520, 249.34, 1
4, 196.08, 0
CHECK 2026-07-30T05:47:09.163392 matches=0 nonzero=0 1520, 249.12, 0
4, 196.09, 0
CHECK 2026-07-30T05:47:09.549794 matches=0 nonzero=0 1520, 248.92, 0
4, 196.12, 0
CHECK 2026-07-30T05:47:09.699738 matches=0 nonzero=0 1520, 249.38, 1
4, 196.09, 0
CHECK 2026-07-30T05:47:09.938010 matches=0 nonzero=0 1520, 249.05, 0
4, 196.17, 0
CHECK 2026-07-30T05:47:10.086147 matches=0 nonzero=0 1520, 249.47, 0
4, 196.19, 0
CHECK 2026-07-30T05:47:10.230390 matches=0 nonzero=0 1520, 249.14, 1
4, 196.12, 0
CHECK 2026-07-30T05:47:10.371304 matches=0 nonzero=0 1520, 249.69, 0
4, 196.16, 0
CHECK 2026-07-30T05:47:10.733733 matches=0 nonzero=0 1520, 249.45, 0
4, 196.14, 0
CHECK 2026-07-30T05:47:10.876741 matches=0 nonzero=0 1520, 249.49, 0
4, 196.12, 0
CHECK 2026-07-30T05:47:11.026414 matches=0 nonzero=0 1520, 249.42, 1
4, 196.10, 0
CHECK 2026-07-30T05:47:11.172003 matches=0 nonzero=0 1520, 249.60, 1
4, 196.11, 0
CHECK 2026-07-30T05:47:11.318546 matches=0 nonzero=0 1520, 249.41, 0
4, 196.08, 0
CHECK 2026-07-30T05:47:11.462217 matches=0 nonzero=0 1520, 249.42, 0
4, 196.09, 0
CHECK 2026-07-30T05:47:11.614581 matches=0 nonzero=0 1520, 249.49, 1
4, 196.16, 0
CHECK 2026-07-30T05:47:11.780286 matches=0 nonzero=0 1520, 249.57, 1
4, 196.16, 0
CHECK 2026-07-30T05:47:11.937284 matches=0 nonzero=0 1520, 249.34, 0
4, 196.17, 0
CHECK 2026-07-30T05:47:12.094403 matches=0 nonzero=0 1520, 249.84, 1
4, 196.21, 0
CHECK 2026-07-30T05:47:12.242033 matches=0 nonzero=0 1520, 249.63, 1
4, 196.26, 0
CHECK 2026-07-30T05:47:12.384004 matches=0 nonzero=0 1520, 249.77, 1
4, 196.28, 0
CHECK 2026-07-30T05:47:12.530899 matches=0 nonzero=0 1520, 249.58, 0
4, 196.25, 0
CHECK 2026-07-30T05:47:12.684979 matches=0 nonzero=0 1520, 249.76, 0
4, 196.18, 0
CHECK 2026-07-30T05:47:12.828495 matches=0 nonzero=0 1520, 249.47, 1
4, 196.15, 0
CHECK 2026-07-30T05:47:12.974923 matches=0 nonzero=0 1520, 249.42, 1
4, 196.12, 0
CHECK 2026-07-30T05:47:13.123570 matches=0 nonzero=0 1520, 249.04, 0
4, 196.10, 0
CHECK 2026-07-30T05:47:13.265116 matches=0 nonzero=0 1520, 249.07, 0
4, 196.09, 0
CHECK 2026-07-30T05:47:13.412728 matches=0 nonzero=0 1520, 248.96, 1
4, 196.09, 0
CHECK 2026-07-30T05:47:13.550639 matches=0 nonzero=0 1520, 249.27, 0
4, 196.15, 0
CHECK 2026-07-30T05:47:13.829876 matches=0 nonzero=0 1520, 249.12, 0
4, 196.26, 0
CHECK 2026-07-30T05:47:13.972467 matches=0 nonzero=0 1520, 249.22, 1
4, 196.33, 0
CHECK 2026-07-30T05:47:14.117301 matches=0 nonzero=0 1520, 249.20, 0
4, 196.27, 0
CHECK 2026-07-30T05:47:14.467740 matches=0 nonzero=0 1520, 249.24, 0
4, 196.29, 0
CHECK 2026-07-30T05:47:14.613097 matches=0 nonzero=0 1520, 248.86, 1
4, 196.26, 0
CHECK 2026-07-30T05:47:14.756985 matches=0 nonzero=0 1520, 249.34, 0
4, 196.19, 0
CHECK 2026-07-30T05:47:15.040077 matches=0 nonzero=0 1520, 249.14, 1
4, 196.23, 0
CHECK 2026-07-30T05:47:15.379139 matches=0 nonzero=0 1520, 249.58, 0
4, 196.26, 0
CHECK 2026-07-30T05:47:15.544347 matches=0 nonzero=0 1520, 249.61, 0
4, 196.29, 0
CHECK 2026-07-30T05:47:15.814576 matches=0 nonzero=0 1520, 248.81, 0
4, 196.32, 0
CHECK 2026-07-30T05:47:15.956038 matches=0 nonzero=0 1520, 249.24, 0
4, 196.30, 0
CHECK 2026-07-30T05:47:16.305773 matches=0 nonzero=0 1520, 249.27, 1
4, 196.26, 0
CHECK 2026-07-30T05:47:16.451559 matches=0 nonzero=0 1520, 249.06, 1
4, 196.25, 0
CHECK 2026-07-30T05:47:16.595489 matches=0 nonzero=0 1520, 249.50, 0
4, 196.29, 0
CHECK 2026-07-30T05:47:16.950405 matches=0 nonzero=0 1520, 249.17, 0
4, 196.29, 0
CHECK 2026-07-30T05:47:17.098406 matches=0 nonzero=0 1520, 249.40, 1
4, 196.32, 0
CHECK 2026-07-30T05:47:17.394906 matches=0 nonzero=0 1520, 249.17, 0
4, 196.29, 0
CHECK 2026-07-30T05:47:17.649722 matches=0 nonzero=0 1520, 249.14, 0
4, 196.27, 0
CHECK 2026-07-30T05:47:17.791147 matches=0 nonzero=0 1520, 249.26, 0
4, 196.24, 0
CHECK 2026-07-30T05:47:18.066435 matches=0 nonzero=0 1520, 248.99, 0
4, 196.24, 0
CHECK 2026-07-30T05:47:18.216990 matches=0 nonzero=0 1520, 249.04, 1
4, 196.22, 0
CHECK 2026-07-30T05:47:18.360122 matches=0 nonzero=0 1520, 249.09, 1
4, 196.20, 0
CHECK 2026-07-30T05:47:18.509019 matches=0 nonzero=0 1520, 249.15, 1
4, 196.18, 0
CHECK 2026-07-30T05:47:18.789529 matches=0 nonzero=0 1520, 248.91, 0
4, 196.19, 0
CHECK 2026-07-30T05:47:19.124086 matches=0 nonzero=0 1520, 248.77, 0
4, 196.22, 0
CHECK 2026-07-30T05:47:19.268273 matches=0 nonzero=0 1520, 248.71, 0
4, 196.21, 0
CHECK 2026-07-30T05:47:19.418291 matches=0 nonzero=0 1520, 249.10, 1
4, 196.23, 0
CHECK 2026-07-30T05:47:19.560261 matches=0 nonzero=0 1520, 249.67, 0
4, 196.23, 0
CHECK 2026-07-30T05:47:19.899423 matches=0 nonzero=0 1520, 250.00, 1
4, 196.21, 0
CHECK 2026-07-30T05:47:20.055087 matches=0 nonzero=0 1520, 250.22, 1
4, 196.24, 0
CHECK 2026-07-30T05:47:20.341387 matches=0 nonzero=0 1520, 249.98, 0
4, 196.29, 0
CHECK 2026-07-30T05:47:20.481911 matches=0 nonzero=0 1520, 249.01, 1
4, 196.33, 0
CHECK 2026-07-30T05:47:20.756234 matches=0 nonzero=0 1520, 249.00, 0
4, 196.35, 0
CHECK 2026-07-30T05:47:20.907181 matches=0 nonzero=0 1520, 249.02, 1
4, 196.40, 0
CHECK 2026-07-30T05:47:21.056319 matches=0 nonzero=0 1520, 248.99, 1
4, 196.36, 0
CHECK 2026-07-30T05:47:21.206968 matches=0 nonzero=0 1520, 249.16, 0
4, 196.32, 0
CHECK 2026-07-30T05:47:21.478553 matches=0 nonzero=0 1520, 249.54, 1
4, 196.28, 0
CHECK 2026-07-30T05:47:21.793007 matches=0 nonzero=0 1520, 249.29, 0
4, 196.24, 0
CHECK 2026-07-30T05:47:22.117805 matches=0 nonzero=0 1520, 249.06, 0
4, 196.26, 0
CHECK 2026-07-30T05:47:22.474037 matches=0 nonzero=0 1520, 248.81, 1
4, 196.26, 0
CHECK 2026-07-30T05:47:22.833114 matches=0 nonzero=0 1520, 248.95, 1
4, 196.25, 0
CHECK 2026-07-30T05:47:23.198993 matches=0 nonzero=0 1520, 248.98, 0
4, 196.24, 0
CHECK 2026-07-30T05:47:23.347868 matches=0 nonzero=0 1520, 249.00, 0
4, 196.22, 0
CHECK 2026-07-30T05:47:23.499695 matches=0 nonzero=0 1520, 249.41, 1
4, 196.26, 0
CHECK 2026-07-30T05:47:23.650322 matches=0 nonzero=0 1520, 249.77, 1
4, 196.14, 0
CHECK 2026-07-30T05:47:23.932026 matches=0 nonzero=0 1520, 249.38, 0
4, 196.20, 0
CHECK 2026-07-30T05:47:24.073979 matches=0 nonzero=0 1520, 249.66, 0
4, 196.15, 0
CHECK 2026-07-30T05:47:24.217126 matches=0 nonzero=0 1520, 249.80, 1
4, 196.15, 0
CHECK 2026-07-30T05:47:24.367955 matches=0 nonzero=0 1520, 249.86, 1
4, 196.18, 0
CHECK 2026-07-30T05:47:24.514543 matches=0 nonzero=0 1520, 249.56, 0
4, 196.26, 0
CHECK 2026-07-30T05:47:24.823477 matches=0 nonzero=0 1520, 249.26, 0
4, 196.32, 0
CHECK 2026-07-30T05:47:24.963079 matches=0 nonzero=0 1520, 249.44, 1
4, 196.29, 0
CHECK 2026-07-30T05:47:25.109877 matches=0 nonzero=0 1520, 248.84, 1
4, 196.34, 0
CHECK 2026-07-30T05:47:25.386641 matches=0 nonzero=0 1520, 248.70, 0
4, 196.33, 0
CHECK 2026-07-30T05:47:25.530646 matches=0 nonzero=0 1520, 248.41, 0
4, 196.37, 0
CHECK 2026-07-30T05:47:25.672158 matches=0 nonzero=0 1520, 248.77, 1
4, 196.35, 0
CHECK 2026-07-30T05:47:26.034009 matches=0 nonzero=0 1520, 248.82, 1
4, 196.39, 0
CHECK 2026-07-30T05:47:26.272610 matches=0 nonzero=0 1520, 249.00, 1
4, 196.44, 0
CHECK 2026-07-30T05:47:26.620116 matches=0 nonzero=0 1520, 249.12, 1
4, 196.37, 0
CHECK 2026-07-30T05:47:26.970192 matches=0 nonzero=0 1520, 249.01, 0
4, 196.34, 0
CHECK 2026-07-30T05:47:27.332557 matches=0 nonzero=0 1520, 248.72, 0
4, 196.26, 0
CHECK 2026-07-30T05:47:27.473425 matches=0 nonzero=0 1520, 249.06, 0
4, 196.24, 0
CHECK 2026-07-30T05:47:27.620716 matches=0 nonzero=0 1520, 249.39, 1
4, 196.26, 0
CHECK 2026-07-30T05:47:27.934064 matches=0 nonzero=0 1520, 249.39, 0
4, 196.23, 0
CHECK 2026-07-30T05:47:28.074896 matches=0 nonzero=0 1520, 249.56, 1
4, 196.21, 0
CHECK 2026-07-30T05:47:28.339294 matches=0 nonzero=0 1520, 249.60, 0
4, 196.25, 0
CHECK 2026-07-30T05:47:28.480531 matches=0 nonzero=0 1520, 249.43, 1
4, 196.20, 0
CHECK 2026-07-30T05:47:28.759090 matches=0 nonzero=0 1520, 248.90, 0
4, 196.21, 0
CHECK 2026-07-30T05:47:28.901223 matches=0 nonzero=0 1520, 248.96, 1
4, 196.23, 0
CHECK 2026-07-30T05:47:29.161761 matches=0 nonzero=0 1520, 248.81, 0
4, 196.22, 0
CHECK 2026-07-30T05:47:29.313974 matches=0 nonzero=0 1520, 249.26, 0
4, 196.26, 0
CHECK 2026-07-30T05:47:29.456886 matches=0 nonzero=0 1520, 249.18, 0
4, 196.28, 0
CHECK 2026-07-30T05:47:29.606091 matches=0 nonzero=0 1520, 249.28, 1
4, 196.28, 0
CHECK 2026-07-30T05:47:29.754017 matches=0 nonzero=0 1520, 249.30, 0
4, 196.25, 0
CHECK 2026-07-30T05:47:29.900760 matches=0 nonzero=0 1520, 249.49, 1
4, 196.25, 0
CHECK 2026-07-30T05:47:30.051770 matches=0 nonzero=0 1520, 249.49, 1
4, 196.30, 0
CHECK 2026-07-30T05:47:30.196267 matches=0 nonzero=0 1520, 249.80, 1
4, 196.29, 0
CHECK 2026-07-30T05:47:30.337770 matches=0 nonzero=0 1520, 250.07, 0
4, 196.27, 0
CHECK 2026-07-30T05:47:30.480034 matches=0 nonzero=0 1520, 250.24, 0
4, 196.24, 0
CHECK 2026-07-30T05:47:30.624280 matches=0 nonzero=0 1520, 250.01, 1
4, 196.32, 0
CHECK 2026-07-30T05:47:30.946450 matches=0 nonzero=0 1520, 250.05, 0
4, 196.33, 0
CHECK 2026-07-30T05:47:31.222382 matches=0 nonzero=0 1520, 249.37, 0
4, 196.33, 0
CHECK 2026-07-30T05:47:31.374852 matches=0 nonzero=0 1520, 249.42, 1
4, 196.33, 0
CHECK 2026-07-30T05:47:31.524033 matches=0 nonzero=0 1520, 248.62, 0
4, 196.35, 0
CHECK 2026-07-30T05:47:31.672479 matches=0 nonzero=0 1520, 248.78, 0
4, 196.32, 0
CHECK 2026-07-30T05:47:31.819874 matches=0 nonzero=0 1520, 249.26, 1
4, 196.29, 0
CHECK 2026-07-30T05:47:32.113230 matches=0 nonzero=0 1520, 249.20, 0
4, 196.30, 0
CHECK 2026-07-30T05:47:32.425650 matches=0 nonzero=0 1520, 248.89, 0
4, 196.27, 0
CHECK 2026-07-30T05:47:32.579610 matches=0 nonzero=0 1520, 249.08, 1
4, 196.28, 0
CHECK 2026-07-30T05:47:32.724995 matches=0 nonzero=0 1520, 249.08, 0
4, 196.32, 0
CHECK 2026-07-30T05:47:32.867995 matches=0 nonzero=0 1520, 249.24, 0
4, 196.34, 0
CHECK 2026-07-30T05:47:33.016144 matches=0 nonzero=0 1520, 249.25, 1
4, 196.32, 0
CHECK 2026-07-30T05:47:33.279430 matches=0 nonzero=0 1520, 249.63, 1
4, 196.28, 0
CHECK 2026-07-30T05:47:33.619225 matches=0 nonzero=0 1520, 249.56, 0
4, 196.27, 0
CHECK 2026-07-30T05:47:33.763216 matches=0 nonzero=0 1520, 249.63, 1
4, 196.26, 0
CHECK 2026-07-30T05:47:34.028811 matches=0 nonzero=0 1520, 249.19, 1
4, 196.26, 0
CHECK 2026-07-30T05:47:34.276478 matches=0 nonzero=0 1520, 249.11, 1
4, 196.28, 0
CHECK 2026-07-30T05:47:34.623720 matches=0 nonzero=0 1520, 248.52, 1
4, 196.30, 0
CHECK 2026-07-30T05:47:34.987040 matches=0 nonzero=0 1520, 248.51, 0
4, 196.28, 0
CHECK 2026-07-30T05:47:35.132326 matches=0 nonzero=0 1520, 248.58, 0
4, 196.32, 0
CHECK 2026-07-30T05:47:35.273099 matches=0 nonzero=0 1520, 248.60, 1
4, 196.29, 0
CHECK 2026-07-30T05:47:35.607249 matches=0 nonzero=0 1520, 248.77, 0
4, 196.28, 0
CHECK 2026-07-30T05:47:35.750087 matches=0 nonzero=0 1520, 248.70, 0
4, 196.25, 0
CHECK 2026-07-30T05:47:35.891036 matches=0 nonzero=0 1520, 249.03, 1
4, 196.25, 0
CHECK 2026-07-30T05:47:36.144248 matches=0 nonzero=0 1520, 248.62, 0
4, 196.21, 0
CHECK 2026-07-30T05:47:36.605989 matches=0 nonzero=0 1520, 248.57, 0
4, 196.29, 0
CHECK 2026-07-30T05:47:36.829590 matches=0 nonzero=0 1520, 248.51, 0
4, 196.30, 0
CHECK 2026-07-30T05:47:36.973621 matches=0 nonzero=0 1520, 248.81, 0
4, 196.26, 0
CHECK 2026-07-30T05:47:37.251063 matches=0 nonzero=0 1520, 248.69, 0
4, 196.27, 0
CHECK 2026-07-30T05:47:37.402843 matches=0 nonzero=0 1520, 249.08, 0
4, 196.33, 0
CHECK 2026-07-30T05:47:37.684717 matches=0 nonzero=0 1520, 248.97, 1
4, 196.31, 0
CHECK 2026-07-30T05:47:37.981232 matches=0 nonzero=0 1520, 248.72, 0
4, 196.30, 0
CHECK 2026-07-30T05:47:38.129973 matches=0 nonzero=0 1520, 248.55, 0
4, 196.32, 0
CHECK 2026-07-30T05:47:38.274122 matches=0 nonzero=0 1520, 248.85, 1
4, 196.30, 0
CHECK 2026-07-30T05:47:38.582191 matches=0 nonzero=0 1520, 248.93, 0
4, 196.21, 0
CHECK 2026-07-30T05:47:38.861293 matches=0 nonzero=0 1520, 248.91, 0
4, 196.22, 0
CHECK 2026-07-30T05:47:39.014918 matches=0 nonzero=0 1520, 249.14, 1
4, 196.27, 0
CHECK 2026-07-30T05:47:39.158775 matches=0 nonzero=0 1520, 249.07, 0
4, 196.28, 0
CHECK 2026-07-30T05:47:39.624538 matches=0 nonzero=0 1520, 248.94, 1
4, 196.31, 0
CHECK 2026-07-30T05:47:39.909550 matches=0 nonzero=0 1520, 249.00, 1
4, 196.33, 0
CHECK 2026-07-30T05:47:40.065946 matches=0 nonzero=0 1520, 248.41, 1
4, 196.34, 0
CHECK 2026-07-30T05:47:40.399161 matches=0 nonzero=0 1520, 248.88, 0
4, 196.34, 0
CHECK 2026-07-30T05:47:40.549232 matches=0 nonzero=0 1520, 248.67, 0
4, 196.33, 0
CHECK 2026-07-30T05:47:41.062478 matches=0 nonzero=0 1520, 248.54, 1
4, 196.29, 0
CHECK 2026-07-30T05:47:41.429057 matches=0 nonzero=0 1520, 248.13, 0
4, 196.30, 0
CHECK 2026-07-30T05:47:41.591126 matches=0 nonzero=0 1520, 248.45, 0
4, 196.29, 0
CHECK 2026-07-30T05:47:42.024875 matches=0 nonzero=0 1520, 248.51, 0
4, 196.31, 0
CHECK 2026-07-30T05:47:42.192565 matches=0 nonzero=0 1520, 248.85, 0
4, 196.30, 0
CHECK 2026-07-30T05:47:42.475459 matches=0 nonzero=0 1520, 248.88, 0
4, 196.31, 0
CHECK 2026-07-30T05:47:42.636100 matches=0 nonzero=0 1520, 248.76, 1
4, 196.30, 0
CHECK 2026-07-30T05:47:42.783489 matches=0 nonzero=0 1520, 249.16, 0
4, 196.27, 0
CHECK 2026-07-30T05:47:43.067235 matches=0 nonzero=0 1520, 248.94, 1
4, 196.26, 0
CHECK 2026-07-30T05:47:43.354954 matches=0 nonzero=0 1520, 248.90, 0
4, 196.25, 0
CHECK 2026-07-30T05:47:43.510712 matches=0 nonzero=0 1520, 248.99, 1
4, 196.27, 0
CHECK 2026-07-30T05:47:43.670279 matches=0 nonzero=0 1520, 249.01, 1
4, 196.28, 0
CHECK 2026-07-30T05:47:43.820426 matches=0 nonzero=0 1520, 249.39, 1
4, 196.24, 0
CHECK 2026-07-30T05:47:44.180786 matches=0 nonzero=0 1520, 249.76, 0
4, 196.29, 0
CHECK 2026-07-30T05:47:44.486249 matches=0 nonzero=0 1520, 249.47, 0
4, 196.26, 0
CHECK 2026-07-30T05:47:44.629323 matches=0 nonzero=0 1520, 248.72, 0
4, 196.20, 0
CHECK 2026-07-30T05:47:45.140935 matches=0 nonzero=0 1520, 248.27, 0
4, 196.22, 0
CHECK 2026-07-30T05:47:45.454555 matches=0 nonzero=0 1520, 248.60, 1
4, 196.24, 0
CHECK 2026-07-30T05:47:45.758844 matches=0 nonzero=0 1520, 248.32, 0
4, 196.27, 0
CHECK 2026-07-30T05:47:45.920641 matches=0 nonzero=0 1520, 248.80, 0
4, 196.29, 0
CHECK 2026-07-30T05:47:46.070265 matches=0 nonzero=0 1520, 249.19, 1
4, 196.24, 0
CHECK 2026-07-30T05:47:46.355849 matches=0 nonzero=0 1520, 249.63, 0
4, 196.16, 0
CHECK 2026-07-30T05:47:46.632624 matches=0 nonzero=0 1520, 249.59, 1
4, 196.17, 0
CHECK 2026-07-30T05:47:46.943940 matches=0 nonzero=0 1520, 248.95, 0
4, 196.16, 0
CHECK 2026-07-30T05:47:47.236820 matches=0 nonzero=0 1520, 249.17, 1
4, 196.23, 0
CHECK 2026-07-30T05:47:47.476876 matches=0 nonzero=0 1520, 249.02, 1
4, 196.24, 0
CHECK 2026-07-30T05:47:47.649774 matches=0 nonzero=0 1520, 248.89, 0
4, 196.40, 0
CHECK 2026-07-30T05:47:48.221436 matches=0 nonzero=0 1520, 248.49, 1
4, 196.33, 0
CHECK 2026-07-30T05:47:48.517393 matches=0 nonzero=0 1520, 248.56, 0
4, 196.33, 0
CHECK 2026-07-30T05:47:48.669486 matches=0 nonzero=0 1520, 248.79, 1
4, 196.27, 0
CHECK 2026-07-30T05:47:49.018248 matches=0 nonzero=0 1520, 249.17, 1
4, 196.20, 0
CHECK 2026-07-30T05:47:49.309638 matches=0 nonzero=0 1520, 249.28, 1
4, 196.19, 0
CHECK 2026-07-30T05:47:49.450980 matches=0 nonzero=0 1520, 249.18, 1
4, 196.17, 0
CHECK 2026-07-30T05:47:49.799692 matches=0 nonzero=0 1520, 249.51, 0
4, 196.15, 0
CHECK 2026-07-30T05:47:50.124537 matches=0 nonzero=0 1520, 249.24, 0
4, 196.19, 0
CHECK 2026-07-30T05:47:50.386004 matches=0 nonzero=0 1520, 249.25, 0
4, 196.18, 0
CHECK 2026-07-30T05:47:50.535967 matches=0 nonzero=0 1520, 249.19, 0
4, 196.15, 0
CHECK 2026-07-30T05:47:50.817412 matches=0 nonzero=0 1520, 249.05, 0
4, 196.23, 0
CHECK 2026-07-30T05:47:51.333378 matches=0 nonzero=0 1520, 248.82, 0
4, 196.28, 0
CHECK 2026-07-30T05:47:51.478940 matches=0 nonzero=0 1520, 249.09, 1
4, 196.28, 0
CHECK 2026-07-30T05:47:51.765363 matches=0 nonzero=0 1520, 249.11, 0
4, 196.29, 0
CHECK 2026-07-30T05:47:51.917918 matches=0 nonzero=0 1520, 249.36, 0
4, 196.26, 0
CHECK 2026-07-30T05:47:52.229884 matches=0 nonzero=0 1520, 248.89, 0
4, 196.30, 0
CHECK 2026-07-30T05:47:52.737881 matches=0 nonzero=0 1520, 249.19, 0
4, 196.29, 0
CHECK 2026-07-30T05:47:52.972378 matches=0 nonzero=0 1520, 249.00, 0
4, 196.32, 0
CHECK 2026-07-30T05:47:53.231965 matches=0 nonzero=0 1520, 249.01, 0
4, 196.33, 0
CHECK 2026-07-30T05:47:53.925787 matches=0 nonzero=0 1520, 248.55, 0
4, 196.29, 0
CHECK 2026-07-30T05:47:54.099043 matches=0 nonzero=0 1520, 248.78, 1
4, 196.28, 0
CHECK 2026-07-30T05:47:54.352902 matches=0 nonzero=0 1520, 248.43, 0
4, 196.29, 0
CHECK 2026-07-30T05:47:54.519950 matches=0 nonzero=0 1520, 249.13, 0
4, 196.25, 0
CHECK 2026-07-30T05:47:54.804601 matches=0 nonzero=0 1520, 249.17, 0
4, 196.33, 0
CHECK 2026-07-30T05:47:55.097344 matches=0 nonzero=0 1520, 249.05, 1
4, 196.32, 0
CHECK 2026-07-30T05:47:55.421788 matches=0 nonzero=0 1520, 248.60, 1
4, 196.32, 0
CHECK 2026-07-30T05:47:55.700623 matches=0 nonzero=0 1520, 249.05, 0
4, 196.32, 0
CHECK 2026-07-30T05:47:56.057620 matches=0 nonzero=0 1520, 249.05, 0
4, 196.26, 0
CHECK 2026-07-30T05:47:56.209746 matches=0 nonzero=0 1520, 248.91, 0
4, 196.21, 0
CHECK 2026-07-30T05:47:56.757125 matches=0 nonzero=0 1520, 248.15, 0
4, 196.20, 0
CHECK 2026-07-30T05:47:56.908783 matches=0 nonzero=0 1520, 248.78, 1
4, 196.19, 0
CHECK 2026-07-30T05:47:57.052237 matches=0 nonzero=0 1520, 248.91, 1
4, 196.19, 0
CHECK 2026-07-30T05:47:57.314895 matches=0 nonzero=0 1520, 249.27, 0
4, 196.20, 0
CHECK 2026-07-30T05:47:57.811239 matches=0 nonzero=0 1520, 249.02, 0
4, 196.21, 0
CHECK 2026-07-30T05:47:57.968114 matches=0 nonzero=0 1520, 249.04, 0
4, 196.23, 0
CHECK 2026-07-30T05:47:58.117438 matches=0 nonzero=0 1520, 248.80, 0
4, 196.24, 0
CHECK 2026-07-30T05:47:58.471629 matches=0 nonzero=0 1520, 249.00, 1
4, 196.26, 0
CHECK 2026-07-30T05:47:58.722064 matches=0 nonzero=0 1520, 249.05, 0
4, 196.22, 0
CHECK 2026-07-30T05:47:58.871578 matches=0 nonzero=0 1520, 249.22, 0
4, 196.23, 0
CHECK 2026-07-30T05:47:59.020206 matches=0 nonzero=0 1520, 249.34, 1
4, 196.20, 0
CHECK 2026-07-30T05:47:59.309369 matches=0 nonzero=0 1520, 249.38, 1
4, 196.23, 0
CHECK 2026-07-30T05:47:59.589985 matches=0 nonzero=0 1520, 249.14, 0
4, 196.24, 0
CHECK 2026-07-30T05:47:59.955889 matches=0 nonzero=0 1520, 248.58, 0
4, 196.21, 0
CHECK 2026-07-30T05:48:00.255305 matches=0 nonzero=0 1520, 248.58, 0
4, 196.26, 0
CHECK 2026-07-30T05:48:00.407788 matches=0 nonzero=0 1520, 248.91, 1
4, 196.25, 0
CHECK 2026-07-30T05:48:00.555185 matches=0 nonzero=0 1520, 248.94, 0
4, 196.19, 0
CHECK 2026-07-30T05:48:00.707044 matches=0 nonzero=0 1520, 249.18, 1
4, 196.19, 0
CHECK 2026-07-30T05:48:00.851649 matches=0 nonzero=0 1520, 249.19, 1
4, 196.20, 0
CHECK 2026-07-30T05:48:01.002485 matches=0 nonzero=0 1520, 249.20, 0
4, 196.20, 0
CHECK 2026-07-30T05:48:01.281808 matches=0 nonzero=0 1520, 248.95, 1
4, 196.16, 0
CHECK 2026-07-30T05:48:01.615404 matches=0 nonzero=0 1520, 248.72, 0
4, 196.16, 0
CHECK 2026-07-30T05:48:01.770597 matches=0 nonzero=0 1520, 248.77, 1
4, 196.14, 0
CHECK 2026-07-30T05:48:01.916493 matches=0 nonzero=0 1520, 249.02, 0
4, 196.15, 0
CHECK 2026-07-30T05:48:02.059899 matches=0 nonzero=0 1520, 249.13, 0
4, 196.17, 0
CHECK 2026-07-30T05:48:02.211303 matches=0 nonzero=0 1520, 249.48, 1
4, 196.15, 0
CHECK 2026-07-30T05:48:02.357681 matches=0 nonzero=0 1520, 249.41, 0
4, 196.15, 0
CHECK 2026-07-30T05:48:02.511008 matches=0 nonzero=0 1520, 250.16, 1
4, 196.09, 0
CHECK 2026-07-30T05:48:02.802040 matches=0 nonzero=0 1520, 249.85, 0
4, 196.13, 0
CHECK 2026-07-30T05:48:02.952711 matches=0 nonzero=0 1520, 249.38, 0
4, 196.14, 0
CHECK 2026-07-30T05:48:03.308392 matches=0 nonzero=0 1520, 249.21, 1
4, 196.15, 0
CHECK 2026-07-30T05:48:03.458788 matches=0 nonzero=0 1520, 249.13, 1
4, 196.21, 0
CHECK 2026-07-30T05:48:03.680969 matches=0 nonzero=0 1520, 249.04, 1
4, 196.21, 0
CHECK 2026-07-30T05:48:03.824845 matches=0 nonzero=0 1520, 249.27, 1
4, 196.10, 0
CHECK 2026-07-30T05:48:04.094140 matches=0 nonzero=0 1520, 248.95, 1
4, 196.08, 0
CHECK 2026-07-30T05:48:04.240195 matches=0 nonzero=0 1520, 249.75, 1
4, 196.08, 0
CHECK 2026-07-30T05:48:04.543912 matches=0 nonzero=0 1520, 249.12, 0
4, 196.05, 0
CHECK 2026-07-30T05:48:04.853118 matches=0 nonzero=0 1520, 249.26, 1
4, 196.06, 0
CHECK 2026-07-30T05:48:05.142816 matches=0 nonzero=0 1520, 249.00, 0
4, 196.12, 0
CHECK 2026-07-30T05:48:05.288923 matches=0 nonzero=0 1520, 248.64, 1
4, 196.13, 0
CHECK 2026-07-30T05:48:05.561643 matches=0 nonzero=0 1520, 248.65, 0
4, 196.19, 0
CHECK 2026-07-30T05:48:05.715869 matches=0 nonzero=0 1520, 248.93, 0
4, 196.21, 0
CHECK 2026-07-30T05:48:05.858640 matches=0 nonzero=0 1520, 248.99, 0
4, 196.15, 0
CHECK 2026-07-30T05:48:06.010853 matches=0 nonzero=0 1520, 249.18, 0
4, 196.18, 0
CHECK 2026-07-30T05:48:06.307540 matches=0 nonzero=0 1520, 249.04, 1
4, 196.20, 0
CHECK 2026-07-30T05:48:06.457019 matches=0 nonzero=0 1520, 249.08, 1
4, 196.17, 0
CHECK 2026-07-30T05:48:06.610549 matches=0 nonzero=0 1520, 249.39, 0
4, 196.23, 0
CHECK 2026-07-30T05:48:06.899056 matches=0 nonzero=0 1520, 249.30, 0
4, 196.24, 0
CHECK 2026-07-30T05:48:07.043193 matches=0 nonzero=0 1520, 249.47, 1
4, 196.23, 0
CHECK 2026-07-30T05:48:07.324130 matches=0 nonzero=0 1520, 249.48, 0
4, 196.18, 0
CHECK 2026-07-30T05:48:07.467190 matches=0 nonzero=0 1520, 249.46, 0
4, 196.20, 0
CHECK 2026-07-30T05:48:07.615819 matches=0 nonzero=0 1520, 249.32, 1
4, 196.17, 0
CHECK 2026-07-30T05:48:07.912941 matches=0 nonzero=0 1520, 249.08, 0
4, 196.17, 0
CHECK 2026-07-30T05:48:08.060442 matches=0 nonzero=0 1520, 249.13, 1
4, 196.21, 0
CHECK 2026-07-30T05:48:08.356705 matches=0 nonzero=0 1520, 249.39, 0
4, 196.18, 0
CHECK 2026-07-30T05:48:08.646873 matches=0 nonzero=0 1520, 248.88, 0
4, 196.25, 0
CHECK 2026-07-30T05:48:08.797710 matches=0 nonzero=0 1520, 249.01, 1
4, 196.26, 0
CHECK 2026-07-30T05:48:08.954316 matches=0 nonzero=0 1520, 249.30, 0
4, 196.33, 0
CHECK 2026-07-30T05:48:09.122885 matches=0 nonzero=0 1520, 249.28, 0
4, 196.28, 0
CHECK 2026-07-30T05:48:09.445392 matches=0 nonzero=0 1520, 248.82, 0
4, 196.38, 0
CHECK 2026-07-30T05:48:09.590912 matches=0 nonzero=0 1520, 249.31, 1
4, 196.33, 0
CHECK 2026-07-30T05:48:09.846963 matches=0 nonzero=0 1520, 248.74, 0
4, 196.30, 0
CHECK 2026-07-30T05:48:10.003613 matches=0 nonzero=0 1520, 248.75, 0
4, 196.32, 0
CHECK 2026-07-30T05:48:10.279860 matches=0 nonzero=0 1520, 248.63, 0
4, 196.32, 0
CHECK 2026-07-30T05:48:10.425538 matches=0 nonzero=0 1520, 249.20, 1
4, 196.31, 0
CHECK 2026-07-30T05:48:10.569340 matches=0 nonzero=0 1520, 249.18, 1
4, 196.23, 0
CHECK 2026-07-30T05:48:10.717005 matches=0 nonzero=0 1520, 249.16, 0
4, 196.26, 0
CHECK 2026-07-30T05:48:10.860196 matches=0 nonzero=0 1520, 249.55, 1
4, 196.16, 0
CHECK 2026-07-30T05:48:11.215081 matches=0 nonzero=0 1520, 249.20, 1
4, 196.12, 0
CHECK 2026-07-30T05:48:11.571891 matches=0 nonzero=0 1520, 249.07, 0
4, 196.15, 0
CHECK 2026-07-30T05:48:11.720417 matches=0 nonzero=0 1520, 249.45, 0
4, 196.17, 0
CHECK 2026-07-30T05:48:12.013693 matches=0 nonzero=0 1520, 249.07, 0
4, 196.16, 0
CHECK 2026-07-30T05:48:12.168720 matches=0 nonzero=0 1520, 249.14, 1
4, 196.24, 0
CHECK 2026-07-30T05:48:12.319195 matches=0 nonzero=0 1520, 249.18, 0
4, 196.28, 0
CHECK 2026-07-30T05:48:12.469564 matches=0 nonzero=0 1520, 249.03, 1
4, 196.28, 0
CHECK 2026-07-30T05:48:12.768698 matches=0 nonzero=0 1520, 248.77, 0
4, 196.25, 0
CHECK 2026-07-30T05:48:12.917714 matches=0 nonzero=0 1520, 248.99, 0
4, 196.21, 0
CHECK 2026-07-30T05:48:13.209548 matches=0 nonzero=0 1520, 248.98, 0
4, 196.22, 0
CHECK 2026-07-30T05:48:13.355944 matches=0 nonzero=0 1520, 248.97, 0
4, 196.14, 0
CHECK 2026-07-30T05:48:13.510108 matches=0 nonzero=0 1520, 248.96, 0
4, 196.17, 0
CHECK 2026-07-30T05:48:13.864498 matches=0 nonzero=0 1520, 248.83, 1
4, 196.15, 0
CHECK 2026-07-30T05:48:14.153338 matches=0 nonzero=0 1520, 248.55, 0
4, 196.11, 0
CHECK 2026-07-30T05:48:14.320055 matches=0 nonzero=0 1520, 248.98, 0
4, 196.10, 0
CHECK 2026-07-30T05:48:14.485898 matches=0 nonzero=0 1520, 248.61, 1
4, 196.10, 0
CHECK 2026-07-30T05:48:14.781314 matches=0 nonzero=0 1520, 248.69, 0
4, 196.17, 0
CHECK 2026-07-30T05:48:15.141451 matches=0 nonzero=0 1520, 248.66, 0
4, 196.16, 0
CHECK 2026-07-30T05:48:15.292684 matches=0 nonzero=0 1520, 248.60, 1
4, 196.16, 0
CHECK 2026-07-30T05:48:15.644232 matches=0 nonzero=0 1520, 248.54, 0
4, 196.14, 0
CHECK 2026-07-30T05:48:15.800066 matches=0 nonzero=0 1520, 248.54, 1
4, 196.13, 0
CHECK 2026-07-30T05:48:15.992598 matches=0 nonzero=0 1520, 248.78, 0
4, 196.17, 0
CHECK 2026-07-30T05:48:16.261118 matches=0 nonzero=0 1520, 248.52, 1
4, 196.21, 0
CHECK 2026-07-30T05:48:16.561642 matches=0 nonzero=0 1520, 248.56, 0
4, 196.21, 0
CHECK 2026-07-30T05:48:16.718936 matches=0 nonzero=0 1520, 249.05, 0
4, 196.26, 0
CHECK 2026-07-30T05:48:16.863939 matches=0 nonzero=0 1520, 248.83, 1
4, 196.26, 0
CHECK 2026-07-30T05:48:17.185069 matches=0 nonzero=0 1520, 248.82, 0
4, 196.27, 0
CHECK 2026-07-30T05:48:17.336547 matches=0 nonzero=0 1520, 248.76, 0
4, 196.25, 0
CHECK 2026-07-30T05:48:17.477369 matches=0 nonzero=0 1520, 249.45, 1
4, 196.25, 0
CHECK 2026-07-30T05:48:17.779606 matches=0 nonzero=0 1520, 249.43, 0
4, 196.25, 0
CHECK 2026-07-30T05:48:18.087062 matches=0 nonzero=0 1520, 249.45, 0
4, 196.24, 0
CHECK 2026-07-30T05:48:18.232013 matches=0 nonzero=0 1520, 249.39, 1
4, 196.25, 0
CHECK 2026-07-30T05:48:18.374704 matches=0 nonzero=0 1520, 249.31, 1
4, 196.28, 0
CHECK 2026-07-30T05:48:18.647419 matches=0 nonzero=0 1520, 248.49, 1
4, 196.30, 0
CHECK 2026-07-30T05:48:18.990652 matches=0 nonzero=0 1520, 248.51, 0
4, 196.30, 0
CHECK 2026-07-30T05:48:19.292337 matches=0 nonzero=0 1520, 248.48, 0
4, 196.29, 0
CHECK 2026-07-30T05:48:19.442723 matches=0 nonzero=0 1520, 248.52, 1
4, 196.24, 0
CHECK 2026-07-30T05:48:19.799074 matches=0 nonzero=0 1520, 248.96, 0
4, 196.27, 0
CHECK 2026-07-30T05:48:20.133021 matches=0 nonzero=0 1520, 249.08, 0
4, 196.26, 0
CHECK 2026-07-30T05:48:20.447227 matches=0 nonzero=0 1520, 248.74, 0
4, 196.27, 0
CHECK 2026-07-30T05:48:20.597150 matches=0 nonzero=0 1520, 248.84, 1
4, 196.27, 0
CHECK 2026-07-30T05:48:20.745491 matches=0 nonzero=0 1520, 248.81, 0
4, 196.25, 0
CHECK 2026-07-30T05:48:21.022132 matches=0 nonzero=0 1520, 248.84, 0
4, 196.24, 0
CHECK 2026-07-30T05:48:21.165231 matches=0 nonzero=0 1520, 248.91, 1
4, 196.21, 0
CHECK 2026-07-30T05:48:21.315786 matches=0 nonzero=0 1520, 249.28, 0
4, 196.20, 0
CHECK 2026-07-30T05:48:21.578877 matches=0 nonzero=0 1520, 249.03, 0
4, 196.17, 0
CHECK 2026-07-30T05:48:21.724844 matches=0 nonzero=0 1520, 249.25, 0
4, 196.19, 0
CHECK 2026-07-30T05:48:21.867334 matches=0 nonzero=0 1520, 249.53, 1
4, 196.18, 0
CHECK 2026-07-30T05:48:22.145260 matches=0 nonzero=0 1520, 249.38, 0
4, 196.23, 0
CHECK 2026-07-30T05:48:22.297815 matches=0 nonzero=0 1520, 249.35, 1
4, 196.21, 0
CHECK 2026-07-30T05:48:22.618660 matches=0 nonzero=0 1520, 249.24, 1
4, 196.21, 0
CHECK 2026-07-30T05:48:22.972433 matches=0 nonzero=0 1520, 249.01, 0
4, 196.16, 0
CHECK 2026-07-30T05:48:23.120120 matches=0 nonzero=0 1520, 249.69, 0
4, 196.16, 0
CHECK 2026-07-30T05:48:23.418841 matches=0 nonzero=0 1520, 249.73, 1
4, 196.19, 0
CHECK 2026-07-30T05:48:23.737085 matches=0 nonzero=0 1520, 249.16, 0
4, 196.23, 0
CHECK 2026-07-30T05:48:23.882907 matches=0 nonzero=0 1520, 249.60, 0
4, 196.21, 0
CHECK 2026-07-30T05:48:24.028392 matches=0 nonzero=0 1520, 249.49, 1
4, 196.21, 0
CHECK 2026-07-30T05:48:24.172357 matches=0 nonzero=0 1520, 249.68, 1
4, 196.22, 0
CHECK 2026-07-30T05:48:24.321084 matches=0 nonzero=0 1520, 248.97, 0
4, 196.24, 0
CHECK 2026-07-30T05:48:24.654952 matches=0 nonzero=0 1520, 249.00, 1
4, 196.19, 0
CHECK 2026-07-30T05:48:25.062463 matches=0 nonzero=0 1520, 248.75, 1
4, 196.20, 0
CHECK 2026-07-30T05:48:25.347794 matches=0 nonzero=0 1520, 248.67, 0
4, 196.22, 0
CHECK 2026-07-30T05:48:25.637477 matches=0 nonzero=0 1520, 248.67, 0
4, 196.23, 0
CHECK 2026-07-30T05:48:25.786789 matches=0 nonzero=0 1520, 248.35, 1
4, 196.25, 0
CHECK 2026-07-30T05:48:25.931028 matches=0 nonzero=0 1520, 248.47, 0
4, 196.21, 0
CHECK 2026-07-30T05:48:26.073503 matches=0 nonzero=0 1520, 248.66, 0
4, 196.18, 0
CHECK 2026-07-30T05:48:26.220279 matches=0 nonzero=0 1520, 249.07, 1
4, 196.17, 0
CHECK 2026-07-30T05:48:26.365119 matches=0 nonzero=0 1520, 249.08, 1
4, 196.15, 0
CHECK 2026-07-30T05:48:26.514846 matches=0 nonzero=0 1520, 249.42, 0
4, 196.12, 0
CHECK 2026-07-30T05:48:26.841002 matches=0 nonzero=0 1520, 249.15, 1
4, 196.16, 0
CHECK 2026-07-30T05:48:27.210800 matches=0 nonzero=0 1520, 248.88, 0
4, 196.19, 0
CHECK 2026-07-30T05:48:27.504368 matches=0 nonzero=0 1520, 248.71, 1
4, 196.21, 0
CHECK 2026-07-30T05:48:27.653731 matches=0 nonzero=0 1520, 248.48, 1
4, 196.19, 0
CHECK 2026-07-30T05:48:27.798776 matches=0 nonzero=0 1520, 248.66, 1
4, 196.16, 0
CHECK 2026-07-30T05:48:27.940012 matches=0 nonzero=0 1520, 249.05, 0
4, 196.17, 0
CHECK 2026-07-30T05:48:28.081566 matches=0 nonzero=0 1520, 249.60, 0
4, 196.15, 0
CHECK 2026-07-30T05:48:28.224106 matches=0 nonzero=0 1520, 249.56, 1
4, 196.15, 0
CHECK 2026-07-30T05:48:28.365550 matches=0 nonzero=0 1520, 249.54, 1
4, 196.10, 0
CHECK 2026-07-30T05:48:28.515679 matches=0 nonzero=0 1520, 249.90, 0
4, 196.09, 0
CHECK 2026-07-30T05:48:28.657619 matches=0 nonzero=0 1520, 249.92, 0
4, 196.04, 0
CHECK 2026-07-30T05:48:28.807107 matches=0 nonzero=0 1520, 250.00, 0
4, 196.03, 0
CHECK 2026-07-30T05:48:29.111136 matches=0 nonzero=0 1520, 249.45, 1
4, 196.05, 0
CHECK 2026-07-30T05:48:29.426266 matches=0 nonzero=0 1520, 249.39, 0
4, 196.07, 0
CHECK 2026-07-30T05:48:29.568976 matches=0 nonzero=0 1520, 249.36, 1
4, 196.14, 0
CHECK 2026-07-30T05:48:29.716247 matches=0 nonzero=0 1520, 249.06, 0
4, 196.16, 0
CHECK 2026-07-30T05:48:29.856738 matches=0 nonzero=0 1520, 248.94, 0
4, 196.23, 0
CHECK 2026-07-30T05:48:30.006453 matches=0 nonzero=0 1520, 249.24, 1
4, 196.23, 0
CHECK 2026-07-30T05:48:30.153787 matches=0 nonzero=0 1520, 249.46, 0
4, 196.24, 0
CHECK 2026-07-30T05:48:30.299666 matches=0 nonzero=0 1520, 249.98, 1
4, 196.28, 0
CHECK 2026-07-30T05:48:30.538051 matches=0 nonzero=0 1520, 250.08, 0
4, 196.23, 0
CHECK 2026-07-30T05:48:30.742929 matches=0 nonzero=0 1520, 249.66, 0
4, 196.27, 0
CHECK 2026-07-30T05:48:30.884429 matches=0 nonzero=0 1520, 249.36, 1
4, 196.31, 0
CHECK 2026-07-30T05:48:31.199351 matches=0 nonzero=0 1520, 249.05, 0
4, 196.33, 0
CHECK 2026-07-30T05:48:31.590927 matches=0 nonzero=0 1520, 249.05, 0
4, 196.38, 0
CHECK 2026-07-30T05:48:31.736684 matches=0 nonzero=0 1520, 249.41, 0
4, 196.37, 0
CHECK 2026-07-30T05:48:31.881486 matches=0 nonzero=0 1520, 249.32, 1
4, 196.39, 0
CHECK 2026-07-30T05:48:32.152153 matches=0 nonzero=0 1520, 248.96, 0
4, 196.34, 0
CHECK 2026-07-30T05:48:32.456074 matches=0 nonzero=0 1520, 248.90, 0
4, 196.24, 0
CHECK 2026-07-30T05:48:32.606839 matches=0 nonzero=0 1520, 249.18, 1
4, 196.26, 0
CHECK 2026-07-30T05:48:32.751047 matches=0 nonzero=0 1520, 249.07, 0
4, 196.25, 0
CHECK 2026-07-30T05:48:32.900785 matches=0 nonzero=0 1520, 249.33, 1
4, 196.22, 0
CHECK 2026-07-30T05:48:33.191763 matches=0 nonzero=0 1520, 249.44, 0
4, 196.19, 0
CHECK 2026-07-30T05:48:33.478957 matches=0 nonzero=0 1520, 249.46, 0
4, 196.24, 0
CHECK 2026-07-30T05:48:33.623541 matches=0 nonzero=0 1520, 249.11, 1
4, 196.21, 0
CHECK 2026-07-30T05:48:33.902093 matches=0 nonzero=0 1520, 248.07, 0
4, 196.27, 0
CHECK 2026-07-30T05:48:34.746195 matches=0 nonzero=0 1520, 248.06, 0
4, 196.29, 0
CHECK 2026-07-30T05:48:35.048570 matches=0 nonzero=0 1520, 248.15, 1
4, 196.27, 0
CHECK 2026-07-30T05:48:35.323309 matches=0 nonzero=0 1520, 248.21, 0
4, 196.30, 0
CHECK 2026-07-30T05:48:35.692976 matches=0 nonzero=0 1520, 248.32, 1
4, 196.28, 0
CHECK 2026-07-30T05:48:35.970408 matches=0 nonzero=0 1520, 248.44, 0
4, 196.24, 0
CHECK 2026-07-30T05:48:36.349091 matches=0 nonzero=0 1520, 248.36, 0
4, 196.20, 0
CHECK 2026-07-30T05:48:36.706906 matches=0 nonzero=0 1520, 248.35, 0
4, 196.20, 0
CHECK 2026-07-30T05:48:37.076111 matches=0 nonzero=0 1520, 248.12, 0
4, 196.20, 0
CHECK 2026-07-30T05:48:37.227417 matches=0 nonzero=0 1520, 248.81, 1
4, 196.27, 0
CHECK 2026-07-30T05:48:37.509022 matches=0 nonzero=0 1520, 248.77, 1
4, 196.28, 0
CHECK 2026-07-30T05:48:37.811606 matches=0 nonzero=0 1520, 248.63, 0
4, 196.31, 0
CHECK 2026-07-30T05:48:37.971467 matches=0 nonzero=0 1520, 248.93, 0
4, 196.33, 0
CHECK 2026-07-30T05:48:38.255027 matches=0 nonzero=0 1520, 248.74, 1
4, 196.33, 0
CHECK 2026-07-30T05:48:38.538255 matches=0 nonzero=0 1520, 248.96, 0
4, 196.35, 0
CHECK 2026-07-30T05:48:38.688704 matches=0 nonzero=0 1520, 249.05, 1
4, 196.29, 0
CHECK 2026-07-30T05:48:38.983925 matches=0 nonzero=0 1520, 249.06, 0
4, 196.27, 0
CHECK 2026-07-30T05:48:39.127197 matches=0 nonzero=0 1520, 249.02, 0
4, 196.29, 0
CHECK 2026-07-30T05:48:39.270976 matches=0 nonzero=0 1520, 248.84, 1
4, 196.37, 0
CHECK 2026-07-30T05:48:39.626136 matches=0 nonzero=0 1520, 248.69, 0
4, 196.34, 0
CHECK 2026-07-30T05:48:39.768188 matches=0 nonzero=0 1520, 248.79, 0
4, 196.40, 0
CHECK 2026-07-30T05:48:40.109153 matches=0 nonzero=0 1520, 248.72, 1
4, 196.36, 0
CHECK 2026-07-30T05:48:40.255702 matches=0 nonzero=0 1520, 248.82, 1
4, 196.28, 0
CHECK 2026-07-30T05:48:40.556326 matches=0 nonzero=0 1520, 248.88, 0
4, 196.29, 0
CHECK 2026-07-30T05:48:40.707674 matches=0 nonzero=0 1520, 248.73, 1
4, 196.30, 0
CHECK 2026-07-30T05:48:41.032680 matches=0 nonzero=0 1520, 248.30, 0
4, 196.30, 0
CHECK 2026-07-30T05:48:41.481911 matches=0 nonzero=0 1520, 248.41, 1
4, 196.26, 0
CHECK 2026-07-30T05:48:41.753940 matches=0 nonzero=0 1520, 248.45, 0
4, 196.32, 0
CHECK 2026-07-30T05:48:42.031667 matches=0 nonzero=0 1520, 248.51, 1
4, 196.40, 0
CHECK 2026-07-30T05:48:42.369789 matches=0 nonzero=0 1520, 248.51, 0
4, 196.40, 0
CHECK 2026-07-30T05:48:42.523716 matches=0 nonzero=0 1520, 248.69, 0
4, 196.41, 0
CHECK 2026-07-30T05:48:42.687895 matches=0 nonzero=0 1520, 248.97, 1
4, 196.33, 0
CHECK 2026-07-30T05:48:42.944202 matches=0 nonzero=0 1520, 248.62, 0
4, 196.30, 0
CHECK 2026-07-30T05:48:43.087264 matches=0 nonzero=0 1520, 248.73, 0
4, 196.30, 0
CHECK 2026-07-30T05:48:43.232742 matches=0 nonzero=0 1520, 248.68, 1
4, 196.26, 0
CHECK 2026-07-30T05:48:43.376096 matches=0 nonzero=0 1520, 248.71, 1
4, 196.28, 0
CHECK 2026-07-30T05:48:43.523152 matches=0 nonzero=0 1520, 248.98, 0
4, 196.29, 0
CHECK 2026-07-30T05:48:43.665900 matches=0 nonzero=0 1520, 248.98, 0
4, 196.36, 0
CHECK 2026-07-30T05:48:43.814026 matches=0 nonzero=0 1520, 248.87, 1
4, 196.42, 0
CHECK 2026-07-30T05:48:43.956544 matches=0 nonzero=0 1520, 249.12, 1
4, 196.42, 0
CHECK 2026-07-30T05:48:44.111019 matches=0 nonzero=0 1520, 249.49, 1
4, 196.39, 0
CHECK 2026-07-30T05:48:44.256873 matches=0 nonzero=0 1520, 249.57, 1
4, 196.41, 0
CHECK 2026-07-30T05:48:44.411646 matches=0 nonzero=0 1520, 249.71, 0
4, 196.41, 0
CHECK 2026-07-30T05:48:44.702661 matches=0 nonzero=0 1520, 249.57, 0
4, 196.42, 0
CHECK 2026-07-30T05:48:44.853483 matches=0 nonzero=0 1520, 249.69, 1
4, 196.36, 0
CHECK 2026-07-30T05:48:45.124092 matches=0 nonzero=0 1520, 249.13, 0
4, 196.35, 0
CHECK 2026-07-30T05:48:45.269902 matches=0 nonzero=0 1520, 248.95, 1
4, 196.37, 0
CHECK 2026-07-30T05:48:45.558590 matches=0 nonzero=0 1520, 248.66, 0
4, 196.33, 0
CHECK 2026-07-30T05:48:45.715059 matches=0 nonzero=0 1520, 249.15, 0
4, 196.32, 0
CHECK 2026-07-30T05:48:45.858241 matches=0 nonzero=0 1520, 249.44, 1
4, 196.33, 0
CHECK 2026-07-30T05:48:46.169522 matches=0 nonzero=0 1520, 249.35, 0
4, 196.33, 0
CHECK 2026-07-30T05:48:46.316719 matches=0 nonzero=0 1520, 249.67, 0
4, 196.30, 0
CHECK 2026-07-30T05:48:46.648797 matches=0 nonzero=0 1520, 249.20, 1
4, 196.30, 0
CHECK 2026-07-30T05:48:46.965159 matches=0 nonzero=0 1520, 248.71, 0
4, 196.33, 0
CHECK 2026-07-30T05:48:47.170604 matches=0 nonzero=0 1520, 248.67, 0
4, 196.33, 0
CHECK 2026-07-30T05:48:47.319373 matches=0 nonzero=0 1520, 248.45, 0
4, 196.31, 0
CHECK 2026-07-30T05:48:47.460672 matches=0 nonzero=0 1520, 248.37, 0
4, 196.31, 0
CHECK 2026-07-30T05:48:47.612799 matches=0 nonzero=0 1520, 248.65, 1
4, 196.28, 0
CHECK 2026-07-30T05:48:47.760022 matches=0 nonzero=0 1520, 248.70, 0
4, 196.31, 0
CHECK 2026-07-30T05:48:48.088480 matches=0 nonzero=0 1520, 248.53, 1
4, 196.37, 0
CHECK 2026-07-30T05:48:48.441913 matches=0 nonzero=0 1520, 248.55, 0
4, 196.40, 0
CHECK 2026-07-30T05:48:48.588917 matches=0 nonzero=0 1520, 248.40, 0
4, 196.43, 0
CHECK 2026-07-30T05:48:48.884720 matches=0 nonzero=0 1520, 248.37, 0
4, 196.36, 0
CHECK 2026-07-30T05:48:49.417461 matches=0 nonzero=0 1520, 248.73, 0
4, 196.33, 0
CHECK 2026-07-30T05:48:49.574411 matches=0 nonzero=0 1520, 248.64, 1
4, 196.34, 0
CHECK 2026-07-30T05:48:49.724943 matches=0 nonzero=0 1520, 249.03, 0
4, 196.35, 0
CHECK 2026-07-30T05:48:50.028917 matches=0 nonzero=0 1520, 248.94, 0
4, 196.38, 0
CHECK 2026-07-30T05:48:50.174325 matches=0 nonzero=0 1520, 248.94, 1
4, 196.34, 0
CHECK 2026-07-30T05:48:50.322528 matches=0 nonzero=0 1520, 249.33, 0
4, 196.33, 0
CHECK 2026-07-30T05:48:50.468256 matches=0 nonzero=0 1520, 249.19, 1
4, 196.31, 0
CHECK 2026-07-30T05:48:50.751949 matches=0 nonzero=0 1520, 248.79, 0
4, 196.30, 0
CHECK 2026-07-30T05:48:50.901292 matches=0 nonzero=0 1520, 248.51, 0
4, 196.30, 0
CHECK 2026-07-30T05:48:51.400312 matches=0 nonzero=0 1520, 248.46, 0
4, 196.32, 0
CHECK 2026-07-30T05:48:51.549362 matches=0 nonzero=0 1520, 248.82, 0
4, 196.29, 0
CHECK 2026-07-30T05:48:51.700311 matches=0 nonzero=0 1520, 248.93, 1
4, 196.27, 0
CHECK 2026-07-30T05:48:52.019606 matches=0 nonzero=0 1520, 249.02, 1
4, 196.29, 0
CHECK 2026-07-30T05:48:52.466705 matches=0 nonzero=0 1520, 248.43, 0
4, 196.32, 0
CHECK 2026-07-30T05:48:52.655220 matches=0 nonzero=0 1520, 248.35, 1
4, 196.31, 0
CHECK 2026-07-30T05:48:52.807748 matches=0 nonzero=0 1520, 248.43, 0
4, 196.36, 0
CHECK 2026-07-30T05:48:53.291253 matches=0 nonzero=0 1520, 248.65, 1
4, 196.34, 0
CHECK 2026-07-30T05:48:53.649294 matches=0 nonzero=0 1520, 248.50, 0
4, 196.34, 0
CHECK 2026-07-30T05:48:53.802969 matches=0 nonzero=0 1520, 248.27, 1
4, 196.32, 0
CHECK 2026-07-30T05:48:53.953528 matches=0 nonzero=0 1520, 248.16, 0
4, 196.30, 0
CHECK 2026-07-30T05:48:54.107543 matches=0 nonzero=0 1520, 248.60, 1
4, 196.29, 0
CHECK 2026-07-30T05:48:54.361288 matches=0 nonzero=0 1520, 248.44, 0
4, 196.35, 0
CHECK 2026-07-30T05:48:54.929298 matches=0 nonzero=0 1520, 248.32, 0
4, 196.37, 0
CHECK 2026-07-30T05:48:55.273694 matches=0 nonzero=0 1520, 248.34, 0
4, 196.36, 0
CHECK 2026-07-30T05:48:55.423862 matches=0 nonzero=0 1520, 248.59, 1
4, 196.36, 0
CHECK 2026-07-30T05:48:55.567222 matches=0 nonzero=0 1520, 248.76, 0
4, 196.31, 0
CHECK 2026-07-30T05:48:56.043734 matches=0 nonzero=0 1520, 248.52, 0
4, 196.29, 0
CHECK 2026-07-30T05:48:56.199146 matches=0 nonzero=0 1520, 248.62, 1
4, 196.30, 0
CHECK 2026-07-30T05:48:56.348151 matches=0 nonzero=0 1520, 248.59, 0
4, 196.32, 0
CHECK 2026-07-30T05:48:56.636648 matches=0 nonzero=0 1520, 248.48, 0
4, 196.34, 0
CHECK 2026-07-30T05:48:57.184886 matches=0 nonzero=0 1520, 248.38, 0
4, 196.34, 0
CHECK 2026-07-30T05:48:57.330124 matches=0 nonzero=0 1520, 248.26, 0
4, 196.32, 0
CHECK 2026-07-30T05:48:57.487865 matches=0 nonzero=0 1520, 248.24, 0
4, 196.31, 0
CHECK 2026-07-30T05:48:57.634116 matches=0 nonzero=0 1520, 248.76, 1
4, 196.34, 0
CHECK 2026-07-30T05:48:57.906690 matches=0 nonzero=0 1520, 248.76, 0
4, 196.28, 0
CHECK 2026-07-30T05:48:58.363463 matches=0 nonzero=0 1520, 248.73, 0
4, 196.27, 0
CHECK 2026-07-30T05:48:58.519686 matches=0 nonzero=0 1520, 249.09, 0
4, 196.28, 0
CHECK 2026-07-30T05:48:58.858626 matches=0 nonzero=0 1520, 249.03, 0
4, 196.26, 0
CHECK 2026-07-30T05:48:59.561080 matches=0 nonzero=0 1520, 248.53, 0
4, 196.19, 0
CHECK 2026-07-30T05:48:59.718908 matches=0 nonzero=0 1520, 248.81, 0
4, 196.20, 0
CHECK 2026-07-30T05:48:59.947111 matches=0 nonzero=0 1520, 248.27, 0
4, 196.19, 0
CHECK 2026-07-30T05:49:00.107764 matches=0 nonzero=0 1520, 248.48, 0
4, 196.23, 0
CHECK 2026-07-30T05:49:00.260546 matches=0 nonzero=0 1520, 248.52, 0
4, 196.36, 0
CHECK 2026-07-30T05:49:01.181189 matches=0 nonzero=0 1520, 247.92, 0
4, 196.28, 0
CHECK 2026-07-30T05:49:01.546686 matches=0 nonzero=0 1520, 248.05, 0
4, 196.30, 0

=== DONE ===
