=== PHASE A: Writing known pattern, sustained hold ===
HOLD 2026-07-30T05:30:17.931654 966, 204.34, 1
4, 202.04, 0
HOLD 2026-07-30T05:30:18.069451 966, 218.21, 0
4, 203.19, 0
HOLD 2026-07-30T05:30:18.345814 966, 232.02, 0
4, 203.22, 0
HOLD 2026-07-30T05:30:18.656744 966, 241.12, 0
4, 203.29, 0
HOLD 2026-07-30T05:30:18.806161 966, 246.37, 0
4, 203.32, 0
HOLD 2026-07-30T05:30:18.949496 966, 246.39, 0
4, 202.61, 0
HOLD 2026-07-30T05:30:19.098545 966, 246.44, 0
4, 201.34, 0
HOLD 2026-07-30T05:30:19.359886 966, 246.42, 0
4, 200.01, 0
HOLD 2026-07-30T05:30:19.508875 966, 246.48, 0
4, 197.92, 0
HOLD 2026-07-30T05:30:19.855602 966, 246.52, 0
4, 196.77, 0
HOLD 2026-07-30T05:30:20.009330 966, 246.55, 0
4, 196.60, 0
HOLD 2026-07-30T05:30:20.405767 966, 246.64, 0
4, 196.62, 0
HOLD 2026-07-30T05:30:20.802617 966, 246.65, 0
4, 196.59, 0
HOLD 2026-07-30T05:30:21.155433 966, 246.50, 0
4, 196.57, 0
HOLD 2026-07-30T05:30:21.308939 966, 246.54, 0
4, 196.49, 0
HOLD 2026-07-30T05:30:21.619872 966, 246.48, 0
4, 196.51, 0
HOLD 2026-07-30T05:30:21.762868 966, 246.48, 0
4, 196.49, 0
HOLD 2026-07-30T05:30:22.025419 966, 246.51, 0
4, 196.49, 0
HOLD 2026-07-30T05:30:22.322317 966, 246.50, 0
4, 196.48, 0
HOLD 2026-07-30T05:30:22.465951 966, 246.48, 0
4, 196.44, 0
HOLD 2026-07-30T05:30:22.615727 966, 246.54, 0
4, 196.43, 0
HOLD 2026-07-30T05:30:22.756485 966, 246.54, 0
4, 196.39, 0
HOLD 2026-07-30T05:30:23.033665 966, 246.54, 0
4, 196.41, 0
HOLD 2026-07-30T05:30:23.176252 966, 246.60, 0
4, 196.38, 0
HOLD 2026-07-30T05:30:23.322517 966, 246.59, 0
4, 196.37, 0
HOLD 2026-07-30T05:30:23.462410 966, 246.58, 0
4, 196.37, 0
HOLD 2026-07-30T05:30:23.733758 966, 246.54, 0
4, 196.42, 0
HOLD 2026-07-30T05:30:24.013649 966, 246.49, 0
4, 196.46, 0
HOLD 2026-07-30T05:30:24.371380 966, 246.43, 0
4, 196.44, 0
HOLD 2026-07-30T05:30:24.670460 966, 246.42, 0
4, 196.50, 0
HOLD 2026-07-30T05:30:24.961466 966, 246.57, 0
4, 196.44, 0
HOLD 2026-07-30T05:30:25.266912 966, 246.59, 0
4, 196.46, 0
HOLD 2026-07-30T05:30:25.426760 966, 246.63, 0
4, 196.45, 0
HOLD 2026-07-30T05:30:25.570500 966, 246.63, 0
4, 196.47, 0
HOLD 2026-07-30T05:30:25.722503 966, 246.60, 0
4, 196.45, 0
HOLD 2026-07-30T05:30:25.862809 966, 246.60, 0
4, 196.50, 0
HOLD 2026-07-30T05:30:26.149680 966, 246.51, 0
4, 196.51, 0
HOLD 2026-07-30T05:30:26.296296 966, 246.50, 0
4, 196.49, 0
HOLD 2026-07-30T05:30:26.440831 966, 246.51, 0
4, 196.50, 0
HOLD 2026-07-30T05:30:26.791791 966, 246.51, 0
4, 196.48, 0
HOLD 2026-07-30T05:30:27.086707 966, 246.51, 0
4, 196.41, 0
HOLD 2026-07-30T05:30:27.234195 966, 246.56, 0
4, 196.36, 0
HOLD 2026-07-30T05:30:27.519710 966, 246.57, 0
4, 196.34, 0
HOLD 2026-07-30T05:30:27.857799 966, 246.60, 0
4, 196.35, 0
HOLD 2026-07-30T05:30:28.141418 966, 246.64, 0
4, 196.34, 0
HOLD 2026-07-30T05:30:28.287659 966, 246.65, 0
4, 196.38, 0
HOLD 2026-07-30T05:30:28.428809 966, 246.64, 0
4, 196.39, 0
HOLD 2026-07-30T05:30:28.571073 966, 246.61, 0
4, 196.39, 0
HOLD 2026-07-30T05:30:28.719496 966, 246.66, 0
4, 196.39, 0
HOLD 2026-07-30T05:30:28.867985 966, 246.63, 0
4, 196.39, 0
HOLD 2026-07-30T05:30:29.015668 966, 246.58, 0
4, 196.39, 0
HOLD 2026-07-30T05:30:29.294301 966, 246.58, 0
4, 196.43, 0
HOLD 2026-07-30T05:30:29.441586 966, 246.55, 0
4, 196.43, 0
HOLD 2026-07-30T05:30:29.716897 966, 246.51, 0
4, 196.45, 0
HOLD 2026-07-30T05:30:30.020493 966, 246.49, 0
4, 196.47, 0
HOLD 2026-07-30T05:30:30.161034 966, 246.50, 0
4, 196.49, 0
HOLD 2026-07-30T05:30:30.307601 966, 246.47, 0
4, 196.46, 0
HOLD 2026-07-30T05:30:30.451444 966, 246.63, 0
4, 196.50, 0
HOLD 2026-07-30T05:30:30.849497 966, 246.71, 0
4, 196.51, 0
HOLD 2026-07-30T05:30:31.088707 966, 246.69, 0
4, 196.51, 0
HOLD 2026-07-30T05:30:31.406199 966, 246.58, 0
4, 196.48, 0
HOLD 2026-07-30T05:30:31.700312 966, 246.59, 0
4, 196.44, 0
HOLD 2026-07-30T05:30:31.851748 966, 246.51, 0
4, 196.36, 0
HOLD 2026-07-30T05:30:32.214108 966, 246.54, 0
4, 196.38, 0
HOLD 2026-07-30T05:30:32.358522 966, 246.58, 0
4, 196.37, 0
HOLD 2026-07-30T05:30:32.656957 966, 246.59, 0
4, 196.38, 0
HOLD 2026-07-30T05:30:32.812319 966, 246.68, 0
4, 196.41, 0
HOLD 2026-07-30T05:30:33.136671 966, 246.71, 0
4, 196.40, 0
HOLD 2026-07-30T05:30:33.496253 966, 246.69, 0
4, 196.38, 0
HOLD 2026-07-30T05:30:33.640434 966, 246.66, 0
4, 196.42, 0
HOLD 2026-07-30T05:30:33.916269 966, 246.72, 0
4, 196.37, 0
HOLD 2026-07-30T05:30:34.484797 966, 246.74, 0
4, 196.43, 0
HOLD 2026-07-30T05:30:34.632589 966, 246.71, 0
4, 196.41, 0
HOLD 2026-07-30T05:30:34.777583 966, 246.72, 0
4, 196.38, 0
HOLD 2026-07-30T05:30:34.922500 966, 246.71, 0
4, 196.35, 0
HOLD 2026-07-30T05:30:35.211233 966, 246.66, 0
4, 196.36, 0
HOLD 2026-07-30T05:30:35.506910 966, 246.69, 0
4, 196.34, 0
HOLD 2026-07-30T05:30:35.828051 966, 246.73, 0
4, 196.42, 0
HOLD 2026-07-30T05:30:36.266455 966, 246.79, 0
4, 196.42, 0
HOLD 2026-07-30T05:30:36.571012 966, 246.74, 0
4, 196.41, 0
HOLD 2026-07-30T05:30:36.858382 966, 246.71, 0
4, 196.45, 0
HOLD 2026-07-30T05:30:37.003701 966, 246.56, 0
4, 196.47, 0
HOLD 2026-07-30T05:30:37.315502 966, 246.58, 0
4, 196.44, 0
HOLD 2026-07-30T05:30:37.590964 966, 246.61, 0
4, 196.45, 0
HOLD 2026-07-30T05:30:37.737414 966, 246.72, 0
4, 196.43, 0
HOLD 2026-07-30T05:30:38.033676 966, 246.76, 0
4, 196.40, 0
HOLD 2026-07-30T05:30:38.175954 966, 246.84, 0
4, 196.40, 0
HOLD 2026-07-30T05:30:38.459552 966, 246.84, 0
4, 196.43, 0
HOLD 2026-07-30T05:30:38.733855 966, 246.85, 0
4, 196.44, 0
HOLD 2026-07-30T05:30:38.874372 966, 246.87, 0
4, 196.38, 0
HOLD 2026-07-30T05:30:39.020978 966, 246.87, 0
4, 196.33, 0
HOLD 2026-07-30T05:30:39.256876 966, 246.80, 0
4, 196.25, 0
HOLD 2026-07-30T05:30:39.407855 966, 246.78, 0
4, 196.23, 0
HOLD 2026-07-30T05:30:39.554336 966, 246.76, 0
4, 196.24, 0
HOLD 2026-07-30T05:30:39.704526 966, 246.68, 0
4, 196.30, 0
HOLD 2026-07-30T05:30:40.022026 966, 246.68, 0
4, 196.29, 0
HOLD 2026-07-30T05:30:40.163563 966, 246.71, 0
4, 196.30, 0
HOLD 2026-07-30T05:30:40.313020 966, 246.75, 0
4, 196.30, 0
HOLD 2026-07-30T05:30:40.585517 966, 246.76, 0
4, 196.24, 0
HOLD 2026-07-30T05:30:40.728940 966, 246.78, 0
4, 196.24, 0
HOLD 2026-07-30T05:30:40.868742 966, 246.80, 0
4, 196.23, 0
HOLD 2026-07-30T05:30:41.015088 966, 246.81, 0
4, 196.23, 0
HOLD 2026-07-30T05:30:41.156373 966, 246.78, 0
4, 196.32, 0
HOLD 2026-07-30T05:30:41.463243 966, 246.76, 0
4, 196.41, 0
HOLD 2026-07-30T05:30:41.792146 966, 246.76, 0
4, 196.43, 0
HOLD 2026-07-30T05:30:42.062223 966, 246.77, 0
4, 196.42, 0
HOLD 2026-07-30T05:30:42.215043 966, 246.78, 0
4, 196.43, 0
HOLD 2026-07-30T05:30:42.357274 966, 246.82, 0
4, 196.43, 0
HOLD 2026-07-30T05:30:42.508576 966, 246.84, 0
4, 196.45, 0
HOLD 2026-07-30T05:30:42.665049 966, 246.81, 0
4, 196.46, 0
HOLD 2026-07-30T05:30:42.948204 966, 246.87, 0
4, 196.46, 0
HOLD 2026-07-30T05:30:43.095065 966, 246.86, 0
4, 196.45, 0
HOLD 2026-07-30T05:30:43.437577 966, 246.85, 0
4, 196.40, 0
HOLD 2026-07-30T05:30:43.621349 966, 246.83, 0
4, 196.38, 0
HOLD 2026-07-30T05:30:43.762733 966, 246.80, 0
4, 196.37, 0
HOLD 2026-07-30T05:30:44.120645 966, 246.75, 0
4, 196.34, 0
HOLD 2026-07-30T05:30:44.261327 966, 246.73, 0
4, 196.30, 0
HOLD 2026-07-30T05:30:44.522891 966, 246.74, 0
4, 196.29, 0
HOLD 2026-07-30T05:30:44.664690 966, 246.80, 0
4, 196.27, 0
HOLD 2026-07-30T05:30:44.812022 966, 246.81, 0
4, 196.26, 0
HOLD 2026-07-30T05:30:44.953198 966, 246.85, 0
4, 196.25, 0
HOLD 2026-07-30T05:30:45.099562 966, 246.85, 0
4, 196.24, 0
HOLD 2026-07-30T05:30:45.442999 966, 246.89, 0
4, 196.24, 0
HOLD 2026-07-30T05:30:45.582855 966, 246.83, 0
4, 196.24, 0
HOLD 2026-07-30T05:30:45.867063 966, 246.85, 0
4, 196.25, 0
HOLD 2026-07-30T05:30:46.014814 966, 246.84, 0
4, 196.27, 0
HOLD 2026-07-30T05:30:46.269199 966, 246.85, 0
4, 196.27, 0
HOLD 2026-07-30T05:30:46.415689 966, 246.82, 0
4, 196.23, 0
HOLD 2026-07-30T05:30:46.555384 966, 246.84, 0
4, 196.26, 0
HOLD 2026-07-30T05:30:46.704183 966, 246.79, 0
4, 196.31, 0
HOLD 2026-07-30T05:30:46.946789 966, 246.86, 0
4, 196.37, 0
HOLD 2026-07-30T05:30:47.340752 966, 246.91, 0
4, 196.38, 0
HOLD 2026-07-30T05:30:47.550160 966, 246.91, 0
4, 196.36, 0
HOLD 2026-07-30T05:30:47.703416 966, 246.89, 0
4, 196.34, 0
HOLD 2026-07-30T05:30:47.849422 966, 246.79, 0
4, 196.34, 0
HOLD 2026-07-30T05:30:47.989659 966, 246.78, 0
4, 196.33, 0
HOLD 2026-07-30T05:30:48.130274 966, 246.78, 0
4, 196.30, 0
HOLD 2026-07-30T05:30:48.270334 966, 246.73, 0
4, 196.32, 0
HOLD 2026-07-30T05:30:48.414574 966, 246.72, 0
4, 196.37, 0
HOLD 2026-07-30T05:30:48.552787 966, 246.74, 0
4, 196.38, 0
HOLD 2026-07-30T05:30:48.849564 966, 246.81, 0
4, 196.35, 0
HOLD 2026-07-30T05:30:49.182780 966, 246.81, 0
4, 196.36, 0
HOLD 2026-07-30T05:30:49.324034 966, 246.80, 0
4, 196.33, 0
HOLD 2026-07-30T05:30:49.463351 966, 246.80, 0
4, 196.29, 0
HOLD 2026-07-30T05:30:49.608212 966, 246.81, 0
4, 196.27, 0
HOLD 2026-07-30T05:30:49.876520 966, 246.77, 0
4, 196.28, 0
HOLD 2026-07-30T05:30:50.018792 966, 246.82, 0
4, 196.27, 0
HOLD 2026-07-30T05:30:50.158279 966, 246.83, 0
4, 196.20, 0
HOLD 2026-07-30T05:30:50.433009 966, 246.88, 0
4, 196.22, 0
HOLD 2026-07-30T05:30:50.573117 966, 246.82, 0
4, 196.18, 0
HOLD 2026-07-30T05:30:50.883037 966, 246.85, 0
4, 196.16, 0
HOLD 2026-07-30T05:30:51.177618 966, 246.87, 0
4, 196.15, 0
HOLD 2026-07-30T05:30:51.329762 966, 246.79, 0
4, 196.20, 0
HOLD 2026-07-30T05:30:51.603736 966, 246.84, 0
4, 196.18, 0
HOLD 2026-07-30T05:30:51.748370 966, 246.85, 0
4, 196.16, 0
HOLD 2026-07-30T05:30:52.019381 966, 246.85, 0
4, 196.25, 0
HOLD 2026-07-30T05:30:52.352194 966, 246.85, 0
4, 196.20, 0
HOLD 2026-07-30T05:30:52.495002 966, 246.90, 0
4, 196.26, 0
HOLD 2026-07-30T05:30:52.864117 966, 246.94, 0
4, 196.29, 0
HOLD 2026-07-30T05:30:53.012205 966, 246.95, 0
4, 196.37, 0
HOLD 2026-07-30T05:30:53.151838 966, 246.98, 0
4, 196.37, 0
HOLD 2026-07-30T05:30:53.471138 966, 246.97, 0
4, 196.34, 0
HOLD 2026-07-30T05:30:53.612909 966, 246.97, 0
4, 196.32, 0
HOLD 2026-07-30T05:30:53.753230 966, 246.88, 0
4, 196.29, 0
HOLD 2026-07-30T05:30:53.892578 966, 246.89, 0
4, 196.26, 0
HOLD 2026-07-30T05:30:54.033655 966, 246.86, 0
4, 196.25, 0
HOLD 2026-07-30T05:30:54.172886 966, 246.87, 0
4, 196.24, 0
HOLD 2026-07-30T05:30:54.460690 966, 246.88, 0
4, 196.25, 0
HOLD 2026-07-30T05:30:54.608351 966, 246.89, 0
4, 196.25, 0
HOLD 2026-07-30T05:30:54.861927 966, 246.92, 0
4, 196.23, 0
HOLD 2026-07-30T05:30:55.012661 966, 246.93, 0
4, 196.23, 0
HOLD 2026-07-30T05:30:55.307430 966, 246.96, 0
4, 196.26, 0
HOLD 2026-07-30T05:30:55.550340 966, 246.96, 0
4, 196.25, 0
HOLD 2026-07-30T05:30:55.821778 966, 246.99, 0
4, 196.26, 0
HOLD 2026-07-30T05:30:55.963190 966, 246.97, 0
4, 196.18, 0
HOLD 2026-07-30T05:30:56.228533 966, 246.92, 0
4, 196.15, 0
HOLD 2026-07-30T05:30:56.520402 966, 246.90, 0
4, 196.14, 0
HOLD 2026-07-30T05:30:56.660127 966, 246.89, 0
4, 196.15, 0
HOLD 2026-07-30T05:30:56.807504 966, 246.87, 0
4, 196.18, 0
HOLD 2026-07-30T05:30:57.145187 966, 246.92, 0
4, 196.19, 0
HOLD 2026-07-30T05:30:57.509714 966, 246.96, 0
4, 196.24, 0
HOLD 2026-07-30T05:30:57.653903 966, 246.92, 0
4, 196.22, 0
HOLD 2026-07-30T05:30:58.109975 966, 246.86, 0
4, 196.22, 0
HOLD 2026-07-30T05:30:58.312596 966, 246.92, 0
4, 196.23, 0
HOLD 2026-07-30T05:30:58.626147 966, 246.94, 0
4, 196.21, 0
HOLD 2026-07-30T05:30:58.767919 966, 247.00, 0
4, 196.25, 0
HOLD 2026-07-30T05:30:59.039280 966, 247.01, 0
4, 196.27, 0
HOLD 2026-07-30T05:30:59.322577 966, 246.97, 0
4, 196.27, 0
HOLD 2026-07-30T05:30:59.640883 966, 246.90, 0
4, 196.26, 0
HOLD 2026-07-30T05:30:59.929802 966, 246.93, 0
4, 196.26, 0
HOLD 2026-07-30T05:31:00.283147 966, 246.99, 0
4, 196.22, 0
HOLD 2026-07-30T05:31:00.547163 966, 246.98, 0
4, 196.19, 0
HOLD 2026-07-30T05:31:00.862196 966, 246.93, 0
4, 196.20, 0
HOLD 2026-07-30T05:31:01.019889 966, 246.96, 0
4, 196.18, 0
HOLD 2026-07-30T05:31:01.305491 966, 246.97, 0
4, 196.16, 0
HOLD 2026-07-30T05:31:01.650662 966, 246.99, 0
4, 196.19, 0
HOLD 2026-07-30T05:31:01.795831 966, 247.03, 0
4, 196.15, 0
HOLD 2026-07-30T05:31:02.075635 966, 247.07, 0
4, 196.15, 0
HOLD 2026-07-30T05:31:02.222774 966, 246.98, 0
4, 196.09, 0
HOLD 2026-07-30T05:31:02.519544 966, 246.99, 0
4, 196.08, 0
HOLD 2026-07-30T05:31:02.660109 966, 246.97, 0
4, 196.05, 0
HOLD 2026-07-30T05:31:02.943584 966, 246.99, 0
4, 196.07, 0
HOLD 2026-07-30T05:31:03.086305 966, 246.99, 0
4, 196.05, 0
HOLD 2026-07-30T05:31:03.352278 966, 247.03, 0
4, 196.10, 0
HOLD 2026-07-30T05:31:03.760622 966, 246.99, 0
4, 196.18, 0
HOLD 2026-07-30T05:31:04.033825 966, 246.98, 0
4, 196.22, 0
HOLD 2026-07-30T05:31:04.321427 966, 246.99, 0
4, 196.23, 0
HOLD 2026-07-30T05:31:04.470638 966, 246.96, 0
4, 196.22, 0
HOLD 2026-07-30T05:31:04.801717 966, 246.93, 0
4, 196.22, 0
HOLD 2026-07-30T05:31:05.075900 966, 246.93, 0
4, 196.23, 0
HOLD 2026-07-30T05:31:05.344304 966, 246.92, 0
4, 196.23, 0
HOLD 2026-07-30T05:31:05.487860 966, 246.85, 0
4, 196.25, 0
HOLD 2026-07-30T05:31:05.741192 966, 246.91, 0
4, 196.26, 0
HOLD 2026-07-30T05:31:06.051197 966, 246.93, 0
4, 196.25, 0
HOLD 2026-07-30T05:31:06.193215 966, 246.96, 0
4, 196.30, 0
HOLD 2026-07-30T05:31:06.515557 966, 246.98, 0
4, 196.31, 0
HOLD 2026-07-30T05:31:06.655631 966, 247.02, 0
4, 196.33, 0
HOLD 2026-07-30T05:31:06.956093 966, 246.96, 0
4, 196.31, 0
HOLD 2026-07-30T05:31:07.099696 966, 247.02, 0
4, 196.28, 0
HOLD 2026-07-30T05:31:07.459809 966, 247.01, 0
4, 196.30, 0
HOLD 2026-07-30T05:31:07.733397 966, 246.91, 0
4, 196.28, 0
HOLD 2026-07-30T05:31:08.100289 966, 246.87, 0
4, 196.26, 0
HOLD 2026-07-30T05:31:08.240066 966, 246.87, 0
4, 196.28, 0
HOLD 2026-07-30T05:31:08.518816 966, 246.94, 0
4, 196.21, 0
HOLD 2026-07-30T05:31:08.661439 966, 246.95, 0
4, 196.25, 0
HOLD 2026-07-30T05:31:08.980736 966, 247.09, 0
4, 196.15, 0
HOLD 2026-07-30T05:31:09.335000 966, 247.06, 0
4, 196.15, 0
HOLD 2026-07-30T05:31:09.519238 966, 247.06, 0
4, 196.13, 0
HOLD 2026-07-30T05:31:09.822070 966, 247.04, 0
4, 196.10, 0
HOLD 2026-07-30T05:31:10.081930 966, 246.99, 0
4, 196.15, 0
HOLD 2026-07-30T05:31:10.228834 966, 247.05, 0
4, 196.17, 0
HOLD 2026-07-30T05:31:10.502200 966, 247.04, 0
4, 196.15, 0
HOLD 2026-07-30T05:31:10.654939 966, 247.02, 0
4, 196.16, 0
HOLD 2026-07-30T05:31:10.936924 966, 247.05, 0
4, 196.19, 0
HOLD 2026-07-30T05:31:11.078649 966, 247.03, 0
4, 196.23, 0
HOLD 2026-07-30T05:31:11.222865 966, 246.99, 0
4, 196.26, 0
HOLD 2026-07-30T05:31:11.371436 966, 247.04, 0
4, 196.26, 0
HOLD 2026-07-30T05:31:11.519330 966, 247.09, 0
4, 196.33, 0
HOLD 2026-07-30T05:31:11.803538 966, 247.08, 0
4, 196.37, 0
HOLD 2026-07-30T05:31:11.952992 966, 247.07, 0
4, 196.34, 0
HOLD 2026-07-30T05:31:12.226021 966, 247.01, 0
4, 196.33, 0
HOLD 2026-07-30T05:31:12.496226 966, 246.95, 0
4, 196.31, 0
HOLD 2026-07-30T05:31:12.760892 966, 246.96, 0
4, 196.30, 0
HOLD 2026-07-30T05:31:12.913039 966, 246.98, 0
4, 196.20, 0
HOLD 2026-07-30T05:31:13.216807 966, 247.03, 0
4, 196.21, 0
HOLD 2026-07-30T05:31:13.511297 966, 247.01, 0
4, 196.18, 0
HOLD 2026-07-30T05:31:13.653083 966, 247.06, 0
4, 196.17, 0
HOLD 2026-07-30T05:31:13.803677 966, 247.03, 0
4, 196.27, 0
HOLD 2026-07-30T05:31:14.170009 966, 247.01, 0
4, 196.24, 0
HOLD 2026-07-30T05:31:14.321435 966, 247.01, 0
4, 196.22, 0
HOLD 2026-07-30T05:31:14.462408 966, 247.02, 0
4, 196.27, 0
HOLD 2026-07-30T05:31:14.806643 966, 247.00, 0
4, 196.29, 0
HOLD 2026-07-30T05:31:15.129335 966, 247.00, 0
4, 196.35, 0
HOLD 2026-07-30T05:31:15.272610 966, 246.97, 0
4, 196.35, 0
HOLD 2026-07-30T05:31:15.555833 966, 246.97, 0
4, 196.32, 0
HOLD 2026-07-30T05:31:15.704918 966, 246.94, 0
4, 196.33, 0
HOLD 2026-07-30T05:31:15.859875 966, 246.95, 0
4, 196.37, 0
HOLD 2026-07-30T05:31:16.004097 966, 247.03, 0
4, 196.41, 0
HOLD 2026-07-30T05:31:16.359842 966, 247.04, 0
4, 196.40, 0
HOLD 2026-07-30T05:31:16.515776 966, 247.09, 0
4, 196.41, 0
HOLD 2026-07-30T05:31:16.656915 966, 247.09, 0
4, 196.42, 0
HOLD 2026-07-30T05:31:16.808407 966, 247.08, 0
4, 196.37, 0
HOLD 2026-07-30T05:31:16.952423 966, 247.00, 0
4, 196.30, 0
HOLD 2026-07-30T05:31:17.225943 966, 246.98, 0
4, 196.22, 0
HOLD 2026-07-30T05:31:17.552981 966, 247.01, 0
4, 196.24, 0
HOLD 2026-07-30T05:31:17.704232 966, 247.04, 0
4, 196.20, 0
HOLD 2026-07-30T05:31:18.010831 966, 247.07, 0
4, 196.21, 0
HOLD 2026-07-30T05:31:18.272593 966, 247.10, 0
4, 196.23, 0
HOLD 2026-07-30T05:31:18.423787 966, 247.10, 0
4, 196.25, 0
HOLD 2026-07-30T05:31:18.565020 966, 247.07, 0
4, 196.24, 0
HOLD 2026-07-30T05:31:18.712437 966, 247.01, 0
4, 196.24, 0
HOLD 2026-07-30T05:31:18.851604 966, 246.96, 0
4, 196.24, 0
HOLD 2026-07-30T05:31:18.998907 966, 247.00, 0
4, 196.32, 0
HOLD 2026-07-30T05:31:19.262201 966, 246.97, 0
4, 196.30, 0
HOLD 2026-07-30T05:31:19.407261 966, 246.97, 0
4, 196.35, 0
HOLD 2026-07-30T05:31:19.558246 966, 246.94, 0
4, 196.35, 0
HOLD 2026-07-30T05:31:19.710515 966, 246.93, 0
4, 196.37, 0
HOLD 2026-07-30T05:31:19.853124 966, 246.94, 0
4, 196.37, 0
HOLD 2026-07-30T05:31:19.996342 966, 246.97, 0
4, 196.41, 0
HOLD 2026-07-30T05:31:20.304906 966, 246.97, 0
4, 196.42, 0
HOLD 2026-07-30T05:31:20.465867 966, 246.99, 0
4, 196.41, 0
HOLD 2026-07-30T05:31:20.620655 966, 247.02, 0
4, 196.44, 0
HOLD 2026-07-30T05:31:20.909103 966, 247.06, 0
4, 196.38, 0
HOLD 2026-07-30T05:31:21.062049 966, 246.98, 0
4, 196.30, 0
HOLD 2026-07-30T05:31:21.358974 966, 246.91, 0
4, 196.28, 0
HOLD 2026-07-30T05:31:21.511815 966, 246.93, 0
4, 196.28, 0
HOLD 2026-07-30T05:31:21.655936 966, 246.95, 0
4, 196.19, 0
HOLD 2026-07-30T05:31:21.944561 966, 246.96, 0
4, 196.19, 0
HOLD 2026-07-30T05:31:22.092320 966, 247.00, 0
4, 196.24, 0
HOLD 2026-07-30T05:31:22.355534 966, 247.06, 0
4, 196.24, 0
HOLD 2026-07-30T05:31:22.721958 966, 247.04, 0
4, 196.25, 0
HOLD 2026-07-30T05:31:22.869137 966, 247.03, 0
4, 196.29, 0
HOLD 2026-07-30T05:31:23.016636 966, 247.04, 0
4, 196.23, 0
HOLD 2026-07-30T05:31:23.307019 966, 247.04, 0
4, 196.20, 0
HOLD 2026-07-30T05:31:23.457957 966, 247.03, 0
4, 196.19, 0
HOLD 2026-07-30T05:31:23.690135 966, 247.05, 0
4, 196.18, 0
HOLD 2026-07-30T05:31:23.838959 966, 247.07, 0
4, 196.17, 0
HOLD 2026-07-30T05:31:23.981878 966, 247.09, 0
4, 196.21, 0
HOLD 2026-07-30T05:31:24.325335 966, 247.09, 0
4, 196.13, 0
HOLD 2026-07-30T05:31:24.469350 966, 247.13, 0
4, 196.18, 0
HOLD 2026-07-30T05:31:24.731900 966, 247.09, 0
4, 196.19, 0
HOLD 2026-07-30T05:31:24.880278 966, 247.03, 0
4, 196.21, 0
HOLD 2026-07-30T05:31:25.171159 966, 247.06, 0
4, 196.23, 0
HOLD 2026-07-30T05:31:25.322872 966, 247.08, 0
4, 196.24, 0
HOLD 2026-07-30T05:31:25.764428 966, 247.10, 0
4, 196.26, 0
HOLD 2026-07-30T05:31:25.926531 966, 247.07, 0
4, 196.24, 0
HOLD 2026-07-30T05:31:26.213546 966, 247.07, 0
4, 196.26, 0
HOLD 2026-07-30T05:31:26.362875 966, 247.10, 0
4, 196.26, 0
HOLD 2026-07-30T05:31:26.523843 966, 247.10, 0
4, 196.26, 0
HOLD 2026-07-30T05:31:26.666229 966, 247.07, 0
4, 196.23, 0
HOLD 2026-07-30T05:31:26.945788 966, 247.05, 0
4, 196.23, 0
HOLD 2026-07-30T05:31:27.090874 966, 247.00, 0
4, 196.23, 0
HOLD 2026-07-30T05:31:27.383476 966, 247.05, 0
4, 196.23, 0
HOLD 2026-07-30T05:31:27.526700 966, 247.01, 0
4, 196.20, 0
HOLD 2026-07-30T05:31:27.669311 966, 247.03, 0
4, 196.23, 0
HOLD 2026-07-30T05:31:27.817394 966, 247.01, 0
4, 196.24, 0
HOLD 2026-07-30T05:31:27.957673 966, 247.04, 0
4, 196.24, 0
HOLD 2026-07-30T05:31:28.107718 966, 247.03, 0
4, 196.28, 0
HOLD 2026-07-30T05:31:28.255665 966, 246.99, 0
4, 196.28, 0
HOLD 2026-07-30T05:31:28.546991 966, 246.98, 0
4, 196.33, 0
HOLD 2026-07-30T05:31:28.692259 966, 246.98, 0
4, 196.33, 0
HOLD 2026-07-30T05:31:28.941844 966, 246.97, 0
4, 196.32, 0
HOLD 2026-07-30T05:31:29.084690 966, 246.99, 0
4, 196.34, 0
HOLD 2026-07-30T05:31:29.385274 966, 246.99, 0
4, 196.32, 0
HOLD 2026-07-30T05:31:29.534296 966, 246.99, 0
4, 196.32, 0
HOLD 2026-07-30T05:31:29.676297 966, 247.00, 0
4, 196.31, 0
HOLD 2026-07-30T05:31:29.825275 966, 246.99, 0
4, 196.34, 0
HOLD 2026-07-30T05:31:30.188520 966, 246.99, 0
4, 196.31, 0
HOLD 2026-07-30T05:31:30.333010 966, 246.98, 0
4, 196.29, 0
HOLD 2026-07-30T05:31:30.474907 966, 246.97, 0
4, 196.34, 0
HOLD 2026-07-30T05:31:30.619860 966, 247.01, 0
4, 196.31, 0
HOLD 2026-07-30T05:31:30.760342 966, 247.04, 0
4, 196.30, 0
HOLD 2026-07-30T05:31:30.944573 966, 247.13, 0
4, 196.21, 0
HOLD 2026-07-30T05:31:31.230361 966, 247.14, 0
4, 196.22, 0
HOLD 2026-07-30T05:31:31.399894 966, 247.15, 0
4, 196.21, 0
HOLD 2026-07-30T05:31:31.549918 966, 247.22, 0
4, 196.16, 0
HOLD 2026-07-30T05:31:31.698776 966, 247.15, 0
4, 196.19, 0
HOLD 2026-07-30T05:31:31.844360 966, 247.14, 0
4, 196.23, 0
HOLD 2026-07-30T05:31:31.985274 966, 247.16, 0
4, 196.21, 0
HOLD 2026-07-30T05:31:32.129906 966, 247.18, 0
4, 196.22, 0
HOLD 2026-07-30T05:31:32.270715 966, 247.16, 0
4, 196.23, 0
HOLD 2026-07-30T05:31:32.416061 966, 247.15, 0
4, 196.23, 0
HOLD 2026-07-30T05:31:32.556018 966, 247.16, 0
4, 196.29, 0
HOLD 2026-07-30T05:31:32.704056 966, 247.21, 0
4, 196.29, 0
HOLD 2026-07-30T05:31:32.849012 966, 247.20, 0
4, 196.27, 0
HOLD 2026-07-30T05:31:32.990307 966, 247.15, 0
4, 196.27, 0
HOLD 2026-07-30T05:31:33.245793 966, 247.11, 0
4, 196.29, 0
HOLD 2026-07-30T05:31:33.384931 966, 247.07, 0
4, 196.24, 0
HOLD 2026-07-30T05:31:33.641956 966, 247.05, 0
4, 196.24, 0
HOLD 2026-07-30T05:31:33.783579 966, 247.04, 0
4, 196.23, 0
HOLD 2026-07-30T05:31:33.930791 966, 247.05, 0
4, 196.27, 0
HOLD 2026-07-30T05:31:34.277742 966, 247.12, 0
4, 196.31, 0
HOLD 2026-07-30T05:31:34.643724 966, 247.12, 0
4, 196.33, 0
HOLD 2026-07-30T05:31:34.783021 966, 247.04, 0
4, 196.29, 0
HOLD 2026-07-30T05:31:35.060547 966, 247.02, 0
4, 196.29, 0
HOLD 2026-07-30T05:31:35.211745 966, 246.99, 0
4, 196.29, 0
HOLD 2026-07-30T05:31:35.351645 966, 247.01, 0
4, 196.26, 0
HOLD 2026-07-30T05:31:35.494379 966, 247.00, 0
4, 196.20, 0
HOLD 2026-07-30T05:31:35.764666 966, 247.03, 0
4, 196.19, 0
HOLD 2026-07-30T05:31:35.915090 966, 247.12, 0
4, 196.20, 0
HOLD 2026-07-30T05:31:36.223427 966, 247.18, 0
4, 196.21, 0
HOLD 2026-07-30T05:31:36.652420 966, 247.25, 0
4, 196.23, 0
HOLD 2026-07-30T05:31:36.839412 966, 247.23, 0
4, 196.28, 0
HOLD 2026-07-30T05:31:37.089251 966, 247.15, 0
4, 196.30, 0
HOLD 2026-07-30T05:31:37.233342 966, 247.16, 0
4, 196.32, 0
HOLD 2026-07-30T05:31:37.490564 966, 247.06, 0
4, 196.34, 0
HOLD 2026-07-30T05:31:37.839996 966, 247.03, 0
4, 196.27, 0
HOLD 2026-07-30T05:31:37.979443 966, 247.07, 0
4, 196.30, 0
HOLD 2026-07-30T05:31:38.241934 966, 247.04, 0
4, 196.30, 0
HOLD 2026-07-30T05:31:38.523191 966, 247.05, 0
4, 196.25, 0
HOLD 2026-07-30T05:31:38.664134 966, 247.06, 0
4, 196.26, 0
HOLD 2026-07-30T05:31:38.935526 966, 247.04, 0
4, 196.24, 0
HOLD 2026-07-30T05:31:39.076191 966, 247.05, 0
4, 196.24, 0
HOLD 2026-07-30T05:31:39.218808 966, 247.06, 0
4, 196.21, 0
HOLD 2026-07-30T05:31:39.359220 966, 247.09, 0
4, 196.19, 0
HOLD 2026-07-30T05:31:39.508485 966, 247.09, 0
4, 196.26, 0
HOLD 2026-07-30T05:31:39.808336 966, 247.14, 0
4, 196.27, 0
HOLD 2026-07-30T05:31:40.077759 966, 247.08, 0
4, 196.19, 0
HOLD 2026-07-30T05:31:40.419129 966, 247.09, 0
4, 196.16, 0
HOLD 2026-07-30T05:31:40.563298 966, 247.10, 0
4, 196.16, 0
HOLD 2026-07-30T05:31:40.707832 966, 247.11, 0
4, 196.16, 0
HOLD 2026-07-30T05:31:40.848306 966, 247.09, 0
4, 196.16, 0
HOLD 2026-07-30T05:31:40.985623 966, 247.14, 0
4, 196.17, 0
HOLD 2026-07-30T05:31:41.131040 966, 247.14, 0
4, 196.24, 0
HOLD 2026-07-30T05:31:41.269841 966, 247.11, 0
4, 196.30, 0
HOLD 2026-07-30T05:31:41.539838 966, 247.06, 0
4, 196.29, 0
HOLD 2026-07-30T05:31:41.721444 966, 247.09, 0
4, 196.29, 0
HOLD 2026-07-30T05:31:41.948089 966, 247.14, 0
4, 196.31, 0
HOLD 2026-07-30T05:31:42.235801 966, 247.09, 0
4, 196.28, 0
HOLD 2026-07-30T05:31:42.505954 966, 247.10, 0
4, 196.26, 0
HOLD 2026-07-30T05:31:42.659599 966, 247.08, 0
4, 196.28, 0
HOLD 2026-07-30T05:31:42.807420 966, 247.01, 0
4, 196.23, 0
HOLD 2026-07-30T05:31:43.119925 966, 247.02, 0
4, 196.21, 0
HOLD 2026-07-30T05:31:43.261967 966, 247.04, 0
4, 196.23, 0
HOLD 2026-07-30T05:31:43.412973 966, 247.08, 0
4, 196.22, 0
HOLD 2026-07-30T05:31:43.553478 966, 247.10, 0
4, 196.25, 0
HOLD 2026-07-30T05:31:43.704359 966, 247.00, 0
4, 196.23, 0
HOLD 2026-07-30T05:31:43.960275 966, 247.05, 0
4, 196.25, 0
HOLD 2026-07-30T05:31:44.109540 966, 246.97, 0
4, 196.23, 0
HOLD 2026-07-30T05:31:44.353948 966, 247.01, 0
4, 196.21, 0
HOLD 2026-07-30T05:31:44.498923 966, 246.97, 0
4, 196.20, 0
HOLD 2026-07-30T05:31:44.790656 966, 247.02, 0
4, 196.17, 0
HOLD 2026-07-30T05:31:44.934061 966, 247.05, 0
4, 196.20, 0
HOLD 2026-07-30T05:31:45.215086 966, 247.05, 0
4, 196.18, 0
HOLD 2026-07-30T05:31:45.373319 966, 247.06, 0
4, 196.18, 0
HOLD 2026-07-30T05:31:45.518062 966, 247.07, 0
4, 196.19, 0
HOLD 2026-07-30T05:31:45.789743 966, 247.05, 0
4, 196.19, 0
HOLD 2026-07-30T05:31:46.144199 966, 247.09, 0
4, 196.22, 0
HOLD 2026-07-30T05:31:46.285261 966, 247.06, 0
4, 196.23, 0
HOLD 2026-07-30T05:31:46.427923 966, 247.05, 0
4, 196.24, 0
HOLD 2026-07-30T05:31:46.570933 966, 247.07, 0
4, 196.27, 0
HOLD 2026-07-30T05:31:46.718480 966, 247.18, 0
4, 196.17, 0
HOLD 2026-07-30T05:31:46.964494 966, 247.18, 0
4, 196.17, 0
HOLD 2026-07-30T05:31:47.118768 966, 247.17, 0
4, 196.20, 0
HOLD 2026-07-30T05:31:47.362401 966, 247.24, 0
4, 196.17, 0
HOLD 2026-07-30T05:31:47.680720 966, 247.20, 0
4, 196.15, 0
HOLD 2026-07-30T05:31:47.957470 966, 247.18, 0
4, 196.14, 0
HOLD 2026-07-30T05:31:48.286490 966, 247.16, 0
4, 196.16, 0
HOLD 2026-07-30T05:31:48.429520 966, 247.12, 0
4, 196.16, 0
HOLD 2026-07-30T05:31:48.568276 966, 247.15, 0
4, 196.19, 0
HOLD 2026-07-30T05:31:48.715595 966, 247.16, 0
4, 196.22, 0
HOLD 2026-07-30T05:31:48.857154 966, 247.17, 0
4, 196.23, 0
HOLD 2026-07-30T05:31:49.005605 966, 247.17, 0
4, 196.25, 0
HOLD 2026-07-30T05:31:49.147826 966, 247.17, 0
4, 196.28, 0
HOLD 2026-07-30T05:31:49.286687 966, 247.16, 0
4, 196.28, 0
HOLD 2026-07-30T05:31:49.557677 966, 247.10, 0
4, 196.21, 0
HOLD 2026-07-30T05:31:49.838461 966, 247.06, 0
4, 196.19, 0
HOLD 2026-07-30T05:31:50.161308 966, 247.02, 0
4, 196.13, 0
HOLD 2026-07-30T05:31:50.478773 966, 247.06, 0
4, 196.12, 0
HOLD 2026-07-30T05:31:50.801796 966, 247.07, 0
4, 196.10, 0
HOLD 2026-07-30T05:31:50.953581 966, 247.12, 0
4, 196.14, 0
HOLD 2026-07-30T05:31:51.221546 966, 247.12, 0
4, 196.18, 0
HOLD 2026-07-30T05:31:51.364034 966, 247.14, 0
4, 196.15, 0
HOLD 2026-07-30T05:31:51.511147 966, 247.15, 0
4, 196.21, 0
HOLD 2026-07-30T05:31:51.848737 966, 247.14, 0
4, 196.20, 0
HOLD 2026-07-30T05:31:51.989135 966, 247.10, 0
4, 196.14, 0
HOLD 2026-07-30T05:31:52.240024 966, 247.11, 0
4, 196.13, 0
HOLD 2026-07-30T05:31:52.394744 966, 247.07, 0
4, 196.14, 0
HOLD 2026-07-30T05:31:52.722198 966, 247.11, 0
4, 196.15, 0
HOLD 2026-07-30T05:31:52.954792 966, 247.15, 0
4, 196.15, 0
HOLD 2026-07-30T05:31:53.313008 966, 247.12, 0
4, 196.09, 0
HOLD 2026-07-30T05:31:53.453856 966, 247.14, 0
4, 196.08, 0
HOLD 2026-07-30T05:31:53.594599 966, 247.16, 0
4, 196.08, 0
HOLD 2026-07-30T05:31:53.738425 966, 247.15, 0
4, 196.04, 0
HOLD 2026-07-30T05:31:53.878784 966, 247.12, 0
4, 196.02, 0
HOLD 2026-07-30T05:31:54.020966 966, 247.12, 0
4, 196.01, 0
HOLD 2026-07-30T05:31:54.161569 966, 247.14, 0
4, 195.99, 0
HOLD 2026-07-30T05:31:54.310638 966, 247.15, 0
4, 196.01, 0
HOLD 2026-07-30T05:31:54.628835 966, 247.16, 0
4, 196.06, 0
HOLD 2026-07-30T05:31:54.771406 966, 247.13, 0
4, 196.08, 0
HOLD 2026-07-30T05:31:55.027159 966, 247.12, 0
4, 196.10, 0
HOLD 2026-07-30T05:31:55.167349 966, 247.15, 0
4, 196.16, 0
HOLD 2026-07-30T05:31:55.314646 966, 247.16, 0
4, 196.21, 0
HOLD 2026-07-30T05:31:55.456715 966, 247.16, 0
4, 196.19, 0
HOLD 2026-07-30T05:31:55.607358 966, 247.12, 0
4, 196.17, 0
HOLD 2026-07-30T05:31:55.751865 966, 247.13, 0
4, 196.18, 0
HOLD 2026-07-30T05:31:55.899317 966, 247.16, 0
4, 196.15, 0
HOLD 2026-07-30T05:31:56.048270 966, 247.15, 0
4, 196.13, 0
HOLD 2026-07-30T05:31:56.315203 966, 247.16, 0
4, 196.09, 0
HOLD 2026-07-30T05:31:56.457694 966, 247.15, 0
4, 196.10, 0
HOLD 2026-07-30T05:31:56.608496 966, 247.14, 0
4, 196.07, 0
HOLD 2026-07-30T05:31:56.751617 966, 247.14, 0
4, 196.08, 0
HOLD 2026-07-30T05:31:57.117149 966, 247.14, 0
4, 196.04, 0
HOLD 2026-07-30T05:31:57.259615 966, 247.14, 0
4, 196.07, 0
HOLD 2026-07-30T05:31:57.409816 966, 247.14, 0
4, 196.08, 0
HOLD 2026-07-30T05:31:57.554456 966, 247.15, 0
4, 196.09, 0
HOLD 2026-07-30T05:31:57.728963 966, 247.14, 0
4, 196.07, 0
HOLD 2026-07-30T05:31:57.869687 966, 247.11, 0
4, 196.08, 0
HOLD 2026-07-30T05:31:58.012032 966, 247.10, 0
4, 196.12, 0
HOLD 2026-07-30T05:31:58.302387 966, 247.06, 0
4, 196.07, 0
HOLD 2026-07-30T05:31:58.531925 966, 247.03, 0
4, 196.09, 0
HOLD 2026-07-30T05:31:58.673920 966, 247.05, 0
4, 196.12, 0
HOLD 2026-07-30T05:31:58.816190 966, 247.07, 0
4, 196.14, 0
HOLD 2026-07-30T05:31:59.066110 966, 247.11, 0
4, 196.18, 0
HOLD 2026-07-30T05:31:59.216209 966, 247.14, 0
4, 196.24, 0
HOLD 2026-07-30T05:31:59.514308 966, 247.15, 0
4, 196.23, 0
HOLD 2026-07-30T05:31:59.663550 966, 247.14, 0
4, 196.28, 0
HOLD 2026-07-30T05:31:59.942112 966, 247.16, 0
4, 196.27, 0
HOLD 2026-07-30T05:32:00.086198 966, 247.15, 0
4, 196.17, 0
HOLD 2026-07-30T05:32:00.411392 966, 247.12, 0
4, 196.10, 0
HOLD 2026-07-30T05:32:00.555214 966, 247.12, 0
4, 196.04, 0
HOLD 2026-07-30T05:32:00.699773 966, 247.09, 0
4, 196.04, 0
HOLD 2026-07-30T05:32:00.841861 966, 247.10, 0
4, 196.05, 0
HOLD 2026-07-30T05:32:00.983275 966, 247.06, 0
4, 196.10, 0
HOLD 2026-07-30T05:32:01.279614 966, 247.07, 0
4, 196.12, 0
HOLD 2026-07-30T05:32:01.582801 966, 247.07, 0
4, 196.18, 0
HOLD 2026-07-30T05:32:01.742191 966, 247.11, 0
4, 196.18, 0
HOLD 2026-07-30T05:32:01.884027 966, 247.12, 0
4, 196.20, 0
HOLD 2026-07-30T05:32:02.225531 966, 247.11, 0
4, 196.13, 0
HOLD 2026-07-30T05:32:02.367673 966, 247.12, 0
4, 196.16, 0
HOLD 2026-07-30T05:32:02.517289 966, 247.09, 0
4, 196.17, 0
HOLD 2026-07-30T05:32:02.660000 966, 247.14, 0
4, 196.19, 0
HOLD 2026-07-30T05:32:02.925243 966, 247.06, 0
4, 196.20, 0
HOLD 2026-07-30T05:32:03.276909 966, 247.02, 0
4, 196.23, 0
HOLD 2026-07-30T05:32:03.422591 966, 247.07, 0
4, 196.28, 0
HOLD 2026-07-30T05:32:03.780769 966, 247.05, 0
4, 196.27, 0
HOLD 2026-07-30T05:32:04.034477 966, 247.10, 0
4, 196.32, 0
HOLD 2026-07-30T05:32:04.181471 966, 247.15, 0
4, 196.35, 0
HOLD 2026-07-30T05:32:04.519418 966, 247.11, 0
4, 196.35, 0
HOLD 2026-07-30T05:32:04.872663 966, 247.07, 0
4, 196.33, 0
HOLD 2026-07-30T05:32:05.201935 966, 247.01, 0
4, 196.27, 0
HOLD 2026-07-30T05:32:05.539632 966, 247.00, 0
4, 196.26, 0
HOLD 2026-07-30T05:32:05.695205 966, 247.03, 0
4, 196.24, 0
HOLD 2026-07-30T05:32:06.020740 966, 246.98, 0
4, 196.32, 0
HOLD 2026-07-30T05:32:06.381266 966, 247.03, 0
4, 196.37, 0
HOLD 2026-07-30T05:32:06.744833 966, 247.03, 0
4, 196.38, 0
HOLD 2026-07-30T05:32:06.890461 966, 246.97, 0
4, 196.35, 0
HOLD 2026-07-30T05:32:07.197902 966, 247.10, 0
4, 196.29, 0
HOLD 2026-07-30T05:32:07.487016 966, 247.12, 0
4, 196.32, 0
HOLD 2026-07-30T05:32:07.782054 966, 247.14, 0
4, 196.32, 0
HOLD 2026-07-30T05:32:08.151121 966, 247.04, 0
4, 196.42, 0
HOLD 2026-07-30T05:32:08.523484 966, 247.02, 0
4, 196.43, 0
HOLD 2026-07-30T05:32:08.668731 966, 247.09, 0
4, 196.41, 0
HOLD 2026-07-30T05:32:09.286027 966, 247.18, 0
4, 196.26, 0
HOLD 2026-07-30T05:32:09.766156 966, 247.16, 0
4, 196.28, 0
HOLD 2026-07-30T05:32:09.919554 966, 247.20, 0
4, 196.32, 0
HOLD 2026-07-30T05:32:10.276455 966, 247.14, 0
4, 196.41, 0
HOLD 2026-07-30T05:32:10.627919 966, 247.10, 0
4, 196.41, 0
HOLD 2026-07-30T05:32:10.949061 966, 247.07, 0
4, 196.41, 0
HOLD 2026-07-30T05:32:11.099387 966, 247.02, 0
4, 196.38, 0
HOLD 2026-07-30T05:32:11.817207 966, 247.10, 0
4, 196.44, 0
HOLD 2026-07-30T05:32:12.091675 966, 247.09, 0
4, 196.45, 0
HOLD 2026-07-30T05:32:12.247198 966, 247.11, 0
4, 196.46, 0
HOLD 2026-07-30T05:32:12.493660 966, 247.16, 0
4, 196.46, 0
HOLD 2026-07-30T05:32:12.667639 966, 247.11, 0
4, 196.42, 0
HOLD 2026-07-30T05:32:12.921004 966, 247.15, 0
4, 196.35, 0
HOLD 2026-07-30T05:32:13.276213 966, 247.22, 0
4, 196.35, 0
HOLD 2026-07-30T05:32:13.551289 966, 247.20, 0
4, 196.31, 0
HOLD 2026-07-30T05:32:13.899527 966, 247.17, 0
4, 196.30, 0
HOLD 2026-07-30T05:32:14.042355 966, 247.20, 0
4, 196.33, 0
HOLD 2026-07-30T05:32:14.314541 966, 247.15, 0
4, 196.37, 0
HOLD 2026-07-30T05:32:14.711951 966, 247.20, 0
4, 196.38, 0
HOLD 2026-07-30T05:32:14.948819 966, 247.25, 0
4, 196.39, 0
HOLD 2026-07-30T05:32:15.106358 966, 247.26, 0
4, 196.46, 0
HOLD 2026-07-30T05:32:16.073777 966, 247.15, 0
4, 196.35, 0
HOLD 2026-07-30T05:32:16.231788 966, 247.15, 0
4, 196.35, 0
HOLD 2026-07-30T05:32:16.386192 966, 247.22, 0
4, 196.41, 0
HOLD 2026-07-30T05:32:16.724128 966, 247.20, 0
4, 196.35, 0
HOLD 2026-07-30T05:32:17.242140 966, 247.22, 0
4, 196.29, 0
HOLD 2026-07-30T05:32:17.553193 966, 247.18, 0
4, 196.26, 0
HOLD 2026-07-30T05:32:17.721346 966, 247.18, 0
4, 196.27, 0
HOLD 2026-07-30T05:32:17.871567 966, 247.07, 0
4, 196.27, 0
HOLD 2026-07-30T05:32:18.354019 966, 247.06, 0
4, 196.30, 0
HOLD 2026-07-30T05:32:18.511193 966, 247.07, 0
4, 196.31, 0
HOLD 2026-07-30T05:32:18.673402 966, 247.05, 0
4, 196.35, 0
HOLD 2026-07-30T05:32:18.894922 966, 247.10, 0
4, 196.38, 0
HOLD 2026-07-30T05:32:19.197249 966, 247.13, 0
4, 196.41, 0
HOLD 2026-07-30T05:32:19.480065 966, 247.12, 0
4, 196.43, 0
HOLD 2026-07-30T05:32:19.820434 966, 247.14, 0
4, 196.47, 0
HOLD 2026-07-30T05:32:20.140029 966, 247.15, 0
4, 196.50, 0
HOLD 2026-07-30T05:32:20.456358 966, 247.15, 0
4, 196.53, 0
HOLD 2026-07-30T05:32:20.740713 966, 247.15, 0
4, 196.49, 0
HOLD 2026-07-30T05:32:21.052629 966, 247.18, 0
4, 196.46, 0
HOLD 2026-07-30T05:32:21.207616 966, 247.07, 0
4, 196.43, 0
HOLD 2026-07-30T05:32:21.355188 966, 247.16, 0
4, 196.41, 0
HOLD 2026-07-30T05:32:21.635495 966, 247.18, 0
4, 196.42, 0
HOLD 2026-07-30T05:32:21.783038 966, 247.12, 0
4, 196.41, 0
HOLD 2026-07-30T05:32:22.276891 966, 247.16, 0
4, 196.41, 0
HOLD 2026-07-30T05:32:22.423674 966, 247.07, 0
4, 196.34, 0
HOLD 2026-07-30T05:32:22.955759 966, 247.14, 0
4, 196.29, 0
HOLD 2026-07-30T05:32:23.116606 966, 247.12, 0
4, 196.29, 0
HOLD 2026-07-30T05:32:23.457948 966, 247.17, 0
4, 196.32, 0
HOLD 2026-07-30T05:32:23.881688 966, 247.17, 0
4, 196.31, 0
HOLD 2026-07-30T05:32:24.027241 966, 247.16, 0
4, 196.31, 0
HOLD 2026-07-30T05:32:24.318561 966, 247.14, 0
4, 196.29, 0
HOLD 2026-07-30T05:32:24.461843 966, 247.16, 0
4, 196.20, 0
HOLD 2026-07-30T05:32:24.724512 966, 247.16, 0
4, 196.19, 0
HOLD 2026-07-30T05:32:24.867193 966, 247.17, 0
4, 196.21, 0
HOLD 2026-07-30T05:32:25.145033 966, 247.19, 0
4, 196.29, 0
HOLD 2026-07-30T05:32:25.380807 966, 247.12, 0
4, 196.32, 0
HOLD 2026-07-30T05:32:25.649101 966, 247.10, 0
4, 196.40, 0
HOLD 2026-07-30T05:32:25.802835 966, 247.11, 0
4, 196.39, 0
HOLD 2026-07-30T05:32:25.956444 966, 247.11, 0
4, 196.42, 0
HOLD 2026-07-30T05:32:26.108506 966, 247.06, 0
4, 196.43, 0
HOLD 2026-07-30T05:32:26.258774 966, 247.12, 0
4, 196.42, 0
HOLD 2026-07-30T05:32:26.575926 966, 247.16, 0
4, 196.39, 0
HOLD 2026-07-30T05:32:26.723899 966, 247.15, 0
4, 196.39, 0
HOLD 2026-07-30T05:32:26.865757 966, 247.16, 0
4, 196.45, 0
HOLD 2026-07-30T05:32:27.160983 966, 247.18, 0
4, 196.35, 0
HOLD 2026-07-30T05:32:27.315490 966, 247.14, 0
4, 196.34, 0
HOLD 2026-07-30T05:32:27.461541 966, 247.14, 0
4, 196.34, 0
HOLD 2026-07-30T05:32:27.613060 966, 247.08, 0
4, 196.35, 0
HOLD 2026-07-30T05:32:27.760025 966, 247.10, 0
4, 196.38, 0
HOLD 2026-07-30T05:32:28.076478 966, 247.11, 0
4, 196.35, 0
HOLD 2026-07-30T05:32:28.226109 966, 247.14, 0
4, 196.37, 0
HOLD 2026-07-30T05:32:28.371727 966, 247.18, 0
4, 196.34, 0
HOLD 2026-07-30T05:32:28.646337 966, 247.20, 0
4, 196.31, 0
HOLD 2026-07-30T05:32:28.792606 966, 247.27, 0
4, 196.33, 0
HOLD 2026-07-30T05:32:29.286909 966, 247.25, 0
4, 196.33, 0
HOLD 2026-07-30T05:32:29.433288 966, 247.21, 0
4, 196.38, 0
HOLD 2026-07-30T05:32:29.774844 966, 247.18, 0
4, 196.38, 0
HOLD 2026-07-30T05:32:29.921328 966, 247.21, 0
4, 196.41, 0
HOLD 2026-07-30T05:32:30.065210 966, 247.18, 0
4, 196.40, 0
HOLD 2026-07-30T05:32:30.215960 966, 247.21, 0
4, 196.45, 0
HOLD 2026-07-30T05:32:30.761095 966, 247.26, 0
4, 196.45, 0
HOLD 2026-07-30T05:32:30.913977 966, 247.28, 0
4, 196.43, 0
HOLD 2026-07-30T05:32:31.166885 966, 247.32, 0
4, 196.39, 0
HOLD 2026-07-30T05:32:31.313140 966, 247.27, 0
4, 196.33, 0
HOLD 2026-07-30T05:32:31.576343 966, 247.19, 0
4, 196.29, 0
HOLD 2026-07-30T05:32:31.717726 966, 247.16, 0
4, 196.21, 0
HOLD 2026-07-30T05:32:31.862681 966, 247.19, 0
4, 196.20, 0
HOLD 2026-07-30T05:32:32.008982 966, 247.17, 0
4, 196.23, 0
HOLD 2026-07-30T05:32:32.155188 966, 247.21, 0
4, 196.24, 0
HOLD 2026-07-30T05:32:32.305301 966, 247.21, 0
4, 196.28, 0
HOLD 2026-07-30T05:32:32.453804 966, 247.23, 0
4, 196.32, 0
HOLD 2026-07-30T05:32:32.716767 966, 247.24, 0
4, 196.38, 0
HOLD 2026-07-30T05:32:32.860075 966, 247.24, 0
4, 196.39, 0
HOLD 2026-07-30T05:32:33.009218 966, 247.16, 0
4, 196.40, 0
HOLD 2026-07-30T05:32:33.154345 966, 247.14, 0
4, 196.39, 0
HOLD 2026-07-30T05:32:33.299267 966, 247.15, 0
4, 196.37, 0
HOLD 2026-07-30T05:32:33.441587 966, 247.16, 0
4, 196.39, 0
HOLD 2026-07-30T05:32:33.581832 966, 247.18, 0
4, 196.38, 0
HOLD 2026-07-30T05:32:33.726896 966, 247.15, 0
4, 196.30, 0
HOLD 2026-07-30T05:32:33.869195 966, 247.11, 0
4, 196.32, 0
HOLD 2026-07-30T05:32:34.019887 966, 247.12, 0
4, 196.30, 0
HOLD 2026-07-30T05:32:34.163587 966, 247.11, 0
4, 196.37, 0
HOLD 2026-07-30T05:32:34.312922 966, 247.12, 0
4, 196.39, 0
HOLD 2026-07-30T05:32:34.472660 966, 247.08, 0
4, 196.39, 0
HOLD 2026-07-30T05:32:34.764062 966, 247.10, 0
4, 196.41, 0
HOLD 2026-07-30T05:32:34.910984 966, 247.16, 0
4, 196.40, 0
HOLD 2026-07-30T05:32:35.209207 966, 247.12, 0
4, 196.38, 0
HOLD 2026-07-30T05:32:35.350752 966, 247.12, 0
4, 196.32, 0
HOLD 2026-07-30T05:32:35.494694 966, 247.13, 0
4, 196.33, 0
HOLD 2026-07-30T05:32:35.636667 966, 247.14, 0
4, 196.39, 0
HOLD 2026-07-30T05:32:35.782805 966, 247.15, 0
4, 196.37, 0
HOLD 2026-07-30T05:32:35.928538 966, 247.17, 0
4, 196.38, 0
HOLD 2026-07-30T05:32:36.149517 966, 247.22, 0
4, 196.38, 0
HOLD 2026-07-30T05:32:36.324161 966, 247.23, 0
4, 196.38, 0
HOLD 2026-07-30T05:32:36.470188 966, 247.24, 0
4, 196.30, 0
HOLD 2026-07-30T05:32:36.808150 966, 247.30, 0
4, 196.32, 0
HOLD 2026-07-30T05:32:36.954816 966, 247.27, 0
4, 196.28, 0
HOLD 2026-07-30T05:32:37.231870 966, 247.28, 0
4, 196.27, 0
HOLD 2026-07-30T05:32:37.373957 966, 247.24, 0
4, 196.30, 0
HOLD 2026-07-30T05:32:37.518795 966, 247.29, 0
4, 196.27, 0
HOLD 2026-07-30T05:32:37.662540 966, 247.21, 0
4, 196.31, 0
HOLD 2026-07-30T05:32:37.915971 966, 247.20, 0
4, 196.31, 0
HOLD 2026-07-30T05:32:38.059511 966, 247.18, 0
4, 196.35, 0
HOLD 2026-07-30T05:32:38.416957 966, 247.16, 0
4, 196.34, 0
HOLD 2026-07-30T05:32:38.559813 966, 247.18, 0
4, 196.33, 0
HOLD 2026-07-30T05:32:38.708311 966, 247.23, 0
4, 196.32, 0
HOLD 2026-07-30T05:32:38.854324 966, 247.18, 0
4, 196.25, 0
HOLD 2026-07-30T05:32:39.181308 966, 247.16, 0
4, 196.26, 0
HOLD 2026-07-30T05:32:39.325466 966, 247.16, 0
4, 196.24, 0
HOLD 2026-07-30T05:32:39.469913 966, 247.20, 0
4, 196.26, 0
HOLD 2026-07-30T05:32:39.657498 966, 247.24, 0
4, 196.31, 0
HOLD 2026-07-30T05:32:39.803504 966, 247.20, 0
4, 196.33, 0
HOLD 2026-07-30T05:32:39.948119 966, 247.22, 0
4, 196.35, 0
HOLD 2026-07-30T05:32:40.095985 966, 247.24, 0
4, 196.37, 0
HOLD 2026-07-30T05:32:40.237989 966, 247.24, 0
4, 196.34, 0
HOLD 2026-07-30T05:32:40.513535 966, 247.18, 0
4, 196.32, 0
HOLD 2026-07-30T05:32:40.870856 966, 247.19, 0
4, 196.32, 0
HOLD 2026-07-30T05:32:41.022032 966, 247.16, 0
4, 196.29, 0
HOLD 2026-07-30T05:32:41.531082 966, 247.18, 0
4, 196.35, 0
HOLD 2026-07-30T05:32:41.680332 966, 247.16, 0
4, 196.31, 0
HOLD 2026-07-30T05:32:42.029875 966, 247.20, 0
4, 196.33, 0
HOLD 2026-07-30T05:32:42.353248 966, 247.24, 0
4, 196.35, 0
HOLD 2026-07-30T05:32:42.501361 966, 247.24, 0
4, 196.28, 0
HOLD 2026-07-30T05:32:42.789344 966, 247.23, 0
4, 196.33, 0
HOLD 2026-07-30T05:32:43.114100 966, 247.26, 0
4, 196.33, 0
HOLD 2026-07-30T05:32:43.265153 966, 247.22, 0
4, 196.29, 0
HOLD 2026-07-30T05:32:43.410825 966, 247.15, 0
4, 196.29, 0
HOLD 2026-07-30T05:32:43.676600 966, 247.22, 0
4, 196.33, 0
HOLD 2026-07-30T05:32:43.822889 966, 247.24, 0
4, 196.29, 0
HOLD 2026-07-30T05:32:44.115200 966, 247.30, 0
4, 196.30, 0
HOLD 2026-07-30T05:32:44.262657 966, 247.36, 0
4, 196.30, 0
HOLD 2026-07-30T05:32:44.549074 966, 247.34, 0
4, 196.28, 0
HOLD 2026-07-30T05:32:44.690315 966, 247.28, 0
4, 196.28, 0
HOLD 2026-07-30T05:32:44.907209 966, 247.31, 0
4, 196.29, 0
HOLD 2026-07-30T05:32:45.050937 966, 247.27, 0
4, 196.28, 0
HOLD 2026-07-30T05:32:45.198579 966, 247.20, 0
4, 196.29, 0
HOLD 2026-07-30T05:32:45.344823 966, 247.21, 0
4, 196.33, 0
HOLD 2026-07-30T05:32:45.491157 966, 247.27, 0
4, 196.30, 0
HOLD 2026-07-30T05:32:45.821312 966, 247.26, 0
4, 196.18, 0
HOLD 2026-07-30T05:32:46.128154 966, 247.31, 0
4, 196.14, 0
HOLD 2026-07-30T05:32:46.274375 966, 247.33, 0
4, 196.09, 0
HOLD 2026-07-30T05:32:46.420257 966, 247.35, 0
4, 196.12, 0
HOLD 2026-07-30T05:32:46.870973 966, 247.37, 0
4, 196.17, 0
HOLD 2026-07-30T05:32:47.054725 966, 247.37, 0
4, 196.26, 0
HOLD 2026-07-30T05:32:47.333832 966, 247.33, 0
4, 196.32, 0
HOLD 2026-07-30T05:32:47.475563 966, 247.24, 0
4, 196.34, 0
HOLD 2026-07-30T05:32:47.955198 966, 247.26, 0
4, 196.34, 0
HOLD 2026-07-30T05:32:48.102671 966, 247.15, 0
4, 196.35, 0
HOLD 2026-07-30T05:32:48.420263 966, 247.15, 0
4, 196.36, 0
HOLD 2026-07-30T05:32:48.559867 966, 247.18, 0
4, 196.26, 0
HOLD 2026-07-30T05:32:48.856311 966, 247.18, 0
4, 196.23, 0
HOLD 2026-07-30T05:32:49.001886 966, 247.16, 0
4, 196.23, 0
HOLD 2026-07-30T05:32:49.152893 966, 247.16, 0
4, 196.23, 0
HOLD 2026-07-30T05:32:49.300194 966, 247.17, 0
4, 196.20, 0
HOLD 2026-07-30T05:32:49.448366 966, 247.16, 0
4, 196.25, 0
HOLD 2026-07-30T05:32:49.593841 966, 247.08, 0
4, 196.23, 0
HOLD 2026-07-30T05:32:49.737611 966, 247.10, 0
4, 196.27, 0
HOLD 2026-07-30T05:32:49.876055 966, 247.12, 0
4, 196.29, 0
HOLD 2026-07-30T05:32:50.023686 966, 247.14, 0
4, 196.30, 0
HOLD 2026-07-30T05:32:50.356788 966, 247.10, 0
4, 196.33, 0
HOLD 2026-07-30T05:32:50.680110 966, 247.15, 0
4, 196.33, 0
HOLD 2026-07-30T05:32:50.823579 966, 247.14, 0
4, 196.34, 0
HOLD 2026-07-30T05:32:51.147816 966, 247.16, 0
4, 196.33, 0
HOLD 2026-07-30T05:32:51.296544 966, 247.15, 0
4, 196.32, 0
HOLD 2026-07-30T05:32:51.439400 966, 247.19, 0
4, 196.31, 0
HOLD 2026-07-30T05:32:51.581873 966, 247.21, 0
4, 196.28, 0
HOLD 2026-07-30T05:32:51.726421 966, 247.20, 0
4, 196.26, 0
HOLD 2026-07-30T05:32:51.869481 966, 247.19, 0
4, 196.23, 0
HOLD 2026-07-30T05:32:52.017121 966, 247.14, 0
4, 196.21, 0
HOLD 2026-07-30T05:32:52.348695 966, 247.14, 0
4, 196.20, 0
HOLD 2026-07-30T05:32:52.492438 966, 247.16, 0
4, 196.20, 0
HOLD 2026-07-30T05:32:52.635325 966, 247.19, 0
4, 196.23, 0
HOLD 2026-07-30T05:32:52.777834 966, 247.23, 0
4, 196.21, 0
HOLD 2026-07-30T05:32:53.054719 966, 247.24, 0
4, 196.19, 0
HOLD 2026-07-30T05:32:53.208662 966, 247.24, 0
4, 196.13, 0
HOLD 2026-07-30T05:32:53.350643 966, 247.24, 0
4, 196.13, 0
HOLD 2026-07-30T05:32:53.507894 966, 247.22, 0
4, 196.13, 0
HOLD 2026-07-30T05:32:53.653220 966, 247.21, 0
4, 196.05, 0
HOLD 2026-07-30T05:32:53.795292 966, 247.19, 0
4, 196.02, 0
HOLD 2026-07-30T05:32:53.937338 966, 247.19, 0
4, 196.06, 0
HOLD 2026-07-30T05:32:54.078523 966, 247.22, 0
4, 196.05, 0
HOLD 2026-07-30T05:32:54.222906 966, 247.20, 0
4, 196.09, 0
HOLD 2026-07-30T05:32:54.363373 966, 247.20, 0
4, 196.07, 0
HOLD 2026-07-30T05:32:54.510357 966, 247.23, 0
4, 196.12, 0
HOLD 2026-07-30T05:32:54.650759 966, 247.20, 0
4, 196.19, 0
HOLD 2026-07-30T05:32:54.802526 966, 247.18, 0
4, 196.22, 0
HOLD 2026-07-30T05:32:54.947158 966, 247.18, 0
4, 196.19, 0
HOLD 2026-07-30T05:32:55.279733 966, 247.25, 0
4, 196.25, 0
HOLD 2026-07-30T05:32:55.444570 966, 247.24, 0
4, 196.22, 0
HOLD 2026-07-30T05:32:55.584654 966, 247.26, 0
4, 196.21, 0
HOLD 2026-07-30T05:32:55.725553 966, 247.25, 0
4, 196.20, 0
HOLD 2026-07-30T05:32:55.866413 966, 247.28, 0
4, 196.21, 0
HOLD 2026-07-30T05:32:56.012399 966, 247.28, 0
4, 196.25, 0
HOLD 2026-07-30T05:32:56.153931 966, 247.31, 0
4, 196.31, 0
HOLD 2026-07-30T05:32:56.294732 966, 247.26, 0
4, 196.28, 0
HOLD 2026-07-30T05:32:56.615895 966, 247.21, 0
4, 196.26, 0
HOLD 2026-07-30T05:32:56.762155 966, 247.24, 0
4, 196.26, 0
HOLD 2026-07-30T05:32:56.910225 966, 247.24, 0
4, 196.22, 0
HOLD 2026-07-30T05:32:57.165471 966, 247.22, 0
4, 196.28, 0
HOLD 2026-07-30T05:32:57.638468 966, 247.20, 0
4, 196.27, 0
HOLD 2026-07-30T05:32:57.936579 966, 247.24, 0
4, 196.24, 0
HOLD 2026-07-30T05:32:58.082089 966, 247.23, 0
4, 196.24, 0
HOLD 2026-07-30T05:32:58.224054 966, 247.31, 0
4, 196.19, 0
HOLD 2026-07-30T05:32:58.566138 966, 247.34, 0
4, 196.17, 0
HOLD 2026-07-30T05:32:58.711067 966, 247.31, 0
4, 196.18, 0
HOLD 2026-07-30T05:32:58.854320 966, 247.25, 0
4, 196.24, 0
HOLD 2026-07-30T05:32:59.219566 966, 247.21, 0
4, 196.20, 0
HOLD 2026-07-30T05:32:59.361423 966, 247.21, 0
4, 196.24, 0
HOLD 2026-07-30T05:32:59.511742 966, 247.18, 0
4, 196.23, 0
HOLD 2026-07-30T05:32:59.652975 966, 247.25, 0
4, 196.21, 0
HOLD 2026-07-30T05:32:59.925982 966, 247.28, 0
4, 196.22, 0
HOLD 2026-07-30T05:33:00.210600 966, 247.22, 0
4, 196.23, 0
HOLD 2026-07-30T05:33:00.355269 966, 247.18, 0
4, 196.20, 0
HOLD 2026-07-30T05:33:00.634505 966, 247.16, 0
4, 196.17, 0
HOLD 2026-07-30T05:33:00.780495 966, 247.16, 0
4, 196.16, 0
HOLD 2026-07-30T05:33:00.925387 966, 247.16, 0
4, 196.17, 0
HOLD 2026-07-30T05:33:01.066438 966, 247.19, 0
4, 196.20, 0
HOLD 2026-07-30T05:33:01.340468 966, 247.22, 0
4, 196.21, 0
HOLD 2026-07-30T05:33:01.481994 966, 247.23, 0
4, 196.22, 0
HOLD 2026-07-30T05:33:01.623315 966, 247.23, 0
4, 196.23, 0
HOLD 2026-07-30T05:33:01.765137 966, 247.16, 0
4, 196.18, 0
HOLD 2026-07-30T05:33:02.121665 966, 247.18, 0
4, 196.21, 0
HOLD 2026-07-30T05:33:02.262769 966, 247.10, 0
4, 196.17, 0
HOLD 2026-07-30T05:33:02.615378 966, 247.10, 0
4, 196.17, 0
HOLD 2026-07-30T05:33:02.762391 966, 247.12, 0
4, 196.21, 0
HOLD 2026-07-30T05:33:02.964259 966, 247.14, 0
4, 196.26, 0
HOLD 2026-07-30T05:33:03.114602 966, 247.12, 0
4, 196.21, 0
HOLD 2026-07-30T05:33:03.255550 966, 247.12, 0
4, 196.28, 0
HOLD 2026-07-30T05:33:03.405565 966, 247.18, 0
4, 196.32, 0
HOLD 2026-07-30T05:33:03.548412 966, 247.27, 0
4, 196.31, 0
HOLD 2026-07-30T05:33:03.828131 966, 247.24, 0
4, 196.30, 0
HOLD 2026-07-30T05:33:03.970596 966, 247.29, 0
4, 196.32, 0
HOLD 2026-07-30T05:33:04.242580 966, 247.30, 0
4, 196.29, 0
HOLD 2026-07-30T05:33:04.383047 966, 247.31, 0
4, 196.21, 0
HOLD 2026-07-30T05:33:04.714002 966, 247.33, 0
4, 196.19, 0
HOLD 2026-07-30T05:33:04.859756 966, 247.31, 0
4, 196.20, 0
HOLD 2026-07-30T05:33:05.013057 966, 247.27, 0
4, 196.19, 0
HOLD 2026-07-30T05:33:05.151985 966, 247.24, 0
4, 196.16, 0
HOLD 2026-07-30T05:33:05.294370 966, 247.15, 0
4, 196.18, 0
HOLD 2026-07-30T05:33:05.562506 966, 247.14, 0
4, 196.18, 0
HOLD 2026-07-30T05:33:05.924865 966, 247.11, 0
4, 196.20, 0
HOLD 2026-07-30T05:33:06.067320 966, 247.12, 0
4, 196.24, 0
HOLD 2026-07-30T05:33:06.215214 966, 247.15, 0
4, 196.23, 0
HOLD 2026-07-30T05:33:06.505137 966, 247.12, 0
4, 196.25, 0
HOLD 2026-07-30T05:33:06.650808 966, 247.09, 0
4, 196.21, 0
HOLD 2026-07-30T05:33:06.962192 966, 247.13, 0
4, 196.19, 0
HOLD 2026-07-30T05:33:07.255086 966, 247.16, 0
4, 196.12, 0
HOLD 2026-07-30T05:33:07.621837 966, 247.12, 0
4, 196.12, 0
HOLD 2026-07-30T05:33:07.760935 966, 247.21, 0
4, 196.08, 0
HOLD 2026-07-30T05:33:08.087490 966, 247.21, 0
4, 196.06, 0
HOLD 2026-07-30T05:33:08.293239 966, 247.28, 0
4, 196.12, 0
HOLD 2026-07-30T05:33:08.617228 966, 247.34, 0
4, 196.16, 0
HOLD 2026-07-30T05:33:08.891016 966, 247.22, 0
4, 196.18, 0
HOLD 2026-07-30T05:33:09.239555 966, 247.15, 0
4, 196.18, 0
HOLD 2026-07-30T05:33:09.559015 966, 247.16, 0
4, 196.16, 0
HOLD 2026-07-30T05:33:09.709687 966, 247.12, 0
4, 196.15, 0
HOLD 2026-07-30T05:33:09.854654 966, 247.20, 0
4, 196.19, 0
HOLD 2026-07-30T05:33:10.182012 966, 247.19, 0
4, 196.19, 0
HOLD 2026-07-30T05:33:10.326331 966, 247.12, 0
4, 196.24, 0
HOLD 2026-07-30T05:33:10.657850 966, 247.11, 0
4, 196.24, 0
HOLD 2026-07-30T05:33:10.807842 966, 247.07, 0
4, 196.30, 0
HOLD 2026-07-30T05:33:11.153872 966, 247.12, 0
4, 196.28, 0
HOLD 2026-07-30T05:33:11.409912 966, 247.13, 0
4, 196.24, 0
HOLD 2026-07-30T05:33:11.575249 966, 247.13, 0
4, 196.22, 0
HOLD 2026-07-30T05:33:11.842701 966, 247.17, 0
4, 196.17, 0
HOLD 2026-07-30T05:33:12.121070 966, 247.13, 0
4, 196.20, 0
HOLD 2026-07-30T05:33:12.358928 966, 247.17, 0
4, 196.22, 0
HOLD 2026-07-30T05:33:12.513117 966, 247.22, 0
4, 196.24, 0
HOLD 2026-07-30T05:33:12.819736 966, 247.22, 0
4, 196.26, 0
HOLD 2026-07-30T05:33:13.099449 966, 247.22, 0
4, 196.21, 0
HOLD 2026-07-30T05:33:13.381377 966, 247.13, 0
4, 196.28, 0
HOLD 2026-07-30T05:33:13.629205 966, 247.25, 0
4, 196.30, 0
HOLD 2026-07-30T05:33:13.989307 966, 247.28, 0
4, 196.24, 0
HOLD 2026-07-30T05:33:14.133566 966, 247.28, 0
4, 196.24, 0
HOLD 2026-07-30T05:33:14.278271 966, 247.31, 0
4, 196.23, 0
HOLD 2026-07-30T05:33:14.425876 966, 247.32, 0
4, 196.21, 0
HOLD 2026-07-30T05:33:14.568205 966, 247.28, 0
4, 196.10, 0
HOLD 2026-07-30T05:33:14.858160 966, 247.26, 0
4, 196.06, 0
HOLD 2026-07-30T05:33:15.010642 966, 247.32, 0
4, 196.09, 0
HOLD 2026-07-30T05:33:15.355653 966, 247.27, 0
4, 196.04, 0
HOLD 2026-07-30T05:33:15.707509 966, 247.28, 0
4, 196.03, 0
HOLD 2026-07-30T05:33:15.856454 966, 247.18, 0
4, 195.99, 0
HOLD 2026-07-30T05:33:16.150656 966, 247.14, 0
4, 195.98, 0
HOLD 2026-07-30T05:33:16.295997 966, 247.19, 0
4, 195.97, 0
HOLD 2026-07-30T05:33:16.458474 966, 247.19, 0
4, 196.00, 0
HOLD 2026-07-30T05:33:16.609737 966, 247.22, 0
4, 196.02, 0
HOLD 2026-07-30T05:33:16.885290 966, 247.24, 0
4, 196.06, 0
HOLD 2026-07-30T05:33:17.122333 966, 247.30, 0
4, 196.10, 0
HOLD 2026-07-30T05:33:17.262488 966, 247.26, 0
4, 196.08, 0
HOLD 2026-07-30T05:33:17.619969 966, 247.24, 0
4, 196.11, 0
HOLD 2026-07-30T05:33:17.883468 966, 247.20, 0
4, 196.07, 0
HOLD 2026-07-30T05:33:18.028187 966, 247.16, 0
4, 196.10, 0
HOLD 2026-07-30T05:33:18.170973 966, 247.14, 0
4, 196.12, 0
HOLD 2026-07-30T05:33:18.405632 966, 247.12, 0
4, 196.06, 0
HOLD 2026-07-30T05:33:18.706118 966, 247.11, 0
4, 196.09, 0
HOLD 2026-07-30T05:33:18.966772 966, 247.12, 0
4, 196.07, 0
HOLD 2026-07-30T05:33:19.308688 966, 247.18, 0
4, 196.05, 0
HOLD 2026-07-30T05:33:19.453985 966, 247.18, 0
4, 196.07, 0
HOLD 2026-07-30T05:33:19.599708 966, 247.18, 0
4, 196.08, 0
HOLD 2026-07-30T05:33:19.899826 966, 247.16, 0
4, 196.07, 0
HOLD 2026-07-30T05:33:20.193876 966, 247.18, 0
4, 196.10, 0
HOLD 2026-07-30T05:33:20.339475 966, 247.16, 0
4, 196.07, 0
HOLD 2026-07-30T05:33:20.631146 966, 247.18, 0
4, 196.00, 0
HOLD 2026-07-30T05:33:20.914428 966, 247.19, 0
4, 196.03, 0
HOLD 2026-07-30T05:33:21.059195 966, 247.16, 0
4, 195.99, 0
HOLD 2026-07-30T05:33:21.215671 966, 247.19, 0
4, 195.99, 0
HOLD 2026-07-30T05:33:21.355706 966, 247.21, 0
4, 196.03, 0
HOLD 2026-07-30T05:33:21.721272 966, 247.19, 0
4, 196.08, 0
HOLD 2026-07-30T05:33:22.045930 966, 247.18, 0
4, 195.99, 0
HOLD 2026-07-30T05:33:22.345834 966, 247.16, 0
4, 196.01, 0
HOLD 2026-07-30T05:33:22.720877 966, 247.11, 0
4, 196.00, 0
HOLD 2026-07-30T05:33:23.027963 966, 247.16, 0
4, 196.07, 0
HOLD 2026-07-30T05:33:23.326863 966, 247.15, 0
4, 196.07, 0
HOLD 2026-07-30T05:33:23.470300 966, 247.19, 0
4, 196.15, 0
HOLD 2026-07-30T05:33:23.742988 966, 247.20, 0
4, 196.16, 0
HOLD 2026-07-30T05:33:24.021874 966, 247.20, 0
4, 196.15, 0
HOLD 2026-07-30T05:33:24.169550 966, 247.21, 0
4, 196.17, 0
HOLD 2026-07-30T05:33:24.453718 966, 247.20, 0
4, 196.14, 0
HOLD 2026-07-30T05:33:24.606300 966, 247.20, 0
4, 196.12, 0
HOLD 2026-07-30T05:33:24.917626 966, 247.24, 0
4, 196.07, 0
HOLD 2026-07-30T05:33:25.058123 966, 247.22, 0
4, 196.07, 0
HOLD 2026-07-30T05:33:25.208043 966, 247.16, 0
4, 196.09, 0
HOLD 2026-07-30T05:33:25.492211 966, 247.15, 0
4, 196.08, 0
HOLD 2026-07-30T05:33:25.817618 966, 247.22, 0
4, 196.11, 0
HOLD 2026-07-30T05:33:26.146995 966, 247.22, 0
4, 196.11, 0
HOLD 2026-07-30T05:33:26.293459 966, 247.28, 0
4, 196.14, 0
HOLD 2026-07-30T05:33:26.624209 966, 247.24, 0
4, 196.13, 0
HOLD 2026-07-30T05:33:26.766476 966, 247.22, 0
4, 196.15, 0
HOLD 2026-07-30T05:33:26.933139 966, 247.18, 0
4, 196.12, 0
HOLD 2026-07-30T05:33:27.214385 966, 247.18, 0
4, 196.18, 0
HOLD 2026-07-30T05:33:27.354719 966, 247.18, 0
4, 196.16, 0
HOLD 2026-07-30T05:33:27.644689 966, 247.19, 0
4, 196.18, 0
HOLD 2026-07-30T05:33:27.977665 966, 247.22, 0
4, 196.18, 0
HOLD 2026-07-30T05:33:28.323130 966, 247.13, 0
4, 196.19, 0
HOLD 2026-07-30T05:33:28.633812 966, 247.14, 0
4, 196.18, 0
HOLD 2026-07-30T05:33:28.790386 966, 247.10, 0
4, 196.17, 0
HOLD 2026-07-30T05:33:28.937839 966, 247.08, 0
4, 196.14, 0
HOLD 2026-07-30T05:33:29.081710 966, 247.10, 0
4, 196.14, 0
HOLD 2026-07-30T05:33:29.223266 966, 247.16, 0
4, 196.15, 0
HOLD 2026-07-30T05:33:29.630472 966, 247.20, 0
4, 196.17, 0
HOLD 2026-07-30T05:33:29.772553 966, 247.20, 0
4, 196.19, 0
HOLD 2026-07-30T05:33:29.919720 966, 247.20, 0
4, 196.24, 0
HOLD 2026-07-30T05:33:30.060265 966, 247.26, 0
4, 196.27, 0
HOLD 2026-07-30T05:33:30.357356 966, 247.24, 0
4, 196.23, 0
HOLD 2026-07-30T05:33:30.505481 966, 247.15, 0
4, 196.20, 0
HOLD 2026-07-30T05:33:30.812637 966, 247.19, 0
4, 196.15, 0
HOLD 2026-07-30T05:33:31.154896 966, 247.17, 0
4, 196.18, 0
HOLD 2026-07-30T05:33:31.505533 966, 247.17, 0
4, 196.21, 0
HOLD 2026-07-30T05:33:31.654431 966, 247.22, 0
4, 196.25, 0
HOLD 2026-07-30T05:33:31.942994 966, 247.22, 0
4, 196.24, 0
HOLD 2026-07-30T05:33:32.157101 966, 247.25, 0
4, 196.19, 0
HOLD 2026-07-30T05:33:32.424728 966, 247.29, 0
4, 196.21, 0
HOLD 2026-07-30T05:33:32.567305 966, 247.28, 0
4, 196.21, 0
HOLD 2026-07-30T05:33:32.718485 966, 247.22, 0
4, 196.19, 0
HOLD 2026-07-30T05:33:33.022021 966, 247.19, 0
4, 196.22, 0
HOLD 2026-07-30T05:33:33.160949 966, 247.16, 0
4, 196.23, 0
HOLD 2026-07-30T05:33:33.311141 966, 247.16, 0
4, 196.25, 0
HOLD 2026-07-30T05:33:33.450954 966, 247.20, 0
4, 196.15, 0
HOLD 2026-07-30T05:33:33.749754 966, 247.21, 0
4, 196.15, 0
HOLD 2026-07-30T05:33:33.903523 966, 247.17, 0
4, 196.17, 0
HOLD 2026-07-30T05:33:34.249183 966, 247.15, 0
4, 196.16, 0
HOLD 2026-07-30T05:33:34.393592 966, 247.10, 0
4, 196.16, 0
HOLD 2026-07-30T05:33:34.535515 966, 247.14, 0
4, 196.18, 0
HOLD 2026-07-30T05:33:34.987011 966, 247.24, 0
4, 196.16, 0
HOLD 2026-07-30T05:33:35.258087 966, 247.24, 0
4, 196.14, 0
HOLD 2026-07-30T05:33:35.619203 966, 247.15, 0
4, 196.12, 0
HOLD 2026-07-30T05:33:35.915728 966, 247.11, 0
4, 196.12, 0
HOLD 2026-07-30T05:33:36.061076 966, 247.06, 0
4, 196.10, 0
HOLD 2026-07-30T05:33:36.354611 966, 247.14, 0
4, 196.17, 0
HOLD 2026-07-30T05:33:36.659923 966, 247.18, 0
4, 196.20, 0
HOLD 2026-07-30T05:33:36.809041 966, 247.20, 0
4, 196.21, 0
HOLD 2026-07-30T05:33:36.951923 966, 247.18, 0
4, 196.23, 0
HOLD 2026-07-30T05:33:37.225479 966, 247.22, 0
4, 196.26, 0
HOLD 2026-07-30T05:33:37.409747 966, 247.24, 0
4, 196.21, 0
HOLD 2026-07-30T05:33:37.742913 966, 247.24, 0
4, 196.19, 0
HOLD 2026-07-30T05:33:37.883036 966, 247.26, 0
4, 196.18, 0
HOLD 2026-07-30T05:33:38.021894 966, 247.28, 0
4, 196.17, 0
HOLD 2026-07-30T05:33:38.162797 966, 247.25, 0
4, 196.16, 0
HOLD 2026-07-30T05:33:38.303585 966, 247.18, 0
4, 196.15, 0
HOLD 2026-07-30T05:33:38.573509 966, 247.17, 0
4, 196.19, 0
HOLD 2026-07-30T05:33:38.724061 966, 247.21, 0
4, 196.20, 0
HOLD 2026-07-30T05:33:39.414711 966, 247.19, 0
4, 196.15, 0
HOLD 2026-07-30T05:33:39.781872 966, 247.18, 0
4, 196.18, 0
HOLD 2026-07-30T05:33:40.081846 966, 247.15, 0
4, 196.24, 0
HOLD 2026-07-30T05:33:40.237600 966, 247.20, 0
4, 196.20, 0
HOLD 2026-07-30T05:33:40.462157 966, 247.24, 0
4, 196.25, 0
HOLD 2026-07-30T05:33:40.775079 966, 247.23, 0
4, 196.26, 0
HOLD 2026-07-30T05:33:40.923612 966, 247.27, 0
4, 196.22, 0
HOLD 2026-07-30T05:33:41.064805 966, 247.31, 0
4, 196.14, 0
HOLD 2026-07-30T05:33:41.331775 966, 247.31, 0
4, 196.23, 0
HOLD 2026-07-30T05:33:41.649476 966, 247.31, 0
4, 196.19, 0
HOLD 2026-07-30T05:33:41.929236 966, 247.27, 0
4, 196.20, 0
HOLD 2026-07-30T05:33:42.074936 966, 247.25, 0
4, 196.27, 0
HOLD 2026-07-30T05:33:42.221391 966, 247.26, 0
4, 196.33, 0
HOLD 2026-07-30T05:33:42.360798 966, 247.23, 0
4, 196.26, 0
HOLD 2026-07-30T05:33:42.705515 966, 247.26, 0
4, 196.29, 0
HOLD 2026-07-30T05:33:42.963014 966, 247.29, 0
4, 196.23, 0
HOLD 2026-07-30T05:33:43.114539 966, 247.28, 0
4, 196.20, 0
HOLD 2026-07-30T05:33:43.258190 966, 247.28, 0
4, 196.16, 0
HOLD 2026-07-30T05:33:43.409703 966, 247.23, 0
4, 196.20, 0
HOLD 2026-07-30T05:33:43.686364 966, 247.20, 0
4, 196.20, 0
HOLD 2026-07-30T05:33:43.827710 966, 247.15, 0
4, 196.19, 0
HOLD 2026-07-30T05:33:44.107200 966, 247.14, 0
4, 196.23, 0
HOLD 2026-07-30T05:33:44.428331 966, 247.22, 0
4, 196.18, 0
HOLD 2026-07-30T05:33:44.721152 966, 247.21, 0
4, 196.22, 0
HOLD 2026-07-30T05:33:44.863068 966, 247.24, 0
4, 196.18, 0
HOLD 2026-07-30T05:33:45.003245 966, 247.26, 0
4, 196.18, 0
HOLD 2026-07-30T05:33:45.343992 966, 247.22, 0
4, 196.22, 0
HOLD 2026-07-30T05:33:45.645391 966, 247.23, 0
4, 196.18, 0
HOLD 2026-07-30T05:33:45.885199 966, 247.23, 0
4, 196.18, 0
HOLD 2026-07-30T05:33:46.062261 966, 247.15, 0
4, 196.14, 0
HOLD 2026-07-30T05:33:46.350590 966, 247.16, 0
4, 196.09, 0
HOLD 2026-07-30T05:33:46.717332 966, 247.13, 0
4, 196.10, 0
HOLD 2026-07-30T05:33:46.856941 966, 247.20, 0
4, 196.06, 0
HOLD 2026-07-30T05:33:47.009828 966, 247.21, 0
4, 196.05, 0
HOLD 2026-07-30T05:33:47.257425 966, 247.23, 0
4, 196.05, 0
HOLD 2026-07-30T05:33:47.523780 966, 247.19, 0
4, 196.05, 0
HOLD 2026-07-30T05:33:47.907310 966, 247.17, 0
4, 196.14, 0
HOLD 2026-07-30T05:33:48.055575 966, 247.13, 0
4, 196.15, 0
HOLD 2026-07-30T05:33:48.372558 966, 247.10, 0
4, 196.21, 0
HOLD 2026-07-30T05:33:48.517311 966, 247.14, 0
4, 196.21, 0
HOLD 2026-07-30T05:33:48.657937 966, 247.15, 0
4, 196.22, 0
HOLD 2026-07-30T05:33:48.806590 966, 247.18, 0
4, 196.28, 0
HOLD 2026-07-30T05:33:48.948584 966, 247.19, 0
4, 196.29, 0
HOLD 2026-07-30T05:33:49.088813 966, 247.19, 0
4, 196.29, 0
HOLD 2026-07-30T05:33:49.233967 966, 247.28, 0
4, 196.24, 0
HOLD 2026-07-30T05:33:49.553943 966, 247.32, 0
4, 196.25, 0
HOLD 2026-07-30T05:33:49.885764 966, 247.34, 0
4, 196.18, 0
HOLD 2026-07-30T05:33:50.029041 966, 247.25, 0
4, 196.18, 0
HOLD 2026-07-30T05:33:50.352563 966, 247.24, 0
4, 196.19, 0
HOLD 2026-07-30T05:33:50.496406 966, 247.15, 0
4, 196.12, 0
HOLD 2026-07-30T05:33:50.637115 966, 247.07, 0
4, 196.10, 0
HOLD 2026-07-30T05:33:50.777934 966, 247.05, 0
4, 196.07, 0
HOLD 2026-07-30T05:33:50.919725 966, 247.03, 0
4, 196.10, 0
HOLD 2026-07-30T05:33:51.292460 966, 247.06, 0
4, 196.10, 0
HOLD 2026-07-30T05:33:51.435378 966, 247.07, 0
4, 196.10, 0
HOLD 2026-07-30T05:33:51.575003 966, 247.15, 0
4, 196.13, 0
HOLD 2026-07-30T05:33:51.721735 966, 247.21, 0
4, 196.17, 0
HOLD 2026-07-30T05:33:51.987904 966, 247.19, 0
4, 196.10, 0
HOLD 2026-07-30T05:33:52.328889 966, 247.16, 0
4, 196.13, 0
HOLD 2026-07-30T05:33:52.467292 966, 247.16, 0
4, 196.13, 0
HOLD 2026-07-30T05:33:52.744835 966, 247.15, 0
4, 196.10, 0
HOLD 2026-07-30T05:33:52.884399 966, 247.12, 0
4, 196.13, 0
HOLD 2026-07-30T05:33:53.027838 966, 247.16, 0
4, 196.15, 0
HOLD 2026-07-30T05:33:53.183396 966, 247.16, 0
4, 196.16, 0
HOLD 2026-07-30T05:33:53.328124 966, 247.12, 0
4, 196.17, 0
HOLD 2026-07-30T05:33:53.594364 966, 247.11, 0
4, 196.19, 0
HOLD 2026-07-30T05:33:53.736766 966, 247.13, 0
4, 196.19, 0
HOLD 2026-07-30T05:33:54.054700 966, 247.14, 0
4, 196.20, 0
HOLD 2026-07-30T05:33:54.196617 966, 247.14, 0
4, 196.21, 0
HOLD 2026-07-30T05:33:54.336661 966, 247.23, 0
4, 196.19, 0
HOLD 2026-07-30T05:33:54.617847 966, 247.19, 0
4, 196.16, 0
HOLD 2026-07-30T05:33:55.196134 966, 247.18, 0
4, 196.17, 0
HOLD 2026-07-30T05:33:55.505932 966, 247.18, 0
4, 196.11, 0
HOLD 2026-07-30T05:33:55.655192 966, 247.15, 0
4, 196.16, 0
HOLD 2026-07-30T05:33:55.928031 966, 247.15, 0
4, 196.19, 0
HOLD 2026-07-30T05:33:56.067798 966, 247.16, 0
4, 196.18, 0
HOLD 2026-07-30T05:33:56.216579 966, 247.11, 0
4, 196.23, 0
HOLD 2026-07-30T05:33:56.547466 966, 247.11, 0
4, 195.79, 0
HOLD 2026-07-30T05:33:56.916640 966, 247.12, 0
4, 196.14, 0
HOLD 2026-07-30T05:33:57.247880 966, 247.13, 0
4, 196.16, 0
HOLD 2026-07-30T05:33:57.389436 966, 247.21, 0
4, 196.13, 0
HOLD 2026-07-30T05:33:57.658404 966, 247.21, 0
4, 196.13, 0
HOLD 2026-07-30T05:33:57.804833 966, 247.14, 0
4, 196.16, 0
HOLD 2026-07-30T05:33:57.949489 966, 247.16, 0
4, 196.18, 0
HOLD 2026-07-30T05:33:58.097844 966, 247.18, 0
4, 196.25, 0
HOLD 2026-07-30T05:33:58.362392 966, 247.13, 0
4, 196.27, 0
HOLD 2026-07-30T05:33:58.702115 966, 247.15, 0
4, 196.18, 0
HOLD 2026-07-30T05:33:58.998117 966, 247.12, 0
4, 196.14, 0
HOLD 2026-07-30T05:33:59.140937 966, 247.18, 0
4, 196.12, 0
HOLD 2026-07-30T05:33:59.281625 966, 247.18, 0
4, 196.16, 0
HOLD 2026-07-30T05:33:59.423998 966, 247.16, 0
4, 196.17, 0
HOLD 2026-07-30T05:33:59.785400 966, 247.14, 0
4, 196.13, 0
HOLD 2026-07-30T05:33:59.932831 966, 247.15, 0
4, 196.17, 0
HOLD 2026-07-30T05:34:00.073582 966, 247.10, 0
4, 196.10, 0
HOLD 2026-07-30T05:34:00.360054 966, 247.10, 0
4, 196.10, 0
HOLD 2026-07-30T05:34:00.651941 966, 247.12, 0
4, 196.11, 0
HOLD 2026-07-30T05:34:00.795356 966, 247.14, 0
4, 196.19, 0
HOLD 2026-07-30T05:34:00.941268 966, 247.14, 0
4, 196.16, 0
HOLD 2026-07-30T05:34:01.206298 966, 247.14, 0
4, 196.21, 0
HOLD 2026-07-30T05:34:01.452426 966, 247.11, 0
4, 196.22, 0
HOLD 2026-07-30T05:34:01.595538 966, 247.08, 0
4, 196.22, 0
HOLD 2026-07-30T05:34:01.891843 966, 247.17, 0
4, 196.20, 0
HOLD 2026-07-30T05:34:02.124142 966, 247.15, 0
4, 196.22, 0
HOLD 2026-07-30T05:34:02.424579 966, 247.15, 0
4, 196.19, 0
HOLD 2026-07-30T05:34:02.564716 966, 247.15, 0
4, 196.18, 0
HOLD 2026-07-30T05:34:02.849007 966, 247.18, 0
4, 196.15, 0
HOLD 2026-07-30T05:34:02.993335 966, 247.16, 0
4, 196.13, 0
HOLD 2026-07-30T05:34:03.137896 966, 247.15, 0
4, 196.12, 0
HOLD 2026-07-30T05:34:03.276339 966, 247.22, 0
4, 196.08, 0
HOLD 2026-07-30T05:34:03.420088 966, 247.22, 0
4, 196.12, 0
HOLD 2026-07-30T05:34:03.636292 966, 247.23, 0
4, 196.08, 0
HOLD 2026-07-30T05:34:03.775050 966, 247.23, 0
4, 196.12, 0
HOLD 2026-07-30T05:34:03.923451 966, 247.19, 0
4, 196.08, 0
HOLD 2026-07-30T05:34:04.178183 966, 247.23, 0
4, 196.11, 0
HOLD 2026-07-30T05:34:04.322273 966, 247.19, 0
4, 196.10, 0
HOLD 2026-07-30T05:34:04.590991 966, 247.18, 0
4, 196.15, 0
HOLD 2026-07-30T05:34:04.959546 966, 247.19, 0
4, 196.17, 0
HOLD 2026-07-30T05:34:05.111228 966, 247.15, 0
4, 196.18, 0
HOLD 2026-07-30T05:34:05.392687 966, 247.19, 0
4, 196.12, 0
HOLD 2026-07-30T05:34:05.534660 966, 247.16, 0
4, 196.07, 0
HOLD 2026-07-30T05:34:05.847850 966, 247.19, 0
4, 196.08, 0
HOLD 2026-07-30T05:34:05.987069 966, 247.14, 0
4, 196.05, 0
HOLD 2026-07-30T05:34:06.317270 966, 247.18, 0
4, 196.04, 0
HOLD 2026-07-30T05:34:06.458463 966, 247.18, 0
4, 196.08, 0
HOLD 2026-07-30T05:34:06.728524 966, 247.15, 0
4, 196.07, 0
HOLD 2026-07-30T05:34:06.867994 966, 247.11, 0
4, 196.07, 0
HOLD 2026-07-30T05:34:07.019896 966, 247.11, 0
4, 196.09, 0
HOLD 2026-07-30T05:34:07.285537 966, 247.09, 0
4, 196.03, 0
HOLD 2026-07-30T05:34:07.631259 966, 247.18, 0
4, 196.05, 0
HOLD 2026-07-30T05:34:07.771994 966, 247.18, 0
4, 196.07, 0
HOLD 2026-07-30T05:34:07.919049 966, 247.14, 0
4, 196.09, 0
HOLD 2026-07-30T05:34:08.060977 966, 247.15, 0
4, 196.08, 0
HOLD 2026-07-30T05:34:08.207223 966, 247.12, 0
4, 196.10, 0
HOLD 2026-07-30T05:34:08.479448 966, 247.12, 0
4, 196.14, 0
HOLD 2026-07-30T05:34:08.622683 966, 247.07, 0
4, 196.15, 0
HOLD 2026-07-30T05:34:08.919809 966, 247.16, 0
4, 196.15, 0
HOLD 2026-07-30T05:34:09.061983 966, 247.15, 0
4, 196.11, 0
HOLD 2026-07-30T05:34:09.375253 966, 247.19, 0
4, 196.13, 0
HOLD 2026-07-30T05:34:09.559865 966, 247.21, 0
4, 196.06, 0
HOLD 2026-07-30T05:34:09.710134 966, 247.26, 0
4, 196.02, 0
HOLD 2026-07-30T05:34:09.851877 966, 247.24, 0
4, 196.03, 0
HOLD 2026-07-30T05:34:09.994295 966, 247.20, 0
4, 195.99, 0
HOLD 2026-07-30T05:34:10.285193 966, 247.23, 0
4, 195.98, 0
HOLD 2026-07-30T05:34:10.427991 966, 247.23, 0
4, 195.99, 0
HOLD 2026-07-30T05:34:10.704966 966, 247.19, 0
4, 196.04, 0
HOLD 2026-07-30T05:34:10.853017 966, 247.16, 0
4, 196.03, 0
HOLD 2026-07-30T05:34:11.108790 966, 247.19, 0
4, 196.08, 0
HOLD 2026-07-30T05:34:11.250846 966, 247.20, 0
4, 196.10, 0
HOLD 2026-07-30T05:34:11.404777 966, 247.19, 0
4, 196.10, 0
HOLD 2026-07-30T05:34:11.551193 966, 247.18, 0
4, 196.15, 0
HOLD 2026-07-30T05:34:11.820469 966, 247.19, 0
4, 196.18, 0
HOLD 2026-07-30T05:34:11.971375 966, 247.24, 0
4, 196.14, 0
HOLD 2026-07-30T05:34:12.272456 966, 247.18, 0
4, 196.17, 0
HOLD 2026-07-30T05:34:12.627457 966, 247.26, 0
4, 196.16, 0
HOLD 2026-07-30T05:34:12.880350 966, 247.20, 0
4, 196.18, 0
HOLD 2026-07-30T05:34:13.121984 966, 247.16, 0
4, 196.09, 0
HOLD 2026-07-30T05:34:13.475768 966, 247.15, 0
4, 196.12, 0
HOLD 2026-07-30T05:34:13.749590 966, 247.14, 0
4, 196.15, 0
HOLD 2026-07-30T05:34:13.891254 966, 247.14, 0
4, 196.14, 0
HOLD 2026-07-30T05:34:14.033351 966, 247.16, 0
4, 196.24, 0
HOLD 2026-07-30T05:34:14.325509 966, 247.12, 0
4, 196.25, 0
HOLD 2026-07-30T05:34:14.469196 966, 247.11, 0
4, 196.29, 0
HOLD 2026-07-30T05:34:14.774385 966, 247.12, 0
4, 196.29, 0
HOLD 2026-07-30T05:34:14.920900 966, 247.11, 0
4, 196.24, 0
HOLD 2026-07-30T05:34:15.183545 966, 247.13, 0
4, 196.23, 0
HOLD 2026-07-30T05:34:15.324984 966, 247.16, 0
4, 196.20, 0
HOLD 2026-07-30T05:34:15.464788 966, 247.20, 0
4, 196.19, 0
HOLD 2026-07-30T05:34:15.609037 966, 247.15, 0
4, 196.20, 0
HOLD 2026-07-30T05:34:15.930358 966, 247.13, 0
4, 196.22, 0
HOLD 2026-07-30T05:34:16.066556 966, 247.12, 0
4, 196.22, 0
HOLD 2026-07-30T05:34:16.341629 966, 247.19, 0
4, 196.25, 0
HOLD 2026-07-30T05:34:16.684709 966, 247.18, 0
4, 196.16, 0
HOLD 2026-07-30T05:34:16.828407 966, 247.22, 0
4, 196.22, 0
HOLD 2026-07-30T05:34:17.131647 966, 247.20, 0
4, 196.19, 0
HOLD 2026-07-30T05:34:17.271205 966, 247.19, 0
4, 196.16, 0
HOLD 2026-07-30T05:34:17.418778 966, 247.11, 0
4, 196.17, 0
HOLD 2026-07-30T05:34:17.559573 966, 247.13, 0
4, 196.18, 0
HOLD 2026-07-30T05:34:17.705364 966, 247.13, 0
4, 196.23, 0

=== PHASE B: Releasing memory ===

=== PHASE C: Sustained byte-level residual monitoring (0.1s for 240s) ===
CHECK 2026-07-30T05:34:20.069135 matches=0 nonzero=0 1520, 247.56, 0
4, 196.28, 0
CHECK 2026-07-30T05:34:20.376619 matches=0 nonzero=0 1520, 247.70, 1
4, 196.25, 0
CHECK 2026-07-30T05:34:20.659577 matches=0 nonzero=0 1520, 247.73, 0
4, 196.24, 0
CHECK 2026-07-30T05:34:20.805131 matches=0 nonzero=0 1520, 248.48, 1
4, 196.23, 0
CHECK 2026-07-30T05:34:20.952194 matches=0 nonzero=0 1520, 248.99, 1
4, 196.22, 0
CHECK 2026-07-30T05:34:21.236653 matches=0 nonzero=0 1520, 248.78, 0
4, 196.21, 0
CHECK 2026-07-30T05:34:21.378748 matches=0 nonzero=0 1520, 248.93, 0
4, 196.20, 0
CHECK 2026-07-30T05:34:22.067866 matches=0 nonzero=0 1520, 248.63, 0
4, 196.18, 0
CHECK 2026-07-30T05:34:22.225743 matches=0 nonzero=0 1520, 247.86, 0
4, 196.22, 0
CHECK 2026-07-30T05:34:22.602147 matches=0 nonzero=0 1520, 247.99, 1
4, 196.19, 0
CHECK 2026-07-30T05:34:22.755972 matches=0 nonzero=0 1520, 248.06, 1
4, 196.19, 0
CHECK 2026-07-30T05:34:22.902081 matches=0 nonzero=0 1520, 248.61, 1
4, 196.18, 0
CHECK 2026-07-30T05:34:23.048974 matches=0 nonzero=0 1520, 248.61, 0
4, 196.13, 0
CHECK 2026-07-30T05:34:23.335253 matches=0 nonzero=0 1520, 248.52, 0
4, 196.16, 0
CHECK 2026-07-30T05:34:23.475606 matches=0 nonzero=0 1520, 248.57, 0
4, 196.16, 0
CHECK 2026-07-30T05:34:23.942977 matches=0 nonzero=0 1520, 248.45, 1
4, 196.24, 0
CHECK 2026-07-30T05:34:24.308007 matches=0 nonzero=0 1520, 247.92, 0
4, 196.29, 0
CHECK 2026-07-30T05:34:24.656608 matches=0 nonzero=0 1520, 247.95, 0
4, 196.32, 0
CHECK 2026-07-30T05:34:24.806299 matches=0 nonzero=0 1520, 248.55, 1
4, 196.29, 0
CHECK 2026-07-30T05:34:25.102664 matches=0 nonzero=0 1520, 248.54, 0
4, 196.26, 0
CHECK 2026-07-30T05:34:25.248847 matches=0 nonzero=0 1520, 248.48, 0
4, 196.29, 0
CHECK 2026-07-30T05:34:25.552348 matches=0 nonzero=0 1520, 248.45, 0
4, 196.30, 0
CHECK 2026-07-30T05:34:25.699373 matches=0 nonzero=0 1520, 248.84, 0
4, 196.34, 0
CHECK 2026-07-30T05:34:25.974723 matches=0 nonzero=0 1520, 248.84, 1
4, 196.37, 0
CHECK 2026-07-30T05:34:26.263500 matches=0 nonzero=0 1520, 248.86, 0
4, 196.30, 0
CHECK 2026-07-30T05:34:26.539060 matches=0 nonzero=0 1520, 248.85, 0
4, 196.29, 0
CHECK 2026-07-30T05:34:26.682650 matches=0 nonzero=0 1520, 249.13, 1
4, 196.27, 0
CHECK 2026-07-30T05:34:26.827907 matches=0 nonzero=0 1520, 248.80, 0
4, 196.23, 0
CHECK 2026-07-30T05:34:27.116259 matches=0 nonzero=0 1520, 248.79, 0
4, 196.17, 0
CHECK 2026-07-30T05:34:27.259264 matches=0 nonzero=0 1520, 249.02, 0
4, 196.24, 0
CHECK 2026-07-30T05:34:27.585407 matches=0 nonzero=0 1520, 249.04, 0
4, 196.23, 0
CHECK 2026-07-30T05:34:27.724882 matches=0 nonzero=0 1520, 248.50, 1
4, 196.28, 0
CHECK 2026-07-30T05:34:27.983552 matches=0 nonzero=0 1520, 248.49, 1
4, 196.31, 0
CHECK 2026-07-30T05:34:28.137132 matches=0 nonzero=0 1520, 248.74, 1
4, 196.31, 0
CHECK 2026-07-30T05:34:28.408755 matches=0 nonzero=0 1520, 248.60, 1
4, 196.25, 0
CHECK 2026-07-30T05:34:28.553753 matches=0 nonzero=0 1520, 248.90, 1
4, 196.32, 0
CHECK 2026-07-30T05:34:29.029870 matches=0 nonzero=0 1520, 248.95, 0
4, 196.27, 0
CHECK 2026-07-30T05:34:29.239080 matches=0 nonzero=0 1520, 248.67, 0
4, 196.26, 0
CHECK 2026-07-30T05:34:29.522062 matches=0 nonzero=0 1520, 248.47, 0
4, 196.25, 0
CHECK 2026-07-30T05:34:29.667426 matches=0 nonzero=0 1520, 248.45, 1
4, 196.25, 0
CHECK 2026-07-30T05:34:29.933799 matches=0 nonzero=0 1520, 248.62, 1
4, 196.29, 0
CHECK 2026-07-30T05:34:30.271028 matches=0 nonzero=0 1520, 248.59, 0
4, 196.27, 0
CHECK 2026-07-30T05:34:30.562793 matches=0 nonzero=0 1520, 248.61, 0
4, 196.29, 0
CHECK 2026-07-30T05:34:30.714977 matches=0 nonzero=0 1520, 248.49, 1
4, 196.34, 0
CHECK 2026-07-30T05:34:30.977915 matches=0 nonzero=0 1520, 248.62, 1
4, 196.34, 0
CHECK 2026-07-30T05:34:31.335468 matches=0 nonzero=0 1520, 248.71, 1
4, 196.39, 0
CHECK 2026-07-30T05:34:31.624695 matches=0 nonzero=0 1520, 248.70, 0
4, 196.35, 0
CHECK 2026-07-30T05:34:31.764661 matches=0 nonzero=0 1520, 248.90, 0
4, 196.31, 0
CHECK 2026-07-30T05:34:31.914304 matches=0 nonzero=0 1520, 248.75, 1
4, 196.28, 0
CHECK 2026-07-30T05:34:32.185573 matches=0 nonzero=0 1520, 248.74, 1
4, 196.27, 0
CHECK 2026-07-30T05:34:32.330814 matches=0 nonzero=0 1520, 248.77, 1
4, 196.24, 0
CHECK 2026-07-30T05:34:32.657686 matches=0 nonzero=0 1520, 248.92, 0
4, 196.22, 0
CHECK 2026-07-30T05:34:33.001197 matches=0 nonzero=0 1520, 249.08, 1
4, 196.26, 0
CHECK 2026-07-30T05:34:33.306963 matches=0 nonzero=0 1520, 248.86, 0
4, 196.22, 0
CHECK 2026-07-30T05:34:33.659398 matches=0 nonzero=0 1520, 248.82, 0
4, 196.25, 0
CHECK 2026-07-30T05:34:33.808137 matches=0 nonzero=0 1520, 249.11, 1
4, 196.28, 0
CHECK 2026-07-30T05:34:34.078757 matches=0 nonzero=0 1520, 249.03, 0
4, 196.24, 0
CHECK 2026-07-30T05:34:34.451690 matches=0 nonzero=0 1520, 249.16, 0
4, 196.30, 0
CHECK 2026-07-30T05:34:34.739934 matches=0 nonzero=0 1520, 248.66, 0
4, 196.30, 0
CHECK 2026-07-30T05:34:35.151722 matches=0 nonzero=0 1520, 248.54, 1
4, 196.33, 0
CHECK 2026-07-30T05:34:35.435199 matches=0 nonzero=0 1520, 248.44, 0
4, 196.25, 0
CHECK 2026-07-30T05:34:35.954554 matches=0 nonzero=0 1520, 248.76, 1
4, 196.26, 0
CHECK 2026-07-30T05:34:36.323298 matches=0 nonzero=0 1520, 248.57, 1
4, 196.24, 0
CHECK 2026-07-30T05:34:36.613034 matches=0 nonzero=0 1520, 248.50, 0
4, 196.24, 0
CHECK 2026-07-30T05:34:36.947596 matches=0 nonzero=0 1520, 248.47, 0
4, 196.22, 0
CHECK 2026-07-30T05:34:37.094716 matches=0 nonzero=0 1520, 248.37, 1
4, 196.20, 0
CHECK 2026-07-30T05:34:37.239858 matches=0 nonzero=0 1520, 248.64, 0
4, 196.22, 0
CHECK 2026-07-30T05:34:37.380126 matches=0 nonzero=0 1520, 249.24, 0
4, 196.20, 0
CHECK 2026-07-30T05:34:37.524206 matches=0 nonzero=0 1520, 249.66, 1
4, 196.23, 0
CHECK 2026-07-30T05:34:37.661417 matches=0 nonzero=0 1520, 249.81, 1
4, 196.21, 0
CHECK 2026-07-30T05:34:37.806853 matches=0 nonzero=0 1520, 249.90, 1
4, 196.19, 0
CHECK 2026-07-30T05:34:38.140526 matches=0 nonzero=0 1520, 249.23, 1
4, 196.22, 0
CHECK 2026-07-30T05:34:38.494164 matches=0 nonzero=0 1520, 248.86, 0
4, 196.24, 0
CHECK 2026-07-30T05:34:38.783635 matches=0 nonzero=0 1520, 248.76, 0
4, 196.24, 0
CHECK 2026-07-30T05:34:38.924431 matches=0 nonzero=0 1520, 248.81, 1
4, 196.22, 0
CHECK 2026-07-30T05:34:39.272281 matches=0 nonzero=0 1520, 248.61, 0
4, 196.18, 0
CHECK 2026-07-30T05:34:39.636995 matches=0 nonzero=0 1520, 248.64, 0
4, 196.22, 0
CHECK 2026-07-30T05:34:39.878298 matches=0 nonzero=0 1520, 248.51, 0
4, 196.20, 0
CHECK 2026-07-30T05:34:40.184298 matches=0 nonzero=0 1520, 248.60, 1
4, 196.21, 0
CHECK 2026-07-30T05:34:40.411320 matches=0 nonzero=0 1520, 248.39, 1
4, 196.24, 0
CHECK 2026-07-30T05:34:40.663046 matches=0 nonzero=0 1520, 247.99, 0
4, 196.26, 0
CHECK 2026-07-30T05:34:41.143888 matches=0 nonzero=0 1520, 247.93, 0
4, 196.29, 0
CHECK 2026-07-30T05:34:41.306859 matches=0 nonzero=0 1520, 248.09, 1
4, 196.28, 0
CHECK 2026-07-30T05:34:41.452301 matches=0 nonzero=0 1520, 248.15, 0
4, 196.31, 0
CHECK 2026-07-30T05:34:41.599178 matches=0 nonzero=0 1520, 248.18, 1
4, 196.31, 0
CHECK 2026-07-30T05:34:41.755084 matches=0 nonzero=0 1520, 249.07, 1
4, 196.29, 0
CHECK 2026-07-30T05:34:42.016552 matches=0 nonzero=0 1520, 249.32, 0
4, 196.25, 0
CHECK 2026-07-30T05:34:42.166647 matches=0 nonzero=0 1520, 249.64, 1
4, 196.21, 0
CHECK 2026-07-30T05:34:42.427394 matches=0 nonzero=0 1520, 249.19, 0
4, 196.24, 0
CHECK 2026-07-30T05:34:42.759363 matches=0 nonzero=0 1520, 248.83, 1
4, 196.23, 0
CHECK 2026-07-30T05:34:43.028195 matches=0 nonzero=0 1520, 248.86, 0
4, 196.26, 0
CHECK 2026-07-30T05:34:43.175689 matches=0 nonzero=0 1520, 248.67, 1
4, 196.26, 0
CHECK 2026-07-30T05:34:43.487224 matches=0 nonzero=0 1520, 248.68, 0
4, 196.27, 0
CHECK 2026-07-30T05:34:43.630727 matches=0 nonzero=0 1520, 248.66, 0
4, 196.29, 0
CHECK 2026-07-30T05:34:44.130001 matches=0 nonzero=0 1520, 248.43, 0
4, 196.24, 0
CHECK 2026-07-30T05:34:44.274923 matches=0 nonzero=0 1520, 248.39, 0
4, 196.23, 0
CHECK 2026-07-30T05:34:44.779909 matches=0 nonzero=0 1520, 248.84, 0
4, 196.26, 0
CHECK 2026-07-30T05:34:45.278323 matches=0 nonzero=0 1520, 248.85, 0
4, 196.23, 0
CHECK 2026-07-30T05:34:45.452255 matches=0 nonzero=0 1520, 249.09, 0
4, 196.20, 0
CHECK 2026-07-30T05:34:45.754420 matches=0 nonzero=0 1520, 249.07, 0
4, 196.18, 0
CHECK 2026-07-30T05:34:45.902135 matches=0 nonzero=0 1520, 248.96, 0
4, 196.18, 0
CHECK 2026-07-30T05:34:46.217364 matches=0 nonzero=0 1520, 248.54, 0
4, 196.25, 0
CHECK 2026-07-30T05:34:46.499058 matches=0 nonzero=0 1520, 248.48, 0
4, 196.24, 0
CHECK 2026-07-30T05:34:46.649482 matches=0 nonzero=0 1520, 248.86, 0
4, 196.25, 0
CHECK 2026-07-30T05:34:46.918919 matches=0 nonzero=0 1520, 248.63, 0
4, 196.23, 0
CHECK 2026-07-30T05:34:47.063048 matches=0 nonzero=0 1520, 248.70, 1
4, 196.24, 0
CHECK 2026-07-30T05:34:47.216133 matches=0 nonzero=0 1520, 249.15, 0
4, 196.23, 0
CHECK 2026-07-30T05:34:47.460385 matches=0 nonzero=0 1520, 249.25, 0
4, 196.21, 0
CHECK 2026-07-30T05:34:47.611197 matches=0 nonzero=0 1520, 249.20, 1
4, 196.16, 0
CHECK 2026-07-30T05:34:47.888712 matches=0 nonzero=0 1520, 249.21, 0
4, 196.15, 0
CHECK 2026-07-30T05:34:48.033815 matches=0 nonzero=0 1520, 248.88, 0
4, 196.05, 0
CHECK 2026-07-30T05:34:48.393468 matches=0 nonzero=0 1520, 248.77, 0
4, 196.09, 0
CHECK 2026-07-30T05:34:48.541704 matches=0 nonzero=0 1520, 248.80, 1
4, 196.22, 0
CHECK 2026-07-30T05:34:48.804159 matches=0 nonzero=0 1520, 248.39, 0
4, 196.29, 0
CHECK 2026-07-30T05:34:49.293883 matches=0 nonzero=0 1520, 248.46, 0
4, 196.27, 0
CHECK 2026-07-30T05:34:49.443466 matches=0 nonzero=0 1520, 248.55, 0
4, 196.23, 0
CHECK 2026-07-30T05:34:49.590058 matches=0 nonzero=0 1520, 248.71, 1
4, 196.21, 0
CHECK 2026-07-30T05:34:49.936791 matches=0 nonzero=0 1520, 248.47, 0
4, 196.19, 0
CHECK 2026-07-30T05:34:50.077968 matches=0 nonzero=0 1520, 248.78, 1
4, 196.24, 0
CHECK 2026-07-30T05:34:50.224746 matches=0 nonzero=0 1520, 249.02, 0
4, 196.27, 0
CHECK 2026-07-30T05:34:50.536756 matches=0 nonzero=0 1520, 248.80, 1
4, 196.23, 0
CHECK 2026-07-30T05:34:50.756869 matches=0 nonzero=0 1520, 249.15, 1
4, 196.23, 0
CHECK 2026-07-30T05:34:50.957527 matches=0 nonzero=0 1520, 249.22, 1
4, 196.25, 0
CHECK 2026-07-30T05:34:51.237371 matches=0 nonzero=0 1520, 248.73, 0
4, 196.19, 0
CHECK 2026-07-30T05:34:51.380281 matches=0 nonzero=0 1520, 249.62, 1
4, 196.16, 0
CHECK 2026-07-30T05:34:51.723649 matches=0 nonzero=0 1520, 249.19, 1
4, 196.15, 0
CHECK 2026-07-30T05:34:52.019575 matches=0 nonzero=0 1520, 249.14, 0
4, 196.12, 0
CHECK 2026-07-30T05:34:52.163471 matches=0 nonzero=0 1520, 249.20, 0
4, 196.12, 0
CHECK 2026-07-30T05:34:52.313039 matches=0 nonzero=0 1520, 249.16, 1
4, 196.20, 0
CHECK 2026-07-30T05:34:52.455097 matches=0 nonzero=0 1520, 249.11, 0
4, 196.24, 0
CHECK 2026-07-30T05:34:52.740883 matches=0 nonzero=0 1520, 249.08, 0
4, 196.23, 0
CHECK 2026-07-30T05:34:52.883199 matches=0 nonzero=0 1520, 249.25, 1
4, 196.23, 0
CHECK 2026-07-30T05:34:53.027576 matches=0 nonzero=0 1520, 249.14, 0
4, 196.21, 0
CHECK 2026-07-30T05:34:53.314064 matches=0 nonzero=0 1520, 249.30, 0
4, 196.17, 0
CHECK 2026-07-30T05:34:53.462408 matches=0 nonzero=0 1520, 249.04, 1
4, 196.16, 0
CHECK 2026-07-30T05:34:53.613121 matches=0 nonzero=0 1520, 248.66, 0
4, 196.20, 0
CHECK 2026-07-30T05:34:53.970367 matches=0 nonzero=0 1520, 248.56, 0
4, 196.20, 0
CHECK 2026-07-30T05:34:54.120139 matches=0 nonzero=0 1520, 248.90, 1
4, 196.22, 0
CHECK 2026-07-30T05:34:54.415956 matches=0 nonzero=0 1520, 248.89, 0
4, 196.22, 0
CHECK 2026-07-30T05:34:54.709026 matches=0 nonzero=0 1520, 248.94, 0
4, 196.23, 0
CHECK 2026-07-30T05:34:54.855804 matches=0 nonzero=0 1520, 249.41, 0
4, 196.30, 0
CHECK 2026-07-30T05:34:55.125605 matches=0 nonzero=0 1520, 248.89, 0
4, 196.23, 0
CHECK 2026-07-30T05:34:55.279300 matches=0 nonzero=0 1520, 249.14, 0
4, 196.30, 0
CHECK 2026-07-30T05:34:55.580334 matches=0 nonzero=0 1520, 248.68, 1
4, 196.28, 0
CHECK 2026-07-30T05:34:55.931358 matches=0 nonzero=0 1520, 248.21, 1
4, 196.31, 0
CHECK 2026-07-30T05:34:56.266704 matches=0 nonzero=0 1520, 248.41, 0
4, 196.29, 0
CHECK 2026-07-30T05:34:56.456040 matches=0 nonzero=0 1520, 248.85, 0
4, 196.24, 0
CHECK 2026-07-30T05:34:56.695326 matches=0 nonzero=0 1520, 248.96, 0
4, 196.25, 0
CHECK 2026-07-30T05:34:56.984993 matches=0 nonzero=0 1520, 248.77, 1
4, 196.21, 0
CHECK 2026-07-30T05:34:57.342464 matches=0 nonzero=0 1520, 248.64, 1
4, 196.24, 0
CHECK 2026-07-30T05:34:57.626070 matches=0 nonzero=0 1520, 248.22, 0
4, 196.24, 0
CHECK 2026-07-30T05:34:57.783514 matches=0 nonzero=0 1520, 248.25, 0
4, 196.27, 0
CHECK 2026-07-30T05:34:57.931810 matches=0 nonzero=0 1520, 248.48, 1
4, 196.20, 0
CHECK 2026-07-30T05:34:58.195864 matches=0 nonzero=0 1520, 248.48, 1
4, 196.21, 0
CHECK 2026-07-30T05:34:58.342765 matches=0 nonzero=0 1520, 248.83, 1
4, 196.12, 0
CHECK 2026-07-30T05:34:58.651965 matches=0 nonzero=0 1520, 248.82, 0
4, 196.12, 0
CHECK 2026-07-30T05:34:58.805125 matches=0 nonzero=0 1520, 249.02, 1
4, 196.07, 0
CHECK 2026-07-30T05:34:59.119565 matches=0 nonzero=0 1520, 248.77, 1
4, 196.13, 0
CHECK 2026-07-30T05:34:59.458849 matches=0 nonzero=0 1520, 248.70, 0
4, 196.19, 0
CHECK 2026-07-30T05:34:59.961043 matches=0 nonzero=0 1520, 249.11, 1
4, 196.19, 0
CHECK 2026-07-30T05:35:00.267805 matches=0 nonzero=0 1520, 248.60, 0
4, 196.19, 0
CHECK 2026-07-30T05:35:00.422196 matches=0 nonzero=0 1520, 248.79, 0
4, 196.15, 0
CHECK 2026-07-30T05:35:00.569739 matches=0 nonzero=0 1520, 248.72, 1
4, 196.10, 0
CHECK 2026-07-30T05:35:00.831240 matches=0 nonzero=0 1520, 248.48, 0
4, 196.07, 0
CHECK 2026-07-30T05:35:01.186405 matches=0 nonzero=0 1520, 248.50, 0
4, 196.08, 0
CHECK 2026-07-30T05:35:01.330465 matches=0 nonzero=0 1520, 248.55, 1
4, 196.16, 0
CHECK 2026-07-30T05:35:01.738320 matches=0 nonzero=0 1520, 248.32, 0
4, 196.23, 0
CHECK 2026-07-30T05:35:01.935997 matches=0 nonzero=0 1520, 248.54, 1
4, 196.26, 0
CHECK 2026-07-30T05:35:02.089780 matches=0 nonzero=0 1520, 248.85, 1
4, 196.28, 0
CHECK 2026-07-30T05:35:02.235935 matches=0 nonzero=0 1520, 248.79, 0
4, 196.26, 0
CHECK 2026-07-30T05:35:02.379859 matches=0 nonzero=0 1520, 249.14, 1
4, 196.24, 0
CHECK 2026-07-30T05:35:02.647683 matches=0 nonzero=0 1520, 248.79, 0
4, 196.24, 0
CHECK 2026-07-30T05:35:03.141562 matches=0 nonzero=0 1520, 248.36, 0
4, 196.19, 0
CHECK 2026-07-30T05:35:03.295593 matches=0 nonzero=0 1520, 248.21, 0
4, 196.16, 0
CHECK 2026-07-30T05:35:03.654656 matches=0 nonzero=0 1520, 248.20, 0
4, 196.15, 0
CHECK 2026-07-30T05:35:03.806322 matches=0 nonzero=0 1520, 248.67, 0
4, 196.16, 0
CHECK 2026-07-30T05:35:04.173192 matches=0 nonzero=0 1520, 248.58, 1
4, 196.26, 0
CHECK 2026-07-30T05:35:04.543550 matches=0 nonzero=0 1520, 248.60, 0
4, 196.17, 0
CHECK 2026-07-30T05:35:04.690268 matches=0 nonzero=0 1520, 248.80, 1
4, 196.22, 0
CHECK 2026-07-30T05:35:04.837693 matches=0 nonzero=0 1520, 248.54, 0
4, 196.17, 0
CHECK 2026-07-30T05:35:04.981450 matches=0 nonzero=0 1520, 248.63, 1
4, 196.13, 0
CHECK 2026-07-30T05:35:05.314439 matches=0 nonzero=0 1520, 248.74, 1
4, 196.13, 0
CHECK 2026-07-30T05:35:05.642399 matches=0 nonzero=0 1520, 248.31, 0
4, 196.09, 0
CHECK 2026-07-30T05:35:05.987731 matches=0 nonzero=0 1520, 248.46, 1
4, 196.08, 0
CHECK 2026-07-30T05:35:06.276374 matches=0 nonzero=0 1520, 248.46, 0
4, 196.05, 0
CHECK 2026-07-30T05:35:06.429624 matches=0 nonzero=0 1520, 248.51, 0
4, 196.04, 0
CHECK 2026-07-30T05:35:06.572146 matches=0 nonzero=0 1520, 248.88, 1
4, 196.08, 0
CHECK 2026-07-30T05:35:06.850335 matches=0 nonzero=0 1520, 249.19, 0
4, 196.08, 0
CHECK 2026-07-30T05:35:07.167252 matches=0 nonzero=0 1520, 248.90, 0
4, 196.10, 0
CHECK 2026-07-30T05:35:07.322063 matches=0 nonzero=0 1520, 248.38, 1
4, 196.08, 0
CHECK 2026-07-30T05:35:07.659849 matches=0 nonzero=0 1520, 248.74, 0
4, 196.08, 0
CHECK 2026-07-30T05:35:08.018459 matches=0 nonzero=0 1520, 248.80, 0
4, 196.17, 0
CHECK 2026-07-30T05:35:08.164081 matches=0 nonzero=0 1520, 248.89, 0
4, 196.16, 0
CHECK 2026-07-30T05:35:08.318066 matches=0 nonzero=0 1520, 249.01, 1
4, 196.17, 0
CHECK 2026-07-30T05:35:08.461659 matches=0 nonzero=0 1520, 249.16, 0
4, 196.26, 0
CHECK 2026-07-30T05:35:08.786154 matches=0 nonzero=0 1520, 248.61, 0
4, 196.24, 0
CHECK 2026-07-30T05:35:08.935448 matches=0 nonzero=0 1520, 248.78, 1
4, 196.19, 0
CHECK 2026-07-30T05:35:09.078930 matches=0 nonzero=0 1520, 248.80, 0
4, 196.15, 0
CHECK 2026-07-30T05:35:09.372835 matches=0 nonzero=0 1520, 248.87, 1
4, 196.11, 0
CHECK 2026-07-30T05:35:09.667270 matches=0 nonzero=0 1520, 249.06, 0
4, 196.08, 0
CHECK 2026-07-30T05:35:09.937707 matches=0 nonzero=0 1520, 248.85, 1
4, 196.13, 0
CHECK 2026-07-30T05:35:10.232208 matches=0 nonzero=0 1520, 248.61, 0
4, 196.13, 0
CHECK 2026-07-30T05:35:10.385112 matches=0 nonzero=0 1520, 248.81, 0
4, 196.15, 0
CHECK 2026-07-30T05:35:10.529807 matches=0 nonzero=0 1520, 248.58, 1
4, 196.11, 0
CHECK 2026-07-30T05:35:10.808423 matches=0 nonzero=0 1520, 248.57, 1
4, 196.18, 0
CHECK 2026-07-30T05:35:11.116678 matches=0 nonzero=0 1520, 248.49, 0
4, 196.15, 0
CHECK 2026-07-30T05:35:11.270340 matches=0 nonzero=0 1520, 248.57, 0
4, 196.12, 0
CHECK 2026-07-30T05:35:11.583356 matches=0 nonzero=0 1520, 248.66, 1
4, 196.12, 0
CHECK 2026-07-30T05:35:11.855207 matches=0 nonzero=0 1520, 248.65, 0
4, 196.10, 0
CHECK 2026-07-30T05:35:12.014746 matches=0 nonzero=0 1520, 248.88, 0
4, 196.10, 0
CHECK 2026-07-30T05:35:12.168069 matches=0 nonzero=0 1520, 248.60, 0
4, 196.13, 0
CHECK 2026-07-30T05:35:12.639864 matches=0 nonzero=0 1520, 248.85, 0
4, 196.14, 0
CHECK 2026-07-30T05:35:12.913759 matches=0 nonzero=0 1520, 248.85, 0
4, 196.12, 0
CHECK 2026-07-30T05:35:13.061127 matches=0 nonzero=0 1520, 248.64, 0
4, 196.09, 0
CHECK 2026-07-30T05:35:13.358127 matches=0 nonzero=0 1520, 249.10, 1
4, 196.13, 0
CHECK 2026-07-30T05:35:13.734336 matches=0 nonzero=0 1520, 248.68, 0
4, 196.16, 0
CHECK 2026-07-30T05:35:13.884112 matches=0 nonzero=0 1520, 249.04, 1
4, 196.18, 0
CHECK 2026-07-30T05:35:14.034620 matches=0 nonzero=0 1520, 249.12, 0
4, 196.18, 0
CHECK 2026-07-30T05:35:14.298471 matches=0 nonzero=0 1520, 249.16, 0
4, 196.12, 0
CHECK 2026-07-30T05:35:14.444553 matches=0 nonzero=0 1520, 249.10, 0
4, 196.13, 0
CHECK 2026-07-30T05:35:14.586388 matches=0 nonzero=0 1520, 249.28, 0
4, 196.13, 0
CHECK 2026-07-30T05:35:14.732652 matches=0 nonzero=0 1520, 249.25, 1
4, 196.11, 0
CHECK 2026-07-30T05:35:14.984053 matches=0 nonzero=0 1520, 248.90, 1
4, 196.13, 0
CHECK 2026-07-30T05:35:15.272785 matches=0 nonzero=0 1520, 248.87, 0
4, 196.17, 0
CHECK 2026-07-30T05:35:15.422626 matches=0 nonzero=0 1520, 248.64, 0
4, 196.18, 0
CHECK 2026-07-30T05:35:15.568899 matches=0 nonzero=0 1520, 248.77, 1
4, 196.20, 0
CHECK 2026-07-30T05:35:15.826479 matches=0 nonzero=0 1520, 248.77, 0
4, 196.14, 0
CHECK 2026-07-30T05:35:16.081826 matches=0 nonzero=0 1520, 248.75, 0
4, 196.10, 0
CHECK 2026-07-30T05:35:16.387400 matches=0 nonzero=0 1520, 248.50, 0
4, 196.06, 0
CHECK 2026-07-30T05:35:16.532611 matches=0 nonzero=0 1520, 248.56, 1
4, 196.06, 0
CHECK 2026-07-30T05:35:16.839604 matches=0 nonzero=0 1520, 248.61, 0
4, 196.16, 0
CHECK 2026-07-30T05:35:17.172972 matches=0 nonzero=0 1520, 248.65, 1
4, 196.16, 0
CHECK 2026-07-30T05:35:17.518736 matches=0 nonzero=0 1520, 248.94, 0
4, 196.18, 0
CHECK 2026-07-30T05:35:17.670164 matches=0 nonzero=0 1520, 248.68, 1
4, 196.18, 0
CHECK 2026-07-30T05:35:17.884357 matches=0 nonzero=0 1520, 248.68, 0
4, 196.05, 0
CHECK 2026-07-30T05:35:18.219572 matches=0 nonzero=0 1520, 248.99, 0
4, 196.10, 0
CHECK 2026-07-30T05:35:18.372076 matches=0 nonzero=0 1520, 249.17, 0
4, 196.17, 0
CHECK 2026-07-30T05:35:18.520394 matches=0 nonzero=0 1520, 249.64, 1
4, 196.15, 0
CHECK 2026-07-30T05:35:18.662297 matches=0 nonzero=0 1520, 249.25, 1
4, 196.09, 0
CHECK 2026-07-30T05:35:18.926932 matches=0 nonzero=0 1520, 249.16, 0
4, 196.11, 0
CHECK 2026-07-30T05:35:19.072458 matches=0 nonzero=0 1520, 249.58, 0
4, 196.11, 0
CHECK 2026-07-30T05:35:19.359390 matches=0 nonzero=0 1520, 248.98, 0
4, 196.10, 0
CHECK 2026-07-30T05:35:19.511499 matches=0 nonzero=0 1520, 249.35, 1
4, 196.08, 0
CHECK 2026-07-30T05:35:19.652681 matches=0 nonzero=0 1520, 249.01, 0
4, 196.11, 0
CHECK 2026-07-30T05:35:19.803879 matches=0 nonzero=0 1520, 249.31, 0
4, 196.12, 0
CHECK 2026-07-30T05:35:19.950677 matches=0 nonzero=0 1520, 249.38, 1
4, 196.15, 0
CHECK 2026-07-30T05:35:20.095802 matches=0 nonzero=0 1520, 249.60, 0
4, 196.17, 0
CHECK 2026-07-30T05:35:20.417059 matches=0 nonzero=0 1520, 249.52, 0
4, 196.18, 0
CHECK 2026-07-30T05:35:20.708401 matches=0 nonzero=0 1520, 248.96, 0
4, 196.18, 0
CHECK 2026-07-30T05:35:20.862077 matches=0 nonzero=0 1520, 248.99, 0
4, 196.16, 0
CHECK 2026-07-30T05:35:21.015142 matches=0 nonzero=0 1520, 248.70, 0
4, 196.08, 0
CHECK 2026-07-30T05:35:21.281934 matches=0 nonzero=0 1520, 248.67, 0
4, 196.13, 0
CHECK 2026-07-30T05:35:21.523675 matches=0 nonzero=0 1520, 248.32, 0
4, 196.14, 0
CHECK 2026-07-30T05:35:21.673702 matches=0 nonzero=0 1520, 248.46, 1
4, 196.10, 0
CHECK 2026-07-30T05:35:21.816712 matches=0 nonzero=0 1520, 248.47, 0
4, 196.19, 0
CHECK 2026-07-30T05:35:22.126328 matches=0 nonzero=0 1520, 248.20, 0
4, 196.22, 0
CHECK 2026-07-30T05:35:22.270156 matches=0 nonzero=0 1520, 248.58, 0
4, 196.18, 0
CHECK 2026-07-30T05:35:22.555967 matches=0 nonzero=0 1520, 248.66, 1
4, 196.18, 0
CHECK 2026-07-30T05:35:22.851216 matches=0 nonzero=0 1520, 248.57, 0
4, 196.15, 0
CHECK 2026-07-30T05:35:22.996695 matches=0 nonzero=0 1520, 249.13, 1
4, 196.12, 0
CHECK 2026-07-30T05:35:23.308969 matches=0 nonzero=0 1520, 248.84, 0
4, 196.21, 0
CHECK 2026-07-30T05:35:23.571983 matches=0 nonzero=0 1520, 248.82, 0
4, 196.23, 0
CHECK 2026-07-30T05:35:23.718447 matches=0 nonzero=0 1520, 249.21, 1
4, 196.20, 0
CHECK 2026-07-30T05:35:23.862138 matches=0 nonzero=0 1520, 249.05, 1
4, 196.23, 0
CHECK 2026-07-30T05:35:24.137141 matches=0 nonzero=0 1520, 248.70, 0
4, 196.27, 0
CHECK 2026-07-30T05:35:24.281645 matches=0 nonzero=0 1520, 249.02, 0
4, 196.22, 0
CHECK 2026-07-30T05:35:24.608003 matches=0 nonzero=0 1520, 249.02, 1
4, 196.19, 0
CHECK 2026-07-30T05:35:24.919135 matches=0 nonzero=0 1520, 248.85, 0
4, 196.20, 0
CHECK 2026-07-30T05:35:25.071468 matches=0 nonzero=0 1520, 249.13, 1
4, 196.12, 0
CHECK 2026-07-30T05:35:25.326429 matches=0 nonzero=0 1520, 248.57, 0
4, 196.12, 0
CHECK 2026-07-30T05:35:25.471725 matches=0 nonzero=0 1520, 248.87, 0
4, 196.03, 0
CHECK 2026-07-30T05:35:25.833369 matches=0 nonzero=0 1520, 248.79, 0
4, 196.07, 0
CHECK 2026-07-30T05:35:25.981620 matches=0 nonzero=0 1520, 248.96, 0
4, 196.07, 0
CHECK 2026-07-30T05:35:26.127089 matches=0 nonzero=0 1520, 248.35, 1
4, 196.07, 0
CHECK 2026-07-30T05:35:26.274923 matches=0 nonzero=0 1520, 248.49, 1
4, 196.05, 0
CHECK 2026-07-30T05:35:26.418591 matches=0 nonzero=0 1520, 248.91, 0
4, 196.08, 0
CHECK 2026-07-30T05:35:26.562705 matches=0 nonzero=0 1520, 248.79, 0
4, 196.14, 0
CHECK 2026-07-30T05:35:26.711948 matches=0 nonzero=0 1520, 248.87, 1
4, 196.10, 0
CHECK 2026-07-30T05:35:26.854655 matches=0 nonzero=0 1520, 249.20, 0
4, 196.08, 0
CHECK 2026-07-30T05:35:27.008420 matches=0 nonzero=0 1520, 249.35, 0
4, 196.12, 0
CHECK 2026-07-30T05:35:27.377714 matches=0 nonzero=0 1520, 249.16, 0
4, 196.12, 0
CHECK 2026-07-30T05:35:27.525057 matches=0 nonzero=0 1520, 249.27, 1
4, 196.06, 0
CHECK 2026-07-30T05:35:27.820606 matches=0 nonzero=0 1520, 249.10, 0
4, 196.07, 0
CHECK 2026-07-30T05:35:27.966094 matches=0 nonzero=0 1520, 248.78, 0
4, 196.07, 0
CHECK 2026-07-30T05:35:28.116200 matches=0 nonzero=0 1520, 249.12, 1
4, 196.02, 0
CHECK 2026-07-30T05:35:28.420194 matches=0 nonzero=0 1520, 248.64, 0
4, 196.08, 0
CHECK 2026-07-30T05:35:28.782550 matches=0 nonzero=0 1520, 248.55, 1
4, 196.18, 0
CHECK 2026-07-30T05:35:29.139063 matches=0 nonzero=0 1520, 248.49, 0
4, 196.21, 0
CHECK 2026-07-30T05:35:29.294195 matches=0 nonzero=0 1520, 248.88, 0
4, 196.18, 0
CHECK 2026-07-30T05:35:29.652981 matches=0 nonzero=0 1520, 248.84, 0
4, 196.16, 0
CHECK 2026-07-30T05:35:29.803358 matches=0 nonzero=0 1520, 249.24, 1
4, 196.17, 0
CHECK 2026-07-30T05:35:30.148734 matches=0 nonzero=0 1520, 249.20, 0
4, 196.17, 0
CHECK 2026-07-30T05:35:30.291092 matches=0 nonzero=0 1520, 248.64, 1
4, 196.17, 0
CHECK 2026-07-30T05:35:30.540133 matches=0 nonzero=0 1520, 249.08, 0
4, 196.18, 0
CHECK 2026-07-30T05:35:30.683766 matches=0 nonzero=0 1520, 249.22, 1
4, 196.18, 0
CHECK 2026-07-30T05:35:30.827473 matches=0 nonzero=0 1520, 249.11, 0
4, 196.18, 0
CHECK 2026-07-30T05:35:31.175719 matches=0 nonzero=0 1520, 249.13, 0
4, 196.17, 0
CHECK 2026-07-30T05:35:31.321547 matches=0 nonzero=0 1520, 248.60, 0
4, 196.11, 0
CHECK 2026-07-30T05:35:31.806024 matches=0 nonzero=0 1520, 248.46, 1
4, 196.14, 0
CHECK 2026-07-30T05:35:32.154404 matches=0 nonzero=0 1520, 248.40, 1
4, 196.18, 0
CHECK 2026-07-30T05:35:32.463086 matches=0 nonzero=0 1520, 248.32, 0
4, 196.23, 0
CHECK 2026-07-30T05:35:32.612329 matches=0 nonzero=0 1520, 248.54, 0
4, 196.24, 0
CHECK 2026-07-30T05:35:32.757568 matches=0 nonzero=0 1520, 248.92, 0
4, 196.21, 0
CHECK 2026-07-30T05:35:33.222184 matches=0 nonzero=0 1520, 248.62, 0
4, 196.19, 0
CHECK 2026-07-30T05:35:33.521032 matches=0 nonzero=0 1520, 248.68, 0
4, 196.16, 0
CHECK 2026-07-30T05:35:33.668297 matches=0 nonzero=0 1520, 248.20, 0
4, 196.27, 0
CHECK 2026-07-30T05:35:34.052402 matches=0 nonzero=0 1520, 248.43, 0
4, 196.21, 0
CHECK 2026-07-30T05:35:34.325577 matches=0 nonzero=0 1520, 248.27, 1
4, 196.23, 0
CHECK 2026-07-30T05:35:34.698238 matches=0 nonzero=0 1520, 248.18, 0
4, 196.20, 0
CHECK 2026-07-30T05:35:34.843862 matches=0 nonzero=0 1520, 248.66, 0
4, 196.17, 0
CHECK 2026-07-30T05:35:35.125362 matches=0 nonzero=0 1520, 248.52, 1
4, 196.21, 0
CHECK 2026-07-30T05:35:35.484098 matches=0 nonzero=0 1520, 248.38, 0
4, 196.17, 0
CHECK 2026-07-30T05:35:35.629192 matches=0 nonzero=0 1520, 248.18, 0
4, 196.23, 0
CHECK 2026-07-30T05:35:36.107352 matches=0 nonzero=0 1520, 248.22, 0
4, 196.22, 0
CHECK 2026-07-30T05:35:36.253737 matches=0 nonzero=0 1520, 248.60, 0
4, 196.22, 0
CHECK 2026-07-30T05:35:36.522569 matches=0 nonzero=0 1520, 248.27, 0
4, 196.29, 0
CHECK 2026-07-30T05:35:37.018809 matches=0 nonzero=0 1520, 248.54, 0
4, 196.30, 0
CHECK 2026-07-30T05:35:37.334117 matches=0 nonzero=0 1520, 248.29, 0
4, 196.34, 0
CHECK 2026-07-30T05:35:37.482445 matches=0 nonzero=0 1520, 248.42, 0
4, 196.28, 0
CHECK 2026-07-30T05:35:37.761141 matches=0 nonzero=0 1520, 248.96, 1
4, 196.28, 0
CHECK 2026-07-30T05:35:38.126218 matches=0 nonzero=0 1520, 248.66, 0
4, 196.23, 0
CHECK 2026-07-30T05:35:38.269237 matches=0 nonzero=0 1520, 248.84, 0
4, 196.20, 0
CHECK 2026-07-30T05:35:38.590498 matches=0 nonzero=0 1520, 248.83, 1
4, 196.18, 0
CHECK 2026-07-30T05:35:38.943394 matches=0 nonzero=0 1520, 248.15, 0
4, 196.17, 0
CHECK 2026-07-30T05:35:39.452845 matches=0 nonzero=0 1520, 247.83, 0
4, 196.22, 0
CHECK 2026-07-30T05:35:39.604141 matches=0 nonzero=0 1520, 248.24, 1
4, 196.24, 0
CHECK 2026-07-30T05:35:39.913151 matches=0 nonzero=0 1520, 248.24, 0
4, 196.24, 0
CHECK 2026-07-30T05:35:40.054613 matches=0 nonzero=0 1520, 248.55, 0
4, 196.24, 0
CHECK 2026-07-30T05:35:40.383476 matches=0 nonzero=0 1520, 248.70, 1
4, 196.23, 0
CHECK 2026-07-30T05:35:40.656015 matches=0 nonzero=0 1520, 248.62, 0
4, 196.22, 0
CHECK 2026-07-30T05:35:40.986993 matches=0 nonzero=0 1520, 248.41, 0
4, 196.20, 0
CHECK 2026-07-30T05:35:41.131348 matches=0 nonzero=0 1520, 248.58, 1
4, 196.22, 0
CHECK 2026-07-30T05:35:41.420921 matches=0 nonzero=0 1520, 248.55, 0
4, 196.18, 0
CHECK 2026-07-30T05:35:41.734974 matches=0 nonzero=0 1520, 248.37, 1
4, 196.12, 0
CHECK 2026-07-30T05:35:42.079435 matches=0 nonzero=0 1520, 248.62, 0
4, 196.10, 0
CHECK 2026-07-30T05:35:42.446250 matches=0 nonzero=0 1520, 248.51, 0
4, 196.13, 0
CHECK 2026-07-30T05:35:42.592002 matches=0 nonzero=0 1520, 248.84, 1
4, 196.21, 0
CHECK 2026-07-30T05:35:42.902450 matches=0 nonzero=0 1520, 248.88, 0
4, 196.26, 0
CHECK 2026-07-30T05:35:43.163051 matches=0 nonzero=0 1520, 248.43, 1
4, 196.33, 0
CHECK 2026-07-30T05:35:43.459706 matches=0 nonzero=0 1520, 248.42, 0
4, 196.26, 0
CHECK 2026-07-30T05:35:43.612928 matches=0 nonzero=0 1520, 248.82, 0
4, 196.27, 0
CHECK 2026-07-30T05:35:43.932067 matches=0 nonzero=0 1520, 248.98, 0
4, 196.28, 0
CHECK 2026-07-30T05:35:44.073457 matches=0 nonzero=0 1520, 249.12, 0
4, 196.26, 0
CHECK 2026-07-30T05:35:44.419456 matches=0 nonzero=0 1520, 249.68, 0
4, 196.33, 0
CHECK 2026-07-30T05:35:44.656035 matches=0 nonzero=0 1520, 248.88, 0
4, 196.35, 0
CHECK 2026-07-30T05:35:44.808632 matches=0 nonzero=0 1520, 249.48, 1
4, 196.35, 0
CHECK 2026-07-30T05:35:45.141775 matches=0 nonzero=0 1520, 248.96, 0
4, 196.36, 0
CHECK 2026-07-30T05:35:45.291943 matches=0 nonzero=0 1520, 249.12, 1
4, 196.38, 0
CHECK 2026-07-30T05:35:45.440196 matches=0 nonzero=0 1520, 249.20, 0
4, 196.39, 0
CHECK 2026-07-30T05:35:45.583428 matches=0 nonzero=0 1520, 249.36, 1
4, 196.34, 0
CHECK 2026-07-30T05:35:45.842231 matches=0 nonzero=0 1520, 248.72, 0
4, 196.29, 0
CHECK 2026-07-30T05:35:45.989871 matches=0 nonzero=0 1520, 248.77, 0
4, 196.25, 0
CHECK 2026-07-30T05:35:46.133373 matches=0 nonzero=0 1520, 249.11, 1
4, 196.22, 0
CHECK 2026-07-30T05:35:46.274502 matches=0 nonzero=0 1520, 248.86, 0
4, 196.19, 0
CHECK 2026-07-30T05:35:46.596198 matches=0 nonzero=0 1520, 248.71, 0
4, 196.20, 0
CHECK 2026-07-30T05:35:46.743721 matches=0 nonzero=0 1520, 249.01, 1
4, 196.18, 0
CHECK 2026-07-30T05:35:46.890494 matches=0 nonzero=0 1520, 249.07, 1
4, 196.21, 0
CHECK 2026-07-30T05:35:47.033593 matches=0 nonzero=0 1520, 249.18, 0
4, 196.20, 0
CHECK 2026-07-30T05:35:47.330092 matches=0 nonzero=0 1520, 248.95, 0
4, 196.20, 0
CHECK 2026-07-30T05:35:47.473643 matches=0 nonzero=0 1520, 248.79, 0
4, 196.15, 0
CHECK 2026-07-30T05:35:47.836863 matches=0 nonzero=0 1520, 248.99, 0
4, 196.17, 0
CHECK 2026-07-30T05:35:47.977978 matches=0 nonzero=0 1520, 248.82, 0
4, 196.20, 0
CHECK 2026-07-30T05:35:48.125602 matches=0 nonzero=0 1520, 248.86, 1
4, 196.23, 0
CHECK 2026-07-30T05:35:48.475114 matches=0 nonzero=0 1520, 248.81, 0
4, 196.22, 0
CHECK 2026-07-30T05:35:48.625916 matches=0 nonzero=0 1520, 249.18, 0
4, 196.26, 0
CHECK 2026-07-30T05:35:48.770098 matches=0 nonzero=0 1520, 249.21, 0
4, 196.24, 0
CHECK 2026-07-30T05:35:48.917253 matches=0 nonzero=0 1520, 249.46, 1
4, 196.22, 0
CHECK 2026-07-30T05:35:49.061279 matches=0 nonzero=0 1520, 249.16, 1
4, 196.16, 0
CHECK 2026-07-30T05:35:49.213864 matches=0 nonzero=0 1520, 249.30, 1
4, 196.18, 0
CHECK 2026-07-30T05:35:49.360428 matches=0 nonzero=0 1520, 249.34, 0
4, 196.13, 0
CHECK 2026-07-30T05:35:49.512067 matches=0 nonzero=0 1520, 249.95, 1
4, 196.12, 0
CHECK 2026-07-30T05:35:49.713230 matches=0 nonzero=0 1520, 250.08, 0
4, 196.10, 0
CHECK 2026-07-30T05:35:49.948573 matches=0 nonzero=0 1520, 249.40, 0
4, 196.08, 0
CHECK 2026-07-30T05:35:50.092664 matches=0 nonzero=0 1520, 249.57, 1
4, 196.12, 0
CHECK 2026-07-30T05:35:50.239142 matches=0 nonzero=0 1520, 249.68, 0
4, 196.11, 0
CHECK 2026-07-30T05:35:50.382249 matches=0 nonzero=0 1520, 249.72, 0
4, 196.20, 0
CHECK 2026-07-30T05:35:50.527295 matches=0 nonzero=0 1520, 249.14, 1
4, 196.21, 0
CHECK 2026-07-30T05:35:50.669456 matches=0 nonzero=0 1520, 249.12, 1
4, 196.26, 0
CHECK 2026-07-30T05:35:50.818773 matches=0 nonzero=0 1520, 249.08, 0
4, 196.24, 0
CHECK 2026-07-30T05:35:51.320890 matches=0 nonzero=0 1520, 249.01, 0
4, 196.24, 0
CHECK 2026-07-30T05:35:51.466106 matches=0 nonzero=0 1520, 248.84, 1
4, 196.19, 0
CHECK 2026-07-30T05:35:51.618203 matches=0 nonzero=0 1520, 248.84, 1
4, 196.17, 0
CHECK 2026-07-30T05:35:51.761081 matches=0 nonzero=0 1520, 249.09, 0
4, 196.19, 0
CHECK 2026-07-30T05:35:51.910812 matches=0 nonzero=0 1520, 249.20, 1
4, 196.23, 0
CHECK 2026-07-30T05:35:52.057500 matches=0 nonzero=0 1520, 249.43, 0
4, 196.28, 0
CHECK 2026-07-30T05:35:52.207915 matches=0 nonzero=0 1520, 249.52, 0
4, 196.29, 0
CHECK 2026-07-30T05:35:52.354323 matches=0 nonzero=0 1520, 249.57, 1
4, 196.27, 0
CHECK 2026-07-30T05:35:52.505263 matches=0 nonzero=0 1520, 249.60, 1
4, 196.29, 0
CHECK 2026-07-30T05:35:52.654337 matches=0 nonzero=0 1520, 249.10, 0
4, 196.29, 0
CHECK 2026-07-30T05:35:52.804451 matches=0 nonzero=0 1520, 249.28, 0
4, 196.26, 0
CHECK 2026-07-30T05:35:52.954549 matches=0 nonzero=0 1520, 248.67, 1
4, 196.20, 0
CHECK 2026-07-30T05:35:53.106700 matches=0 nonzero=0 1520, 248.88, 1
4, 196.19, 0
CHECK 2026-07-30T05:35:53.251816 matches=0 nonzero=0 1520, 249.15, 0
4, 196.20, 0
CHECK 2026-07-30T05:35:53.509774 matches=0 nonzero=0 1520, 249.05, 0
4, 196.19, 0
CHECK 2026-07-30T05:35:53.654725 matches=0 nonzero=0 1520, 248.84, 0
4, 196.18, 0
CHECK 2026-07-30T05:35:53.991323 matches=0 nonzero=0 1520, 248.81, 0
4, 196.25, 0
CHECK 2026-07-30T05:35:54.133887 matches=0 nonzero=0 1520, 248.88, 1
4, 196.24, 0
CHECK 2026-07-30T05:35:54.274003 matches=0 nonzero=0 1520, 248.98, 1
4, 196.25, 0
CHECK 2026-07-30T05:35:54.420341 matches=0 nonzero=0 1520, 248.92, 0
4, 196.25, 0
CHECK 2026-07-30T05:35:54.563293 matches=0 nonzero=0 1520, 249.10, 0
4, 196.24, 0
CHECK 2026-07-30T05:35:54.714475 matches=0 nonzero=0 1520, 249.53, 1
4, 196.27, 0
CHECK 2026-07-30T05:35:54.979130 matches=0 nonzero=0 1520, 249.72, 1
4, 196.25, 0
CHECK 2026-07-30T05:35:55.218879 matches=0 nonzero=0 1520, 249.48, 1
4, 196.23, 0
CHECK 2026-07-30T05:35:55.361125 matches=0 nonzero=0 1520, 249.61, 0
4, 196.19, 0
CHECK 2026-07-30T05:35:55.512099 matches=0 nonzero=0 1520, 249.33, 0
4, 196.20, 0
CHECK 2026-07-30T05:35:55.816500 matches=0 nonzero=0 1520, 248.97, 0
4, 196.19, 0
CHECK 2026-07-30T05:35:55.959731 matches=0 nonzero=0 1520, 248.96, 0
4, 196.16, 0
CHECK 2026-07-30T05:35:56.110150 matches=0 nonzero=0 1520, 248.99, 0
4, 196.21, 0
CHECK 2026-07-30T05:35:56.381615 matches=0 nonzero=0 1520, 248.88, 0
4, 196.27, 0
CHECK 2026-07-30T05:35:56.530864 matches=0 nonzero=0 1520, 249.03, 1
4, 196.29, 0
CHECK 2026-07-30T05:35:56.673438 matches=0 nonzero=0 1520, 249.09, 1
4, 196.33, 0
CHECK 2026-07-30T05:35:56.819578 matches=0 nonzero=0 1520, 249.47, 1
4, 196.35, 0
CHECK 2026-07-30T05:35:56.963375 matches=0 nonzero=0 1520, 249.23, 1
4, 196.35, 0
CHECK 2026-07-30T05:35:57.310912 matches=0 nonzero=0 1520, 249.22, 0
4, 196.33, 0
CHECK 2026-07-30T05:35:57.458528 matches=0 nonzero=0 1520, 249.37, 0
4, 196.28, 0
CHECK 2026-07-30T05:35:57.606539 matches=0 nonzero=0 1520, 249.15, 1
4, 196.23, 0
CHECK 2026-07-30T05:35:57.923342 matches=0 nonzero=0 1520, 248.69, 0
4, 196.26, 0
CHECK 2026-07-30T05:35:58.077281 matches=0 nonzero=0 1520, 248.54, 1
4, 196.26, 0
CHECK 2026-07-30T05:35:58.226552 matches=0 nonzero=0 1520, 248.85, 0
4, 196.28, 0
CHECK 2026-07-30T05:35:58.525771 matches=0 nonzero=0 1520, 248.58, 0
4, 196.29, 0
CHECK 2026-07-30T05:35:58.669940 matches=0 nonzero=0 1520, 248.51, 1
4, 196.32, 0
CHECK 2026-07-30T05:35:58.820455 matches=0 nonzero=0 1520, 248.85, 0
4, 196.31, 0
CHECK 2026-07-30T05:35:59.108300 matches=0 nonzero=0 1520, 248.73, 0
4, 196.29, 0
CHECK 2026-07-30T05:35:59.406638 matches=0 nonzero=0 1520, 248.49, 1
4, 196.29, 0
CHECK 2026-07-30T05:35:59.745999 matches=0 nonzero=0 1520, 248.16, 1
4, 196.27, 0
CHECK 2026-07-30T05:36:00.049850 matches=0 nonzero=0 1520, 248.17, 0
4, 196.26, 0
CHECK 2026-07-30T05:36:00.210852 matches=0 nonzero=0 1520, 248.48, 1
4, 196.25, 0
CHECK 2026-07-30T05:36:00.559279 matches=0 nonzero=0 1520, 248.42, 0
4, 196.25, 0
CHECK 2026-07-30T05:36:00.712121 matches=0 nonzero=0 1520, 248.95, 0
4, 196.30, 0
CHECK 2026-07-30T05:36:01.003707 matches=0 nonzero=0 1520, 248.93, 0
4, 196.23, 0
CHECK 2026-07-30T05:36:01.157463 matches=0 nonzero=0 1520, 248.84, 1
4, 196.26, 0
CHECK 2026-07-30T05:36:01.309972 matches=0 nonzero=0 1520, 249.20, 0
4, 196.29, 0
CHECK 2026-07-30T05:36:01.575638 matches=0 nonzero=0 1520, 249.21, 0
4, 196.33, 0
CHECK 2026-07-30T05:36:01.718788 matches=0 nonzero=0 1520, 249.41, 1
4, 196.36, 0
CHECK 2026-07-30T05:36:02.009240 matches=0 nonzero=0 1520, 249.52, 1
4, 196.39, 0
CHECK 2026-07-30T05:36:02.354690 matches=0 nonzero=0 1520, 249.24, 1
4, 196.34, 0
CHECK 2026-07-30T05:36:02.622929 matches=0 nonzero=0 1520, 248.94, 0
4, 196.32, 0
CHECK 2026-07-30T05:36:02.768900 matches=0 nonzero=0 1520, 248.65, 0
4, 196.34, 0
CHECK 2026-07-30T05:36:02.917712 matches=0 nonzero=0 1520, 248.77, 1
4, 196.34, 0
CHECK 2026-07-30T05:36:03.059684 matches=0 nonzero=0 1520, 249.57, 0
4, 196.34, 0
CHECK 2026-07-30T05:36:03.411137 matches=0 nonzero=0 1520, 249.43, 1
4, 196.35, 0
CHECK 2026-07-30T05:36:03.731446 matches=0 nonzero=0 1520, 249.32, 1
4, 196.38, 0
CHECK 2026-07-30T05:36:04.048362 matches=0 nonzero=0 1520, 248.83, 0
4, 196.38, 0
CHECK 2026-07-30T05:36:04.191919 matches=0 nonzero=0 1520, 248.52, 0
4, 196.38, 0
CHECK 2026-07-30T05:36:04.334338 matches=0 nonzero=0 1520, 249.08, 1
4, 196.38, 0
CHECK 2026-07-30T05:36:04.478100 matches=0 nonzero=0 1520, 248.87, 1
4, 196.36, 0
CHECK 2026-07-30T05:36:04.621812 matches=0 nonzero=0 1520, 249.37, 0
4, 196.32, 0
CHECK 2026-07-30T05:36:04.906882 matches=0 nonzero=0 1520, 249.35, 0
4, 196.32, 0
CHECK 2026-07-30T05:36:05.260367 matches=0 nonzero=0 1520, 249.04, 0
4, 196.33, 0
CHECK 2026-07-30T05:36:05.581017 matches=0 nonzero=0 1520, 248.78, 0
4, 196.29, 0
CHECK 2026-07-30T05:36:06.023484 matches=0 nonzero=0 1520, 248.71, 0
4, 196.29, 0
CHECK 2026-07-30T05:36:06.207369 matches=0 nonzero=0 1520, 248.36, 1
4, 196.28, 0
CHECK 2026-07-30T05:36:06.488299 matches=0 nonzero=0 1520, 248.40, 0
4, 196.31, 0
CHECK 2026-07-30T05:36:06.769011 matches=0 nonzero=0 1520, 248.41, 0
4, 196.32, 0
CHECK 2026-07-30T05:36:06.931747 matches=0 nonzero=0 1520, 248.82, 1
4, 196.33, 0
CHECK 2026-07-30T05:36:07.071711 matches=0 nonzero=0 1520, 248.79, 1
4, 196.34, 0
CHECK 2026-07-30T05:36:07.218322 matches=0 nonzero=0 1520, 249.31, 0
4, 196.40, 0
CHECK 2026-07-30T05:36:07.522602 matches=0 nonzero=0 1520, 249.24, 1
4, 196.48, 0
CHECK 2026-07-30T05:36:07.797045 matches=0 nonzero=0 1520, 249.46, 1
4, 196.47, 0
CHECK 2026-07-30T05:36:08.144289 matches=0 nonzero=0 1520, 248.68, 1
4, 196.44, 0
CHECK 2026-07-30T05:36:08.432121 matches=0 nonzero=0 1520, 248.43, 0
4, 196.33, 0
CHECK 2026-07-30T05:36:08.790205 matches=0 nonzero=0 1520, 248.19, 1
4, 196.41, 0
CHECK 2026-07-30T05:36:09.069897 matches=0 nonzero=0 1520, 248.19, 0
4, 196.38, 0
CHECK 2026-07-30T05:36:09.377135 matches=0 nonzero=0 1520, 248.63, 1
4, 196.45, 0
CHECK 2026-07-30T05:36:09.675047 matches=0 nonzero=0 1520, 248.61, 0
4, 196.47, 0
CHECK 2026-07-30T05:36:09.824223 matches=0 nonzero=0 1520, 248.70, 0
4, 196.56, 0
CHECK 2026-07-30T05:36:10.107146 matches=0 nonzero=0 1520, 248.72, 0
4, 196.60, 0
CHECK 2026-07-30T05:36:10.254135 matches=0 nonzero=0 1520, 249.04, 0
4, 196.62, 0
CHECK 2026-07-30T05:36:10.515134 matches=0 nonzero=0 1520, 248.59, 0
4, 196.65, 0
CHECK 2026-07-30T05:36:10.657293 matches=0 nonzero=0 1520, 248.99, 1
4, 196.66, 0
CHECK 2026-07-30T05:36:10.806616 matches=0 nonzero=0 1520, 249.35, 1
4, 196.62, 0
CHECK 2026-07-30T05:36:11.044459 matches=0 nonzero=0 1520, 248.79, 0
4, 196.60, 0
CHECK 2026-07-30T05:36:11.514398 matches=0 nonzero=0 1520, 248.74, 0
4, 196.57, 0
CHECK 2026-07-30T05:36:11.695069 matches=0 nonzero=0 1520, 248.68, 1
4, 196.53, 0
CHECK 2026-07-30T05:36:11.842466 matches=0 nonzero=0 1520, 248.63, 0
4, 196.50, 0
CHECK 2026-07-30T05:36:12.082393 matches=0 nonzero=0 1520, 248.68, 0
4, 196.42, 0
CHECK 2026-07-30T05:36:12.352650 matches=0 nonzero=0 1520, 248.70, 0
4, 196.42, 0
CHECK 2026-07-30T05:36:12.496560 matches=0 nonzero=0 1520, 249.10, 0
4, 196.49, 0
CHECK 2026-07-30T05:36:12.770582 matches=0 nonzero=0 1520, 248.85, 1
4, 196.55, 0
CHECK 2026-07-30T05:36:13.046339 matches=0 nonzero=0 1520, 248.80, 0
4, 196.62, 0
CHECK 2026-07-30T05:36:13.400418 matches=0 nonzero=0 1520, 248.82, 0
4, 196.65, 0
CHECK 2026-07-30T05:36:13.553919 matches=0 nonzero=0 1520, 248.72, 1
4, 196.62, 0
CHECK 2026-07-30T05:36:13.832050 matches=0 nonzero=0 1520, 248.85, 0
4, 196.61, 0
CHECK 2026-07-30T05:36:13.976791 matches=0 nonzero=0 1520, 249.33, 1
4, 196.57, 0
CHECK 2026-07-30T05:36:14.256457 matches=0 nonzero=0 1520, 249.13, 0
4, 196.57, 0
CHECK 2026-07-30T05:36:14.404997 matches=0 nonzero=0 1520, 249.23, 0
4, 196.60, 0
CHECK 2026-07-30T05:36:14.549155 matches=0 nonzero=0 1520, 248.97, 1
4, 196.57, 0
CHECK 2026-07-30T05:36:14.693464 matches=0 nonzero=0 1520, 248.94, 1
4, 196.60, 0
CHECK 2026-07-30T05:36:14.835911 matches=0 nonzero=0 1520, 249.14, 0
4, 196.59, 0
CHECK 2026-07-30T05:36:14.976318 matches=0 nonzero=0 1520, 248.92, 1
4, 196.67, 0
CHECK 2026-07-30T05:36:15.247330 matches=0 nonzero=0 1520, 249.01, 0
4, 196.65, 0
CHECK 2026-07-30T05:36:15.409731 matches=0 nonzero=0 1520, 249.14, 0
4, 196.61, 0
CHECK 2026-07-30T05:36:15.551123 matches=0 nonzero=0 1520, 248.91, 0
4, 196.57, 0
CHECK 2026-07-30T05:36:16.026049 matches=0 nonzero=0 1520, 248.79, 0
4, 196.57, 0
CHECK 2026-07-30T05:36:16.167596 matches=0 nonzero=0 1520, 248.88, 1
4, 196.57, 0
CHECK 2026-07-30T05:36:16.427046 matches=0 nonzero=0 1520, 248.41, 0
4, 196.56, 0
CHECK 2026-07-30T05:36:16.949407 matches=0 nonzero=0 1520, 248.48, 0
4, 196.62, 0
CHECK 2026-07-30T05:36:17.145110 matches=0 nonzero=0 1520, 248.44, 1
4, 196.65, 0
CHECK 2026-07-30T05:36:17.289093 matches=0 nonzero=0 1520, 248.41, 1
4, 196.61, 0
CHECK 2026-07-30T05:36:17.641330 matches=0 nonzero=0 1520, 248.40, 0
4, 196.62, 0
CHECK 2026-07-30T05:36:17.781241 matches=0 nonzero=0 1520, 248.58, 1
4, 196.59, 0
CHECK 2026-07-30T05:36:18.056554 matches=0 nonzero=0 1520, 248.37, 0
4, 196.54, 0
CHECK 2026-07-30T05:36:18.206576 matches=0 nonzero=0 1520, 248.48, 1
4, 196.51, 0
CHECK 2026-07-30T05:36:18.479121 matches=0 nonzero=0 1520, 248.95, 0
4, 196.54, 0
CHECK 2026-07-30T05:36:18.844759 matches=0 nonzero=0 1520, 248.74, 0
4, 196.57, 0
CHECK 2026-07-30T05:36:18.988642 matches=0 nonzero=0 1520, 248.85, 0
4, 196.63, 0
CHECK 2026-07-30T05:36:19.133372 matches=0 nonzero=0 1520, 248.77, 0
4, 196.65, 0
CHECK 2026-07-30T05:36:19.632389 matches=0 nonzero=0 1520, 248.51, 0
4, 196.61, 0
CHECK 2026-07-30T05:36:19.774376 matches=0 nonzero=0 1520, 248.60, 0
4, 196.60, 0
CHECK 2026-07-30T05:36:19.925682 matches=0 nonzero=0 1520, 248.82, 1
4, 196.62, 0
CHECK 2026-07-30T05:36:20.217472 matches=0 nonzero=0 1520, 248.92, 0
4, 196.65, 0
CHECK 2026-07-30T05:36:20.520120 matches=0 nonzero=0 1520, 248.97, 0
4, 196.68, 0
CHECK 2026-07-30T05:36:20.668609 matches=0 nonzero=0 1520, 248.92, 0
4, 196.76, 0
CHECK 2026-07-30T05:36:21.021416 matches=0 nonzero=0 1520, 248.88, 0
4, 196.70, 0
CHECK 2026-07-30T05:36:21.329677 matches=0 nonzero=0 1520, 248.50, 0
4, 196.68, 0
CHECK 2026-07-30T05:36:21.469259 matches=0 nonzero=0 1520, 248.72, 1
4, 196.61, 0
CHECK 2026-07-30T05:36:21.618227 matches=0 nonzero=0 1520, 248.70, 0
4, 196.55, 0
CHECK 2026-07-30T05:36:21.875188 matches=0 nonzero=0 1520, 248.75, 0
4, 196.49, 0
CHECK 2026-07-30T05:36:22.024691 matches=0 nonzero=0 1520, 249.16, 0
4, 196.52, 0
CHECK 2026-07-30T05:36:22.385066 matches=0 nonzero=0 1520, 249.03, 1
4, 196.64, 0
CHECK 2026-07-30T05:36:22.637698 matches=0 nonzero=0 1520, 248.93, 0
4, 196.64, 0
CHECK 2026-07-30T05:36:22.781472 matches=0 nonzero=0 1520, 248.60, 0
4, 196.68, 0
CHECK 2026-07-30T05:36:23.280774 matches=0 nonzero=0 1520, 248.57, 0
4, 196.66, 0
CHECK 2026-07-30T05:36:23.429268 matches=0 nonzero=0 1520, 249.19, 0
4, 196.63, 0
CHECK 2026-07-30T05:36:23.577229 matches=0 nonzero=0 1520, 249.26, 0
4, 196.64, 0
CHECK 2026-07-30T05:36:23.722201 matches=0 nonzero=0 1520, 249.65, 1
4, 196.63, 0
CHECK 2026-07-30T05:36:23.865383 matches=0 nonzero=0 1520, 249.15, 1
4, 196.68, 0
CHECK 2026-07-30T05:36:24.016746 matches=0 nonzero=0 1520, 249.31, 1
4, 196.66, 0
CHECK 2026-07-30T05:36:24.158000 matches=0 nonzero=0 1520, 249.57, 0
4, 196.66, 0
CHECK 2026-07-30T05:36:24.310192 matches=0 nonzero=0 1520, 250.04, 1
4, 196.60, 0
CHECK 2026-07-30T05:36:24.456127 matches=0 nonzero=0 1520, 249.43, 0
4, 196.58, 0
CHECK 2026-07-30T05:36:24.823679 matches=0 nonzero=0 1520, 249.32, 0
4, 196.59, 0
CHECK 2026-07-30T05:36:25.079896 matches=0 nonzero=0 1520, 249.04, 0
4, 196.63, 0
CHECK 2026-07-30T05:36:25.226071 matches=0 nonzero=0 1520, 249.06, 0
4, 196.67, 0
CHECK 2026-07-30T05:36:25.517765 matches=0 nonzero=0 1520, 249.06, 0
4, 196.67, 0
CHECK 2026-07-30T05:36:25.659227 matches=0 nonzero=0 1520, 249.16, 1
4, 196.67, 0
CHECK 2026-07-30T05:36:25.816931 matches=0 nonzero=0 1520, 249.71, 0
4, 196.65, 0
CHECK 2026-07-30T05:36:26.111734 matches=0 nonzero=0 1520, 249.70, 0
4, 196.60, 0
CHECK 2026-07-30T05:36:26.254698 matches=0 nonzero=0 1520, 249.45, 0
4, 196.60, 0
CHECK 2026-07-30T05:36:26.402811 matches=0 nonzero=0 1520, 249.58, 0
4, 196.57, 0
CHECK 2026-07-30T05:36:26.550009 matches=0 nonzero=0 1520, 249.29, 1
4, 196.54, 0
CHECK 2026-07-30T05:36:26.693972 matches=0 nonzero=0 1520, 249.24, 1
4, 196.50, 0
CHECK 2026-07-30T05:36:26.953643 matches=0 nonzero=0 1520, 249.14, 0
4, 196.50, 0
CHECK 2026-07-30T05:36:27.107934 matches=0 nonzero=0 1520, 249.39, 0
4, 196.52, 0
CHECK 2026-07-30T05:36:27.440074 matches=0 nonzero=0 1520, 249.59, 0
4, 196.59, 0
CHECK 2026-07-30T05:36:27.805643 matches=0 nonzero=0 1520, 249.00, 0
4, 196.61, 0
CHECK 2026-07-30T05:36:27.954431 matches=0 nonzero=0 1520, 249.07, 1
4, 196.60, 0
CHECK 2026-07-30T05:36:28.104497 matches=0 nonzero=0 1520, 249.02, 0
4, 196.56, 0
CHECK 2026-07-30T05:36:28.377246 matches=0 nonzero=0 1520, 249.07, 0
4, 196.56, 0
CHECK 2026-07-30T05:36:28.525009 matches=0 nonzero=0 1520, 248.92, 1
4, 196.56, 0
CHECK 2026-07-30T05:36:28.791158 matches=0 nonzero=0 1520, 248.94, 1
4, 196.54, 0
CHECK 2026-07-30T05:36:28.938545 matches=0 nonzero=0 1520, 249.49, 1
4, 196.55, 0
CHECK 2026-07-30T05:36:29.080022 matches=0 nonzero=0 1520, 249.28, 1
4, 196.57, 0
CHECK 2026-07-30T05:36:29.225657 matches=0 nonzero=0 1520, 249.57, 1
4, 196.60, 0
CHECK 2026-07-30T05:36:29.367641 matches=0 nonzero=0 1520, 249.71, 0
4, 196.59, 0
CHECK 2026-07-30T05:36:29.517735 matches=0 nonzero=0 1520, 249.35, 1
4, 196.59, 0
CHECK 2026-07-30T05:36:29.658048 matches=0 nonzero=0 1520, 249.43, 1
4, 196.59, 0
CHECK 2026-07-30T05:36:29.808586 matches=0 nonzero=0 1520, 249.87, 1
4, 196.57, 0
CHECK 2026-07-30T05:36:29.951122 matches=0 nonzero=0 1520, 249.73, 1
4, 196.59, 0
CHECK 2026-07-30T05:36:30.095139 matches=0 nonzero=0 1520, 249.48, 1
4, 196.53, 0
CHECK 2026-07-30T05:36:30.347089 matches=0 nonzero=0 1520, 249.30, 0
4, 196.54, 0
CHECK 2026-07-30T05:36:30.491944 matches=0 nonzero=0 1520, 249.48, 1
4, 196.52, 0
CHECK 2026-07-30T05:36:30.761036 matches=0 nonzero=0 1520, 249.09, 0
4, 196.52, 0
CHECK 2026-07-30T05:36:30.912242 matches=0 nonzero=0 1520, 249.10, 1
4, 196.51, 0
CHECK 2026-07-30T05:36:31.053853 matches=0 nonzero=0 1520, 249.14, 0
4, 196.51, 0
CHECK 2026-07-30T05:36:31.197987 matches=0 nonzero=0 1520, 249.16, 0
4, 196.55, 0
CHECK 2026-07-30T05:36:31.342717 matches=0 nonzero=0 1520, 249.44, 1
4, 196.53, 0
CHECK 2026-07-30T05:36:31.482867 matches=0 nonzero=0 1520, 249.32, 1
4, 196.55, 0
CHECK 2026-07-30T05:36:31.624689 matches=0 nonzero=0 1520, 249.21, 1
4, 196.54, 0
CHECK 2026-07-30T05:36:31.765219 matches=0 nonzero=0 1520, 249.20, 0
4, 196.53, 0
CHECK 2026-07-30T05:36:31.916669 matches=0 nonzero=0 1520, 249.31, 1
4, 196.43, 0
CHECK 2026-07-30T05:36:32.157446 matches=0 nonzero=0 1520, 249.09, 1
4, 196.36, 0
CHECK 2026-07-30T05:36:32.502807 matches=0 nonzero=0 1520, 249.04, 0
4, 196.33, 0
CHECK 2026-07-30T05:36:32.755326 matches=0 nonzero=0 1520, 249.07, 0
4, 196.35, 0
CHECK 2026-07-30T05:36:32.909662 matches=0 nonzero=0 1520, 249.27, 1
4, 196.38, 0
CHECK 2026-07-30T05:36:33.053219 matches=0 nonzero=0 1520, 249.39, 0
4, 196.45, 0
CHECK 2026-07-30T05:36:33.386921 matches=0 nonzero=0 1520, 249.01, 0
4, 196.48, 0
CHECK 2026-07-30T05:36:33.532554 matches=0 nonzero=0 1520, 249.15, 1
4, 196.45, 0
CHECK 2026-07-30T05:36:33.674408 matches=0 nonzero=0 1520, 249.63, 1
4, 196.50, 0
CHECK 2026-07-30T05:36:33.940464 matches=0 nonzero=0 1520, 249.20, 1
4, 196.44, 0
CHECK 2026-07-30T05:36:34.278932 matches=0 nonzero=0 1520, 249.26, 0
4, 196.40, 0
CHECK 2026-07-30T05:36:34.423568 matches=0 nonzero=0 1520, 249.79, 0
4, 196.38, 0
CHECK 2026-07-30T05:36:34.565302 matches=0 nonzero=0 1520, 249.51, 1
4, 196.40, 0
CHECK 2026-07-30T05:36:34.851684 matches=0 nonzero=0 1520, 249.24, 0
4, 196.38, 0
CHECK 2026-07-30T05:36:35.003764 matches=0 nonzero=0 1520, 249.15, 1
4, 196.41, 0
CHECK 2026-07-30T05:36:35.308413 matches=0 nonzero=0 1520, 248.71, 0
4, 196.39, 0
CHECK 2026-07-30T05:36:35.622284 matches=0 nonzero=0 1520, 248.59, 0
4, 196.39, 0
CHECK 2026-07-30T05:36:35.959580 matches=0 nonzero=0 1520, 248.65, 1
4, 196.46, 0
CHECK 2026-07-30T05:36:36.238267 matches=0 nonzero=0 1520, 248.93, 0
4, 196.46, 0
CHECK 2026-07-30T05:36:36.383613 matches=0 nonzero=0 1520, 248.82, 0
4, 196.53, 0
CHECK 2026-07-30T05:36:36.527880 matches=0 nonzero=0 1520, 248.93, 1
4, 196.55, 0
CHECK 2026-07-30T05:36:36.668331 matches=0 nonzero=0 1520, 249.34, 1
4, 196.60, 0
CHECK 2026-07-30T05:36:36.948162 matches=0 nonzero=0 1520, 249.36, 0
4, 196.58, 0
CHECK 2026-07-30T05:36:37.098633 matches=0 nonzero=0 1520, 249.08, 1
4, 196.51, 0
CHECK 2026-07-30T05:36:37.242369 matches=0 nonzero=0 1520, 249.35, 0
4, 196.48, 0
CHECK 2026-07-30T05:36:37.529891 matches=0 nonzero=0 1520, 249.13, 1
4, 196.45, 0
CHECK 2026-07-30T05:36:37.873344 matches=0 nonzero=0 1520, 248.92, 0
4, 196.45, 0
CHECK 2026-07-30T05:36:38.023046 matches=0 nonzero=0 1520, 248.61, 0
4, 196.52, 0
CHECK 2026-07-30T05:36:38.358056 matches=0 nonzero=0 1520, 248.92, 1
4, 196.51, 0
CHECK 2026-07-30T05:36:38.770717 matches=0 nonzero=0 1520, 248.98, 1
4, 196.47, 0
CHECK 2026-07-30T05:36:39.060963 matches=0 nonzero=0 1520, 249.05, 0
4, 196.44, 0
CHECK 2026-07-30T05:36:39.348222 matches=0 nonzero=0 1520, 248.82, 1
4, 196.50, 0
CHECK 2026-07-30T05:36:39.644694 matches=0 nonzero=0 1520, 248.87, 0
4, 196.50, 0
CHECK 2026-07-30T05:36:39.792644 matches=0 nonzero=0 1520, 248.86, 0
4, 196.57, 0
CHECK 2026-07-30T05:36:39.936973 matches=0 nonzero=0 1520, 249.20, 1
4, 196.56, 0
CHECK 2026-07-30T05:36:40.117387 matches=0 nonzero=0 1520, 249.18, 1
4, 196.50, 0
CHECK 2026-07-30T05:36:40.363951 matches=0 nonzero=0 1520, 249.22, 1
4, 196.48, 0
CHECK 2026-07-30T05:36:40.517318 matches=0 nonzero=0 1520, 249.17, 1
4, 196.40, 0
CHECK 2026-07-30T05:36:40.660255 matches=0 nonzero=0 1520, 250.10, 1
4, 196.39, 0
CHECK 2026-07-30T05:36:40.966486 matches=0 nonzero=0 1520, 249.13, 1
4, 196.43, 0
CHECK 2026-07-30T05:36:41.309762 matches=0 nonzero=0 1520, 249.06, 0
4, 196.39, 0
CHECK 2026-07-30T05:36:41.457925 matches=0 nonzero=0 1520, 249.27, 0
4, 196.46, 0
CHECK 2026-07-30T05:36:41.728099 matches=0 nonzero=0 1520, 248.83, 0
4, 196.42, 0
CHECK 2026-07-30T05:36:41.868528 matches=0 nonzero=0 1520, 249.09, 1
4, 196.47, 0
CHECK 2026-07-30T05:36:42.161036 matches=0 nonzero=0 1520, 249.01, 0
4, 196.46, 0
CHECK 2026-07-30T05:36:42.313335 matches=0 nonzero=0 1520, 249.10, 1
4, 196.50, 0
CHECK 2026-07-30T05:36:42.475370 matches=0 nonzero=0 1520, 249.01, 0
4, 196.48, 0
CHECK 2026-07-30T05:36:42.776946 matches=0 nonzero=0 1520, 248.84, 0
4, 196.48, 0
CHECK 2026-07-30T05:36:42.923994 matches=0 nonzero=0 1520, 248.78, 0
4, 196.47, 0
CHECK 2026-07-30T05:36:43.407360 matches=0 nonzero=0 1520, 248.51, 0
4, 196.42, 0
CHECK 2026-07-30T05:36:43.556806 matches=0 nonzero=0 1520, 248.53, 1
4, 196.39, 0
CHECK 2026-07-30T05:36:43.829685 matches=0 nonzero=0 1520, 248.54, 0
4, 196.42, 0
CHECK 2026-07-30T05:36:44.234731 matches=0 nonzero=0 1520, 248.93, 0
4, 196.43, 0
CHECK 2026-07-30T05:36:44.409869 matches=0 nonzero=0 1520, 248.78, 1
4, 196.48, 0
CHECK 2026-07-30T05:36:44.687301 matches=0 nonzero=0 1520, 248.77, 0
4, 196.46, 0
CHECK 2026-07-30T05:36:44.979872 matches=0 nonzero=0 1520, 248.55, 0
4, 196.42, 0
CHECK 2026-07-30T05:36:45.142712 matches=0 nonzero=0 1520, 249.18, 1
4, 196.41, 0
CHECK 2026-07-30T05:36:45.284636 matches=0 nonzero=0 1520, 248.81, 0
4, 196.33, 0
CHECK 2026-07-30T05:36:45.746531 matches=0 nonzero=0 1520, 248.66, 0
4, 196.34, 0
CHECK 2026-07-30T05:36:45.893960 matches=0 nonzero=0 1520, 248.67, 1
4, 196.32, 0
CHECK 2026-07-30T05:36:46.042077 matches=0 nonzero=0 1520, 248.38, 0
4, 196.29, 0
CHECK 2026-07-30T05:36:46.354426 matches=0 nonzero=0 1520, 248.49, 1
4, 196.32, 0
CHECK 2026-07-30T05:36:46.687552 matches=0 nonzero=0 1520, 248.50, 0
4, 196.38, 0
CHECK 2026-07-30T05:36:46.836362 matches=0 nonzero=0 1520, 248.82, 0
4, 196.42, 0
CHECK 2026-07-30T05:36:47.122118 matches=0 nonzero=0 1520, 248.81, 1
4, 196.44, 0
CHECK 2026-07-30T05:36:47.411716 matches=0 nonzero=0 1520, 248.74, 1
4, 196.41, 0
CHECK 2026-07-30T05:36:47.701374 matches=0 nonzero=0 1520, 248.68, 0
4, 196.27, 0
CHECK 2026-07-30T05:36:48.003704 matches=0 nonzero=0 1520, 248.68, 0
4, 196.28, 0
CHECK 2026-07-30T05:36:48.161101 matches=0 nonzero=0 1520, 249.31, 1
4, 196.27, 0
CHECK 2026-07-30T05:36:48.311811 matches=0 nonzero=0 1520, 249.60, 1
4, 196.26, 0
CHECK 2026-07-30T05:36:48.585595 matches=0 nonzero=0 1520, 249.59, 1
4, 196.27, 0
CHECK 2026-07-30T05:36:48.855194 matches=0 nonzero=0 1520, 249.28, 0
4, 196.27, 0
CHECK 2026-07-30T05:36:49.008238 matches=0 nonzero=0 1520, 249.38, 1
4, 196.28, 0
CHECK 2026-07-30T05:36:49.324054 matches=0 nonzero=0 1520, 248.70, 1
4, 196.27, 0
CHECK 2026-07-30T05:36:49.754795 matches=0 nonzero=0 1520, 248.25, 0
4, 196.35, 0
CHECK 2026-07-30T05:36:50.245374 matches=0 nonzero=0 1520, 248.35, 0
4, 196.33, 0
CHECK 2026-07-30T05:36:50.407490 matches=0 nonzero=0 1520, 248.46, 1
4, 196.34, 0
CHECK 2026-07-30T05:36:50.687659 matches=0 nonzero=0 1520, 248.34, 0
4, 196.33, 0
CHECK 2026-07-30T05:36:51.196779 matches=0 nonzero=0 1520, 248.34, 0
4, 196.37, 0
CHECK 2026-07-30T05:36:51.353501 matches=0 nonzero=0 1520, 248.81, 1
4, 196.34, 0
CHECK 2026-07-30T05:36:51.700130 matches=0 nonzero=0 1520, 248.85, 0
4, 196.29, 0
CHECK 2026-07-30T05:36:52.046544 matches=0 nonzero=0 1520, 249.01, 0
4, 196.32, 0
CHECK 2026-07-30T05:36:52.191801 matches=0 nonzero=0 1520, 248.90, 1
4, 196.34, 0
CHECK 2026-07-30T05:36:52.497350 matches=0 nonzero=0 1520, 248.91, 0
4, 196.40, 0
CHECK 2026-07-30T05:36:52.784235 matches=0 nonzero=0 1520, 248.63, 0
4, 196.38, 0
CHECK 2026-07-30T05:36:52.929843 matches=0 nonzero=0 1520, 248.84, 1
4, 196.38, 0
CHECK 2026-07-30T05:36:53.227730 matches=0 nonzero=0 1520, 248.52, 0
4, 196.34, 0
CHECK 2026-07-30T05:36:53.571947 matches=0 nonzero=0 1520, 248.46, 1
4, 196.31, 0
CHECK 2026-07-30T05:36:53.859699 matches=0 nonzero=0 1520, 248.79, 0
4, 196.30, 0
CHECK 2026-07-30T05:36:54.012128 matches=0 nonzero=0 1520, 248.79, 0
4, 196.28, 0
CHECK 2026-07-30T05:36:54.154893 matches=0 nonzero=0 1520, 249.35, 1
4, 196.28, 0
CHECK 2026-07-30T05:36:54.300309 matches=0 nonzero=0 1520, 249.22, 1
4, 196.27, 0
CHECK 2026-07-30T05:36:54.448551 matches=0 nonzero=0 1520, 249.97, 0
4, 196.29, 0
CHECK 2026-07-30T05:36:54.602131 matches=0 nonzero=0 1520, 249.95, 0
4, 196.32, 0
CHECK 2026-07-30T05:36:54.756102 matches=0 nonzero=0 1520, 250.22, 1
4, 196.33, 0
CHECK 2026-07-30T05:36:54.908026 matches=0 nonzero=0 1520, 249.74, 0
4, 196.35, 0
CHECK 2026-07-30T05:36:55.250092 matches=0 nonzero=0 1520, 249.15, 0
4, 196.42, 0
CHECK 2026-07-30T05:36:55.601937 matches=0 nonzero=0 1520, 248.86, 1
4, 196.42, 0
CHECK 2026-07-30T05:36:55.880729 matches=0 nonzero=0 1520, 248.42, 0
4, 196.40, 0
CHECK 2026-07-30T05:36:56.028681 matches=0 nonzero=0 1520, 248.35, 0
4, 196.37, 0
CHECK 2026-07-30T05:36:56.306562 matches=0 nonzero=0 1520, 248.22, 0
4, 196.34, 0
CHECK 2026-07-30T05:36:56.580844 matches=0 nonzero=0 1520, 248.23, 0
4, 196.33, 0
CHECK 2026-07-30T05:36:56.729459 matches=0 nonzero=0 1520, 248.41, 1
4, 196.30, 0
CHECK 2026-07-30T05:36:57.057187 matches=0 nonzero=0 1520, 248.34, 0
4, 196.33, 0
CHECK 2026-07-30T05:36:57.205461 matches=0 nonzero=0 1520, 248.35, 0
4, 196.35, 0
CHECK 2026-07-30T05:36:57.351059 matches=0 nonzero=0 1520, 248.58, 1
4, 196.34, 0
CHECK 2026-07-30T05:36:57.493630 matches=0 nonzero=0 1520, 248.81, 1
4, 196.39, 0
CHECK 2026-07-30T05:36:57.778494 matches=0 nonzero=0 1520, 248.52, 0
4, 196.39, 0
CHECK 2026-07-30T05:36:57.927777 matches=0 nonzero=0 1520, 249.11, 1
4, 196.34, 0
CHECK 2026-07-30T05:36:58.218112 matches=0 nonzero=0 1520, 249.08, 1
4, 196.32, 0
CHECK 2026-07-30T05:36:58.361984 matches=0 nonzero=0 1520, 249.15, 0
4, 196.33, 0
CHECK 2026-07-30T05:36:58.514551 matches=0 nonzero=0 1520, 249.21, 1
4, 196.29, 0
CHECK 2026-07-30T05:36:58.657064 matches=0 nonzero=0 1520, 249.82, 1
4, 196.23, 0
CHECK 2026-07-30T05:36:58.955754 matches=0 nonzero=0 1520, 249.43, 0
4, 196.26, 0
CHECK 2026-07-30T05:36:59.107806 matches=0 nonzero=0 1520, 249.42, 1
4, 196.19, 0
CHECK 2026-07-30T05:36:59.252479 matches=0 nonzero=0 1520, 249.45, 0
4, 196.20, 0
CHECK 2026-07-30T05:36:59.557914 matches=0 nonzero=0 1520, 249.45, 0
4, 196.19, 0
CHECK 2026-07-30T05:36:59.711751 matches=0 nonzero=0 1520, 249.52, 1
4, 196.27, 0
CHECK 2026-07-30T05:36:59.857048 matches=0 nonzero=0 1520, 249.75, 0
4, 196.26, 0
CHECK 2026-07-30T05:37:00.009777 matches=0 nonzero=0 1520, 249.82, 1
4, 196.28, 0
CHECK 2026-07-30T05:37:00.259842 matches=0 nonzero=0 1520, 249.59, 0
4, 196.24, 0
CHECK 2026-07-30T05:37:00.578908 matches=0 nonzero=0 1520, 249.51, 0
4, 196.18, 0
CHECK 2026-07-30T05:37:00.733312 matches=0 nonzero=0 1520, 249.62, 1
4, 196.18, 0
CHECK 2026-07-30T05:37:01.028954 matches=0 nonzero=0 1520, 249.15, 1
4, 196.18, 0
CHECK 2026-07-30T05:37:01.171844 matches=0 nonzero=0 1520, 249.19, 1
4, 196.16, 0
CHECK 2026-07-30T05:37:01.445495 matches=0 nonzero=0 1520, 249.02, 0
4, 196.23, 0
CHECK 2026-07-30T05:37:01.722823 matches=0 nonzero=0 1520, 248.55, 0
4, 196.15, 0
CHECK 2026-07-30T05:37:01.869549 matches=0 nonzero=0 1520, 248.34, 1
4, 196.20, 0
CHECK 2026-07-30T05:37:02.019387 matches=0 nonzero=0 1520, 248.92, 0
4, 196.18, 0
CHECK 2026-07-30T05:37:02.332241 matches=0 nonzero=0 1520, 248.72, 0
4, 196.19, 0
CHECK 2026-07-30T05:37:02.480368 matches=0 nonzero=0 1520, 248.93, 1
4, 196.15, 0
CHECK 2026-07-30T05:37:02.629760 matches=0 nonzero=0 1520, 249.52, 1
4, 196.15, 0
CHECK 2026-07-30T05:37:02.774300 matches=0 nonzero=0 1520, 249.98, 1
4, 196.23, 0
CHECK 2026-07-30T05:37:03.041025 matches=0 nonzero=0 1520, 249.27, 0
4, 196.28, 0
CHECK 2026-07-30T05:37:03.573961 matches=0 nonzero=0 1520, 248.62, 0
4, 196.26, 0
CHECK 2026-07-30T05:37:03.731359 matches=0 nonzero=0 1520, 248.64, 1
4, 196.18, 0
CHECK 2026-07-30T05:37:03.877389 matches=0 nonzero=0 1520, 248.68, 1
4, 196.19, 0
CHECK 2026-07-30T05:37:04.025814 matches=0 nonzero=0 1520, 248.98, 1
4, 196.16, 0
CHECK 2026-07-30T05:37:04.169192 matches=0 nonzero=0 1520, 249.07, 1
4, 196.20, 0
CHECK 2026-07-30T05:37:04.488048 matches=0 nonzero=0 1520, 249.07, 0
4, 196.26, 0
CHECK 2026-07-30T05:37:04.639061 matches=0 nonzero=0 1520, 249.07, 0
4, 196.24, 0
CHECK 2026-07-30T05:37:04.952487 matches=0 nonzero=0 1520, 248.90, 0
4, 196.21, 0
CHECK 2026-07-30T05:37:05.109713 matches=0 nonzero=0 1520, 248.71, 0
4, 196.14, 0
CHECK 2026-07-30T05:37:05.475594 matches=0 nonzero=0 1520, 248.74, 0
4, 196.14, 0
CHECK 2026-07-30T05:37:05.624273 matches=0 nonzero=0 1520, 248.64, 0
4, 196.18, 0
CHECK 2026-07-30T05:37:05.765546 matches=0 nonzero=0 1520, 248.63, 1
4, 196.19, 0
CHECK 2026-07-30T05:37:06.036532 matches=0 nonzero=0 1520, 248.65, 0
4, 196.21, 0
CHECK 2026-07-30T05:37:06.390434 matches=0 nonzero=0 1520, 248.80, 1
4, 196.15, 0
CHECK 2026-07-30T05:37:06.727596 matches=0 nonzero=0 1520, 248.68, 0
4, 196.17, 0
CHECK 2026-07-30T05:37:06.875384 matches=0 nonzero=0 1520, 248.65, 0
4, 196.23, 0
CHECK 2026-07-30T05:37:07.205685 matches=0 nonzero=0 1520, 248.49, 0
4, 196.24, 0
CHECK 2026-07-30T05:37:07.719287 matches=0 nonzero=0 1520, 248.43, 0
4, 196.19, 0
CHECK 2026-07-30T05:37:08.264970 matches=0 nonzero=0 1520, 248.26, 0
4, 196.26, 0
CHECK 2026-07-30T05:37:08.440858 matches=0 nonzero=0 1520, 248.40, 0
4, 196.26, 0
CHECK 2026-07-30T05:37:08.587696 matches=0 nonzero=0 1520, 249.09, 1
4, 196.29, 0
CHECK 2026-07-30T05:37:08.865023 matches=0 nonzero=0 1520, 248.61, 0
4, 196.30, 0
CHECK 2026-07-30T05:37:09.017494 matches=0 nonzero=0 1520, 249.11, 0
4, 196.29, 0
CHECK 2026-07-30T05:37:09.304064 matches=0 nonzero=0 1520, 249.11, 0
4, 196.29, 0
CHECK 2026-07-30T05:37:09.483480 matches=0 nonzero=0 1520, 248.64, 0
4, 196.24, 0
CHECK 2026-07-30T05:37:09.844478 matches=0 nonzero=0 1520, 248.75, 0
4, 196.23, 0
CHECK 2026-07-30T05:37:09.996781 matches=0 nonzero=0 1520, 248.68, 1
4, 196.18, 0
CHECK 2026-07-30T05:37:10.355276 matches=0 nonzero=0 1520, 248.73, 0
4, 196.15, 0
CHECK 2026-07-30T05:37:10.505748 matches=0 nonzero=0 1520, 248.72, 0
4, 196.10, 0
CHECK 2026-07-30T05:37:10.825276 matches=0 nonzero=0 1520, 248.73, 0
4, 196.16, 0
CHECK 2026-07-30T05:37:10.966219 matches=0 nonzero=0 1520, 248.55, 1
4, 196.19, 0
CHECK 2026-07-30T05:37:11.229749 matches=0 nonzero=0 1520, 248.47, 0
4, 196.21, 0
CHECK 2026-07-30T05:37:11.726558 matches=0 nonzero=0 1520, 248.52, 0
4, 196.22, 0
CHECK 2026-07-30T05:37:11.870976 matches=0 nonzero=0 1520, 248.76, 1
4, 196.18, 0
CHECK 2026-07-30T05:37:12.161311 matches=0 nonzero=0 1520, 248.49, 1
4, 196.23, 0
CHECK 2026-07-30T05:37:12.459741 matches=0 nonzero=0 1520, 248.65, 0
4, 196.24, 0
CHECK 2026-07-30T05:37:12.611552 matches=0 nonzero=0 1520, 248.71, 0
4, 196.21, 0
CHECK 2026-07-30T05:37:12.757124 matches=0 nonzero=0 1520, 249.17, 1
4, 196.15, 0
CHECK 2026-07-30T05:37:13.081781 matches=0 nonzero=0 1520, 248.97, 0
4, 196.13, 0
CHECK 2026-07-30T05:37:13.227786 matches=0 nonzero=0 1520, 249.05, 0
4, 196.12, 0
CHECK 2026-07-30T05:37:13.549679 matches=0 nonzero=0 1520, 248.93, 0
4, 196.11, 0
CHECK 2026-07-30T05:37:13.694142 matches=0 nonzero=0 1520, 248.62, 0
4, 196.19, 0
CHECK 2026-07-30T05:37:14.253043 matches=0 nonzero=0 1520, 248.64, 0
4, 196.14, 0
CHECK 2026-07-30T05:37:14.412802 matches=0 nonzero=0 1520, 248.67, 0
4, 196.20, 0
CHECK 2026-07-30T05:37:14.558880 matches=0 nonzero=0 1520, 249.16, 0
4, 196.18, 0
CHECK 2026-07-30T05:37:14.710478 matches=0 nonzero=0 1520, 249.19, 1
4, 196.15, 0
CHECK 2026-07-30T05:37:14.857726 matches=0 nonzero=0 1520, 249.12, 0
4, 196.12, 0
CHECK 2026-07-30T05:37:15.145785 matches=0 nonzero=0 1520, 249.24, 0
4, 196.11, 0
CHECK 2026-07-30T05:37:15.297746 matches=0 nonzero=0 1520, 249.03, 1
4, 196.12, 0
CHECK 2026-07-30T05:37:15.445773 matches=0 nonzero=0 1520, 249.43, 0
4, 196.09, 0
CHECK 2026-07-30T05:37:15.591137 matches=0 nonzero=0 1520, 249.08, 1
4, 196.06, 0
CHECK 2026-07-30T05:37:15.885109 matches=0 nonzero=0 1520, 248.87, 0
4, 196.07, 0
CHECK 2026-07-30T05:37:16.032192 matches=0 nonzero=0 1520, 249.08, 0
4, 196.11, 0
CHECK 2026-07-30T05:37:16.175618 matches=0 nonzero=0 1520, 249.33, 1
4, 196.13, 0
CHECK 2026-07-30T05:37:16.458412 matches=0 nonzero=0 1520, 249.19, 0
4, 196.15, 0
CHECK 2026-07-30T05:37:16.608476 matches=0 nonzero=0 1520, 249.21, 0
4, 196.21, 0
CHECK 2026-07-30T05:37:17.040207 matches=0 nonzero=0 1520, 249.13, 0
4, 196.13, 0
CHECK 2026-07-30T05:37:17.322766 matches=0 nonzero=0 1520, 248.99, 0
4, 196.13, 0
CHECK 2026-07-30T05:37:17.467597 matches=0 nonzero=0 1520, 248.70, 1
4, 196.12, 0
CHECK 2026-07-30T05:37:18.010972 matches=0 nonzero=0 1520, 248.34, 0
4, 196.14, 0
CHECK 2026-07-30T05:37:18.173368 matches=0 nonzero=0 1520, 248.13, 1
4, 196.13, 0
CHECK 2026-07-30T05:37:18.329358 matches=0 nonzero=0 1520, 248.43, 1
4, 196.16, 0
CHECK 2026-07-30T05:37:18.474304 matches=0 nonzero=0 1520, 248.68, 0
4, 196.12, 0
CHECK 2026-07-30T05:37:18.799138 matches=0 nonzero=0 1520, 249.24, 1
4, 196.12, 0
CHECK 2026-07-30T05:37:19.119848 matches=0 nonzero=0 1520, 249.00, 0
4, 196.12, 0
CHECK 2026-07-30T05:37:19.270049 matches=0 nonzero=0 1520, 249.12, 1
4, 196.15, 0
CHECK 2026-07-30T05:37:19.422190 matches=0 nonzero=0 1520, 249.16, 1
4, 196.12, 0
CHECK 2026-07-30T05:37:19.567052 matches=0 nonzero=0 1520, 248.97, 0
4, 196.12, 0
CHECK 2026-07-30T05:37:19.718437 matches=0 nonzero=0 1520, 249.15, 1
4, 196.12, 0
CHECK 2026-07-30T05:37:19.862025 matches=0 nonzero=0 1520, 248.80, 1
4, 196.14, 0
CHECK 2026-07-30T05:37:20.016931 matches=0 nonzero=0 1520, 248.92, 1
4, 196.10, 0
CHECK 2026-07-30T05:37:20.161697 matches=0 nonzero=0 1520, 248.61, 0
4, 196.12, 0
CHECK 2026-07-30T05:37:20.313601 matches=0 nonzero=0 1520, 248.81, 1
4, 196.11, 0
CHECK 2026-07-30T05:37:20.462732 matches=0 nonzero=0 1520, 248.77, 1
4, 196.12, 0
CHECK 2026-07-30T05:37:20.721952 matches=0 nonzero=0 1520, 248.55, 1
4, 196.12, 0
CHECK 2026-07-30T05:37:21.042606 matches=0 nonzero=0 1520, 248.42, 0
4, 196.14, 0
CHECK 2026-07-30T05:37:21.201072 matches=0 nonzero=0 1520, 248.48, 0
4, 196.10, 0
CHECK 2026-07-30T05:37:21.346999 matches=0 nonzero=0 1520, 248.44, 1
4, 196.13, 0
CHECK 2026-07-30T05:37:21.488619 matches=0 nonzero=0 1520, 248.43, 1
4, 196.17, 0
CHECK 2026-07-30T05:37:21.633725 matches=0 nonzero=0 1520, 248.38, 1
4, 196.20, 0
CHECK 2026-07-30T05:37:21.777225 matches=0 nonzero=0 1520, 248.70, 0
4, 196.23, 0
CHECK 2026-07-30T05:37:21.927610 matches=0 nonzero=0 1520, 249.23, 1
4, 196.22, 0
CHECK 2026-07-30T05:37:22.073011 matches=0 nonzero=0 1520, 249.16, 1
4, 196.19, 0
CHECK 2026-07-30T05:37:22.221774 matches=0 nonzero=0 1520, 249.07, 0
4, 196.20, 0
CHECK 2026-07-30T05:37:22.524964 matches=0 nonzero=0 1520, 249.05, 0
4, 196.18, 0
CHECK 2026-07-30T05:37:22.685047 matches=0 nonzero=0 1520, 248.78, 1
4, 196.15, 0
CHECK 2026-07-30T05:37:22.829728 matches=0 nonzero=0 1520, 248.81, 1
4, 196.10, 0
CHECK 2026-07-30T05:37:22.973323 matches=0 nonzero=0 1520, 248.34, 0
4, 196.12, 0
CHECK 2026-07-30T05:37:23.123385 matches=0 nonzero=0 1520, 248.68, 1
4, 196.11, 0
CHECK 2026-07-30T05:37:23.266868 matches=0 nonzero=0 1520, 248.63, 1
4, 196.10, 0
CHECK 2026-07-30T05:37:23.418908 matches=0 nonzero=0 1520, 248.78, 1
4, 196.06, 0
CHECK 2026-07-30T05:37:23.563986 matches=0 nonzero=0 1520, 249.18, 0
4, 196.05, 0
CHECK 2026-07-30T05:37:23.712141 matches=0 nonzero=0 1520, 249.31, 1
4, 196.04, 0
CHECK 2026-07-30T05:37:23.857767 matches=0 nonzero=0 1520, 249.78, 0
4, 196.06, 0
CHECK 2026-07-30T05:37:24.008973 matches=0 nonzero=0 1520, 249.80, 0
4, 196.10, 0
CHECK 2026-07-30T05:37:24.152916 matches=0 nonzero=0 1520, 249.81, 1
4, 196.12, 0
CHECK 2026-07-30T05:37:24.488116 matches=0 nonzero=0 1520, 249.15, 0
4, 196.11, 0
CHECK 2026-07-30T05:37:24.844135 matches=0 nonzero=0 1520, 248.89, 0
4, 196.07, 0
CHECK 2026-07-30T05:37:25.004886 matches=0 nonzero=0 1520, 248.26, 0
4, 196.07, 0
CHECK 2026-07-30T05:37:25.685569 matches=0 nonzero=0 1520, 248.10, 0
4, 196.05, 0
CHECK 2026-07-30T05:37:25.842911 matches=0 nonzero=0 1520, 248.28, 0
4, 196.09, 0
CHECK 2026-07-30T05:37:25.985949 matches=0 nonzero=0 1520, 248.21, 0
4, 196.08, 0
CHECK 2026-07-30T05:37:26.129053 matches=0 nonzero=0 1520, 248.12, 1
4, 196.02, 0
CHECK 2026-07-30T05:37:26.272279 matches=0 nonzero=0 1520, 248.37, 1
4, 196.05, 0
CHECK 2026-07-30T05:37:26.420195 matches=0 nonzero=0 1520, 248.66, 1
4, 196.04, 0
CHECK 2026-07-30T05:37:26.564592 matches=0 nonzero=0 1520, 249.05, 1
4, 196.08, 0
CHECK 2026-07-30T05:37:26.918370 matches=0 nonzero=0 1520, 249.34, 1
4, 195.97, 0
CHECK 2026-07-30T05:37:27.210238 matches=0 nonzero=0 1520, 249.12, 1
4, 195.99, 0
CHECK 2026-07-30T05:37:27.360895 matches=0 nonzero=0 1520, 248.59, 0
4, 195.98, 0
CHECK 2026-07-30T05:37:28.146444 matches=0 nonzero=0 1520, 248.84, 0
4, 195.97, 0
CHECK 2026-07-30T05:37:28.301527 matches=0 nonzero=0 1520, 248.61, 1
4, 195.97, 0
CHECK 2026-07-30T05:37:28.446164 matches=0 nonzero=0 1520, 248.16, 0
4, 195.94, 0
CHECK 2026-07-30T05:37:28.807808 matches=0 nonzero=0 1520, 248.26, 1
4, 195.96, 0
CHECK 2026-07-30T05:37:29.115428 matches=0 nonzero=0 1520, 248.20, 0
4, 195.99, 0
CHECK 2026-07-30T05:37:29.260029 matches=0 nonzero=0 1520, 248.38, 1
4, 196.06, 0
CHECK 2026-07-30T05:37:29.580758 matches=0 nonzero=0 1520, 248.80, 1
4, 196.11, 0
CHECK 2026-07-30T05:37:29.931151 matches=0 nonzero=0 1520, 248.71, 0
4, 196.12, 0
CHECK 2026-07-30T05:37:30.080612 matches=0 nonzero=0 1520, 249.22, 1
4, 196.17, 0
CHECK 2026-07-30T05:37:30.358996 matches=0 nonzero=0 1520, 249.31, 1
4, 196.13, 0
CHECK 2026-07-30T05:37:30.710469 matches=0 nonzero=0 1520, 248.85, 0
4, 196.13, 0
CHECK 2026-07-30T05:37:30.863110 matches=0 nonzero=0 1520, 249.11, 0
4, 196.04, 0
CHECK 2026-07-30T05:37:31.145191 matches=0 nonzero=0 1520, 248.72, 1
4, 195.96, 0
CHECK 2026-07-30T05:37:31.435294 matches=0 nonzero=0 1520, 248.24, 1
4, 195.94, 0
CHECK 2026-07-30T05:37:31.585850 matches=0 nonzero=0 1520, 248.33, 0
4, 195.94, 0
CHECK 2026-07-30T05:37:31.729742 matches=0 nonzero=0 1520, 248.49, 1
4, 195.99, 0
CHECK 2026-07-30T05:37:31.870531 matches=0 nonzero=0 1520, 248.65, 1
4, 196.09, 0
CHECK 2026-07-30T05:37:32.149148 matches=0 nonzero=0 1520, 248.65, 0
4, 196.15, 0
CHECK 2026-07-30T05:37:32.298203 matches=0 nonzero=0 1520, 248.67, 1
4, 196.13, 0
CHECK 2026-07-30T05:37:32.441238 matches=0 nonzero=0 1520, 248.99, 1
4, 196.15, 0
CHECK 2026-07-30T05:37:32.582488 matches=0 nonzero=0 1520, 249.06, 0
4, 196.13, 0
CHECK 2026-07-30T05:37:32.721552 matches=0 nonzero=0 1520, 249.06, 1
4, 196.07, 0
CHECK 2026-07-30T05:37:32.867601 matches=0 nonzero=0 1520, 248.93, 1
4, 196.05, 0
CHECK 2026-07-30T05:37:33.018469 matches=0 nonzero=0 1520, 248.74, 1
4, 195.98, 0
CHECK 2026-07-30T05:37:33.158112 matches=0 nonzero=0 1520, 249.11, 1
4, 196.03, 0
CHECK 2026-07-30T05:37:33.598559 matches=0 nonzero=0 1520, 248.96, 0
4, 196.01, 0
CHECK 2026-07-30T05:37:33.763248 matches=0 nonzero=0 1520, 249.28, 1
4, 196.07, 0
CHECK 2026-07-30T05:37:33.913482 matches=0 nonzero=0 1520, 249.15, 1
4, 196.08, 0
CHECK 2026-07-30T05:37:34.055286 matches=0 nonzero=0 1520, 249.36, 1
4, 196.08, 0
CHECK 2026-07-30T05:37:34.205858 matches=0 nonzero=0 1520, 249.19, 1
4, 196.07, 0
CHECK 2026-07-30T05:37:34.516938 matches=0 nonzero=0 1520, 249.16, 0
4, 196.01, 0
CHECK 2026-07-30T05:37:34.659042 matches=0 nonzero=0 1520, 249.70, 1
4, 196.08, 0
CHECK 2026-07-30T05:37:34.808706 matches=0 nonzero=0 1520, 249.79, 1
4, 196.07, 0
CHECK 2026-07-30T05:37:35.070453 matches=0 nonzero=0 1520, 249.24, 0
4, 196.05, 0
CHECK 2026-07-30T05:37:35.333543 matches=0 nonzero=0 1520, 249.06, 0
4, 196.07, 0
CHECK 2026-07-30T05:37:35.482736 matches=0 nonzero=0 1520, 249.37, 1
4, 196.09, 0
CHECK 2026-07-30T05:37:35.627297 matches=0 nonzero=0 1520, 249.01, 1
4, 196.05, 0
CHECK 2026-07-30T05:37:35.770529 matches=0 nonzero=0 1520, 248.77, 0
4, 196.06, 0
CHECK 2026-07-30T05:37:35.920052 matches=0 nonzero=0 1520, 248.74, 1
4, 196.07, 0
CHECK 2026-07-30T05:37:36.189277 matches=0 nonzero=0 1520, 248.58, 1
4, 196.09, 0
CHECK 2026-07-30T05:37:36.336989 matches=0 nonzero=0 1520, 248.77, 0
4, 196.06, 0
CHECK 2026-07-30T05:37:36.835419 matches=0 nonzero=0 1520, 248.65, 0
4, 196.03, 0
CHECK 2026-07-30T05:37:36.983581 matches=0 nonzero=0 1520, 248.68, 0
4, 196.04, 0
CHECK 2026-07-30T05:37:37.128951 matches=0 nonzero=0 1520, 248.68, 1
4, 196.01, 0
CHECK 2026-07-30T05:37:37.271669 matches=0 nonzero=0 1520, 248.85, 1
4, 196.07, 0
CHECK 2026-07-30T05:37:37.419314 matches=0 nonzero=0 1520, 248.85, 0
4, 196.05, 0
CHECK 2026-07-30T05:37:37.705382 matches=0 nonzero=0 1520, 249.11, 0
4, 196.16, 0
CHECK 2026-07-30T05:37:37.971416 matches=0 nonzero=0 1520, 249.10, 0
4, 196.18, 0
CHECK 2026-07-30T05:37:38.121488 matches=0 nonzero=0 1520, 249.11, 1
4, 196.15, 0
CHECK 2026-07-30T05:37:38.398158 matches=0 nonzero=0 1520, 248.74, 1
4, 196.16, 0
CHECK 2026-07-30T05:37:38.549112 matches=0 nonzero=0 1520, 248.86, 1
4, 196.18, 0
CHECK 2026-07-30T05:37:38.696559 matches=0 nonzero=0 1520, 249.06, 1
4, 196.12, 0
CHECK 2026-07-30T05:37:39.038865 matches=0 nonzero=0 1520, 248.93, 0
4, 196.19, 0
CHECK 2026-07-30T05:37:39.413041 matches=0 nonzero=0 1520, 248.58, 0
4, 196.14, 0
CHECK 2026-07-30T05:37:39.752213 matches=0 nonzero=0 1520, 248.36, 1
4, 196.12, 0
CHECK 2026-07-30T05:37:40.025200 matches=0 nonzero=0 1520, 248.32, 0
4, 196.04, 0
CHECK 2026-07-30T05:37:40.313251 matches=0 nonzero=0 1520, 248.31, 0
4, 196.06, 0
CHECK 2026-07-30T05:37:40.465942 matches=0 nonzero=0 1520, 248.61, 0
4, 196.06, 0
CHECK 2026-07-30T05:37:40.613297 matches=0 nonzero=0 1520, 248.64, 0
4, 196.03, 0
CHECK 2026-07-30T05:37:40.759289 matches=0 nonzero=0 1520, 249.18, 0
4, 196.04, 0
CHECK 2026-07-30T05:37:40.914249 matches=0 nonzero=0 1520, 249.37, 1
4, 196.04, 0
CHECK 2026-07-30T05:37:41.242131 matches=0 nonzero=0 1520, 249.34, 1
4, 195.94, 0
CHECK 2026-07-30T05:37:41.382610 matches=0 nonzero=0 1520, 248.93, 1
4, 195.89, 0
CHECK 2026-07-30T05:37:41.713131 matches=0 nonzero=0 1520, 248.55, 0
4, 195.82, 0
CHECK 2026-07-30T05:37:42.011750 matches=0 nonzero=0 1520, 248.20, 0
4, 195.79, 0
CHECK 2026-07-30T05:37:42.174314 matches=0 nonzero=0 1520, 248.51, 1
4, 195.82, 0
CHECK 2026-07-30T05:37:42.320007 matches=0 nonzero=0 1520, 248.52, 1
4, 195.82, 0
CHECK 2026-07-30T05:37:42.465406 matches=0 nonzero=0 1520, 249.13, 1
4, 195.82, 0
CHECK 2026-07-30T05:37:42.617191 matches=0 nonzero=0 1520, 249.22, 1
4, 195.82, 0
CHECK 2026-07-30T05:37:42.762188 matches=0 nonzero=0 1520, 249.39, 1
4, 195.90, 0
CHECK 2026-07-30T05:37:43.022093 matches=0 nonzero=0 1520, 249.44, 1
4, 195.95, 0
CHECK 2026-07-30T05:37:43.166843 matches=0 nonzero=0 1520, 249.29, 1
4, 196.06, 0
CHECK 2026-07-30T05:37:43.459105 matches=0 nonzero=0 1520, 248.60, 0
4, 196.15, 0
CHECK 2026-07-30T05:37:43.830943 matches=0 nonzero=0 1520, 248.85, 0
4, 196.11, 0
CHECK 2026-07-30T05:37:44.151950 matches=0 nonzero=0 1520, 248.92, 1
4, 196.02, 0
CHECK 2026-07-30T05:37:44.596428 matches=0 nonzero=0 1520, 248.32, 0
4, 195.98, 0
CHECK 2026-07-30T05:37:44.766195 matches=0 nonzero=0 1520, 248.79, 1
4, 195.95, 0
CHECK 2026-07-30T05:37:44.915152 matches=0 nonzero=0 1520, 248.95, 1
4, 196.01, 0
CHECK 2026-07-30T05:37:45.218323 matches=0 nonzero=0 1520, 248.62, 1
4, 196.04, 0
CHECK 2026-07-30T05:37:45.364965 matches=0 nonzero=0 1520, 248.98, 1
4, 195.99, 0
CHECK 2026-07-30T05:37:45.683955 matches=0 nonzero=0 1520, 248.58, 0
4, 196.01, 0
CHECK 2026-07-30T05:37:46.046802 matches=0 nonzero=0 1520, 248.19, 0
4, 196.01, 0
CHECK 2026-07-30T05:37:46.192565 matches=0 nonzero=0 1520, 248.39, 0
4, 196.05, 0
CHECK 2026-07-30T05:37:46.339466 matches=0 nonzero=0 1520, 248.45, 1
4, 196.06, 0
CHECK 2026-07-30T05:37:46.480644 matches=0 nonzero=0 1520, 249.26, 0
4, 196.17, 0
CHECK 2026-07-30T05:37:46.842029 matches=0 nonzero=0 1520, 249.16, 0
4, 196.19, 0
CHECK 2026-07-30T05:37:46.982666 matches=0 nonzero=0 1520, 249.15, 1
4, 196.16, 0
CHECK 2026-07-30T05:37:47.261114 matches=0 nonzero=0 1520, 249.03, 0
4, 196.17, 0
CHECK 2026-07-30T05:37:47.411663 matches=0 nonzero=0 1520, 248.71, 1
4, 196.05, 0
CHECK 2026-07-30T05:37:47.684197 matches=0 nonzero=0 1520, 248.16, 0
4, 196.06, 0
CHECK 2026-07-30T05:37:47.830457 matches=0 nonzero=0 1520, 248.28, 0
4, 195.97, 0
CHECK 2026-07-30T05:37:47.973361 matches=0 nonzero=0 1520, 248.82, 1
4, 195.97, 0
CHECK 2026-07-30T05:37:48.247383 matches=0 nonzero=0 1520, 248.82, 1
4, 196.02, 0
CHECK 2026-07-30T05:37:48.398392 matches=0 nonzero=0 1520, 249.12, 1
4, 196.07, 0
CHECK 2026-07-30T05:37:48.673959 matches=0 nonzero=0 1520, 248.99, 0
4, 196.06, 0
CHECK 2026-07-30T05:37:49.175447 matches=0 nonzero=0 1520, 248.85, 1
4, 195.99, 0
CHECK 2026-07-30T05:37:49.486551 matches=0 nonzero=0 1520, 248.47, 0
4, 195.99, 0
CHECK 2026-07-30T05:37:49.645658 matches=0 nonzero=0 1520, 248.45, 0
4, 195.98, 0
CHECK 2026-07-30T05:37:50.082625 matches=0 nonzero=0 1520, 248.13, 0
4, 196.01, 0
CHECK 2026-07-30T05:37:50.639764 matches=0 nonzero=0 1520, 247.94, 0
4, 196.02, 0
CHECK 2026-07-30T05:37:50.784118 matches=0 nonzero=0 1520, 248.60, 1
4, 195.98, 0
CHECK 2026-07-30T05:37:51.135553 matches=0 nonzero=0 1520, 248.61, 0
4, 195.98, 0
CHECK 2026-07-30T05:37:51.278644 matches=0 nonzero=0 1520, 249.07, 1
4, 195.92, 0
CHECK 2026-07-30T05:37:51.601250 matches=0 nonzero=0 1520, 249.16, 0
4, 195.96, 0
CHECK 2026-07-30T05:37:51.755299 matches=0 nonzero=0 1520, 248.86, 0
4, 195.98, 0
CHECK 2026-07-30T05:37:52.320568 matches=0 nonzero=0 1520, 248.68, 1
4, 195.99, 0
CHECK 2026-07-30T05:37:52.617780 matches=0 nonzero=0 1520, 248.67, 1
4, 195.96, 0
CHECK 2026-07-30T05:37:52.763051 matches=0 nonzero=0 1520, 248.40, 0
4, 195.93, 0
CHECK 2026-07-30T05:37:53.005885 matches=0 nonzero=0 1520, 248.55, 1
4, 195.94, 0
CHECK 2026-07-30T05:37:53.318889 matches=0 nonzero=0 1520, 248.90, 0
4, 195.95, 0
CHECK 2026-07-30T05:37:53.596908 matches=0 nonzero=0 1520, 248.90, 1
4, 195.91, 0
CHECK 2026-07-30T05:37:53.747211 matches=0 nonzero=0 1520, 248.85, 1
4, 195.88, 0
CHECK 2026-07-30T05:37:54.050133 matches=0 nonzero=0 1520, 248.96, 0
4, 195.97, 0
CHECK 2026-07-30T05:37:54.359211 matches=0 nonzero=0 1520, 248.63, 0
4, 195.94, 0
CHECK 2026-07-30T05:37:54.512032 matches=0 nonzero=0 1520, 248.97, 1
4, 195.97, 0
CHECK 2026-07-30T05:37:54.771996 matches=0 nonzero=0 1520, 248.79, 0
4, 195.99, 0
CHECK 2026-07-30T05:37:54.923247 matches=0 nonzero=0 1520, 248.76, 1
4, 195.94, 0
CHECK 2026-07-30T05:37:55.235458 matches=0 nonzero=0 1520, 248.91, 0
4, 195.86, 0
CHECK 2026-07-30T05:37:55.708980 matches=0 nonzero=0 1520, 248.57, 0
4, 195.82, 0
CHECK 2026-07-30T05:37:55.863544 matches=0 nonzero=0 1520, 248.54, 0
4, 195.86, 0
CHECK 2026-07-30T05:37:56.190740 matches=0 nonzero=0 1520, 248.50, 0
4, 195.90, 0
CHECK 2026-07-30T05:37:56.334389 matches=0 nonzero=0 1520, 248.77, 1
4, 195.96, 0
CHECK 2026-07-30T05:37:56.619120 matches=0 nonzero=0 1520, 248.78, 1
4, 196.03, 0
CHECK 2026-07-30T05:37:56.771425 matches=0 nonzero=0 1520, 248.74, 1
4, 196.03, 0
CHECK 2026-07-30T05:37:57.122208 matches=0 nonzero=0 1520, 248.68, 0
4, 195.95, 0
CHECK 2026-07-30T05:37:57.268359 matches=0 nonzero=0 1520, 248.32, 1
4, 195.95, 0
CHECK 2026-07-30T05:37:57.595930 matches=0 nonzero=0 1520, 248.46, 1
4, 195.98, 0
CHECK 2026-07-30T05:37:57.855034 matches=0 nonzero=0 1520, 248.70, 0
4, 196.00, 0
CHECK 2026-07-30T05:37:58.226250 matches=0 nonzero=0 1520, 248.58, 0
4, 196.04, 0
CHECK 2026-07-30T05:37:58.582273 matches=0 nonzero=0 1520, 248.55, 0
4, 196.05, 0
CHECK 2026-07-30T05:37:58.734080 matches=0 nonzero=0 1520, 248.30, 1
4, 196.02, 0
CHECK 2026-07-30T05:37:59.041149 matches=0 nonzero=0 1520, 248.23, 1
4, 195.96, 0
CHECK 2026-07-30T05:37:59.182588 matches=0 nonzero=0 1520, 248.42, 1
4, 195.96, 0
CHECK 2026-07-30T05:37:59.524949 matches=0 nonzero=0 1520, 248.42, 0
4, 195.93, 0
CHECK 2026-07-30T05:37:59.668261 matches=0 nonzero=0 1520, 248.38, 1
4, 195.94, 0
CHECK 2026-07-30T05:37:59.970718 matches=0 nonzero=0 1520, 248.22, 1
4, 196.00, 0
CHECK 2026-07-30T05:38:00.238592 matches=0 nonzero=0 1520, 248.62, 0
4, 195.96, 0
CHECK 2026-07-30T05:38:00.595919 matches=0 nonzero=0 1520, 248.51, 0
4, 195.93, 0
CHECK 2026-07-30T05:38:00.749212 matches=0 nonzero=0 1520, 248.83, 1
4, 195.93, 0
CHECK 2026-07-30T05:38:01.136464 matches=0 nonzero=0 1520, 248.39, 1
4, 195.93, 0
CHECK 2026-07-30T05:38:01.462882 matches=0 nonzero=0 1520, 248.54, 0
4, 195.98, 0
CHECK 2026-07-30T05:38:01.617485 matches=0 nonzero=0 1520, 248.39, 0
4, 195.96, 0
CHECK 2026-07-30T05:38:01.936014 matches=0 nonzero=0 1520, 248.36, 0
4, 195.97, 0
CHECK 2026-07-30T05:38:02.084236 matches=0 nonzero=0 1520, 248.77, 1
4, 195.97, 0
CHECK 2026-07-30T05:38:02.226629 matches=0 nonzero=0 1520, 248.78, 1
4, 195.97, 0
CHECK 2026-07-30T05:38:02.370846 matches=0 nonzero=0 1520, 249.07, 1
4, 195.97, 0
CHECK 2026-07-30T05:38:02.720595 matches=0 nonzero=0 1520, 249.24, 1
4, 195.97, 0
CHECK 2026-07-30T05:38:03.079025 matches=0 nonzero=0 1520, 249.22, 0
4, 196.00, 0
CHECK 2026-07-30T05:38:03.223786 matches=0 nonzero=0 1520, 249.18, 0
4, 195.99, 0
CHECK 2026-07-30T05:38:03.504019 matches=0 nonzero=0 1520, 249.08, 0
4, 196.03, 0
CHECK 2026-07-30T05:38:03.787425 matches=0 nonzero=0 1520, 248.55, 0
4, 195.99, 0
CHECK 2026-07-30T05:38:03.936936 matches=0 nonzero=0 1520, 248.76, 1
4, 195.96, 0
CHECK 2026-07-30T05:38:04.084453 matches=0 nonzero=0 1520, 249.22, 1
4, 195.95, 0
CHECK 2026-07-30T05:38:04.228774 matches=0 nonzero=0 1520, 248.88, 1
4, 195.98, 0
CHECK 2026-07-30T05:38:04.372902 matches=0 nonzero=0 1520, 249.20, 0
4, 195.96, 0
CHECK 2026-07-30T05:38:04.520161 matches=0 nonzero=0 1520, 249.77, 1
4, 195.93, 0
CHECK 2026-07-30T05:38:04.847879 matches=0 nonzero=0 1520, 249.31, 0
4, 195.99, 0
CHECK 2026-07-30T05:38:05.213036 matches=0 nonzero=0 1520, 248.85, 0
4, 195.97, 0
CHECK 2026-07-30T05:38:05.568188 matches=0 nonzero=0 1520, 248.30, 1
4, 195.97, 0
CHECK 2026-07-30T05:38:05.890063 matches=0 nonzero=0 1520, 248.11, 0
4, 195.96, 0
CHECK 2026-07-30T05:38:06.034576 matches=0 nonzero=0 1520, 248.30, 0
4, 195.96, 0
CHECK 2026-07-30T05:38:06.646895 matches=0 nonzero=0 1520, 248.28, 0
4, 195.99, 0
CHECK 2026-07-30T05:38:06.843198 matches=0 nonzero=0 1520, 248.30, 0
4, 195.98, 0
CHECK 2026-07-30T05:38:06.986674 matches=0 nonzero=0 1520, 248.26, 1
4, 195.97, 0
CHECK 2026-07-30T05:38:07.261493 matches=0 nonzero=0 1520, 248.38, 0
4, 195.99, 0
CHECK 2026-07-30T05:38:07.434097 matches=0 nonzero=0 1520, 248.65, 0
4, 195.98, 0
CHECK 2026-07-30T05:38:07.744535 matches=0 nonzero=0 1520, 248.53, 0
4, 195.99, 0
CHECK 2026-07-30T05:38:07.894640 matches=0 nonzero=0 1520, 248.55, 1
4, 195.99, 0
CHECK 2026-07-30T05:38:08.041742 matches=0 nonzero=0 1520, 248.88, 1
4, 196.04, 0
CHECK 2026-07-30T05:38:08.188773 matches=0 nonzero=0 1520, 248.80, 0
4, 196.06, 0
CHECK 2026-07-30T05:38:08.338149 matches=0 nonzero=0 1520, 248.89, 1
4, 195.93, 0
CHECK 2026-07-30T05:38:08.481712 matches=0 nonzero=0 1520, 248.93, 1
4, 195.93, 0
CHECK 2026-07-30T05:38:08.628800 matches=0 nonzero=0 1520, 249.11, 0
4, 195.87, 0
CHECK 2026-07-30T05:38:08.915794 matches=0 nonzero=0 1520, 249.18, 0
4, 195.78, 0
CHECK 2026-07-30T05:38:09.207584 matches=0 nonzero=0 1520, 248.71, 0
4, 195.83, 0
CHECK 2026-07-30T05:38:09.800122 matches=0 nonzero=0 1520, 248.53, 0
4, 195.85, 0
CHECK 2026-07-30T05:38:09.946492 matches=0 nonzero=0 1520, 248.45, 1
4, 195.93, 0
CHECK 2026-07-30T05:38:10.216572 matches=0 nonzero=0 1520, 248.45, 1
4, 195.92, 0
CHECK 2026-07-30T05:38:10.368761 matches=0 nonzero=0 1520, 248.67, 1
4, 195.99, 0
CHECK 2026-07-30T05:38:10.732111 matches=0 nonzero=0 1520, 248.67, 0
4, 196.02, 0
CHECK 2026-07-30T05:38:10.877505 matches=0 nonzero=0 1520, 248.87, 1
4, 196.01, 0
CHECK 2026-07-30T05:38:11.024002 matches=0 nonzero=0 1520, 248.91, 0
4, 196.02, 0
CHECK 2026-07-30T05:38:11.333114 matches=0 nonzero=0 1520, 248.61, 0
4, 195.99, 0
CHECK 2026-07-30T05:38:11.481889 matches=0 nonzero=0 1520, 248.80, 1
4, 195.98, 0
CHECK 2026-07-30T05:38:11.628654 matches=0 nonzero=0 1520, 249.00, 1
4, 195.92, 0
CHECK 2026-07-30T05:38:11.803594 matches=0 nonzero=0 1520, 248.59, 0
4, 195.94, 0
CHECK 2026-07-30T05:38:12.313545 matches=0 nonzero=0 1520, 248.53, 0
4, 195.95, 0
CHECK 2026-07-30T05:38:12.526421 matches=0 nonzero=0 1520, 248.43, 1
4, 195.98, 0
CHECK 2026-07-30T05:38:12.763797 matches=0 nonzero=0 1520, 248.28, 1
4, 196.02, 0
CHECK 2026-07-30T05:38:12.917025 matches=0 nonzero=0 1520, 248.79, 0
4, 195.95, 0
CHECK 2026-07-30T05:38:13.410275 matches=0 nonzero=0 1520, 248.58, 0
4, 195.98, 0
CHECK 2026-07-30T05:38:13.562957 matches=0 nonzero=0 1520, 248.80, 1
4, 195.98, 0
CHECK 2026-07-30T05:38:13.709094 matches=0 nonzero=0 1520, 248.83, 1
4, 195.99, 0
CHECK 2026-07-30T05:38:13.853671 matches=0 nonzero=0 1520, 248.82, 0
4, 195.99, 0
CHECK 2026-07-30T05:38:14.140612 matches=0 nonzero=0 1520, 248.82, 0
4, 196.00, 0
CHECK 2026-07-30T05:38:14.284793 matches=0 nonzero=0 1520, 249.56, 1
4, 195.99, 0
CHECK 2026-07-30T05:38:14.591900 matches=0 nonzero=0 1520, 249.32, 1
4, 195.98, 0
CHECK 2026-07-30T05:38:14.868369 matches=0 nonzero=0 1520, 248.89, 0
4, 195.96, 0
CHECK 2026-07-30T05:38:15.024237 matches=0 nonzero=0 1520, 248.07, 0
4, 196.01, 0
CHECK 2026-07-30T05:38:15.744377 matches=0 nonzero=0 1520, 247.98, 0
4, 196.00, 0
CHECK 2026-07-30T05:38:15.910921 matches=0 nonzero=0 1520, 248.07, 0
4, 195.91, 0
CHECK 2026-07-30T05:38:16.214701 matches=0 nonzero=0 1520, 248.09, 0
4, 195.91, 0
CHECK 2026-07-30T05:38:16.364576 matches=0 nonzero=0 1520, 248.46, 0
4, 195.93, 0
CHECK 2026-07-30T05:38:16.517224 matches=0 nonzero=0 1520, 248.47, 1
4, 195.93, 0
CHECK 2026-07-30T05:38:16.664322 matches=0 nonzero=0 1520, 248.91, 1
4, 195.98, 0
CHECK 2026-07-30T05:38:16.918858 matches=0 nonzero=0 1520, 248.90, 0
4, 196.00, 0
CHECK 2026-07-30T05:38:17.060314 matches=0 nonzero=0 1520, 249.19, 0
4, 195.98, 0
CHECK 2026-07-30T05:38:17.209658 matches=0 nonzero=0 1520, 249.48, 1
4, 195.97, 0
CHECK 2026-07-30T05:38:17.492107 matches=0 nonzero=0 1520, 249.25, 0
4, 195.92, 0
CHECK 2026-07-30T05:38:17.866346 matches=0 nonzero=0 1520, 249.34, 0
4, 195.92, 0
CHECK 2026-07-30T05:38:18.052490 matches=0 nonzero=0 1520, 248.90, 0
4, 195.98, 0
CHECK 2026-07-30T05:38:18.320800 matches=0 nonzero=0 1520, 248.66, 0
4, 195.95, 0
CHECK 2026-07-30T05:38:18.465214 matches=0 nonzero=0 1520, 248.74, 1
4, 195.88, 0
CHECK 2026-07-30T05:38:18.730655 matches=0 nonzero=0 1520, 248.71, 0
4, 195.84, 0
CHECK 2026-07-30T05:38:18.878052 matches=0 nonzero=0 1520, 249.12, 1
4, 195.84, 0
CHECK 2026-07-30T05:38:19.020243 matches=0 nonzero=0 1520, 248.97, 0
4, 195.90, 0
CHECK 2026-07-30T05:38:19.378434 matches=0 nonzero=0 1520, 248.91, 0
4, 195.93, 0
CHECK 2026-07-30T05:38:19.526254 matches=0 nonzero=0 1520, 249.03, 1
4, 195.94, 0
CHECK 2026-07-30T05:38:19.673854 matches=0 nonzero=0 1520, 249.34, 1
4, 195.98, 0
CHECK 2026-07-30T05:38:19.820188 matches=0 nonzero=0 1520, 249.19, 1
4, 195.99, 0
CHECK 2026-07-30T05:38:19.965002 matches=0 nonzero=0 1520, 249.70, 0
4, 195.96, 0

=== DONE ===
