iso_timestamp,timestamp,index,uuid,name,power.draw,power.limit,utilization.gpu,utilization.memory,memory.used,memory.free,memory.total,clocks.sm,clocks.mem,clocks.gr,temperature.gpu,pstate,ecc.errors.corrected.volatile.total,ecc.errors.uncorrected.volatile.total,clocks_throttle_reasons.sw_power_cap,clocks_throttle_reasons.hw_slowdown,clocks_throttle_reasons.hw_thermal_slowdown,clocks_throttle_reasons.hw_power_brake_slowdown,clocks_throttle_reasons.sw_thermal_slowdown,clocks_throttle_reasons.sync_boost,actual_interval_ms,nvlink_available,nvlink_tx_kbs,nvlink_rx_kbs
2026-07-31T02:05:31.600839,2026/07/31 02:05:31.536,0,GPU-2c3c1aab-4401-c49f-e973-2d9a530e6442,NVIDIA B200,193.12,1000.0,0.0,0.0,0.0,182625.0,183359.0,120.0,3996.0,120.0,34.0,P0,0,0,Not Active,Not Active,Not Active,Not Active,Not Active,Not Active,,True,6932556715516.0,8406393829084.0
2026-07-31T02:05:31.863864,2026/07/31 02:05:31.804,0,GPU-2c3c1aab-4401-c49f-e973-2d9a530e6442,NVIDIA B200,193.14,1000.0,0.0,0.0,0.0,182625.0,183359.0,120.0,3996.0,120.0,34.0,P0,0,0,Not Active,Not Active,Not Active,Not Active,Not Active,Not Active,265.15,True,6932556715516.0,8406393829084.0
2026-07-31T02:05:32.021576,2026/07/31 02:05:31.955,0,GPU-2c3c1aab-4401-c49f-e973-2d9a530e6442,NVIDIA B200,193.15,1000.0,0.0,0.0,0.0,182625.0,183359.0,120.0,3996.0,120.0,34.0,P0,0,0,Not Active,Not Active,Not Active,Not Active,Not Active,Not Active,151.853,True,6932556715516.0,8406393829084.0
2026-07-31T02:05:33.407803,2026/07/31 02:05:32.149,0,GPU-2c3c1aab-4401-c49f-e973-2d9a530e6442,NVIDIA B200,193.21,1000.0,0.0,0.0,1.0,182625.0,183359.0,120.0,3996.0,120.0,34.0,P0,0,0,Not Active,Not Active,Not Active,Not Active,Not Active,Not Active,167.276,True,6932556715516.0,8406393829084.0
2026-07-31T02:05:33.693602,2026/07/31 02:05:33.577,0,GPU-2c3c1aab-4401-c49f-e973-2d9a530e6442,NVIDIA B200,201.93,1000.0,0.0,0.0,27.0,182598.0,183359.0,1965.0,3996.0,1965.0,34.0,P0,0,0,Not Active,Not Active,Not Active,Not Active,Not Active,Not Active,1446.232,True,6932556715516.0,8406393829084.0
2026-07-31T02:05:33.835641,2026/07/31 02:05:33.776,0,GPU-2c3c1aab-4401-c49f-e973-2d9a530e6442,NVIDIA B200,211.55,1000.0,0.0,0.0,2364.0,180261.0,183359.0,1965.0,3996.0,1965.0,35.0,P0,0,0,Not Active,Not Active,Not Active,Not Active,Not Active,Not Active,211.068,True,6932556715516.0,8406393829084.0
2026-07-31T02:05:33.980486,2026/07/31 02:05:33.924,0,GPU-2c3c1aab-4401-c49f-e973-2d9a530e6442,NVIDIA B200,256.03,1000.0,3.0,0.0,2916.0,179709.0,183359.0,1965.0,3996.0,1965.0,35.0,P0,0,0,Not Active,Not Active,Not Active,Not Active,Not Active,Not Active,145.471,True,6932556715516.0,8406393829084.0
2026-07-31T02:05:34.120125,2026/07/31 02:05:34.068,0,GPU-2c3c1aab-4401-c49f-e973-2d9a530e6442,NVIDIA B200,326.33,1000.0,98.0,15.0,2916.0,179709.0,183359.0,1965.0,3996.0,1965.0,42.0,P0,0,0,Not Active,Not Active,Not Active,Not Active,Not Active,Not Active,146.219,True,6932556715516.0,8406393829084.0
2026-07-31T02:05:34.274045,2026/07/31 02:05:34.210,0,GPU-2c3c1aab-4401-c49f-e973-2d9a530e6442,NVIDIA B200,467.64,1000.0,100.0,15.0,2916.0,179709.0,183359.0,1965.0,3996.0,1965.0,46.0,P0,0,0,Not Active,Not Active,Not Active,Not Active,Not Active,Not Active,140.515,True,6932556715516.0,8406393829084.0
2026-07-31T02:05:34.442713,2026/07/31 02:05:34.383,0,GPU-2c3c1aab-4401-c49f-e973-2d9a530e6442,NVIDIA B200,538.29,1000.0,100.0,15.0,2916.0,179709.0,183359.0,1965.0,3996.0,1965.0,47.0,P0,0,0,Not Active,Not Active,Not Active,Not Active,Not Active,Not Active,172.847,True,6932556715516.0,8406393829084.0
2026-07-31T02:05:34.581979,2026/07/31 02:05:34.526,0,GPU-2c3c1aab-4401-c49f-e973-2d9a530e6442,NVIDIA B200,678.21,1000.0,100.0,15.0,2916.0,179709.0,183359.0,1965.0,3996.0,1965.0,48.0,P0,0,0,Not Active,Not Active,Not Active,Not Active,Not Active,Not Active,144.267,True,6932556715516.0,8406393829084.0
2026-07-31T02:05:34.726955,2026/07/31 02:05:34.668,0,GPU-2c3c1aab-4401-c49f-e973-2d9a530e6442,NVIDIA B200,744.66,1000.0,100.0,16.0,2916.0,179709.0,183359.0,1965.0,3996.0,1965.0,49.0,P0,0,0,Not Active,Not Active,Not Active,Not Active,Not Active,Not Active,139.564,True,6932556715516.0,8406393829084.0
2026-07-31T02:05:34.873154,2026/07/31 02:05:34.812,0,GPU-2c3c1aab-4401-c49f-e973-2d9a530e6442,NVIDIA B200,865.06,1000.0,100.0,15.0,2916.0,179709.0,183359.0,1965.0,3996.0,1965.0,49.0,P0,0,0,Not Active,Not Active,Not Active,Not Active,Not Active,Not Active,146.719,True,6932556715516.0,8406393829084.0
2026-07-31T02:05:35.018212,2026/07/31 02:05:34.959,0,GPU-2c3c1aab-4401-c49f-e973-2d9a530e6442,NVIDIA B200,907.99,1000.0,100.0,15.0,2916.0,179709.0,183359.0,1965.0,3996.0,1965.0,49.0,P0,0,0,Not Active,Not Active,Not Active,Not Active,Not Active,Not Active,146.902,True,6932556715516.0,8406393829084.0
2026-07-31T02:05:35.166508,2026/07/31 02:05:35.105,0,GPU-2c3c1aab-4401-c49f-e973-2d9a530e6442,NVIDIA B200,911.7,1000.0,100.0,15.0,2916.0,179709.0,183359.0,1965.0,3996.0,1965.0,50.0,P0,0,0,Not Active,Not Active,Not Active,Not Active,Not Active,Not Active,143.327,True,6932556715516.0,8406393829084.0
2026-07-31T02:05:35.308022,2026/07/31 02:05:35.250,0,GPU-2c3c1aab-4401-c49f-e973-2d9a530e6442,NVIDIA B200,912.21,1000.0,100.0,15.0,2916.0,179709.0,183359.0,1965.0,3996.0,1965.0,50.0,P0,0,0,Not Active,Not Active,Not Active,Not Active,Not Active,Not Active,147.818,True,6932556715516.0,8406393829084.0
2026-07-31T02:05:35.454891,2026/07/31 02:05:35.392,0,GPU-2c3c1aab-4401-c49f-e973-2d9a530e6442,NVIDIA B200,912.93,1000.0,100.0,15.0,2916.0,179709.0,183359.0,1965.0,3996.0,1965.0,50.0,P0,0,0,Not Active,Not Active,Not Active,Not Active,Not Active,Not Active,141.627,True,6932556715516.0,8406393829084.0
2026-07-31T02:05:35.604414,2026/07/31 02:05:35.547,0,GPU-2c3c1aab-4401-c49f-e973-2d9a530e6442,NVIDIA B200,913.97,1000.0,100.0,15.0,2916.0,179709.0,183359.0,1965.0,3996.0,1965.0,50.0,P0,0,0,Not Active,Not Active,Not Active,Not Active,Not Active,Not Active,154.745,True,6932556715516.0,8406393829084.0
2026-07-31T02:05:35.856997,2026/07/31 02:05:35.691,0,GPU-2c3c1aab-4401-c49f-e973-2d9a530e6442,NVIDIA B200,913.92,1000.0,100.0,15.0,2916.0,179709.0,183359.0,1965.0,3996.0,1965.0,50.0,P0,0,0,Not Active,Not Active,Not Active,Not Active,Not Active,Not Active,144.998,True,6932556715516.0,8406393829084.0
2026-07-31T02:05:36.039443,2026/07/31 02:05:35.977,0,GPU-2c3c1aab-4401-c49f-e973-2d9a530e6442,NVIDIA B200,914.95,1000.0,100.0,15.0,2916.0,179709.0,183359.0,1965.0,3996.0,1965.0,51.0,P0,0,0,Not Active,Not Active,Not Active,Not Active,Not Active,Not Active,285.749,True,6932556715516.0,8406393829084.0
2026-07-31T02:05:36.450509,2026/07/31 02:05:36.379,0,GPU-2c3c1aab-4401-c49f-e973-2d9a530e6442,NVIDIA B200,916.13,1000.0,100.0,15.0,2916.0,179709.0,183359.0,1965.0,3996.0,1965.0,51.0,P0,0,0,Not Active,Not Active,Not Active,Not Active,Not Active,Not Active,351.35,True,6932556715516.0,8406393829084.0
2026-07-31T02:05:36.598212,2026/07/31 02:05:36.541,0,GPU-2c3c1aab-4401-c49f-e973-2d9a530e6442,NVIDIA B200,916.5,1000.0,100.0,15.0,2916.0,179709.0,183359.0,1965.0,3996.0,1965.0,51.0,P0,0,0,Not Active,Not Active,Not Active,Not Active,Not Active,Not Active,210.178,True,6932556715516.0,8406393829084.0
2026-07-31T02:05:36.742167,2026/07/31 02:05:36.684,0,GPU-2c3c1aab-4401-c49f-e973-2d9a530e6442,NVIDIA B200,917.07,1000.0,100.0,15.0,2916.0,179709.0,183359.0,1965.0,3996.0,1965.0,51.0,P0,0,0,Not Active,Not Active,Not Active,Not Active,Not Active,Not Active,145.677,True,6932556715516.0,8406393829084.0
2026-07-31T02:05:36.938219,2026/07/31 02:05:36.883,0,GPU-2c3c1aab-4401-c49f-e973-2d9a530e6442,NVIDIA B200,917.33,1000.0,100.0,15.0,2916.0,179709.0,183359.0,1965.0,3996.0,1965.0,51.0,P0,0,0,Not Active,Not Active,Not Active,Not Active,Not Active,Not Active,198.984,True,6932556715516.0,8406393829084.0
2026-07-31T02:05:37.083958,2026/07/31 02:05:37.022,0,GPU-2c3c1aab-4401-c49f-e973-2d9a530e6442,NVIDIA B200,918.04,1000.0,100.0,15.0,2916.0,179709.0,183359.0,1965.0,3996.0,1965.0,51.0,P0,0,0,Not Active,Not Active,Not Active,Not Active,Not Active,Not Active,138.861,True,6932556715516.0,8406393829084.0
2026-07-31T02:05:37.225008,2026/07/31 02:05:37.170,0,GPU-2c3c1aab-4401-c49f-e973-2d9a530e6442,NVIDIA B200,918.28,1000.0,100.0,15.0,2916.0,179709.0,183359.0,1965.0,3996.0,1965.0,51.0,P0,0,0,Not Active,Not Active,Not Active,Not Active,Not Active,Not Active,147.419,True,6932556715516.0,8406393829084.0
2026-07-31T02:05:37.375716,2026/07/31 02:05:37.311,0,GPU-2c3c1aab-4401-c49f-e973-2d9a530e6442,NVIDIA B200,918.12,1000.0,100.0,15.0,2916.0,179709.0,183359.0,1965.0,3996.0,1965.0,52.0,P0,0,0,Not Active,Not Active,Not Active,Not Active,Not Active,Not Active,140.852,True,6932556715516.0,8406393829084.0
2026-07-31T02:05:37.524369,2026/07/31 02:05:37.466,0,GPU-2c3c1aab-4401-c49f-e973-2d9a530e6442,NVIDIA B200,918.12,1000.0,100.0,16.0,2916.0,179709.0,183359.0,1965.0,3996.0,1965.0,52.0,P0,0,0,Not Active,Not Active,Not Active,Not Active,Not Active,Not Active,152.103,True,6932556715516.0,8406393829084.0
2026-07-31T02:05:37.665902,2026/07/31 02:05:37.606,0,GPU-2c3c1aab-4401-c49f-e973-2d9a530e6442,NVIDIA B200,918.0,1000.0,100.0,15.0,2916.0,179709.0,183359.0,1965.0,3996.0,1965.0,52.0,P0,0,0,Not Active,Not Active,Not Active,Not Active,Not Active,Not Active,142.548,True,6932556715516.0,8406393829084.0
2026-07-31T02:05:37.817150,2026/07/31 02:05:37.756,0,GPU-2c3c1aab-4401-c49f-e973-2d9a530e6442,NVIDIA B200,918.74,1000.0,100.0,15.0,2916.0,179709.0,183359.0,1965.0,3996.0,1965.0,52.0,P0,0,0,Not Active,Not Active,Not Active,Not Active,Not Active,Not Active,148.983,True,6932556715516.0,8406393829084.0
2026-07-31T02:05:37.968125,2026/07/31 02:05:37.909,0,GPU-2c3c1aab-4401-c49f-e973-2d9a530e6442,NVIDIA B200,918.46,1000.0,100.0,15.0,2916.0,179709.0,183359.0,1965.0,3996.0,1965.0,52.0,P0,0,0,Not Active,Not Active,Not Active,Not Active,Not Active,Not Active,154.947,True,6932556715516.0,8406393829084.0
2026-07-31T02:05:38.116037,2026/07/31 02:05:38.058,0,GPU-2c3c1aab-4401-c49f-e973-2d9a530e6442,NVIDIA B200,918.83,1000.0,100.0,15.0,2916.0,179709.0,183359.0,1965.0,3996.0,1965.0,52.0,P0,0,0,Not Active,Not Active,Not Active,Not Active,Not Active,Not Active,149.291,True,6932556715516.0,8406393829084.0
2026-07-31T02:05:38.267123,2026/07/31 02:05:38.205,0,GPU-2c3c1aab-4401-c49f-e973-2d9a530e6442,NVIDIA B200,918.56,1000.0,100.0,15.0,2916.0,179709.0,183359.0,1965.0,3996.0,1965.0,52.0,P0,0,0,Not Active,Not Active,Not Active,Not Active,Not Active,Not Active,143.596,True,6932556715516.0,8406393829084.0
2026-07-31T02:05:38.413082,2026/07/31 02:05:38.356,0,GPU-2c3c1aab-4401-c49f-e973-2d9a530e6442,NVIDIA B200,919.09,1000.0,100.0,15.0,2916.0,179709.0,183359.0,1965.0,3996.0,1965.0,52.0,P0,0,0,Not Active,Not Active,Not Active,Not Active,Not Active,Not Active,154.179,True,6932556715516.0,8406393829084.0
2026-07-31T02:05:38.559475,2026/07/31 02:05:38.501,0,GPU-2c3c1aab-4401-c49f-e973-2d9a530e6442,NVIDIA B200,919.17,1000.0,100.0,15.0,2916.0,179709.0,183359.0,1965.0,3996.0,1965.0,52.0,P0,0,0,Not Active,Not Active,Not Active,Not Active,Not Active,Not Active,145.61,True,6932556715516.0,8406393829084.0
2026-07-31T02:05:38.700205,2026/07/31 02:05:38.644,0,GPU-2c3c1aab-4401-c49f-e973-2d9a530e6442,NVIDIA B200,919.26,1000.0,100.0,15.0,2916.0,179709.0,183359.0,1965.0,3996.0,1965.0,52.0,P0,0,0,Not Active,Not Active,Not Active,Not Active,Not Active,Not Active,142.368,True,6932556715516.0,8406393829084.0
2026-07-31T02:05:38.851186,2026/07/31 02:05:38.789,0,GPU-2c3c1aab-4401-c49f-e973-2d9a530e6442,NVIDIA B200,919.02,1000.0,100.0,15.0,2916.0,179709.0,183359.0,1965.0,3996.0,1965.0,53.0,P0,0,0,Not Active,Not Active,Not Active,Not Active,Not Active,Not Active,141.929,True,6932556715516.0,8406393829084.0
2026-07-31T02:05:39.002247,2026/07/31 02:05:38.937,0,GPU-2c3c1aab-4401-c49f-e973-2d9a530e6442,NVIDIA B200,919.02,1000.0,100.0,16.0,2916.0,179709.0,183359.0,1965.0,3996.0,1965.0,53.0,P0,0,0,Not Active,Not Active,Not Active,Not Active,Not Active,Not Active,150.517,True,6932556715516.0,8406393829084.0
2026-07-31T02:05:39.153260,2026/07/31 02:05:39.095,0,GPU-2c3c1aab-4401-c49f-e973-2d9a530e6442,NVIDIA B200,919.21,1000.0,100.0,15.0,2916.0,179709.0,183359.0,1965.0,3996.0,1965.0,53.0,P0,0,0,Not Active,Not Active,Not Active,Not Active,Not Active,Not Active,157.21,True,6932556715516.0,8406393829084.0
2026-07-31T02:05:39.385859,2026/07/31 02:05:39.272,0,GPU-2c3c1aab-4401-c49f-e973-2d9a530e6442,NVIDIA B200,919.47,1000.0,100.0,15.0,2916.0,179709.0,183359.0,1965.0,3996.0,1965.0,53.0,P0,0,0,Not Active,Not Active,Not Active,Not Active,Not Active,Not Active,174.634,True,6932556715516.0,8406393829084.0
2026-07-31T02:05:39.622450,2026/07/31 02:05:39.526,0,GPU-2c3c1aab-4401-c49f-e973-2d9a530e6442,NVIDIA B200,920.23,1000.0,100.0,15.0,2916.0,179709.0,183359.0,1965.0,3996.0,1965.0,53.0,P0,0,0,Not Active,Not Active,Not Active,Not Active,Not Active,Not Active,256.846,True,6932556715516.0,8406393829084.0
2026-07-31T02:05:39.770231,2026/07/31 02:05:39.707,0,GPU-2c3c1aab-4401-c49f-e973-2d9a530e6442,NVIDIA B200,920.86,1000.0,100.0,15.0,2916.0,179709.0,183359.0,1965.0,3996.0,1965.0,53.0,P0,0,0,Not Active,Not Active,Not Active,Not Active,Not Active,Not Active,178.936,True,6932556715516.0,8406393829084.0
2026-07-31T02:05:39.913283,2026/07/31 02:05:39.854,0,GPU-2c3c1aab-4401-c49f-e973-2d9a530e6442,NVIDIA B200,921.23,1000.0,100.0,15.0,2916.0,179709.0,183359.0,1965.0,3996.0,1965.0,53.0,P0,0,0,Not Active,Not Active,Not Active,Not Active,Not Active,Not Active,148.725,True,6932556715516.0,8406393829084.0
2026-07-31T02:05:40.070502,2026/07/31 02:05:40.007,0,GPU-2c3c1aab-4401-c49f-e973-2d9a530e6442,NVIDIA B200,921.78,1000.0,100.0,15.0,2916.0,179709.0,183359.0,1965.0,3996.0,1965.0,53.0,P0,0,0,Not Active,Not Active,Not Active,Not Active,Not Active,Not Active,148.608,True,6932556715516.0,8406393829084.0
2026-07-31T02:05:40.209832,2026/07/31 02:05:40.150,0,GPU-2c3c1aab-4401-c49f-e973-2d9a530e6442,NVIDIA B200,921.82,1000.0,100.0,15.0,2916.0,179709.0,183359.0,1965.0,3996.0,1965.0,53.0,P0,0,0,Not Active,Not Active,Not Active,Not Active,Not Active,Not Active,148.897,True,6932556715516.0,8406393829084.0
2026-07-31T02:05:40.358929,2026/07/31 02:05:40.300,0,GPU-2c3c1aab-4401-c49f-e973-2d9a530e6442,NVIDIA B200,921.85,1000.0,100.0,15.0,2916.0,179709.0,183359.0,1965.0,3996.0,1965.0,53.0,P0,0,0,Not Active,Not Active,Not Active,Not Active,Not Active,Not Active,145.816,True,6932556715516.0,8406393829084.0
2026-07-31T02:05:40.499943,2026/07/31 02:05:40.446,0,GPU-2c3c1aab-4401-c49f-e973-2d9a530e6442,NVIDIA B200,921.65,1000.0,100.0,15.0,2916.0,179709.0,183359.0,1965.0,3996.0,1965.0,53.0,P0,0,0,Not Active,Not Active,Not Active,Not Active,Not Active,Not Active,149.485,True,6932556715516.0,8406393829084.0
2026-07-31T02:05:40.640867,2026/07/31 02:05:40.587,0,GPU-2c3c1aab-4401-c49f-e973-2d9a530e6442,NVIDIA B200,921.66,1000.0,100.0,15.0,2916.0,179709.0,183359.0,1965.0,3996.0,1965.0,53.0,P0,0,0,Not Active,Not Active,Not Active,Not Active,Not Active,Not Active,141.035,True,6932556715516.0,8406393829084.0
2026-07-31T02:05:40.790184,2026/07/31 02:05:40.730,0,GPU-2c3c1aab-4401-c49f-e973-2d9a530e6442,NVIDIA B200,921.57,1000.0,100.0,15.0,2916.0,179709.0,183359.0,1965.0,3996.0,1965.0,53.0,P0,0,0,Not Active,Not Active,Not Active,Not Active,Not Active,Not Active,143.677,True,6932556715516.0,8406393829084.0
2026-07-31T02:05:40.936584,2026/07/31 02:05:40.877,0,GPU-2c3c1aab-4401-c49f-e973-2d9a530e6442,NVIDIA B200,921.44,1000.0,100.0,15.0,2916.0,179709.0,183359.0,1965.0,3996.0,1965.0,53.0,P0,0,0,Not Active,Not Active,Not Active,Not Active,Not Active,Not Active,145.2,True,6932556715516.0,8406393829084.0
2026-07-31T02:05:41.198777,2026/07/31 02:05:41.030,0,GPU-2c3c1aab-4401-c49f-e973-2d9a530e6442,NVIDIA B200,921.5,1000.0,100.0,15.0,2916.0,179709.0,183359.0,1965.0,3996.0,1965.0,53.0,P0,0,0,Not Active,Not Active,Not Active,Not Active,Not Active,Not Active,152.149,True,6932556715516.0,8406393829084.0
2026-07-31T02:05:41.361075,2026/07/31 02:05:41.302,0,GPU-2c3c1aab-4401-c49f-e973-2d9a530e6442,NVIDIA B200,922.71,1000.0,100.0,15.0,2916.0,179709.0,183359.0,1965.0,3996.0,1965.0,53.0,P0,0,0,Not Active,Not Active,Not Active,Not Active,Not Active,Not Active,271.695,True,6932556715516.0,8406393829084.0
2026-07-31T02:05:41.672081,2026/07/31 02:05:41.444,0,GPU-2c3c1aab-4401-c49f-e973-2d9a530e6442,NVIDIA B200,922.81,1000.0,100.0,15.0,2916.0,179709.0,183359.0,1965.0,3996.0,1965.0,53.0,P0,0,0,Not Active,Not Active,Not Active,Not Active,Not Active,Not Active,143.063,True,6932556715516.0,8406393829084.0
2026-07-31T02:05:41.878076,2026/07/31 02:05:41.825,0,GPU-2c3c1aab-4401-c49f-e973-2d9a530e6442,NVIDIA B200,922.95,1000.0,100.0,16.0,2916.0,179709.0,183359.0,1965.0,3996.0,1965.0,54.0,P0,0,0,Not Active,Not Active,Not Active,Not Active,Not Active,Not Active,382.652,True,6932556715516.0,8406393829084.0
2026-07-31T02:05:42.087206,2026/07/31 02:05:42.025,0,GPU-2c3c1aab-4401-c49f-e973-2d9a530e6442,NVIDIA B200,923.29,1000.0,100.0,15.0,2916.0,179709.0,183359.0,1965.0,3996.0,1965.0,54.0,P0,0,0,Not Active,Not Active,Not Active,Not Active,Not Active,Not Active,196.538,True,6932556715516.0,8406393829084.0
2026-07-31T02:05:42.236974,2026/07/31 02:05:42.178,0,GPU-2c3c1aab-4401-c49f-e973-2d9a530e6442,NVIDIA B200,923.64,1000.0,100.0,15.0,2916.0,179709.0,183359.0,1965.0,3996.0,1965.0,54.0,P0,0,0,Not Active,Not Active,Not Active,Not Active,Not Active,Not Active,152.985,True,6932556715516.0,8406393829084.0
2026-07-31T02:05:42.386079,2026/07/31 02:05:42.328,0,GPU-2c3c1aab-4401-c49f-e973-2d9a530e6442,NVIDIA B200,923.31,1000.0,100.0,15.0,2916.0,179709.0,183359.0,1965.0,3996.0,1965.0,54.0,P0,0,0,Not Active,Not Active,Not Active,Not Active,Not Active,Not Active,150.768,True,6932556715516.0,8406393829084.0
2026-07-31T02:05:42.534867,2026/07/31 02:05:42.475,0,GPU-2c3c1aab-4401-c49f-e973-2d9a530e6442,NVIDIA B200,923.2,1000.0,100.0,15.0,2916.0,179709.0,183359.0,1965.0,3996.0,1965.0,54.0,P0,0,0,Not Active,Not Active,Not Active,Not Active,Not Active,Not Active,145.553,True,6932556715516.0,8406393829084.0
2026-07-31T02:05:42.690397,2026/07/31 02:05:42.629,0,GPU-2c3c1aab-4401-c49f-e973-2d9a530e6442,NVIDIA B200,923.51,1000.0,100.0,15.0,2916.0,179709.0,183359.0,1965.0,3996.0,1965.0,54.0,P0,0,0,Not Active,Not Active,Not Active,Not Active,Not Active,Not Active,154.748,True,6932556715516.0,8406393829084.0
2026-07-31T02:05:42.837824,2026/07/31 02:05:42.779,0,GPU-2c3c1aab-4401-c49f-e973-2d9a530e6442,NVIDIA B200,923.7,1000.0,100.0,15.0,2916.0,179709.0,183359.0,1965.0,3996.0,1965.0,54.0,P0,0,0,Not Active,Not Active,Not Active,Not Active,Not Active,Not Active,151.553,True,6932556715516.0,8406393829084.0
2026-07-31T02:05:42.997581,2026/07/31 02:05:42.935,0,GPU-2c3c1aab-4401-c49f-e973-2d9a530e6442,NVIDIA B200,923.88,1000.0,100.0,15.0,2916.0,179709.0,183359.0,1965.0,3996.0,1965.0,54.0,P0,0,0,Not Active,Not Active,Not Active,Not Active,Not Active,Not Active,155.207,True,6932556715516.0,8406393829084.0
2026-07-31T02:05:43.149234,2026/07/31 02:05:43.090,0,GPU-2c3c1aab-4401-c49f-e973-2d9a530e6442,NVIDIA B200,923.32,1000.0,100.0,15.0,2916.0,179709.0,183359.0,1965.0,3996.0,1965.0,54.0,P0,0,0,Not Active,Not Active,Not Active,Not Active,Not Active,Not Active,155.962,True,6932556715516.0,8406393829084.0
2026-07-31T02:05:43.291239,2026/07/31 02:05:43.232,0,GPU-2c3c1aab-4401-c49f-e973-2d9a530e6442,NVIDIA B200,923.22,1000.0,100.0,16.0,2916.0,179709.0,183359.0,1965.0,3996.0,1965.0,54.0,P0,0,0,Not Active,Not Active,Not Active,Not Active,Not Active,Not Active,143.012,True,6932556715516.0,8406393829084.0
2026-07-31T02:05:43.439224,2026/07/31 02:05:43.380,0,GPU-2c3c1aab-4401-c49f-e973-2d9a530e6442,NVIDIA B200,923.46,1000.0,100.0,16.0,2916.0,179709.0,183359.0,1965.0,3996.0,1965.0,54.0,P0,0,0,Not Active,Not Active,Not Active,Not Active,Not Active,Not Active,145.773,True,6932556715516.0,8406393829084.0
2026-07-31T02:05:43.580044,2026/07/31 02:05:43.523,0,GPU-2c3c1aab-4401-c49f-e973-2d9a530e6442,NVIDIA B200,923.6,1000.0,100.0,15.0,2916.0,179709.0,183359.0,1965.0,3996.0,1965.0,55.0,P0,0,0,Not Active,Not Active,Not Active,Not Active,Not Active,Not Active,143.586,True,6932556715516.0,8406393829084.0
2026-07-31T02:05:43.726160,2026/07/31 02:05:43.667,0,GPU-2c3c1aab-4401-c49f-e973-2d9a530e6442,NVIDIA B200,923.67,1000.0,100.0,15.0,2916.0,179709.0,183359.0,1965.0,3996.0,1965.0,55.0,P0,0,0,Not Active,Not Active,Not Active,Not Active,Not Active,Not Active,143.625,True,6932556715516.0,8406393829084.0
2026-07-31T02:05:43.888084,2026/07/31 02:05:43.812,0,GPU-2c3c1aab-4401-c49f-e973-2d9a530e6442,NVIDIA B200,923.97,1000.0,100.0,15.0,2916.0,179709.0,183359.0,1965.0,3996.0,1965.0,55.0,P0,0,0,Not Active,Not Active,Not Active,Not Active,Not Active,Not Active,144.894,True,6932556715516.0,8406393829084.0
2026-07-31T02:05:44.032223,2026/07/31 02:05:43.976,0,GPU-2c3c1aab-4401-c49f-e973-2d9a530e6442,NVIDIA B200,923.82,1000.0,100.0,15.0,2916.0,179709.0,183359.0,1965.0,3996.0,1965.0,55.0,P0,0,0,Not Active,Not Active,Not Active,Not Active,Not Active,Not Active,166.58,True,6932556715516.0,8406393829084.0
2026-07-31T02:05:44.179636,2026/07/31 02:05:44.118,0,GPU-2c3c1aab-4401-c49f-e973-2d9a530e6442,NVIDIA B200,924.73,1000.0,100.0,15.0,2916.0,179709.0,183359.0,1965.0,3996.0,1965.0,55.0,P0,0,0,Not Active,Not Active,Not Active,Not Active,Not Active,Not Active,142.135,True,6932556715516.0,8406393829084.0
2026-07-31T02:05:44.322896,2026/07/31 02:05:44.260,0,GPU-2c3c1aab-4401-c49f-e973-2d9a530e6442,NVIDIA B200,924.84,1000.0,100.0,15.0,2916.0,179709.0,183359.0,1965.0,3996.0,1965.0,55.0,P0,0,0,Not Active,Not Active,Not Active,Not Active,Not Active,Not Active,142.298,True,6932556715516.0,8406393829084.0
2026-07-31T02:05:44.472530,2026/07/31 02:05:44.412,0,GPU-2c3c1aab-4401-c49f-e973-2d9a530e6442,NVIDIA B200,925.12,1000.0,100.0,15.0,2916.0,179709.0,183359.0,1965.0,3996.0,1965.0,55.0,P0,0,0,Not Active,Not Active,Not Active,Not Active,Not Active,Not Active,150.244,True,6932556715516.0,8406393829084.0
2026-07-31T02:05:44.618161,2026/07/31 02:05:44.557,0,GPU-2c3c1aab-4401-c49f-e973-2d9a530e6442,NVIDIA B200,925.11,1000.0,100.0,15.0,2916.0,179709.0,183359.0,1965.0,3996.0,1965.0,55.0,P0,0,0,Not Active,Not Active,Not Active,Not Active,Not Active,Not Active,146.067,True,6932556715516.0,8406393829084.0
2026-07-31T02:05:44.773497,2026/07/31 02:05:44.710,0,GPU-2c3c1aab-4401-c49f-e973-2d9a530e6442,NVIDIA B200,925.2,1000.0,100.0,16.0,2916.0,179709.0,183359.0,1965.0,3996.0,1965.0,55.0,P0,0,0,Not Active,Not Active,Not Active,Not Active,Not Active,Not Active,149.373,True,6932556715516.0,8406393829084.0
2026-07-31T02:05:44.923579,2026/07/31 02:05:44.862,0,GPU-2c3c1aab-4401-c49f-e973-2d9a530e6442,NVIDIA B200,925.63,1000.0,100.0,15.0,2916.0,179709.0,183359.0,1965.0,3996.0,1965.0,55.0,P0,0,0,Not Active,Not Active,Not Active,Not Active,Not Active,Not Active,153.211,True,6932556715516.0,8406393829084.0
2026-07-31T02:05:45.074137,2026/07/31 02:05:45.012,0,GPU-2c3c1aab-4401-c49f-e973-2d9a530e6442,NVIDIA B200,925.51,1000.0,100.0,15.0,2916.0,179709.0,183359.0,1965.0,3996.0,1965.0,55.0,P0,0,0,Not Active,Not Active,Not Active,Not Active,Not Active,Not Active,150.657,True,6932556715516.0,8406393829084.0
2026-07-31T02:05:45.231721,2026/07/31 02:05:45.165,0,GPU-2c3c1aab-4401-c49f-e973-2d9a530e6442,NVIDIA B200,925.6,1000.0,100.0,15.0,2916.0,179709.0,183359.0,1965.0,3996.0,1965.0,55.0,P0,0,0,Not Active,Not Active,Not Active,Not Active,Not Active,Not Active,152.595,True,6932556715516.0,8406393829084.0
2026-07-31T02:05:45.380054,2026/07/31 02:05:45.321,0,GPU-2c3c1aab-4401-c49f-e973-2d9a530e6442,NVIDIA B200,925.62,1000.0,100.0,15.0,2916.0,179709.0,183359.0,1965.0,3996.0,1965.0,55.0,P0,0,0,Not Active,Not Active,Not Active,Not Active,Not Active,Not Active,158.841,True,6932556715516.0,8406393829084.0
2026-07-31T02:05:45.526974,2026/07/31 02:05:45.466,0,GPU-2c3c1aab-4401-c49f-e973-2d9a530e6442,NVIDIA B200,925.82,1000.0,100.0,15.0,2916.0,179709.0,183359.0,1965.0,3996.0,1965.0,55.0,P0,0,0,Not Active,Not Active,Not Active,Not Active,Not Active,Not Active,144.92,True,6932556715516.0,8406393829084.0
2026-07-31T02:05:45.673881,2026/07/31 02:05:45.615,0,GPU-2c3c1aab-4401-c49f-e973-2d9a530e6442,NVIDIA B200,926.13,1000.0,100.0,15.0,2916.0,179709.0,183359.0,1965.0,3996.0,1965.0,55.0,P0,0,0,Not Active,Not Active,Not Active,Not Active,Not Active,Not Active,147.155,True,6932556715516.0,8406393829084.0
2026-07-31T02:05:45.824351,2026/07/31 02:05:45.765,0,GPU-2c3c1aab-4401-c49f-e973-2d9a530e6442,NVIDIA B200,926.07,1000.0,100.0,15.0,2916.0,179709.0,183359.0,1965.0,3996.0,1965.0,55.0,P0,0,0,Not Active,Not Active,Not Active,Not Active,Not Active,Not Active,149.148,True,6932556715516.0,8406393829084.0
2026-07-31T02:05:45.962235,2026/07/31 02:05:45.905,0,GPU-2c3c1aab-4401-c49f-e973-2d9a530e6442,NVIDIA B200,925.78,1000.0,100.0,15.0,2916.0,179709.0,183359.0,1965.0,3996.0,1965.0,55.0,P0,0,0,Not Active,Not Active,Not Active,Not Active,Not Active,Not Active,143.423,True,6932556715516.0,8406393829084.0
2026-07-31T02:05:46.106478,2026/07/31 02:05:46.047,0,GPU-2c3c1aab-4401-c49f-e973-2d9a530e6442,NVIDIA B200,925.64,1000.0,100.0,16.0,2916.0,179709.0,183359.0,1965.0,3996.0,1965.0,55.0,P0,0,0,Not Active,Not Active,Not Active,Not Active,Not Active,Not Active,139.815,True,6932556715516.0,8406393829084.0
2026-07-31T02:05:46.259132,2026/07/31 02:05:46.199,0,GPU-2c3c1aab-4401-c49f-e973-2d9a530e6442,NVIDIA B200,925.86,1000.0,100.0,15.0,2916.0,179709.0,183359.0,1965.0,3996.0,1965.0,56.0,P0,0,0,Not Active,Not Active,Not Active,Not Active,Not Active,Not Active,152.108,True,6932556715516.0,8406393829084.0
2026-07-31T02:05:46.496903,2026/07/31 02:05:46.346,0,GPU-2c3c1aab-4401-c49f-e973-2d9a530e6442,NVIDIA B200,926.01,1000.0,100.0,15.0,2916.0,179709.0,183359.0,1965.0,3996.0,1965.0,56.0,P0,0,0,Not Active,Not Active,Not Active,Not Active,Not Active,Not Active,146.002,True,6932556715516.0,8406393829084.0
2026-07-31T02:05:46.681587,2026/07/31 02:05:46.615,0,GPU-2c3c1aab-4401-c49f-e973-2d9a530e6442,NVIDIA B200,926.05,1000.0,100.0,15.0,2916.0,179709.0,183359.0,1965.0,3996.0,1965.0,56.0,P0,0,0,Not Active,Not Active,Not Active,Not Active,Not Active,Not Active,271.203,True,6932556715516.0,8406393829084.0
2026-07-31T02:05:46.818857,2026/07/31 02:05:46.765,0,GPU-2c3c1aab-4401-c49f-e973-2d9a530e6442,NVIDIA B200,926.45,1000.0,100.0,15.0,2916.0,179709.0,183359.0,1965.0,3996.0,1965.0,56.0,P0,0,0,Not Active,Not Active,Not Active,Not Active,Not Active,Not Active,150.275,True,6932556715516.0,8406393829084.0
2026-07-31T02:05:47.198827,2026/07/31 02:05:47.025,0,GPU-2c3c1aab-4401-c49f-e973-2d9a530e6442,NVIDIA B200,926.81,1000.0,100.0,15.0,2916.0,179709.0,183359.0,1965.0,3996.0,1965.0,56.0,P0,0,0,Not Active,Not Active,Not Active,Not Active,Not Active,Not Active,174.452,True,6932556715516.0,8406393829084.0
2026-07-31T02:05:47.445363,2026/07/31 02:05:47.386,0,GPU-2c3c1aab-4401-c49f-e973-2d9a530e6442,NVIDIA B200,926.52,1000.0,100.0,15.0,2916.0,179709.0,183359.0,1965.0,3996.0,1965.0,56.0,P0,0,0,Not Active,Not Active,Not Active,Not Active,Not Active,Not Active,444.437,True,6932556715516.0,8406393829084.0
2026-07-31T02:05:47.589743,2026/07/31 02:05:47.530,0,GPU-2c3c1aab-4401-c49f-e973-2d9a530e6442,NVIDIA B200,925.92,1000.0,100.0,16.0,2916.0,179709.0,183359.0,1965.0,3996.0,1965.0,56.0,P0,0,0,Not Active,Not Active,Not Active,Not Active,Not Active,Not Active,145.786,True,6932556715516.0,8406393829084.0
2026-07-31T02:05:47.745507,2026/07/31 02:05:47.682,0,GPU-2c3c1aab-4401-c49f-e973-2d9a530e6442,NVIDIA B200,925.71,1000.0,100.0,15.0,2916.0,179709.0,183359.0,1965.0,3996.0,1965.0,56.0,P0,0,0,Not Active,Not Active,Not Active,Not Active,Not Active,Not Active,151.499,True,6932556715516.0,8406393829084.0
2026-07-31T02:05:47.897906,2026/07/31 02:05:47.836,0,GPU-2c3c1aab-4401-c49f-e973-2d9a530e6442,NVIDIA B200,926.03,1000.0,100.0,15.0,2916.0,179709.0,183359.0,1965.0,3996.0,1965.0,56.0,P0,0,0,Not Active,Not Active,Not Active,Not Active,Not Active,Not Active,151.616,True,6932556715516.0,8406393829084.0
2026-07-31T02:05:48.040363,2026/07/31 02:05:47.979,0,GPU-2c3c1aab-4401-c49f-e973-2d9a530e6442,NVIDIA B200,925.79,1000.0,100.0,15.0,2916.0,179709.0,183359.0,1965.0,3996.0,1965.0,56.0,P0,0,0,Not Active,Not Active,Not Active,Not Active,Not Active,Not Active,146.217,True,6932556715516.0,8406393829084.0
2026-07-31T02:05:48.190204,2026/07/31 02:05:48.130,0,GPU-2c3c1aab-4401-c49f-e973-2d9a530e6442,NVIDIA B200,926.28,1000.0,100.0,15.0,2916.0,179709.0,183359.0,1965.0,3996.0,1965.0,56.0,P0,0,0,Not Active,Not Active,Not Active,Not Active,Not Active,Not Active,149.319,True,6932556715516.0,8406393829084.0
2026-07-31T02:05:48.336801,2026/07/31 02:05:48.279,0,GPU-2c3c1aab-4401-c49f-e973-2d9a530e6442,NVIDIA B200,926.39,1000.0,100.0,15.0,2916.0,179709.0,183359.0,1965.0,3996.0,1965.0,56.0,P0,0,0,Not Active,Not Active,Not Active,Not Active,Not Active,Not Active,148.462,True,6932556715516.0,8406393829084.0
2026-07-31T02:05:48.491183,2026/07/31 02:05:48.430,0,GPU-2c3c1aab-4401-c49f-e973-2d9a530e6442,NVIDIA B200,927.01,1000.0,100.0,15.0,2916.0,179709.0,183359.0,1965.0,3996.0,1965.0,56.0,P0,0,0,Not Active,Not Active,Not Active,Not Active,Not Active,Not Active,151.439,True,6932556715516.0,8406393829084.0
2026-07-31T02:05:48.637249,2026/07/31 02:05:48.578,0,GPU-2c3c1aab-4401-c49f-e973-2d9a530e6442,NVIDIA B200,926.78,1000.0,100.0,15.0,2916.0,179709.0,183359.0,1965.0,3996.0,1965.0,56.0,P0,0,0,Not Active,Not Active,Not Active,Not Active,Not Active,Not Active,148.357,True,6932556715516.0,8406393829084.0
2026-07-31T02:05:48.782570,2026/07/31 02:05:48.721,0,GPU-2c3c1aab-4401-c49f-e973-2d9a530e6442,NVIDIA B200,926.97,1000.0,100.0,15.0,2916.0,179709.0,183359.0,1965.0,3996.0,1965.0,56.0,P0,0,0,Not Active,Not Active,Not Active,Not Active,Not Active,Not Active,143.833,True,6932556715516.0,8406393829084.0
2026-07-31T02:05:48.929284,2026/07/31 02:05:48.871,0,GPU-2c3c1aab-4401-c49f-e973-2d9a530e6442,NVIDIA B200,927.1,1000.0,100.0,15.0,2916.0,179709.0,183359.0,1965.0,3996.0,1965.0,56.0,P0,0,0,Not Active,Not Active,Not Active,Not Active,Not Active,Not Active,150.214,True,6932556715516.0,8406393829084.0
2026-07-31T02:05:49.076294,2026/07/31 02:05:49.014,0,GPU-2c3c1aab-4401-c49f-e973-2d9a530e6442,NVIDIA B200,926.7,1000.0,100.0,15.0,2916.0,179709.0,183359.0,1965.0,3996.0,1965.0,56.0,P0,0,0,Not Active,Not Active,Not Active,Not Active,Not Active,Not Active,141.897,True,6932556715516.0,8406393829084.0
2026-07-31T02:05:49.225724,2026/07/31 02:05:49.158,0,GPU-2c3c1aab-4401-c49f-e973-2d9a530e6442,NVIDIA B200,927.05,1000.0,100.0,15.0,2916.0,179709.0,183359.0,1965.0,3996.0,1965.0,56.0,P0,0,0,Not Active,Not Active,Not Active,Not Active,Not Active,Not Active,144.753,True,6932556715516.0,8406393829084.0
2026-07-31T02:05:49.393720,2026/07/31 02:05:49.333,0,GPU-2c3c1aab-4401-c49f-e973-2d9a530e6442,NVIDIA B200,926.87,1000.0,100.0,15.0,2916.0,179709.0,183359.0,1965.0,3996.0,1965.0,56.0,P0,0,0,Not Active,Not Active,Not Active,Not Active,Not Active,Not Active,174.985,True,6932556715516.0,8406393829084.0
2026-07-31T02:05:49.537191,2026/07/31 02:05:49.478,0,GPU-2c3c1aab-4401-c49f-e973-2d9a530e6442,NVIDIA B200,927.38,1000.0,100.0,15.0,2916.0,179709.0,183359.0,1965.0,3996.0,1965.0,56.0,P0,0,0,Not Active,Not Active,Not Active,Not Active,Not Active,Not Active,144.099,True,6932556715516.0,8406393829084.0
2026-07-31T02:05:49.692510,2026/07/31 02:05:49.629,0,GPU-2c3c1aab-4401-c49f-e973-2d9a530e6442,NVIDIA B200,927.38,1000.0,100.0,15.0,2916.0,179709.0,183359.0,1965.0,3996.0,1965.0,56.0,P0,0,0,Not Active,Not Active,Not Active,Not Active,Not Active,Not Active,152.349,True,6932556715516.0,8406393829084.0
2026-07-31T02:05:49.851388,2026/07/31 02:05:49.781,0,GPU-2c3c1aab-4401-c49f-e973-2d9a530e6442,NVIDIA B200,928.05,1000.0,100.0,15.0,2916.0,179709.0,183359.0,1965.0,3996.0,1965.0,56.0,P0,0,0,Not Active,Not Active,Not Active,Not Active,Not Active,Not Active,149.487,True,6932556715516.0,8406393829084.0
2026-07-31T02:05:49.992286,2026/07/31 02:05:49.933,0,GPU-2c3c1aab-4401-c49f-e973-2d9a530e6442,NVIDIA B200,928.28,1000.0,100.0,15.0,2916.0,179709.0,183359.0,1965.0,3996.0,1965.0,57.0,P0,0,0,Not Active,Not Active,Not Active,Not Active,Not Active,Not Active,155.263,True,6932556715516.0,8406393829084.0
2026-07-31T02:05:50.154143,2026/07/31 02:05:50.096,0,GPU-2c3c1aab-4401-c49f-e973-2d9a530e6442,NVIDIA B200,928.95,1000.0,100.0,15.0,2916.0,179709.0,183359.0,1965.0,3996.0,1965.0,57.0,P0,0,0,Not Active,Not Active,Not Active,Not Active,Not Active,Not Active,158.898,True,6932556715516.0,8406393829084.0
2026-07-31T02:05:50.312011,2026/07/31 02:05:50.244,0,GPU-2c3c1aab-4401-c49f-e973-2d9a530e6442,NVIDIA B200,928.38,1000.0,100.0,15.0,2916.0,179709.0,183359.0,1965.0,3996.0,1965.0,57.0,P0,0,0,Not Active,Not Active,Not Active,Not Active,Not Active,Not Active,151.169,True,6932556715516.0,8406393829084.0
2026-07-31T02:05:50.465060,2026/07/31 02:05:50.404,0,GPU-2c3c1aab-4401-c49f-e973-2d9a530e6442,NVIDIA B200,927.99,1000.0,100.0,15.0,2916.0,179709.0,183359.0,1965.0,3996.0,1965.0,57.0,P0,0,0,Not Active,Not Active,Not Active,Not Active,Not Active,Not Active,157.073,True,6932556715516.0,8406393829084.0
2026-07-31T02:05:50.614183,2026/07/31 02:05:50.548,0,GPU-2c3c1aab-4401-c49f-e973-2d9a530e6442,NVIDIA B200,928.4,1000.0,100.0,15.0,2916.0,179709.0,183359.0,1965.0,3996.0,1965.0,57.0,P0,0,0,Not Active,Not Active,Not Active,Not Active,Not Active,Not Active,144.721,True,6932556715516.0,8406393829084.0
2026-07-31T02:05:50.765962,2026/07/31 02:05:50.702,0,GPU-2c3c1aab-4401-c49f-e973-2d9a530e6442,NVIDIA B200,928.8,1000.0,100.0,15.0,2916.0,179709.0,183359.0,1965.0,3996.0,1965.0,57.0,P0,0,0,Not Active,Not Active,Not Active,Not Active,Not Active,Not Active,154.861,True,6932556715516.0,8406393829084.0
2026-07-31T02:05:50.915419,2026/07/31 02:05:50.855,0,GPU-2c3c1aab-4401-c49f-e973-2d9a530e6442,NVIDIA B200,929.07,1000.0,100.0,15.0,2916.0,179709.0,183359.0,1965.0,3996.0,1965.0,57.0,P0,0,0,Not Active,Not Active,Not Active,Not Active,Not Active,Not Active,152.796,True,6932556715516.0,8406393829084.0
2026-07-31T02:05:51.062975,2026/07/31 02:05:51.005,0,GPU-2c3c1aab-4401-c49f-e973-2d9a530e6442,NVIDIA B200,929.2,1000.0,100.0,15.0,2916.0,179709.0,183359.0,1965.0,3996.0,1965.0,57.0,P0,0,0,Not Active,Not Active,Not Active,Not Active,Not Active,Not Active,149.128,True,6932556715516.0,8406393829084.0
2026-07-31T02:05:51.217604,2026/07/31 02:05:51.154,0,GPU-2c3c1aab-4401-c49f-e973-2d9a530e6442,NVIDIA B200,929.44,1000.0,100.0,15.0,2916.0,179709.0,183359.0,1965.0,3996.0,1965.0,57.0,P0,0,0,Not Active,Not Active,Not Active,Not Active,Not Active,Not Active,148.657,True,6932556715516.0,8406393829084.0
2026-07-31T02:05:51.368143,2026/07/31 02:05:51.308,0,GPU-2c3c1aab-4401-c49f-e973-2d9a530e6442,NVIDIA B200,929.85,1000.0,100.0,15.0,2916.0,179709.0,183359.0,1965.0,3996.0,1965.0,57.0,P0,0,0,Not Active,Not Active,Not Active,Not Active,Not Active,Not Active,155.871,True,6932556715516.0,8406393829084.0
2026-07-31T02:05:51.524195,2026/07/31 02:05:51.464,0,GPU-2c3c1aab-4401-c49f-e973-2d9a530e6442,NVIDIA B200,930.43,1000.0,100.0,15.0,2916.0,179709.0,183359.0,1965.0,3996.0,1965.0,57.0,P0,0,0,Not Active,Not Active,Not Active,Not Active,Not Active,Not Active,154.508,True,6932556715516.0,8406393829084.0
2026-07-31T02:05:51.749396,2026/07/31 02:05:51.616,0,GPU-2c3c1aab-4401-c49f-e973-2d9a530e6442,NVIDIA B200,929.87,1000.0,100.0,16.0,2916.0,179709.0,183359.0,1965.0,3996.0,1965.0,57.0,P0,0,0,Not Active,Not Active,Not Active,Not Active,Not Active,Not Active,154.993,True,6932556715516.0,8406393829084.0
2026-07-31T02:05:51.997491,2026/07/31 02:05:51.934,0,GPU-2c3c1aab-4401-c49f-e973-2d9a530e6442,NVIDIA B200,930.21,1000.0,100.0,15.0,2916.0,179709.0,183359.0,1965.0,3996.0,1965.0,57.0,P0,0,0,Not Active,Not Active,Not Active,Not Active,Not Active,Not Active,296.661,True,6932556715516.0,8406393829084.0
2026-07-31T02:05:52.154467,2026/07/31 02:05:52.094,0,GPU-2c3c1aab-4401-c49f-e973-2d9a530e6442,NVIDIA B200,930.65,1000.0,100.0,15.0,2916.0,179709.0,183359.0,1965.0,3996.0,1965.0,57.0,P0,0,0,Not Active,Not Active,Not Active,Not Active,Not Active,Not Active,181.307,True,6932556715516.0,8406393829084.0
2026-07-31T02:05:52.306908,2026/07/31 02:05:52.244,0,GPU-2c3c1aab-4401-c49f-e973-2d9a530e6442,NVIDIA B200,930.33,1000.0,100.0,15.0,2916.0,179709.0,183359.0,1965.0,3996.0,1965.0,57.0,P0,0,0,Not Active,Not Active,Not Active,Not Active,Not Active,Not Active,146.702,True,6932556715516.0,8406393829084.0
2026-07-31T02:05:52.729386,2026/07/31 02:05:52.650,0,GPU-2c3c1aab-4401-c49f-e973-2d9a530e6442,NVIDIA B200,930.45,1000.0,100.0,15.0,2916.0,179709.0,183359.0,1965.0,3996.0,1965.0,57.0,P0,0,0,Not Active,Not Active,Not Active,Not Active,Not Active,Not Active,390.931,True,6932556715516.0,8406393829084.0
2026-07-31T02:05:52.878439,2026/07/31 02:05:52.814,0,GPU-2c3c1aab-4401-c49f-e973-2d9a530e6442,NVIDIA B200,930.39,1000.0,100.0,15.0,2916.0,179709.0,183359.0,1965.0,3996.0,1965.0,57.0,P0,0,0,Not Active,Not Active,Not Active,Not Active,Not Active,Not Active,180.607,True,6932556715516.0,8406393829084.0
2026-07-31T02:05:53.028591,2026/07/31 02:05:52.966,0,GPU-2c3c1aab-4401-c49f-e973-2d9a530e6442,NVIDIA B200,930.28,1000.0,100.0,15.0,2916.0,179709.0,183359.0,1965.0,3996.0,1965.0,57.0,P0,0,0,Not Active,Not Active,Not Active,Not Active,Not Active,Not Active,152.884,True,6932556715516.0,8406393829084.0
2026-07-31T02:05:53.178179,2026/07/31 02:05:53.117,0,GPU-2c3c1aab-4401-c49f-e973-2d9a530e6442,NVIDIA B200,930.33,1000.0,100.0,16.0,2916.0,179709.0,183359.0,1965.0,3996.0,1965.0,57.0,P0,0,0,Not Active,Not Active,Not Active,Not Active,Not Active,Not Active,150.745,True,6932556715516.0,8406393829084.0
2026-07-31T02:05:53.329004,2026/07/31 02:05:53.266,0,GPU-2c3c1aab-4401-c49f-e973-2d9a530e6442,NVIDIA B200,929.88,1000.0,100.0,15.0,2916.0,179709.0,183359.0,1965.0,3996.0,1965.0,57.0,P0,0,0,Not Active,Not Active,Not Active,Not Active,Not Active,Not Active,148.565,True,6932556715516.0,8406393829084.0
2026-07-31T02:05:53.489801,2026/07/31 02:05:53.416,0,GPU-2c3c1aab-4401-c49f-e973-2d9a530e6442,NVIDIA B200,930.43,1000.0,100.0,15.0,2916.0,179709.0,183359.0,1965.0,3996.0,1965.0,57.0,P0,0,0,Not Active,Not Active,Not Active,Not Active,Not Active,Not Active,148.863,True,6932556715516.0,8406393829084.0
2026-07-31T02:05:53.642526,2026/07/31 02:05:53.584,0,GPU-2c3c1aab-4401-c49f-e973-2d9a530e6442,NVIDIA B200,930.03,1000.0,100.0,15.0,2916.0,179709.0,183359.0,1965.0,3996.0,1965.0,57.0,P0,0,0,Not Active,Not Active,Not Active,Not Active,Not Active,Not Active,168.742,True,6932556715516.0,8406393829084.0
2026-07-31T02:05:53.787134,2026/07/31 02:05:53.728,0,GPU-2c3c1aab-4401-c49f-e973-2d9a530e6442,NVIDIA B200,930.48,1000.0,100.0,15.0,2916.0,179709.0,183359.0,1965.0,3996.0,1965.0,57.0,P0,0,0,Not Active,Not Active,Not Active,Not Active,Not Active,Not Active,145.175,True,6932556715516.0,8406393829084.0
2026-07-31T02:05:53.939518,2026/07/31 02:05:53.876,0,GPU-2c3c1aab-4401-c49f-e973-2d9a530e6442,NVIDIA B200,930.44,1000.0,100.0,15.0,2916.0,179709.0,183359.0,1965.0,3996.0,1965.0,57.0,P0,0,0,Not Active,Not Active,Not Active,Not Active,Not Active,Not Active,145.427,True,6932556715516.0,8406393829084.0
2026-07-31T02:05:54.080563,2026/07/31 02:05:54.024,0,GPU-2c3c1aab-4401-c49f-e973-2d9a530e6442,NVIDIA B200,930.75,1000.0,100.0,15.0,2916.0,179709.0,183359.0,1965.0,3996.0,1965.0,57.0,P0,0,0,Not Active,Not Active,Not Active,Not Active,Not Active,Not Active,150.653,True,6932556715516.0,8406393829084.0
2026-07-31T02:05:54.232031,2026/07/31 02:05:54.170,0,GPU-2c3c1aab-4401-c49f-e973-2d9a530e6442,NVIDIA B200,930.29,1000.0,100.0,15.0,2916.0,179709.0,183359.0,1965.0,3996.0,1965.0,57.0,P0,0,0,Not Active,Not Active,Not Active,Not Active,Not Active,Not Active,143.741,True,6932556715516.0,8406393829084.0
2026-07-31T02:05:54.379964,2026/07/31 02:05:54.321,0,GPU-2c3c1aab-4401-c49f-e973-2d9a530e6442,NVIDIA B200,930.34,1000.0,100.0,15.0,2916.0,179709.0,183359.0,1965.0,3996.0,1965.0,58.0,P0,0,0,Not Active,Not Active,Not Active,Not Active,Not Active,Not Active,150.875,True,6932556715516.0,8406393829084.0
2026-07-31T02:05:54.518719,2026/07/31 02:05:54.460,0,GPU-2c3c1aab-4401-c49f-e973-2d9a530e6442,NVIDIA B200,930.27,1000.0,100.0,16.0,2916.0,179709.0,183359.0,1965.0,3996.0,1965.0,58.0,P0,0,0,Not Active,Not Active,Not Active,Not Active,Not Active,Not Active,142.308,True,6932556715516.0,8406393829084.0
2026-07-31T02:05:54.671455,2026/07/31 02:05:54.606,0,GPU-2c3c1aab-4401-c49f-e973-2d9a530e6442,NVIDIA B200,930.32,1000.0,100.0,15.0,2916.0,179709.0,183359.0,1965.0,3996.0,1965.0,58.0,P0,0,0,Not Active,Not Active,Not Active,Not Active,Not Active,Not Active,142.395,True,6932556715516.0,8406393829084.0
2026-07-31T02:05:54.817106,2026/07/31 02:05:54.756,0,GPU-2c3c1aab-4401-c49f-e973-2d9a530e6442,NVIDIA B200,930.43,1000.0,100.0,15.0,2916.0,179709.0,183359.0,1965.0,3996.0,1965.0,58.0,P0,0,0,Not Active,Not Active,Not Active,Not Active,Not Active,Not Active,151.175,True,6932556715516.0,8406393829084.0
2026-07-31T02:05:54.964869,2026/07/31 02:05:54.904,0,GPU-2c3c1aab-4401-c49f-e973-2d9a530e6442,NVIDIA B200,930.74,1000.0,100.0,15.0,2916.0,179709.0,183359.0,1965.0,3996.0,1965.0,58.0,P0,0,0,Not Active,Not Active,Not Active,Not Active,Not Active,Not Active,149.422,True,6932556715516.0,8406393829084.0
2026-07-31T02:05:55.109333,2026/07/31 02:05:55.050,0,GPU-2c3c1aab-4401-c49f-e973-2d9a530e6442,NVIDIA B200,930.76,1000.0,100.0,15.0,2916.0,179709.0,183359.0,1965.0,3996.0,1965.0,58.0,P0,0,0,Not Active,Not Active,Not Active,Not Active,Not Active,Not Active,148.665,True,6932556715516.0,8406393829084.0
2026-07-31T02:05:55.261257,2026/07/31 02:05:55.196,0,GPU-2c3c1aab-4401-c49f-e973-2d9a530e6442,NVIDIA B200,930.47,1000.0,100.0,15.0,2916.0,179709.0,183359.0,1965.0,3996.0,1965.0,58.0,P0,0,0,Not Active,Not Active,Not Active,Not Active,Not Active,Not Active,141.195,True,6932556715516.0,8406393829084.0
2026-07-31T02:05:55.406188,2026/07/31 02:05:55.347,0,GPU-2c3c1aab-4401-c49f-e973-2d9a530e6442,NVIDIA B200,930.7,1000.0,100.0,15.0,2916.0,179709.0,183359.0,1965.0,3996.0,1965.0,58.0,P0,0,0,Not Active,Not Active,Not Active,Not Active,Not Active,Not Active,153.058,True,6932556715516.0,8406393829084.0
2026-07-31T02:05:55.552219,2026/07/31 02:05:55.492,0,GPU-2c3c1aab-4401-c49f-e973-2d9a530e6442,NVIDIA B200,930.76,1000.0,100.0,15.0,2916.0,179709.0,183359.0,1965.0,3996.0,1965.0,57.0,P0,0,0,Not Active,Not Active,Not Active,Not Active,Not Active,Not Active,142.463,True,6932556715516.0,8406393829084.0
2026-07-31T02:05:55.706032,2026/07/31 02:05:55.642,0,GPU-2c3c1aab-4401-c49f-e973-2d9a530e6442,NVIDIA B200,931.18,1000.0,100.0,15.0,2916.0,179709.0,183359.0,1965.0,3996.0,1965.0,58.0,P0,0,0,Not Active,Not Active,Not Active,Not Active,Not Active,Not Active,152.045,True,6932556715516.0,8406393829084.0
2026-07-31T02:05:55.858278,2026/07/31 02:05:55.792,0,GPU-2c3c1aab-4401-c49f-e973-2d9a530e6442,NVIDIA B200,931.06,1000.0,100.0,15.0,2916.0,179709.0,183359.0,1965.0,3996.0,1965.0,58.0,P0,0,0,Not Active,Not Active,Not Active,Not Active,Not Active,Not Active,151.042,True,6932556715516.0,8406393829084.0
2026-07-31T02:05:56.007623,2026/07/31 02:05:55.947,0,GPU-2c3c1aab-4401-c49f-e973-2d9a530e6442,NVIDIA B200,930.61,1000.0,100.0,16.0,2916.0,179709.0,183359.0,1965.0,3996.0,1965.0,58.0,P0,0,0,Not Active,Not Active,Not Active,Not Active,Not Active,Not Active,154.993,True,6932556715516.0,8406393829084.0
2026-07-31T02:05:56.148237,2026/07/31 02:05:56.090,0,GPU-2c3c1aab-4401-c49f-e973-2d9a530e6442,NVIDIA B200,930.92,1000.0,100.0,15.0,2916.0,179709.0,183359.0,1965.0,3996.0,1965.0,58.0,P0,0,0,Not Active,Not Active,Not Active,Not Active,Not Active,Not Active,143.011,True,6932556715516.0,8406393829084.0
2026-07-31T02:05:56.304366,2026/07/31 02:05:56.241,0,GPU-2c3c1aab-4401-c49f-e973-2d9a530e6442,NVIDIA B200,931.59,1000.0,100.0,15.0,2916.0,179709.0,183359.0,1965.0,3996.0,1965.0,58.0,P0,0,0,Not Active,Not Active,Not Active,Not Active,Not Active,Not Active,147.65,True,6932556715516.0,8406393829084.0
2026-07-31T02:05:56.454070,2026/07/31 02:05:56.395,0,GPU-2c3c1aab-4401-c49f-e973-2d9a530e6442,NVIDIA B200,931.6,1000.0,100.0,15.0,2916.0,179709.0,183359.0,1965.0,3996.0,1965.0,58.0,P0,0,0,Not Active,Not Active,Not Active,Not Active,Not Active,Not Active,155.377,True,6932556715516.0,8406393829084.0
2026-07-31T02:05:56.603948,2026/07/31 02:05:56.545,0,GPU-2c3c1aab-4401-c49f-e973-2d9a530e6442,NVIDIA B200,931.87,1000.0,100.0,15.0,2916.0,179709.0,183359.0,1965.0,3996.0,1965.0,58.0,P0,0,0,Not Active,Not Active,Not Active,Not Active,Not Active,Not Active,149.96,True,6932556715516.0,8406393829084.0
2026-07-31T02:05:56.748265,2026/07/31 02:05:56.690,0,GPU-2c3c1aab-4401-c49f-e973-2d9a530e6442,NVIDIA B200,931.76,1000.0,100.0,15.0,2916.0,179709.0,183359.0,1965.0,3996.0,1965.0,58.0,P0,0,0,Not Active,Not Active,Not Active,Not Active,Not Active,Not Active,144.966,True,6932556715516.0,8406393829084.0
2026-07-31T02:05:56.889462,2026/07/31 02:05:56.828,0,GPU-2c3c1aab-4401-c49f-e973-2d9a530e6442,NVIDIA B200,932.47,1000.0,100.0,15.0,2916.0,179709.0,183359.0,1965.0,3996.0,1965.0,58.0,P0,0,0,Not Active,Not Active,Not Active,Not Active,Not Active,Not Active,141.015,True,6932556715516.0,8406393829084.0
2026-07-31T02:05:57.119162,2026/07/31 02:05:56.979,0,GPU-2c3c1aab-4401-c49f-e973-2d9a530e6442,NVIDIA B200,932.42,1000.0,100.0,15.0,2916.0,179709.0,183359.0,1965.0,3996.0,1965.0,58.0,P0,0,0,Not Active,Not Active,Not Active,Not Active,Not Active,Not Active,150.135,True,6932556715516.0,8406393829084.0
2026-07-31T02:05:57.308001,2026/07/31 02:05:57.243,0,GPU-2c3c1aab-4401-c49f-e973-2d9a530e6442,NVIDIA B200,932.2,1000.0,100.0,15.0,2916.0,179709.0,183359.0,1965.0,3996.0,1965.0,58.0,P0,0,0,Not Active,Not Active,Not Active,Not Active,Not Active,Not Active,263.994,True,6932556715516.0,8406393829084.0
2026-07-31T02:05:57.521486,2026/07/31 02:05:57.459,0,GPU-2c3c1aab-4401-c49f-e973-2d9a530e6442,NVIDIA B200,931.99,1000.0,100.0,15.0,2916.0,179709.0,183359.0,1965.0,3996.0,1965.0,58.0,P0,0,0,Not Active,Not Active,Not Active,Not Active,Not Active,Not Active,215.971,True,6932556715516.0,8406393829084.0
2026-07-31T02:05:57.677798,2026/07/31 02:05:57.617,0,GPU-2c3c1aab-4401-c49f-e973-2d9a530e6442,NVIDIA B200,932.51,1000.0,100.0,15.0,2916.0,179709.0,183359.0,1965.0,3996.0,1965.0,58.0,P0,0,0,Not Active,Not Active,Not Active,Not Active,Not Active,Not Active,154.471,True,6932556715516.0,8406393829084.0
2026-07-31T02:05:58.077473,2026/07/31 02:05:57.901,0,GPU-2c3c1aab-4401-c49f-e973-2d9a530e6442,NVIDIA B200,932.23,1000.0,100.0,15.0,2916.0,179709.0,183359.0,1965.0,3996.0,1965.0,58.0,P0,0,0,Not Active,Not Active,Not Active,Not Active,Not Active,Not Active,210.027,True,6932556715516.0,8406393829084.0
2026-07-31T02:05:58.230883,2026/07/31 02:05:58.170,0,GPU-2c3c1aab-4401-c49f-e973-2d9a530e6442,NVIDIA B200,932.2,1000.0,100.0,15.0,2916.0,179709.0,183359.0,1965.0,3996.0,1965.0,58.0,P0,0,0,Not Active,Not Active,Not Active,Not Active,Not Active,Not Active,343.998,True,6932556715516.0,8406393829084.0
2026-07-31T02:05:58.374579,2026/07/31 02:05:58.314,0,GPU-2c3c1aab-4401-c49f-e973-2d9a530e6442,NVIDIA B200,932.74,1000.0,100.0,15.0,2916.0,179709.0,183359.0,1965.0,3996.0,1965.0,58.0,P0,0,0,Not Active,Not Active,Not Active,Not Active,Not Active,Not Active,145.767,True,6932556715516.0,8406393829084.0
2026-07-31T02:05:58.545137,2026/07/31 02:05:58.479,0,GPU-2c3c1aab-4401-c49f-e973-2d9a530e6442,NVIDIA B200,933.33,1000.0,100.0,15.0,2916.0,179709.0,183359.0,1965.0,3996.0,1965.0,58.0,P0,0,0,Not Active,Not Active,Not Active,Not Active,Not Active,Not Active,147.869,True,6932556715516.0,8406393829084.0
2026-07-31T02:05:58.693233,2026/07/31 02:05:58.630,0,GPU-2c3c1aab-4401-c49f-e973-2d9a530e6442,NVIDIA B200,933.02,1000.0,100.0,15.0,2916.0,179709.0,183359.0,1965.0,3996.0,1965.0,58.0,P0,0,0,Not Active,Not Active,Not Active,Not Active,Not Active,Not Active,166.851,True,6932556715516.0,8406393829084.0
2026-07-31T02:05:58.840346,2026/07/31 02:05:58.781,0,GPU-2c3c1aab-4401-c49f-e973-2d9a530e6442,NVIDIA B200,933.39,1000.0,100.0,15.0,2916.0,179709.0,183359.0,1965.0,3996.0,1965.0,58.0,P0,0,0,Not Active,Not Active,Not Active,Not Active,Not Active,Not Active,151.149,True,6932556715516.0,8406393829084.0
2026-07-31T02:05:58.993683,2026/07/31 02:05:58.931,0,GPU-2c3c1aab-4401-c49f-e973-2d9a530e6442,NVIDIA B200,932.76,1000.0,100.0,15.0,2916.0,179709.0,183359.0,1965.0,3996.0,1965.0,58.0,P0,0,0,Not Active,Not Active,Not Active,Not Active,Not Active,Not Active,149.644,True,6932556715516.0,8406393829084.0
2026-07-31T02:05:59.137955,2026/07/31 02:05:59.081,0,GPU-2c3c1aab-4401-c49f-e973-2d9a530e6442,NVIDIA B200,933.45,1000.0,100.0,15.0,2916.0,179709.0,183359.0,1965.0,3996.0,1965.0,58.0,P0,0,0,Not Active,Not Active,Not Active,Not Active,Not Active,Not Active,152.318,True,6932556715516.0,8406393829084.0
2026-07-31T02:05:59.283381,2026/07/31 02:05:59.227,0,GPU-2c3c1aab-4401-c49f-e973-2d9a530e6442,NVIDIA B200,933.02,1000.0,100.0,15.0,2916.0,179709.0,183359.0,1965.0,3996.0,1965.0,58.0,P0,0,0,Not Active,Not Active,Not Active,Not Active,Not Active,Not Active,143.043,True,6932556715516.0,8406393829084.0
2026-07-31T02:05:59.435943,2026/07/31 02:05:59.374,0,GPU-2c3c1aab-4401-c49f-e973-2d9a530e6442,NVIDIA B200,933.27,1000.0,100.0,15.0,2916.0,179709.0,183359.0,1965.0,3996.0,1965.0,58.0,P0,0,0,Not Active,Not Active,Not Active,Not Active,Not Active,Not Active,146.524,True,6932556715516.0,8406393829084.0
2026-07-31T02:05:59.588993,2026/07/31 02:05:59.523,0,GPU-2c3c1aab-4401-c49f-e973-2d9a530e6442,NVIDIA B200,932.76,1000.0,100.0,15.0,2916.0,179709.0,183359.0,1965.0,3996.0,1965.0,58.0,P0,0,0,Not Active,Not Active,Not Active,Not Active,Not Active,Not Active,152.189,True,6932556715516.0,8406393829084.0
2026-07-31T02:05:59.739434,2026/07/31 02:05:59.680,0,GPU-2c3c1aab-4401-c49f-e973-2d9a530e6442,NVIDIA B200,932.96,1000.0,100.0,15.0,2916.0,179709.0,183359.0,1965.0,3996.0,1965.0,58.0,P0,0,0,Not Active,Not Active,Not Active,Not Active,Not Active,Not Active,155.247,True,6932556715516.0,8406393829084.0
2026-07-31T02:05:59.891612,2026/07/31 02:05:59.830,0,GPU-2c3c1aab-4401-c49f-e973-2d9a530e6442,NVIDIA B200,932.35,1000.0,100.0,15.0,2916.0,179709.0,183359.0,1965.0,3996.0,1965.0,58.0,P0,0,0,Not Active,Not Active,Not Active,Not Active,Not Active,Not Active,147.828,True,6932556715516.0,8406393829084.0
2026-07-31T02:06:00.031359,2026/07/31 02:05:59.973,0,GPU-2c3c1aab-4401-c49f-e973-2d9a530e6442,NVIDIA B200,932.84,1000.0,100.0,15.0,2916.0,179709.0,183359.0,1965.0,3996.0,1965.0,58.0,P0,0,0,Not Active,Not Active,Not Active,Not Active,Not Active,Not Active,148.573,True,6932556715516.0,8406393829084.0
2026-07-31T02:06:00.170796,2026/07/31 02:06:00.114,0,GPU-2c3c1aab-4401-c49f-e973-2d9a530e6442,NVIDIA B200,933.09,1000.0,100.0,15.0,2916.0,179709.0,183359.0,1965.0,3996.0,1965.0,58.0,P0,0,0,Not Active,Not Active,Not Active,Not Active,Not Active,Not Active,139.547,True,6932556715516.0,8406393829084.0
2026-07-31T02:06:00.320507,2026/07/31 02:06:00.263,0,GPU-2c3c1aab-4401-c49f-e973-2d9a530e6442,NVIDIA B200,932.88,1000.0,100.0,15.0,2916.0,179709.0,183359.0,1965.0,3996.0,1965.0,58.0,P0,0,0,Not Active,Not Active,Not Active,Not Active,Not Active,Not Active,148.013,True,6932556715516.0,8406393829084.0
2026-07-31T02:06:00.490086,2026/07/31 02:06:00.424,0,GPU-2c3c1aab-4401-c49f-e973-2d9a530e6442,NVIDIA B200,933.07,1000.0,100.0,15.0,2916.0,179709.0,183359.0,1965.0,3996.0,1965.0,58.0,P0,0,0,Not Active,Not Active,Not Active,Not Active,Not Active,Not Active,153.715,True,6932556715516.0,8406393829084.0
2026-07-31T02:06:00.632982,2026/07/31 02:06:00.573,0,GPU-2c3c1aab-4401-c49f-e973-2d9a530e6442,NVIDIA B200,932.84,1000.0,100.0,15.0,2916.0,179709.0,183359.0,1965.0,3996.0,1965.0,58.0,P0,0,0,Not Active,Not Active,Not Active,Not Active,Not Active,Not Active,155.156,True,6932556715516.0,8406393829084.0
2026-07-31T02:06:00.776136,2026/07/31 02:06:00.715,0,GPU-2c3c1aab-4401-c49f-e973-2d9a530e6442,NVIDIA B200,933.02,1000.0,100.0,15.0,2916.0,179709.0,183359.0,1965.0,3996.0,1965.0,58.0,P0,0,0,Not Active,Not Active,Not Active,Not Active,Not Active,Not Active,144.416,True,6932556715516.0,8406393829084.0
2026-07-31T02:06:00.921208,2026/07/31 02:06:00.863,0,GPU-2c3c1aab-4401-c49f-e973-2d9a530e6442,NVIDIA B200,932.8,1000.0,100.0,15.0,2916.0,179709.0,183359.0,1965.0,3996.0,1965.0,58.0,P0,0,0,Not Active,Not Active,Not Active,Not Active,Not Active,Not Active,147.586,True,6932556715516.0,8406393829084.0
2026-07-31T02:06:01.066148,2026/07/31 02:06:01.007,0,GPU-2c3c1aab-4401-c49f-e973-2d9a530e6442,NVIDIA B200,932.86,1000.0,100.0,15.0,2916.0,179709.0,183359.0,1965.0,3996.0,1965.0,58.0,P0,0,0,Not Active,Not Active,Not Active,Not Active,Not Active,Not Active,144.23,True,6932556715516.0,8406393829084.0
2026-07-31T02:06:01.210224,2026/07/31 02:06:01.152,0,GPU-2c3c1aab-4401-c49f-e973-2d9a530e6442,NVIDIA B200,932.93,1000.0,100.0,15.0,2916.0,179709.0,183359.0,1965.0,3996.0,1965.0,58.0,P0,0,0,Not Active,Not Active,Not Active,Not Active,Not Active,Not Active,144.682,True,6932556715516.0,8406393829084.0
2026-07-31T02:06:01.359284,2026/07/31 02:06:01.296,0,GPU-2c3c1aab-4401-c49f-e973-2d9a530e6442,NVIDIA B200,933.54,1000.0,100.0,15.0,2916.0,179709.0,183359.0,1965.0,3996.0,1965.0,58.0,P0,0,0,Not Active,Not Active,Not Active,Not Active,Not Active,Not Active,142.97,True,6932556715516.0,8406393829084.0
2026-07-31T02:06:01.508230,2026/07/31 02:06:01.452,0,GPU-2c3c1aab-4401-c49f-e973-2d9a530e6442,NVIDIA B200,933.26,1000.0,100.0,15.0,2916.0,179709.0,183359.0,1965.0,3996.0,1965.0,58.0,P0,0,0,Not Active,Not Active,Not Active,Not Active,Not Active,Not Active,154.956,True,6932556715516.0,8406393829084.0
2026-07-31T02:06:01.646269,2026/07/31 02:06:01.587,0,GPU-2c3c1aab-4401-c49f-e973-2d9a530e6442,NVIDIA B200,933.73,1000.0,100.0,15.0,2916.0,179709.0,183359.0,1965.0,3996.0,1965.0,58.0,P0,0,0,Not Active,Not Active,Not Active,Not Active,Not Active,Not Active,137.817,True,6932556715516.0,8406393829084.0
2026-07-31T02:06:01.799736,2026/07/31 02:06:01.740,0,GPU-2c3c1aab-4401-c49f-e973-2d9a530e6442,NVIDIA B200,933.68,1000.0,100.0,15.0,2916.0,179709.0,183359.0,1965.0,3996.0,1965.0,58.0,P0,0,0,Not Active,Not Active,Not Active,Not Active,Not Active,Not Active,151.506,True,6932556715516.0,8406393829084.0
2026-07-31T02:06:01.940451,2026/07/31 02:06:01.885,0,GPU-2c3c1aab-4401-c49f-e973-2d9a530e6442,NVIDIA B200,933.62,1000.0,100.0,15.0,2916.0,179709.0,183359.0,1965.0,3996.0,1965.0,58.0,P0,0,0,Not Active,Not Active,Not Active,Not Active,Not Active,Not Active,146.089,True,6932556715516.0,8406393829084.0
2026-07-31T02:06:02.078875,2026/07/31 02:06:02.025,0,GPU-2c3c1aab-4401-c49f-e973-2d9a530e6442,NVIDIA B200,932.94,1000.0,100.0,15.0,2916.0,179709.0,183359.0,1965.0,3996.0,1965.0,59.0,P0,0,0,Not Active,Not Active,Not Active,Not Active,Not Active,Not Active,140.121,True,6932556715516.0,8406393829084.0
2026-07-31T02:06:02.220191,2026/07/31 02:06:02.162,0,GPU-2c3c1aab-4401-c49f-e973-2d9a530e6442,NVIDIA B200,933.44,1000.0,100.0,15.0,2916.0,179709.0,183359.0,1965.0,3996.0,1965.0,59.0,P0,0,0,Not Active,Not Active,Not Active,Not Active,Not Active,Not Active,136.726,True,6932556715516.0,8406393829084.0
2026-07-31T02:06:02.447805,2026/07/31 02:06:02.308,0,GPU-2c3c1aab-4401-c49f-e973-2d9a530e6442,NVIDIA B200,933.2,1000.0,100.0,15.0,2916.0,179709.0,183359.0,1965.0,3996.0,1965.0,59.0,P0,0,0,Not Active,Not Active,Not Active,Not Active,Not Active,Not Active,146.433,True,6932556715516.0,8406393829084.0
2026-07-31T02:06:02.678940,2026/07/31 02:06:02.619,0,GPU-2c3c1aab-4401-c49f-e973-2d9a530e6442,NVIDIA B200,933.53,1000.0,100.0,15.0,2916.0,179709.0,183359.0,1965.0,3996.0,1965.0,58.0,P0,0,0,Not Active,Not Active,Not Active,Not Active,Not Active,Not Active,307.039,True,6932556715516.0,8406393829084.0
2026-07-31T02:06:02.828010,2026/07/31 02:06:02.768,0,GPU-2c3c1aab-4401-c49f-e973-2d9a530e6442,NVIDIA B200,933.36,1000.0,100.0,15.0,2916.0,179709.0,183359.0,1965.0,3996.0,1965.0,59.0,P0,0,0,Not Active,Not Active,Not Active,Not Active,Not Active,Not Active,151.874,True,6932556715516.0,8406393829084.0
2026-07-31T02:06:02.967211,2026/07/31 02:06:02.910,0,GPU-2c3c1aab-4401-c49f-e973-2d9a530e6442,NVIDIA B200,933.51,1000.0,100.0,15.0,2916.0,179709.0,183359.0,1965.0,3996.0,1965.0,59.0,P0,0,0,Not Active,Not Active,Not Active,Not Active,Not Active,Not Active,142.278,True,6932556715516.0,8406393829084.0
2026-07-31T02:06:03.114174,2026/07/31 02:06:03.056,0,GPU-2c3c1aab-4401-c49f-e973-2d9a530e6442,NVIDIA B200,934.42,1000.0,100.0,15.0,2916.0,179709.0,183359.0,1965.0,3996.0,1965.0,59.0,P0,0,0,Not Active,Not Active,Not Active,Not Active,Not Active,Not Active,144.074,True,6932556715516.0,8406393829084.0
2026-07-31T02:06:03.483643,2026/07/31 02:06:03.368,0,GPU-2c3c1aab-4401-c49f-e973-2d9a530e6442,NVIDIA B200,934.72,1000.0,100.0,15.0,2916.0,179709.0,183359.0,1965.0,3996.0,1965.0,59.0,P0,0,0,Not Active,Not Active,Not Active,Not Active,Not Active,Not Active,189.927,True,6932556715516.0,8406393829084.0
2026-07-31T02:06:03.679055,2026/07/31 02:06:03.621,0,GPU-2c3c1aab-4401-c49f-e973-2d9a530e6442,NVIDIA B200,934.15,1000.0,100.0,15.0,2916.0,179709.0,183359.0,1965.0,3996.0,1965.0,59.0,P0,0,0,Not Active,Not Active,Not Active,Not Active,Not Active,Not Active,375.665,True,6932556715516.0,8406393829084.0
2026-07-31T02:06:03.830201,2026/07/31 02:06:03.764,0,GPU-2c3c1aab-4401-c49f-e973-2d9a530e6442,NVIDIA B200,934.31,1000.0,100.0,15.0,2916.0,179709.0,183359.0,1965.0,3996.0,1965.0,59.0,P0,0,0,Not Active,Not Active,Not Active,Not Active,Not Active,Not Active,141.354,True,6932556715516.0,8406393829084.0
2026-07-31T02:06:03.980536,2026/07/31 02:06:03.921,0,GPU-2c3c1aab-4401-c49f-e973-2d9a530e6442,NVIDIA B200,934.16,1000.0,100.0,15.0,2916.0,179709.0,183359.0,1965.0,3996.0,1965.0,59.0,P0,0,0,Not Active,Not Active,Not Active,Not Active,Not Active,Not Active,158.444,True,6932556715516.0,8406393829084.0
2026-07-31T02:06:04.134840,2026/07/31 02:06:04.072,0,GPU-2c3c1aab-4401-c49f-e973-2d9a530e6442,NVIDIA B200,934.47,1000.0,100.0,15.0,2916.0,179709.0,183359.0,1965.0,3996.0,1965.0,59.0,P0,0,0,Not Active,Not Active,Not Active,Not Active,Not Active,Not Active,149.213,True,6932556715516.0,8406393829084.0
2026-07-31T02:06:04.281995,2026/07/31 02:06:04.220,0,GPU-2c3c1aab-4401-c49f-e973-2d9a530e6442,NVIDIA B200,934.03,1000.0,100.0,15.0,2916.0,179709.0,183359.0,1965.0,3996.0,1965.0,59.0,P0,0,0,Not Active,Not Active,Not Active,Not Active,Not Active,Not Active,148.144,True,6932556715516.0,8406393829084.0
2026-07-31T02:06:04.436394,2026/07/31 02:06:04.376,0,GPU-2c3c1aab-4401-c49f-e973-2d9a530e6442,NVIDIA B200,934.65,1000.0,100.0,15.0,2916.0,179709.0,183359.0,1965.0,3996.0,1965.0,59.0,P0,0,0,Not Active,Not Active,Not Active,Not Active,Not Active,Not Active,156.426,True,6932556715516.0,8406393829084.0
2026-07-31T02:06:04.577189,2026/07/31 02:06:04.521,0,GPU-2c3c1aab-4401-c49f-e973-2d9a530e6442,NVIDIA B200,934.55,1000.0,100.0,15.0,2916.0,179709.0,183359.0,1965.0,3996.0,1965.0,59.0,P0,0,0,Not Active,Not Active,Not Active,Not Active,Not Active,Not Active,147.929,True,6932556715516.0,8406393829084.0
2026-07-31T02:06:04.743681,2026/07/31 02:06:04.670,0,GPU-2c3c1aab-4401-c49f-e973-2d9a530e6442,NVIDIA B200,934.92,1000.0,100.0,15.0,2916.0,179709.0,183359.0,1965.0,3996.0,1965.0,59.0,P0,0,0,Not Active,Not Active,Not Active,Not Active,Not Active,Not Active,144.355,True,6932556715516.0,8406393829084.0
2026-07-31T02:06:04.895057,2026/07/31 02:06:04.836,0,GPU-2c3c1aab-4401-c49f-e973-2d9a530e6442,NVIDIA B200,934.23,1000.0,100.0,15.0,2916.0,179709.0,183359.0,1965.0,3996.0,1965.0,59.0,P0,0,0,Not Active,Not Active,Not Active,Not Active,Not Active,Not Active,168.079,True,6932556715516.0,8406393829084.0
2026-07-31T02:06:05.040454,2026/07/31 02:06:04.986,0,GPU-2c3c1aab-4401-c49f-e973-2d9a530e6442,NVIDIA B200,934.65,1000.0,100.0,15.0,2916.0,179709.0,183359.0,1965.0,3996.0,1965.0,59.0,P0,0,0,Not Active,Not Active,Not Active,Not Active,Not Active,Not Active,149.85,True,6932556715516.0,8406393829084.0
2026-07-31T02:06:05.178198,2026/07/31 02:06:05.121,0,GPU-2c3c1aab-4401-c49f-e973-2d9a530e6442,NVIDIA B200,934.12,1000.0,100.0,15.0,2916.0,179709.0,183359.0,1965.0,3996.0,1965.0,59.0,P0,0,0,Not Active,Not Active,Not Active,Not Active,Not Active,Not Active,135.689,True,6932556715516.0,8406393829084.0
2026-07-31T02:06:05.326512,2026/07/31 02:06:05.265,0,GPU-2c3c1aab-4401-c49f-e973-2d9a530e6442,NVIDIA B200,934.31,1000.0,100.0,15.0,2916.0,179709.0,183359.0,1965.0,3996.0,1965.0,59.0,P0,0,0,Not Active,Not Active,Not Active,Not Active,Not Active,Not Active,145.666,True,6932556715516.0,8406393829084.0
2026-07-31T02:06:05.469898,2026/07/31 02:06:05.413,0,GPU-2c3c1aab-4401-c49f-e973-2d9a530e6442,NVIDIA B200,934.13,1000.0,100.0,15.0,2916.0,179709.0,183359.0,1965.0,3996.0,1965.0,59.0,P0,0,0,Not Active,Not Active,Not Active,Not Active,Not Active,Not Active,146.631,True,6932556715516.0,8406393829084.0
2026-07-31T02:06:05.617330,2026/07/31 02:06:05.557,0,GPU-2c3c1aab-4401-c49f-e973-2d9a530e6442,NVIDIA B200,934.57,1000.0,100.0,15.0,2916.0,179709.0,183359.0,1965.0,3996.0,1965.0,59.0,P0,0,0,Not Active,Not Active,Not Active,Not Active,Not Active,Not Active,143.82,True,6932556715516.0,8406393829084.0
2026-07-31T02:06:05.792597,2026/07/31 02:06:05.731,0,GPU-2c3c1aab-4401-c49f-e973-2d9a530e6442,NVIDIA B200,934.62,1000.0,100.0,15.0,2916.0,179709.0,183359.0,1965.0,3996.0,1965.0,59.0,P0,0,0,Not Active,Not Active,Not Active,Not Active,Not Active,Not Active,173.912,True,6932556715516.0,8406393829084.0
2026-07-31T02:06:05.944457,2026/07/31 02:06:05.882,0,GPU-2c3c1aab-4401-c49f-e973-2d9a530e6442,NVIDIA B200,935.22,1000.0,100.0,15.0,2916.0,179709.0,183359.0,1965.0,3996.0,1965.0,59.0,P0,0,0,Not Active,Not Active,Not Active,Not Active,Not Active,Not Active,149.354,True,6932556715516.0,8406393829084.0
2026-07-31T02:06:06.102965,2026/07/31 02:06:06.036,0,GPU-2c3c1aab-4401-c49f-e973-2d9a530e6442,NVIDIA B200,935.54,1000.0,100.0,15.0,2916.0,179709.0,183359.0,1965.0,3996.0,1965.0,59.0,P0,0,0,Not Active,Not Active,Not Active,Not Active,Not Active,Not Active,154.59,True,6932556715516.0,8406393829084.0
2026-07-31T02:06:06.265150,2026/07/31 02:06:06.203,0,GPU-2c3c1aab-4401-c49f-e973-2d9a530e6442,NVIDIA B200,935.65,1000.0,100.0,15.0,2916.0,179709.0,183359.0,1965.0,3996.0,1965.0,59.0,P0,0,0,Not Active,Not Active,Not Active,Not Active,Not Active,Not Active,159.27,True,6932556715516.0,8406393829084.0
2026-07-31T02:06:06.413411,2026/07/31 02:06:06.355,0,GPU-2c3c1aab-4401-c49f-e973-2d9a530e6442,NVIDIA B200,935.4,1000.0,100.0,15.0,2916.0,179709.0,183359.0,1965.0,3996.0,1965.0,59.0,P0,0,0,Not Active,Not Active,Not Active,Not Active,Not Active,Not Active,161.833,True,6932556715516.0,8406393829084.0
2026-07-31T02:06:06.559321,2026/07/31 02:06:06.500,0,GPU-2c3c1aab-4401-c49f-e973-2d9a530e6442,NVIDIA B200,935.26,1000.0,100.0,15.0,2916.0,179709.0,183359.0,1965.0,3996.0,1965.0,59.0,P0,0,0,Not Active,Not Active,Not Active,Not Active,Not Active,Not Active,145.793,True,6932556715516.0,8406393829084.0
2026-07-31T02:06:06.716561,2026/07/31 02:06:06.656,0,GPU-2c3c1aab-4401-c49f-e973-2d9a530e6442,NVIDIA B200,935.64,1000.0,100.0,15.0,2916.0,179709.0,183359.0,1965.0,3996.0,1965.0,59.0,P0,0,0,Not Active,Not Active,Not Active,Not Active,Not Active,Not Active,154.462,True,6932556715516.0,8406393829084.0
2026-07-31T02:06:06.856015,2026/07/31 02:06:06.800,0,GPU-2c3c1aab-4401-c49f-e973-2d9a530e6442,NVIDIA B200,935.16,1000.0,100.0,15.0,2916.0,179709.0,183359.0,1965.0,3996.0,1965.0,59.0,P0,0,0,Not Active,Not Active,Not Active,Not Active,Not Active,Not Active,143.658,True,6932556715516.0,8406393829084.0
2026-07-31T02:06:07.002161,2026/07/31 02:06:06.944,0,GPU-2c3c1aab-4401-c49f-e973-2d9a530e6442,NVIDIA B200,934.98,1000.0,100.0,15.0,2916.0,179709.0,183359.0,1965.0,3996.0,1965.0,59.0,P0,0,0,Not Active,Not Active,Not Active,Not Active,Not Active,Not Active,143.952,True,6932556715516.0,8406393829084.0
2026-07-31T02:06:07.147116,2026/07/31 02:06:07.091,0,GPU-2c3c1aab-4401-c49f-e973-2d9a530e6442,NVIDIA B200,934.95,1000.0,100.0,15.0,2916.0,179709.0,183359.0,1965.0,3996.0,1965.0,59.0,P0,0,0,Not Active,Not Active,Not Active,Not Active,Not Active,Not Active,149.342,True,6932556715516.0,8406393829084.0
2026-07-31T02:06:07.287530,2026/07/31 02:06:07.231,0,GPU-2c3c1aab-4401-c49f-e973-2d9a530e6442,NVIDIA B200,935.61,1000.0,100.0,16.0,2916.0,179709.0,183359.0,1965.0,3996.0,1965.0,59.0,P0,0,0,Not Active,Not Active,Not Active,Not Active,Not Active,Not Active,139.772,True,6932556715516.0,8406393829084.0
2026-07-31T02:06:07.426165,2026/07/31 02:06:07.372,0,GPU-2c3c1aab-4401-c49f-e973-2d9a530e6442,NVIDIA B200,935.93,1000.0,100.0,16.0,2916.0,179709.0,183359.0,1965.0,3996.0,1965.0,59.0,P0,0,0,Not Active,Not Active,Not Active,Not Active,Not Active,Not Active,140.561,True,6932556715516.0,8406393829084.0
2026-07-31T02:06:07.584038,2026/07/31 02:06:07.530,0,GPU-2c3c1aab-4401-c49f-e973-2d9a530e6442,NVIDIA B200,935.85,1000.0,100.0,15.0,2916.0,179709.0,183359.0,1965.0,3996.0,1965.0,59.0,P0,0,0,Not Active,Not Active,Not Active,Not Active,Not Active,Not Active,157.811,True,6932556715516.0,8406393829084.0
2026-07-31T02:06:07.940814,2026/07/31 02:06:07.873,0,GPU-2c3c1aab-4401-c49f-e973-2d9a530e6442,NVIDIA B200,935.77,1000.0,100.0,15.0,2916.0,179709.0,183359.0,1965.0,3996.0,1965.0,59.0,P0,0,0,Not Active,Not Active,Not Active,Not Active,Not Active,Not Active,326.261,True,6932556715516.0,8406393829084.0
2026-07-31T02:06:08.096621,2026/07/31 02:06:08.032,0,GPU-2c3c1aab-4401-c49f-e973-2d9a530e6442,NVIDIA B200,935.1,1000.0,100.0,15.0,2916.0,179709.0,183359.0,1965.0,3996.0,1965.0,59.0,P0,0,0,Not Active,Not Active,Not Active,Not Active,Not Active,Not Active,173.584,True,6932556715516.0,8406393829084.0
2026-07-31T02:06:08.247366,2026/07/31 02:06:08.189,0,GPU-2c3c1aab-4401-c49f-e973-2d9a530e6442,NVIDIA B200,934.96,1000.0,100.0,15.0,2916.0,179709.0,183359.0,1965.0,3996.0,1965.0,59.0,P0,0,0,Not Active,Not Active,Not Active,Not Active,Not Active,Not Active,157.708,True,6932556715516.0,8406393829084.0
2026-07-31T02:06:08.395571,2026/07/31 02:06:08.331,0,GPU-2c3c1aab-4401-c49f-e973-2d9a530e6442,NVIDIA B200,934.79,1000.0,100.0,15.0,2916.0,179709.0,183359.0,1965.0,3996.0,1965.0,59.0,P0,0,0,Not Active,Not Active,Not Active,Not Active,Not Active,Not Active,143.946,True,6932556715516.0,8406393829084.0
2026-07-31T02:06:08.540557,2026/07/31 02:06:08.481,0,GPU-2c3c1aab-4401-c49f-e973-2d9a530e6442,NVIDIA B200,934.54,1000.0,100.0,15.0,2916.0,179709.0,183359.0,1965.0,3996.0,1965.0,59.0,P0,0,0,Not Active,Not Active,Not Active,Not Active,Not Active,Not Active,149.047,True,6932556715516.0,8406393829084.0
2026-07-31T02:06:08.850344,2026/07/31 02:06:08.621,0,GPU-2c3c1aab-4401-c49f-e973-2d9a530e6442,NVIDIA B200,935.09,1000.0,100.0,16.0,2916.0,179709.0,183359.0,1965.0,3996.0,1965.0,59.0,P0,0,0,Not Active,Not Active,Not Active,Not Active,Not Active,Not Active,142.514,True,6932556715516.0,8406393829084.0
2026-07-31T02:06:09.036278,2026/07/31 02:06:08.981,0,GPU-2c3c1aab-4401-c49f-e973-2d9a530e6442,NVIDIA B200,935.77,1000.0,100.0,15.0,2916.0,179709.0,183359.0,1965.0,3996.0,1965.0,59.0,P0,0,0,Not Active,Not Active,Not Active,Not Active,Not Active,Not Active,359.653,True,6932556715516.0,8406393829084.0
2026-07-31T02:06:09.182968,2026/07/31 02:06:09.124,0,GPU-2c3c1aab-4401-c49f-e973-2d9a530e6442,NVIDIA B200,935.05,1000.0,100.0,15.0,2916.0,179709.0,183359.0,1965.0,3996.0,1965.0,59.0,P0,0,0,Not Active,Not Active,Not Active,Not Active,Not Active,Not Active,139.796,True,6932556715516.0,8406393829084.0
2026-07-31T02:06:09.318851,2026/07/31 02:06:09.262,0,GPU-2c3c1aab-4401-c49f-e973-2d9a530e6442,NVIDIA B200,935.59,1000.0,100.0,15.0,2916.0,179709.0,183359.0,1965.0,3996.0,1965.0,59.0,P0,0,0,Not Active,Not Active,Not Active,Not Active,Not Active,Not Active,138.147,True,6932556715516.0,8406393829084.0
2026-07-31T02:06:09.463904,2026/07/31 02:06:09.408,0,GPU-2c3c1aab-4401-c49f-e973-2d9a530e6442,NVIDIA B200,935.11,1000.0,100.0,15.0,2916.0,179709.0,183359.0,1965.0,3996.0,1965.0,59.0,P0,0,0,Not Active,Not Active,Not Active,Not Active,Not Active,Not Active,145.54,True,6932556715516.0,8406393829084.0
2026-07-31T02:06:09.604258,2026/07/31 02:06:09.546,0,GPU-2c3c1aab-4401-c49f-e973-2d9a530e6442,NVIDIA B200,935.2,1000.0,100.0,15.0,2916.0,179709.0,183359.0,1965.0,3996.0,1965.0,59.0,P0,0,0,Not Active,Not Active,Not Active,Not Active,Not Active,Not Active,139.782,True,6932556715516.0,8406393829084.0
2026-07-31T02:06:09.747371,2026/07/31 02:06:09.692,0,GPU-2c3c1aab-4401-c49f-e973-2d9a530e6442,NVIDIA B200,934.9,1000.0,100.0,15.0,2916.0,179709.0,183359.0,1965.0,3996.0,1965.0,59.0,P0,0,0,Not Active,Not Active,Not Active,Not Active,Not Active,Not Active,146.6,True,6932556715516.0,8406393829084.0
2026-07-31T02:06:09.896890,2026/07/31 02:06:09.835,0,GPU-2c3c1aab-4401-c49f-e973-2d9a530e6442,NVIDIA B200,934.95,1000.0,100.0,15.0,2916.0,179709.0,183359.0,1965.0,3996.0,1965.0,59.0,P0,0,0,Not Active,Not Active,Not Active,Not Active,Not Active,Not Active,139.666,True,6932556715516.0,8406393829084.0
2026-07-31T02:06:10.038964,2026/07/31 02:06:09.979,0,GPU-2c3c1aab-4401-c49f-e973-2d9a530e6442,NVIDIA B200,935.19,1000.0,100.0,15.0,2916.0,179709.0,183359.0,1965.0,3996.0,1965.0,59.0,P0,0,0,Not Active,Not Active,Not Active,Not Active,Not Active,Not Active,148.154,True,6932556715516.0,8406393829084.0
2026-07-31T02:06:10.177966,2026/07/31 02:06:10.123,0,GPU-2c3c1aab-4401-c49f-e973-2d9a530e6442,NVIDIA B200,935.69,1000.0,100.0,16.0,2916.0,179709.0,183359.0,1965.0,3996.0,1965.0,59.0,P0,0,0,Not Active,Not Active,Not Active,Not Active,Not Active,Not Active,141.555,True,6932556715516.0,8406393829084.0
2026-07-31T02:06:10.322259,2026/07/31 02:06:10.265,0,GPU-2c3c1aab-4401-c49f-e973-2d9a530e6442,NVIDIA B200,935.6,1000.0,100.0,15.0,2916.0,179709.0,183359.0,1965.0,3996.0,1965.0,59.0,P0,0,0,Not Active,Not Active,Not Active,Not Active,Not Active,Not Active,141.64,True,6932556715516.0,8406393829084.0
2026-07-31T02:06:10.460955,2026/07/31 02:06:10.406,0,GPU-2c3c1aab-4401-c49f-e973-2d9a530e6442,NVIDIA B200,935.98,1000.0,100.0,15.0,2916.0,179709.0,183359.0,1965.0,3996.0,1965.0,59.0,P0,0,0,Not Active,Not Active,Not Active,Not Active,Not Active,Not Active,142.569,True,6932556715516.0,8406393829084.0
2026-07-31T02:06:10.600178,2026/07/31 02:06:10.545,0,GPU-2c3c1aab-4401-c49f-e973-2d9a530e6442,NVIDIA B200,935.57,1000.0,100.0,15.0,2916.0,179709.0,183359.0,1965.0,3996.0,1965.0,59.0,P0,0,0,Not Active,Not Active,Not Active,Not Active,Not Active,Not Active,138.27,True,6932556715516.0,8406393829084.0
2026-07-31T02:06:10.762476,2026/07/31 02:06:10.700,0,GPU-2c3c1aab-4401-c49f-e973-2d9a530e6442,NVIDIA B200,935.83,1000.0,100.0,15.0,2916.0,179709.0,183359.0,1965.0,3996.0,1965.0,59.0,P0,0,0,Not Active,Not Active,Not Active,Not Active,Not Active,Not Active,150.803,True,6932556715516.0,8406393829084.0
2026-07-31T02:06:10.915292,2026/07/31 02:06:10.851,0,GPU-2c3c1aab-4401-c49f-e973-2d9a530e6442,NVIDIA B200,935.64,1000.0,100.0,15.0,2916.0,179709.0,183359.0,1965.0,3996.0,1965.0,59.0,P0,0,0,Not Active,Not Active,Not Active,Not Active,Not Active,Not Active,154.585,True,6932556715516.0,8406393829084.0
2026-07-31T02:06:11.066100,2026/07/31 02:06:11.006,0,GPU-2c3c1aab-4401-c49f-e973-2d9a530e6442,NVIDIA B200,935.78,1000.0,100.0,15.0,2916.0,179709.0,183359.0,1965.0,3996.0,1965.0,59.0,P0,0,0,Not Active,Not Active,Not Active,Not Active,Not Active,Not Active,154.96,True,6932556715516.0,8406393829084.0
2026-07-31T02:06:11.217191,2026/07/31 02:06:11.159,0,GPU-2c3c1aab-4401-c49f-e973-2d9a530e6442,NVIDIA B200,935.58,1000.0,100.0,15.0,2916.0,179709.0,183359.0,1965.0,3996.0,1965.0,59.0,P0,0,0,Not Active,Not Active,Not Active,Not Active,Not Active,Not Active,153.989,True,6932556715516.0,8406393829084.0
2026-07-31T02:06:11.372223,2026/07/31 02:06:11.311,0,GPU-2c3c1aab-4401-c49f-e973-2d9a530e6442,NVIDIA B200,935.59,1000.0,100.0,15.0,2916.0,179709.0,183359.0,1965.0,3996.0,1965.0,59.0,P0,0,0,Not Active,Not Active,Not Active,Not Active,Not Active,Not Active,152.392,True,6932556715516.0,8406393829084.0
2026-07-31T02:06:11.518097,2026/07/31 02:06:11.459,0,GPU-2c3c1aab-4401-c49f-e973-2d9a530e6442,NVIDIA B200,935.77,1000.0,100.0,15.0,2916.0,179709.0,183359.0,1965.0,3996.0,1965.0,59.0,P0,0,0,Not Active,Not Active,Not Active,Not Active,Not Active,Not Active,149.102,True,6932556715516.0,8406393829084.0
2026-07-31T02:06:11.679886,2026/07/31 02:06:11.618,0,GPU-2c3c1aab-4401-c49f-e973-2d9a530e6442,NVIDIA B200,935.78,1000.0,100.0,15.0,2916.0,179709.0,183359.0,1965.0,3996.0,1965.0,59.0,P0,0,0,Not Active,Not Active,Not Active,Not Active,Not Active,Not Active,156.248,True,6932556715516.0,8406393829084.0
2026-07-31T02:06:11.830955,2026/07/31 02:06:11.770,0,GPU-2c3c1aab-4401-c49f-e973-2d9a530e6442,NVIDIA B200,936.03,1000.0,100.0,15.0,2916.0,179709.0,183359.0,1965.0,3996.0,1965.0,59.0,P0,0,0,Not Active,Not Active,Not Active,Not Active,Not Active,Not Active,154.371,True,6932556715516.0,8406393829084.0
2026-07-31T02:06:11.975156,2026/07/31 02:06:11.918,0,GPU-2c3c1aab-4401-c49f-e973-2d9a530e6442,NVIDIA B200,935.07,1000.0,100.0,15.0,2916.0,179709.0,183359.0,1965.0,3996.0,1965.0,59.0,P0,0,0,Not Active,Not Active,Not Active,Not Active,Not Active,Not Active,145.337,True,6932556715516.0,8406393829084.0
2026-07-31T02:06:12.131913,2026/07/31 02:06:12.071,0,GPU-2c3c1aab-4401-c49f-e973-2d9a530e6442,NVIDIA B200,935.51,1000.0,100.0,15.0,2916.0,179709.0,183359.0,1965.0,3996.0,1965.0,59.0,P0,0,0,Not Active,Not Active,Not Active,Not Active,Not Active,Not Active,153.757,True,6932556715516.0,8406393829084.0
2026-07-31T02:06:12.288497,2026/07/31 02:06:12.226,0,GPU-2c3c1aab-4401-c49f-e973-2d9a530e6442,NVIDIA B200,935.98,1000.0,100.0,15.0,2916.0,179709.0,183359.0,1965.0,3996.0,1965.0,59.0,P0,0,0,Not Active,Not Active,Not Active,Not Active,Not Active,Not Active,154.353,True,6932556715516.0,8406393829084.0
2026-07-31T02:06:12.441448,2026/07/31 02:06:12.376,0,GPU-2c3c1aab-4401-c49f-e973-2d9a530e6442,NVIDIA B200,935.99,1000.0,100.0,15.0,2916.0,179709.0,183359.0,1965.0,3996.0,1965.0,59.0,P0,0,0,Not Active,Not Active,Not Active,Not Active,Not Active,Not Active,150.841,True,6932556715516.0,8406393829084.0
2026-07-31T02:06:12.592236,2026/07/31 02:06:12.531,0,GPU-2c3c1aab-4401-c49f-e973-2d9a530e6442,NVIDIA B200,935.58,1000.0,100.0,15.0,2916.0,179709.0,183359.0,1965.0,3996.0,1965.0,59.0,P0,0,0,Not Active,Not Active,Not Active,Not Active,Not Active,Not Active,157.397,True,6932556715516.0,8406393829084.0
2026-07-31T02:06:12.789173,2026/07/31 02:06:12.733,0,GPU-2c3c1aab-4401-c49f-e973-2d9a530e6442,NVIDIA B200,935.75,1000.0,100.0,15.0,2916.0,179709.0,183359.0,1965.0,3996.0,1965.0,59.0,P0,0,0,Not Active,Not Active,Not Active,Not Active,Not Active,Not Active,200.615,True,6932556715516.0,8406393829084.0
2026-07-31T02:06:12.945171,2026/07/31 02:06:12.876,0,GPU-2c3c1aab-4401-c49f-e973-2d9a530e6442,NVIDIA B200,936.72,1000.0,100.0,16.0,2916.0,179709.0,183359.0,1965.0,3996.0,1965.0,59.0,P0,0,0,Not Active,Not Active,Not Active,Not Active,Not Active,Not Active,142.645,True,6932556715516.0,8406393829084.0
2026-07-31T02:06:13.232956,2026/07/31 02:06:13.159,0,GPU-2c3c1aab-4401-c49f-e973-2d9a530e6442,NVIDIA B200,936.56,1000.0,100.0,15.0,2916.0,179709.0,183359.0,1965.0,3996.0,1965.0,59.0,P0,0,0,Not Active,Not Active,Not Active,Not Active,Not Active,Not Active,266.71,True,6932556715516.0,8406393829084.0
2026-07-31T02:06:13.389250,2026/07/31 02:06:13.327,0,GPU-2c3c1aab-4401-c49f-e973-2d9a530e6442,NVIDIA B200,935.87,1000.0,100.0,15.0,2916.0,179709.0,183359.0,1965.0,3996.0,1965.0,59.0,P0,0,0,Not Active,Not Active,Not Active,Not Active,Not Active,Not Active,182.71,True,6932556715516.0,8406393829084.0
2026-07-31T02:06:13.540145,2026/07/31 02:06:13.479,0,GPU-2c3c1aab-4401-c49f-e973-2d9a530e6442,NVIDIA B200,935.98,1000.0,100.0,15.0,2916.0,179709.0,183359.0,1965.0,3996.0,1965.0,59.0,P0,0,0,Not Active,Not Active,Not Active,Not Active,Not Active,Not Active,152.225,True,6932556715516.0,8406393829084.0
2026-07-31T02:06:13.688914,2026/07/31 02:06:13.630,0,GPU-2c3c1aab-4401-c49f-e973-2d9a530e6442,NVIDIA B200,936.4,1000.0,100.0,15.0,2916.0,179709.0,183359.0,1965.0,3996.0,1965.0,59.0,P0,0,0,Not Active,Not Active,Not Active,Not Active,Not Active,Not Active,150.447,True,6932556715516.0,8406393829084.0
2026-07-31T02:06:13.847103,2026/07/31 02:06:13.787,0,GPU-2c3c1aab-4401-c49f-e973-2d9a530e6442,NVIDIA B200,935.74,1000.0,100.0,15.0,2916.0,179709.0,183359.0,1965.0,3996.0,1965.0,59.0,P0,0,0,Not Active,Not Active,Not Active,Not Active,Not Active,Not Active,159.673,True,6932556715516.0,8406393829084.0
2026-07-31T02:06:13.991263,2026/07/31 02:06:13.934,0,GPU-2c3c1aab-4401-c49f-e973-2d9a530e6442,NVIDIA B200,935.13,1000.0,100.0,15.0,2916.0,179709.0,183359.0,1965.0,3996.0,1965.0,59.0,P0,0,0,Not Active,Not Active,Not Active,Not Active,Not Active,Not Active,146.136,True,6932556715516.0,8406393829084.0
2026-07-31T02:06:14.409886,2026/07/31 02:06:14.283,0,GPU-2c3c1aab-4401-c49f-e973-2d9a530e6442,NVIDIA B200,936.23,1000.0,100.0,15.0,2916.0,179709.0,183359.0,1965.0,3996.0,1965.0,59.0,P0,0,0,Not Active,Not Active,Not Active,Not Active,Not Active,Not Active,342.561,True,6932556715516.0,8406393829084.0
2026-07-31T02:06:14.555658,2026/07/31 02:06:14.498,0,GPU-2c3c1aab-4401-c49f-e973-2d9a530e6442,NVIDIA B200,936.01,1000.0,100.0,15.0,2916.0,179709.0,183359.0,1965.0,3996.0,1965.0,59.0,P0,0,0,Not Active,Not Active,Not Active,Not Active,Not Active,Not Active,219.686,True,6932556715516.0,8406393829084.0
2026-07-31T02:06:14.703929,2026/07/31 02:06:14.642,0,GPU-2c3c1aab-4401-c49f-e973-2d9a530e6442,NVIDIA B200,935.97,1000.0,100.0,15.0,2916.0,179709.0,183359.0,1965.0,3996.0,1965.0,59.0,P0,0,0,Not Active,Not Active,Not Active,Not Active,Not Active,Not Active,144.523,True,6932556715516.0,8406393829084.0
2026-07-31T02:06:14.857933,2026/07/31 02:06:14.798,0,GPU-2c3c1aab-4401-c49f-e973-2d9a530e6442,NVIDIA B200,935.97,1000.0,100.0,15.0,2916.0,179709.0,183359.0,1965.0,3996.0,1965.0,59.0,P0,0,0,Not Active,Not Active,Not Active,Not Active,Not Active,Not Active,155.474,True,6932556715516.0,8406393829084.0
2026-07-31T02:06:14.999889,2026/07/31 02:06:14.941,0,GPU-2c3c1aab-4401-c49f-e973-2d9a530e6442,NVIDIA B200,935.97,1000.0,100.0,15.0,2916.0,179709.0,183359.0,1965.0,3996.0,1965.0,59.0,P0,0,0,Not Active,Not Active,Not Active,Not Active,Not Active,Not Active,145.467,True,6932556715516.0,8406393829084.0
2026-07-31T02:06:15.149071,2026/07/31 02:06:15.087,0,GPU-2c3c1aab-4401-c49f-e973-2d9a530e6442,NVIDIA B200,936.19,1000.0,100.0,15.0,2916.0,179709.0,183359.0,1965.0,3996.0,1965.0,59.0,P0,0,0,Not Active,Not Active,Not Active,Not Active,Not Active,Not Active,143.377,True,6932556715516.0,8406393829084.0
2026-07-31T02:06:15.291921,2026/07/31 02:06:15.236,0,GPU-2c3c1aab-4401-c49f-e973-2d9a530e6442,NVIDIA B200,935.76,1000.0,100.0,15.0,2916.0,179709.0,183359.0,1965.0,3996.0,1965.0,59.0,P0,0,0,Not Active,Not Active,Not Active,Not Active,Not Active,Not Active,151.789,True,6932556715516.0,8406393829084.0
2026-07-31T02:06:15.445665,2026/07/31 02:06:15.378,0,GPU-2c3c1aab-4401-c49f-e973-2d9a530e6442,NVIDIA B200,935.49,1000.0,100.0,15.0,2916.0,179709.0,183359.0,1965.0,3996.0,1965.0,59.0,P0,0,0,Not Active,Not Active,Not Active,Not Active,Not Active,Not Active,141.051,True,6932556715516.0,8406393829084.0
2026-07-31T02:06:15.603409,2026/07/31 02:06:15.540,0,GPU-2c3c1aab-4401-c49f-e973-2d9a530e6442,NVIDIA B200,935.7,1000.0,100.0,15.0,2916.0,179709.0,183359.0,1965.0,3996.0,1965.0,59.0,P0,0,0,Not Active,Not Active,Not Active,Not Active,Not Active,Not Active,160.391,True,6932556715516.0,8406393829084.0
2026-07-31T02:06:15.751981,2026/07/31 02:06:15.692,0,GPU-2c3c1aab-4401-c49f-e973-2d9a530e6442,NVIDIA B200,935.77,1000.0,100.0,15.0,2916.0,179709.0,183359.0,1965.0,3996.0,1965.0,59.0,P0,0,0,Not Active,Not Active,Not Active,Not Active,Not Active,Not Active,152.198,True,6932556715516.0,8406393829084.0
2026-07-31T02:06:15.910074,2026/07/31 02:06:15.846,0,GPU-2c3c1aab-4401-c49f-e973-2d9a530e6442,NVIDIA B200,936.24,1000.0,100.0,15.0,2916.0,179709.0,183359.0,1965.0,3996.0,1965.0,59.0,P0,0,0,Not Active,Not Active,Not Active,Not Active,Not Active,Not Active,154.901,True,6932556715516.0,8406393829084.0
2026-07-31T02:06:16.064905,2026/07/31 02:06:16.006,0,GPU-2c3c1aab-4401-c49f-e973-2d9a530e6442,NVIDIA B200,936.48,1000.0,100.0,15.0,2916.0,179709.0,183359.0,1965.0,3996.0,1965.0,59.0,P0,0,0,Not Active,Not Active,Not Active,Not Active,Not Active,Not Active,156.28,True,6932556715516.0,8406393829084.0
2026-07-31T02:06:16.220943,2026/07/31 02:06:16.157,0,GPU-2c3c1aab-4401-c49f-e973-2d9a530e6442,NVIDIA B200,936.41,1000.0,100.0,15.0,2916.0,179709.0,183359.0,1965.0,3996.0,1965.0,59.0,P0,0,0,Not Active,Not Active,Not Active,Not Active,Not Active,Not Active,153.868,True,6932556715516.0,8406393829084.0
2026-07-31T02:06:16.374012,2026/07/31 02:06:16.311,0,GPU-2c3c1aab-4401-c49f-e973-2d9a530e6442,NVIDIA B200,936.2,1000.0,100.0,15.0,2916.0,179709.0,183359.0,1965.0,3996.0,1965.0,59.0,P0,0,0,Not Active,Not Active,Not Active,Not Active,Not Active,Not Active,155.141,True,6932556715516.0,8406393829084.0
2026-07-31T02:06:16.527138,2026/07/31 02:06:16.467,0,GPU-2c3c1aab-4401-c49f-e973-2d9a530e6442,NVIDIA B200,936.16,1000.0,100.0,15.0,2916.0,179709.0,183359.0,1965.0,3996.0,1965.0,59.0,P0,0,0,Not Active,Not Active,Not Active,Not Active,Not Active,Not Active,154.324,True,6932556715516.0,8406393829084.0
2026-07-31T02:06:16.677516,2026/07/31 02:06:16.619,0,GPU-2c3c1aab-4401-c49f-e973-2d9a530e6442,NVIDIA B200,936.74,1000.0,100.0,15.0,2916.0,179709.0,183359.0,1965.0,3996.0,1965.0,59.0,P0,0,0,Not Active,Not Active,Not Active,Not Active,Not Active,Not Active,155.39,True,6932556715516.0,8406393829084.0
2026-07-31T02:06:16.820012,2026/07/31 02:06:16.764,0,GPU-2c3c1aab-4401-c49f-e973-2d9a530e6442,NVIDIA B200,936.03,1000.0,100.0,15.0,2916.0,179709.0,183359.0,1965.0,3996.0,1965.0,59.0,P0,0,0,Not Active,Not Active,Not Active,Not Active,Not Active,Not Active,143.938,True,6932556715516.0,8406393829084.0
2026-07-31T02:06:16.965230,2026/07/31 02:06:16.905,0,GPU-2c3c1aab-4401-c49f-e973-2d9a530e6442,NVIDIA B200,936.33,1000.0,100.0,15.0,2916.0,179709.0,183359.0,1965.0,3996.0,1965.0,59.0,P0,0,0,Not Active,Not Active,Not Active,Not Active,Not Active,Not Active,139.792,True,6932556715516.0,8406393829084.0
2026-07-31T02:06:17.113026,2026/07/31 02:06:17.052,0,GPU-2c3c1aab-4401-c49f-e973-2d9a530e6442,NVIDIA B200,935.9,1000.0,100.0,15.0,2916.0,179709.0,183359.0,1965.0,3996.0,1965.0,59.0,P0,0,0,Not Active,Not Active,Not Active,Not Active,Not Active,Not Active,146.358,True,6932556715516.0,8406393829084.0
2026-07-31T02:06:17.268606,2026/07/31 02:06:17.205,0,GPU-2c3c1aab-4401-c49f-e973-2d9a530e6442,NVIDIA B200,936.35,1000.0,100.0,15.0,2916.0,179709.0,183359.0,1965.0,3996.0,1965.0,59.0,P0,0,0,Not Active,Not Active,Not Active,Not Active,Not Active,Not Active,149.563,True,6932556715516.0,8406393829084.0
2026-07-31T02:06:17.415263,2026/07/31 02:06:17.353,0,GPU-2c3c1aab-4401-c49f-e973-2d9a530e6442,NVIDIA B200,936.66,1000.0,100.0,15.0,2916.0,179709.0,183359.0,1965.0,3996.0,1965.0,59.0,P0,0,0,Not Active,Not Active,Not Active,Not Active,Not Active,Not Active,153.856,True,6932556715516.0,8406393829084.0
2026-07-31T02:06:17.562039,2026/07/31 02:06:17.500,0,GPU-2c3c1aab-4401-c49f-e973-2d9a530e6442,NVIDIA B200,936.55,1000.0,100.0,15.0,2916.0,179709.0,183359.0,1965.0,3996.0,1965.0,59.0,P0,0,0,Not Active,Not Active,Not Active,Not Active,Not Active,Not Active,146.961,True,6932556715516.0,8406393829084.0
2026-07-31T02:06:17.710828,2026/07/31 02:06:17.651,0,GPU-2c3c1aab-4401-c49f-e973-2d9a530e6442,NVIDIA B200,936.24,1000.0,100.0,15.0,2916.0,179709.0,183359.0,1965.0,3996.0,1965.0,59.0,P0,0,0,Not Active,Not Active,Not Active,Not Active,Not Active,Not Active,150.073,True,6932556715516.0,8406393829084.0
2026-07-31T02:06:17.921177,2026/07/31 02:06:17.854,0,GPU-2c3c1aab-4401-c49f-e973-2d9a530e6442,NVIDIA B200,936.83,1000.0,100.0,15.0,2916.0,179709.0,183359.0,1965.0,3996.0,1965.0,59.0,P0,0,0,Not Active,Not Active,Not Active,Not Active,Not Active,Not Active,203.504,True,6932556715516.0,8406393829084.0
2026-07-31T02:06:18.067327,2026/07/31 02:06:18.007,0,GPU-2c3c1aab-4401-c49f-e973-2d9a530e6442,NVIDIA B200,936.5,1000.0,100.0,15.0,2916.0,179709.0,183359.0,1965.0,3996.0,1965.0,59.0,P0,0,0,Not Active,Not Active,Not Active,Not Active,Not Active,Not Active,152.666,True,6932556715516.0,8406393829084.0
2026-07-31T02:06:18.215103,2026/07/31 02:06:18.157,0,GPU-2c3c1aab-4401-c49f-e973-2d9a530e6442,NVIDIA B200,936.15,1000.0,100.0,15.0,2916.0,179709.0,183359.0,1965.0,3996.0,1965.0,59.0,P0,0,0,Not Active,Not Active,Not Active,Not Active,Not Active,Not Active,149.887,True,6932556715516.0,8406393829084.0
2026-07-31T02:06:18.497562,2026/07/31 02:06:18.357,0,GPU-2c3c1aab-4401-c49f-e973-2d9a530e6442,NVIDIA B200,935.9,1000.0,100.0,15.0,2916.0,179709.0,183359.0,1965.0,3996.0,1965.0,60.0,P0,0,0,Not Active,Not Active,Not Active,Not Active,Not Active,Not Active,142.955,True,6932556715516.0,8406393829084.0
2026-07-31T02:06:18.647596,2026/07/31 02:06:18.586,0,GPU-2c3c1aab-4401-c49f-e973-2d9a530e6442,NVIDIA B200,936.73,1000.0,100.0,15.0,2916.0,179709.0,183359.0,1965.0,3996.0,1965.0,60.0,P0,0,0,Not Active,Not Active,Not Active,Not Active,Not Active,Not Active,284.544,True,6932556715516.0,8406393829084.0
2026-07-31T02:06:18.791139,2026/07/31 02:06:18.734,0,GPU-2c3c1aab-4401-c49f-e973-2d9a530e6442,NVIDIA B200,936.59,1000.0,100.0,15.0,2916.0,179709.0,183359.0,1965.0,3996.0,1965.0,60.0,P0,0,0,Not Active,Not Active,Not Active,Not Active,Not Active,Not Active,148.191,True,6932556715516.0,8406393829084.0
2026-07-31T02:06:18.935546,2026/07/31 02:06:18.875,0,GPU-2c3c1aab-4401-c49f-e973-2d9a530e6442,NVIDIA B200,936.45,1000.0,100.0,15.0,2916.0,179709.0,183359.0,1965.0,3996.0,1965.0,60.0,P0,0,0,Not Active,Not Active,Not Active,Not Active,Not Active,Not Active,142.325,True,6932556715516.0,8406393829084.0
2026-07-31T02:06:19.083287,2026/07/31 02:06:19.028,0,GPU-2c3c1aab-4401-c49f-e973-2d9a530e6442,NVIDIA B200,935.97,1000.0,100.0,15.0,2916.0,179709.0,183359.0,1965.0,3996.0,1965.0,60.0,P0,0,0,Not Active,Not Active,Not Active,Not Active,Not Active,Not Active,154.018,True,6932556715516.0,8406393829084.0
2026-07-31T02:06:19.247837,2026/07/31 02:06:19.175,0,GPU-2c3c1aab-4401-c49f-e973-2d9a530e6442,NVIDIA B200,936.59,1000.0,100.0,15.0,2916.0,179709.0,183359.0,1965.0,3996.0,1965.0,60.0,P0,0,0,Not Active,Not Active,Not Active,Not Active,Not Active,Not Active,146.201,True,6932556715516.0,8406393829084.0
2026-07-31T02:06:19.403315,2026/07/31 02:06:19.340,0,GPU-2c3c1aab-4401-c49f-e973-2d9a530e6442,NVIDIA B200,936.77,1000.0,100.0,15.0,2916.0,179709.0,183359.0,1965.0,3996.0,1965.0,59.0,P0,0,0,Not Active,Not Active,Not Active,Not Active,Not Active,Not Active,163.127,True,6932556715516.0,8406393829084.0
2026-07-31T02:06:19.782813,2026/07/31 02:06:19.547,0,GPU-2c3c1aab-4401-c49f-e973-2d9a530e6442,NVIDIA B200,935.84,1000.0,100.0,15.0,2916.0,179709.0,183359.0,1965.0,3996.0,1965.0,60.0,P0,0,0,Not Active,Not Active,Not Active,Not Active,Not Active,Not Active,151.247,True,6932556715516.0,8406393829084.0
2026-07-31T02:06:19.962869,2026/07/31 02:06:19.909,0,GPU-2c3c1aab-4401-c49f-e973-2d9a530e6442,NVIDIA B200,936.53,1000.0,100.0,15.0,2916.0,179709.0,183359.0,1965.0,3996.0,1965.0,60.0,P0,0,0,Not Active,Not Active,Not Active,Not Active,Not Active,Not Active,419.985,True,6932556715516.0,8406393829084.0
2026-07-31T02:06:20.106066,2026/07/31 02:06:20.049,0,GPU-2c3c1aab-4401-c49f-e973-2d9a530e6442,NVIDIA B200,937.12,1000.0,100.0,15.0,2916.0,179709.0,183359.0,1965.0,3996.0,1965.0,60.0,P0,0,0,Not Active,Not Active,Not Active,Not Active,Not Active,Not Active,138.29,True,6932556715516.0,8406393829084.0
2026-07-31T02:06:20.248093,2026/07/31 02:06:20.189,0,GPU-2c3c1aab-4401-c49f-e973-2d9a530e6442,NVIDIA B200,936.77,1000.0,100.0,15.0,2916.0,179709.0,183359.0,1965.0,3996.0,1965.0,60.0,P0,0,0,Not Active,Not Active,Not Active,Not Active,Not Active,Not Active,142.801,True,6932556715516.0,8406393829084.0
2026-07-31T02:06:20.387069,2026/07/31 02:06:20.333,0,GPU-2c3c1aab-4401-c49f-e973-2d9a530e6442,NVIDIA B200,936.81,1000.0,100.0,15.0,2916.0,179709.0,183359.0,1965.0,3996.0,1965.0,60.0,P0,0,0,Not Active,Not Active,Not Active,Not Active,Not Active,Not Active,141.006,True,6932556715516.0,8406393829084.0
2026-07-31T02:06:20.528426,2026/07/31 02:06:20.474,0,GPU-2c3c1aab-4401-c49f-e973-2d9a530e6442,NVIDIA B200,936.38,1000.0,100.0,15.0,2916.0,179709.0,183359.0,1965.0,3996.0,1965.0,60.0,P0,0,0,Not Active,Not Active,Not Active,Not Active,Not Active,Not Active,143.094,True,6932556715516.0,8406393829084.0
2026-07-31T02:06:20.672040,2026/07/31 02:06:20.612,0,GPU-2c3c1aab-4401-c49f-e973-2d9a530e6442,NVIDIA B200,936.91,1000.0,100.0,15.0,2916.0,179709.0,183359.0,1965.0,3996.0,1965.0,60.0,P0,0,0,Not Active,Not Active,Not Active,Not Active,Not Active,Not Active,137.702,True,6932556715516.0,8406393829084.0
2026-07-31T02:06:20.822982,2026/07/31 02:06:20.767,0,GPU-2c3c1aab-4401-c49f-e973-2d9a530e6442,NVIDIA B200,936.78,1000.0,100.0,15.0,2916.0,179709.0,183359.0,1965.0,3996.0,1965.0,60.0,P0,0,0,Not Active,Not Active,Not Active,Not Active,Not Active,Not Active,154.742,True,6932556715516.0,8406393829084.0
2026-07-31T02:06:20.963179,2026/07/31 02:06:20.909,0,GPU-2c3c1aab-4401-c49f-e973-2d9a530e6442,NVIDIA B200,936.56,1000.0,100.0,15.0,2916.0,179709.0,183359.0,1965.0,3996.0,1965.0,60.0,P0,0,0,Not Active,Not Active,Not Active,Not Active,Not Active,Not Active,139.87,True,6932556715516.0,8406393829084.0
2026-07-31T02:06:21.106561,2026/07/31 02:06:21.052,0,GPU-2c3c1aab-4401-c49f-e973-2d9a530e6442,NVIDIA B200,936.11,1000.0,100.0,15.0,2916.0,179709.0,183359.0,1965.0,3996.0,1965.0,60.0,P0,0,0,Not Active,Not Active,Not Active,Not Active,Not Active,Not Active,145.34,True,6932556715516.0,8406393829084.0
2026-07-31T02:06:21.262392,2026/07/31 02:06:21.200,0,GPU-2c3c1aab-4401-c49f-e973-2d9a530e6442,NVIDIA B200,936.71,1000.0,100.0,15.0,2916.0,179709.0,183359.0,1965.0,3996.0,1965.0,60.0,P0,0,0,Not Active,Not Active,Not Active,Not Active,Not Active,Not Active,145.526,True,6932556715516.0,8406393829084.0
2026-07-31T02:06:21.415400,2026/07/31 02:06:21.353,0,GPU-2c3c1aab-4401-c49f-e973-2d9a530e6442,NVIDIA B200,936.82,1000.0,100.0,15.0,2916.0,179709.0,183359.0,1965.0,3996.0,1965.0,60.0,P0,0,0,Not Active,Not Active,Not Active,Not Active,Not Active,Not Active,154.164,True,6932556715516.0,8406393829084.0
2026-07-31T02:06:21.586345,2026/07/31 02:06:21.525,0,GPU-2c3c1aab-4401-c49f-e973-2d9a530e6442,NVIDIA B200,936.95,1000.0,100.0,15.0,2916.0,179709.0,183359.0,1965.0,3996.0,1965.0,60.0,P0,0,0,Not Active,Not Active,Not Active,Not Active,Not Active,Not Active,173.279,True,6932556715516.0,8406393829084.0
2026-07-31T02:06:21.740007,2026/07/31 02:06:21.679,0,GPU-2c3c1aab-4401-c49f-e973-2d9a530e6442,NVIDIA B200,937.6,1000.0,100.0,15.0,2916.0,179709.0,183359.0,1965.0,3996.0,1965.0,60.0,P0,0,0,Not Active,Not Active,Not Active,Not Active,Not Active,Not Active,152.706,True,6932556715516.0,8406393829084.0
2026-07-31T02:06:21.943340,2026/07/31 02:06:21.881,0,GPU-2c3c1aab-4401-c49f-e973-2d9a530e6442,NVIDIA B200,936.83,1000.0,100.0,15.0,2916.0,179709.0,183359.0,1965.0,3996.0,1965.0,60.0,P0,0,0,Not Active,Not Active,Not Active,Not Active,Not Active,Not Active,200.09,True,6932556715516.0,8406393829084.0
2026-07-31T02:06:22.118573,2026/07/31 02:06:22.046,0,GPU-2c3c1aab-4401-c49f-e973-2d9a530e6442,NVIDIA B200,936.88,1000.0,100.0,15.0,2916.0,179709.0,183359.0,1965.0,3996.0,1965.0,60.0,P0,0,0,Not Active,Not Active,Not Active,Not Active,Not Active,Not Active,163.307,True,6932556715516.0,8406393829084.0
2026-07-31T02:06:22.272967,2026/07/31 02:06:22.214,0,GPU-2c3c1aab-4401-c49f-e973-2d9a530e6442,NVIDIA B200,937.27,1000.0,100.0,15.0,2916.0,179709.0,183359.0,1965.0,3996.0,1965.0,60.0,P0,0,0,Not Active,Not Active,Not Active,Not Active,Not Active,Not Active,170.546,True,6932556715516.0,8406393829084.0
2026-07-31T02:06:22.422969,2026/07/31 02:06:22.365,0,GPU-2c3c1aab-4401-c49f-e973-2d9a530e6442,NVIDIA B200,937.09,1000.0,100.0,15.0,2916.0,179709.0,183359.0,1965.0,3996.0,1965.0,60.0,P0,0,0,Not Active,Not Active,Not Active,Not Active,Not Active,Not Active,153.956,True,6932556715516.0,8406393829084.0
2026-07-31T02:06:22.568732,2026/07/31 02:06:22.513,0,GPU-2c3c1aab-4401-c49f-e973-2d9a530e6442,NVIDIA B200,936.91,1000.0,100.0,15.0,2916.0,179709.0,183359.0,1965.0,3996.0,1965.0,60.0,P0,0,0,Not Active,Not Active,Not Active,Not Active,Not Active,Not Active,144.669,True,6932556715516.0,8406393829084.0
2026-07-31T02:06:22.715263,2026/07/31 02:06:22.659,0,GPU-2c3c1aab-4401-c49f-e973-2d9a530e6442,NVIDIA B200,936.99,1000.0,100.0,15.0,2916.0,179709.0,183359.0,1965.0,3996.0,1965.0,60.0,P0,0,0,Not Active,Not Active,Not Active,Not Active,Not Active,Not Active,150.422,True,6932556715516.0,8406393829084.0
2026-07-31T02:06:22.929339,2026/07/31 02:06:22.870,0,GPU-2c3c1aab-4401-c49f-e973-2d9a530e6442,NVIDIA B200,938.06,1000.0,100.0,16.0,2916.0,179709.0,183359.0,1965.0,3996.0,1965.0,60.0,P0,0,0,Not Active,Not Active,Not Active,Not Active,Not Active,Not Active,206.575,True,6932556715516.0,8406393829084.0
2026-07-31T02:06:23.090353,2026/07/31 02:06:23.020,0,GPU-2c3c1aab-4401-c49f-e973-2d9a530e6442,NVIDIA B200,938.01,1000.0,100.0,15.0,2916.0,179709.0,183359.0,1965.0,3996.0,1965.0,60.0,P0,0,0,Not Active,Not Active,Not Active,Not Active,Not Active,Not Active,153.077,True,6932556715516.0,8406393829084.0
2026-07-31T02:06:23.236660,2026/07/31 02:06:23.175,0,GPU-2c3c1aab-4401-c49f-e973-2d9a530e6442,NVIDIA B200,938.5,1000.0,100.0,15.0,2916.0,179709.0,183359.0,1965.0,3996.0,1965.0,60.0,P0,0,0,Not Active,Not Active,Not Active,Not Active,Not Active,Not Active,154.286,True,6932556715516.0,8406393829084.0
2026-07-31T02:06:23.394766,2026/07/31 02:06:23.336,0,GPU-2c3c1aab-4401-c49f-e973-2d9a530e6442,NVIDIA B200,938.3,1000.0,100.0,15.0,2916.0,179709.0,183359.0,1965.0,3996.0,1965.0,60.0,P0,0,0,Not Active,Not Active,Not Active,Not Active,Not Active,Not Active,156.42,True,6932556715516.0,8406393829084.0
2026-07-31T02:06:23.548270,2026/07/31 02:06:23.489,0,GPU-2c3c1aab-4401-c49f-e973-2d9a530e6442,NVIDIA B200,938.11,1000.0,100.0,15.0,2916.0,179709.0,183359.0,1965.0,3996.0,1965.0,60.0,P0,0,0,Not Active,Not Active,Not Active,Not Active,Not Active,Not Active,157.088,True,6932556715516.0,8406393829084.0
2026-07-31T02:06:23.795023,2026/07/31 02:06:23.701,0,GPU-2c3c1aab-4401-c49f-e973-2d9a530e6442,NVIDIA B200,938.03,1000.0,100.0,15.0,2916.0,179709.0,183359.0,1965.0,3996.0,1965.0,60.0,P0,0,0,Not Active,Not Active,Not Active,Not Active,Not Active,Not Active,168.872,True,6932556715516.0,8406393829084.0
2026-07-31T02:06:23.952175,2026/07/31 02:06:23.898,0,GPU-2c3c1aab-4401-c49f-e973-2d9a530e6442,NVIDIA B200,937.62,1000.0,100.0,15.0,2916.0,179709.0,183359.0,1965.0,3996.0,1965.0,60.0,P0,0,0,Not Active,Not Active,Not Active,Not Active,Not Active,Not Active,242.116,True,6932556715516.0,8406393829084.0
2026-07-31T02:06:24.102154,2026/07/31 02:06:24.041,0,GPU-2c3c1aab-4401-c49f-e973-2d9a530e6442,NVIDIA B200,937.0,1000.0,100.0,15.0,2916.0,179709.0,183359.0,1965.0,3996.0,1965.0,60.0,P0,0,0,Not Active,Not Active,Not Active,Not Active,Not Active,Not Active,142.302,True,6932556715516.0,8406393829084.0
2026-07-31T02:06:24.236134,2026/07/31 02:06:24.183,0,GPU-2c3c1aab-4401-c49f-e973-2d9a530e6442,NVIDIA B200,937.47,1000.0,100.0,15.0,2916.0,179709.0,183359.0,1965.0,3996.0,1965.0,60.0,P0,0,0,Not Active,Not Active,Not Active,Not Active,Not Active,Not Active,142.074,True,6932556715516.0,8406393829084.0
2026-07-31T02:06:24.370617,2026/07/31 02:06:24.316,0,GPU-2c3c1aab-4401-c49f-e973-2d9a530e6442,NVIDIA B200,937.62,1000.0,100.0,16.0,2916.0,179709.0,183359.0,1965.0,3996.0,1965.0,60.0,P0,0,0,Not Active,Not Active,Not Active,Not Active,Not Active,Not Active,133.617,True,6932556715516.0,8406393829084.0
2026-07-31T02:06:24.509705,2026/07/31 02:06:24.457,0,GPU-2c3c1aab-4401-c49f-e973-2d9a530e6442,NVIDIA B200,938.21,1000.0,100.0,15.0,2916.0,179709.0,183359.0,1965.0,3996.0,1965.0,60.0,P0,0,0,Not Active,Not Active,Not Active,Not Active,Not Active,Not Active,140.448,True,6932556715516.0,8406393829084.0
2026-07-31T02:06:24.656161,2026/07/31 02:06:24.595,0,GPU-2c3c1aab-4401-c49f-e973-2d9a530e6442,NVIDIA B200,938.38,1000.0,100.0,15.0,2916.0,179709.0,183359.0,1965.0,3996.0,1965.0,60.0,P0,0,0,Not Active,Not Active,Not Active,Not Active,Not Active,Not Active,134.496,True,6932556715516.0,8406393829084.0
2026-07-31T02:06:24.807752,2026/07/31 02:06:24.747,0,GPU-2c3c1aab-4401-c49f-e973-2d9a530e6442,NVIDIA B200,937.79,1000.0,100.0,15.0,2916.0,179709.0,183359.0,1965.0,3996.0,1965.0,60.0,P0,0,0,Not Active,Not Active,Not Active,Not Active,Not Active,Not Active,153.285,True,6932556715516.0,8406393829084.0
2026-07-31T02:06:25.128072,2026/07/31 02:06:24.897,0,GPU-2c3c1aab-4401-c49f-e973-2d9a530e6442,NVIDIA B200,938.13,1000.0,100.0,15.0,2916.0,179709.0,183359.0,1965.0,3996.0,1965.0,60.0,P0,0,0,Not Active,Not Active,Not Active,Not Active,Not Active,Not Active,149.628,True,6932556715516.0,8406393829084.0
2026-07-31T02:06:25.349183,2026/07/31 02:06:25.278,0,GPU-2c3c1aab-4401-c49f-e973-2d9a530e6442,NVIDIA B200,937.9,1000.0,100.0,15.0,2916.0,179709.0,183359.0,1965.0,3996.0,1965.0,60.0,P0,0,0,Not Active,Not Active,Not Active,Not Active,Not Active,Not Active,335.367,True,6932556715516.0,8406393829084.0
2026-07-31T02:06:25.503919,2026/07/31 02:06:25.445,0,GPU-2c3c1aab-4401-c49f-e973-2d9a530e6442,NVIDIA B200,937.68,1000.0,100.0,15.0,2916.0,179709.0,183359.0,1965.0,3996.0,1965.0,60.0,P0,0,0,Not Active,Not Active,Not Active,Not Active,Not Active,Not Active,213.191,True,6932556715516.0,8406393829084.0
2026-07-31T02:06:25.640104,2026/07/31 02:06:25.585,0,GPU-2c3c1aab-4401-c49f-e973-2d9a530e6442,NVIDIA B200,937.91,1000.0,100.0,15.0,2916.0,179709.0,183359.0,1965.0,3996.0,1965.0,60.0,P0,0,0,Not Active,Not Active,Not Active,Not Active,Not Active,Not Active,142.815,True,6932556715516.0,8406393829084.0
2026-07-31T02:06:25.777953,2026/07/31 02:06:25.721,0,GPU-2c3c1aab-4401-c49f-e973-2d9a530e6442,NVIDIA B200,938.25,1000.0,100.0,16.0,2916.0,179709.0,183359.0,1965.0,3996.0,1965.0,60.0,P0,0,0,Not Active,Not Active,Not Active,Not Active,Not Active,Not Active,135.454,True,6932556715516.0,8406393829084.0
2026-07-31T02:06:25.926149,2026/07/31 02:06:25.869,0,GPU-2c3c1aab-4401-c49f-e973-2d9a530e6442,NVIDIA B200,938.55,1000.0,100.0,15.0,2916.0,179709.0,183359.0,1965.0,3996.0,1965.0,60.0,P0,0,0,Not Active,Not Active,Not Active,Not Active,Not Active,Not Active,145.869,True,6932556715516.0,8406393829084.0
2026-07-31T02:06:26.071983,2026/07/31 02:06:26.014,0,GPU-2c3c1aab-4401-c49f-e973-2d9a530e6442,NVIDIA B200,938.6,1000.0,100.0,15.0,2916.0,179709.0,183359.0,1965.0,3996.0,1965.0,60.0,P0,0,0,Not Active,Not Active,Not Active,Not Active,Not Active,Not Active,145.653,True,6932556715516.0,8406393829084.0
2026-07-31T02:06:26.225993,2026/07/31 02:06:26.164,0,GPU-2c3c1aab-4401-c49f-e973-2d9a530e6442,NVIDIA B200,937.56,1000.0,100.0,15.0,2916.0,179709.0,183359.0,1965.0,3996.0,1965.0,60.0,P0,0,0,Not Active,Not Active,Not Active,Not Active,Not Active,Not Active,148.438,True,6932556715516.0,8406393829084.0
2026-07-31T02:06:26.376190,2026/07/31 02:06:26.313,0,GPU-2c3c1aab-4401-c49f-e973-2d9a530e6442,NVIDIA B200,938.21,1000.0,100.0,15.0,2916.0,179709.0,183359.0,1965.0,3996.0,1965.0,60.0,P0,0,0,Not Active,Not Active,Not Active,Not Active,Not Active,Not Active,150.507,True,6932556715516.0,8406393829084.0
2026-07-31T02:06:26.527078,2026/07/31 02:06:26.470,0,GPU-2c3c1aab-4401-c49f-e973-2d9a530e6442,NVIDIA B200,938.29,1000.0,100.0,15.0,2916.0,179709.0,183359.0,1965.0,3996.0,1965.0,60.0,P0,0,0,Not Active,Not Active,Not Active,Not Active,Not Active,Not Active,159.156,True,6932556715516.0,8406393829084.0
2026-07-31T02:06:26.670405,2026/07/31 02:06:26.614,0,GPU-2c3c1aab-4401-c49f-e973-2d9a530e6442,NVIDIA B200,938.04,1000.0,100.0,15.0,2916.0,179709.0,183359.0,1965.0,3996.0,1965.0,60.0,P0,0,0,Not Active,Not Active,Not Active,Not Active,Not Active,Not Active,142.077,True,6932556715516.0,8406393829084.0
2026-07-31T02:06:26.828488,2026/07/31 02:06:26.767,0,GPU-2c3c1aab-4401-c49f-e973-2d9a530e6442,NVIDIA B200,937.92,1000.0,100.0,15.0,2916.0,179709.0,183359.0,1965.0,3996.0,1965.0,60.0,P0,0,0,Not Active,Not Active,Not Active,Not Active,Not Active,Not Active,149.954,True,6932556715516.0,8406393829084.0
2026-07-31T02:06:26.985851,2026/07/31 02:06:26.922,0,GPU-2c3c1aab-4401-c49f-e973-2d9a530e6442,NVIDIA B200,937.84,1000.0,100.0,15.0,2916.0,179709.0,183359.0,1965.0,3996.0,1965.0,60.0,P0,0,0,Not Active,Not Active,Not Active,Not Active,Not Active,Not Active,156.202,True,6932556715516.0,8406393829084.0
2026-07-31T02:06:27.130542,2026/07/31 02:06:27.074,0,GPU-2c3c1aab-4401-c49f-e973-2d9a530e6442,NVIDIA B200,938.47,1000.0,100.0,16.0,2916.0,179709.0,183359.0,1965.0,3996.0,1965.0,60.0,P0,0,0,Not Active,Not Active,Not Active,Not Active,Not Active,Not Active,154.098,True,6932556715516.0,8406393829084.0
2026-07-31T02:06:27.268063,2026/07/31 02:06:27.213,0,GPU-2c3c1aab-4401-c49f-e973-2d9a530e6442,NVIDIA B200,939.23,1000.0,100.0,16.0,2916.0,179709.0,183359.0,1965.0,3996.0,1965.0,60.0,P0,0,0,Not Active,Not Active,Not Active,Not Active,Not Active,Not Active,140.497,True,6932556715516.0,8406393829084.0
2026-07-31T02:06:27.428063,2026/07/31 02:06:27.373,0,GPU-2c3c1aab-4401-c49f-e973-2d9a530e6442,NVIDIA B200,939.38,1000.0,100.0,15.0,2916.0,179709.0,183359.0,1965.0,3996.0,1965.0,60.0,P0,0,0,Not Active,Not Active,Not Active,Not Active,Not Active,Not Active,159.461,True,6932556715516.0,8406393829084.0
2026-07-31T02:06:27.573863,2026/07/31 02:06:27.514,0,GPU-2c3c1aab-4401-c49f-e973-2d9a530e6442,NVIDIA B200,938.92,1000.0,100.0,15.0,2916.0,179709.0,183359.0,1965.0,3996.0,1965.0,60.0,P0,0,0,Not Active,Not Active,Not Active,Not Active,Not Active,Not Active,140.93,True,6932556715516.0,8406393829084.0
2026-07-31T02:06:27.729169,2026/07/31 02:06:27.668,0,GPU-2c3c1aab-4401-c49f-e973-2d9a530e6442,NVIDIA B200,938.69,1000.0,100.0,15.0,2916.0,179709.0,183359.0,1965.0,3996.0,1965.0,60.0,P0,0,0,Not Active,Not Active,Not Active,Not Active,Not Active,Not Active,154.459,True,6932556715516.0,8406393829084.0
2026-07-31T02:06:27.938197,2026/07/31 02:06:27.881,0,GPU-2c3c1aab-4401-c49f-e973-2d9a530e6442,NVIDIA B200,938.97,1000.0,100.0,15.0,2916.0,179709.0,183359.0,1965.0,3996.0,1965.0,60.0,P0,0,0,Not Active,Not Active,Not Active,Not Active,Not Active,Not Active,211.935,True,6932556715516.0,8406393829084.0
2026-07-31T02:06:28.085850,2026/07/31 02:06:28.025,0,GPU-2c3c1aab-4401-c49f-e973-2d9a530e6442,NVIDIA B200,938.74,1000.0,100.0,15.0,2916.0,179709.0,183359.0,1965.0,3996.0,1965.0,61.0,P0,0,0,Not Active,Not Active,Not Active,Not Active,Not Active,Not Active,141.859,True,6932556715516.0,8406393829084.0
2026-07-31T02:06:28.244941,2026/07/31 02:06:28.182,0,GPU-2c3c1aab-4401-c49f-e973-2d9a530e6442,NVIDIA B200,938.53,1000.0,100.0,15.0,2916.0,179709.0,183359.0,1965.0,3996.0,1965.0,61.0,P0,0,0,Not Active,Not Active,Not Active,Not Active,Not Active,Not Active,156.381,True,6932556715516.0,8406393829084.0
2026-07-31T02:06:28.398256,2026/07/31 02:06:28.338,0,GPU-2c3c1aab-4401-c49f-e973-2d9a530e6442,NVIDIA B200,938.39,1000.0,100.0,15.0,2916.0,179709.0,183359.0,1965.0,3996.0,1965.0,61.0,P0,0,0,Not Active,Not Active,Not Active,Not Active,Not Active,Not Active,156.927,True,6932556715516.0,8406393829084.0
2026-07-31T02:06:28.544238,2026/07/31 02:06:28.486,0,GPU-2c3c1aab-4401-c49f-e973-2d9a530e6442,NVIDIA B200,938.25,1000.0,100.0,15.0,2916.0,179709.0,183359.0,1965.0,3996.0,1965.0,61.0,P0,0,0,Not Active,Not Active,Not Active,Not Active,Not Active,Not Active,150.079,True,6932556715516.0,8406393829084.0
2026-07-31T02:06:28.699218,2026/07/31 02:06:28.637,0,GPU-2c3c1aab-4401-c49f-e973-2d9a530e6442,NVIDIA B200,939.08,1000.0,100.0,15.0,2916.0,179709.0,183359.0,1965.0,3996.0,1965.0,61.0,P0,0,0,Not Active,Not Active,Not Active,Not Active,Not Active,Not Active,146.113,True,6932556715516.0,8406393829084.0
2026-07-31T02:06:28.844527,2026/07/31 02:06:28.787,0,GPU-2c3c1aab-4401-c49f-e973-2d9a530e6442,NVIDIA B200,938.86,1000.0,100.0,15.0,2916.0,179709.0,183359.0,1965.0,3996.0,1965.0,61.0,P0,0,0,Not Active,Not Active,Not Active,Not Active,Not Active,Not Active,153.949,True,6932556715516.0,8406393829084.0
2026-07-31T02:06:29.102232,2026/07/31 02:06:28.932,0,GPU-2c3c1aab-4401-c49f-e973-2d9a530e6442,NVIDIA B200,938.7,1000.0,100.0,15.0,2916.0,179709.0,183359.0,1965.0,3996.0,1965.0,61.0,P0,0,0,Not Active,Not Active,Not Active,Not Active,Not Active,Not Active,144.768,True,6932556715516.0,8406393829084.0
2026-07-31T02:06:29.274641,2026/07/31 02:06:29.215,0,GPU-2c3c1aab-4401-c49f-e973-2d9a530e6442,NVIDIA B200,938.24,1000.0,100.0,15.0,2916.0,179709.0,183359.0,1965.0,3996.0,1965.0,60.0,P0,0,0,Not Active,Not Active,Not Active,Not Active,Not Active,Not Active,282.193,True,6932556715516.0,8406393829084.0
2026-07-31T02:06:29.422166,2026/07/31 02:06:29.361,0,GPU-2c3c1aab-4401-c49f-e973-2d9a530e6442,NVIDIA B200,938.79,1000.0,100.0,15.0,2916.0,179709.0,183359.0,1965.0,3996.0,1965.0,60.0,P0,0,0,Not Active,Not Active,Not Active,Not Active,Not Active,Not Active,148.145,True,6932556715516.0,8406393829084.0
2026-07-31T02:06:29.570107,2026/07/31 02:06:29.510,0,GPU-2c3c1aab-4401-c49f-e973-2d9a530e6442,NVIDIA B200,938.79,1000.0,100.0,15.0,2916.0,179709.0,183359.0,1965.0,3996.0,1965.0,61.0,P0,0,0,Not Active,Not Active,Not Active,Not Active,Not Active,Not Active,148.991,True,6932556715516.0,8406393829084.0
2026-07-31T02:06:29.720531,2026/07/31 02:06:29.659,0,GPU-2c3c1aab-4401-c49f-e973-2d9a530e6442,NVIDIA B200,938.44,1000.0,100.0,15.0,2916.0,179709.0,183359.0,1965.0,3996.0,1965.0,61.0,P0,0,0,Not Active,Not Active,Not Active,Not Active,Not Active,Not Active,149.129,True,6932556715516.0,8406393829084.0
2026-07-31T02:06:29.874142,2026/07/31 02:06:29.816,0,GPU-2c3c1aab-4401-c49f-e973-2d9a530e6442,NVIDIA B200,938.65,1000.0,100.0,15.0,2916.0,179709.0,183359.0,1965.0,3996.0,1965.0,61.0,P0,0,0,Not Active,Not Active,Not Active,Not Active,Not Active,Not Active,153.921,True,6932556715516.0,8406393829084.0
2026-07-31T02:06:30.020838,2026/07/31 02:06:29.963,0,GPU-2c3c1aab-4401-c49f-e973-2d9a530e6442,NVIDIA B200,939.07,1000.0,100.0,16.0,2916.0,179709.0,183359.0,1965.0,3996.0,1965.0,61.0,P0,0,0,Not Active,Not Active,Not Active,Not Active,Not Active,Not Active,150.264,True,6932556715516.0,8406393829084.0
2026-07-31T02:06:30.165932,2026/07/31 02:06:30.106,0,GPU-2c3c1aab-4401-c49f-e973-2d9a530e6442,NVIDIA B200,939.11,1000.0,100.0,15.0,2916.0,179709.0,183359.0,1965.0,3996.0,1965.0,61.0,P0,0,0,Not Active,Not Active,Not Active,Not Active,Not Active,Not Active,141.044,True,6932556715516.0,8406393829084.0
2026-07-31T02:06:30.315189,2026/07/31 02:06:30.253,0,GPU-2c3c1aab-4401-c49f-e973-2d9a530e6442,NVIDIA B200,938.65,1000.0,100.0,15.0,2916.0,179709.0,183359.0,1965.0,3996.0,1965.0,61.0,P0,0,0,Not Active,Not Active,Not Active,Not Active,Not Active,Not Active,145.817,True,6932556715516.0,8406393829084.0
2026-07-31T02:06:30.736144,2026/07/31 02:06:30.624,0,GPU-2c3c1aab-4401-c49f-e973-2d9a530e6442,NVIDIA B200,939.06,1000.0,100.0,15.0,2916.0,179709.0,183359.0,1965.0,3996.0,1965.0,61.0,P0,0,0,Not Active,Not Active,Not Active,Not Active,Not Active,Not Active,361.688,True,6932556715516.0,8406393829084.0
2026-07-31T02:06:30.894356,2026/07/31 02:06:30.840,0,GPU-2c3c1aab-4401-c49f-e973-2d9a530e6442,NVIDIA B200,938.5,1000.0,100.0,15.0,2916.0,179709.0,183359.0,1965.0,3996.0,1965.0,61.0,P0,0,0,Not Active,Not Active,Not Active,Not Active,Not Active,Not Active,226.583,True,6932556715516.0,8406393829084.0
2026-07-31T02:06:31.044213,2026/07/31 02:06:30.987,0,GPU-2c3c1aab-4401-c49f-e973-2d9a530e6442,NVIDIA B200,938.6,1000.0,100.0,15.0,2916.0,179709.0,183359.0,1965.0,3996.0,1965.0,61.0,P0,0,0,Not Active,Not Active,Not Active,Not Active,Not Active,Not Active,146.983,True,6932556715516.0,8406393829084.0
2026-07-31T02:06:31.189945,2026/07/31 02:06:31.134,0,GPU-2c3c1aab-4401-c49f-e973-2d9a530e6442,NVIDIA B200,938.28,1000.0,100.0,15.0,2916.0,179709.0,183359.0,1965.0,3996.0,1965.0,61.0,P0,0,0,Not Active,Not Active,Not Active,Not Active,Not Active,Not Active,148.215,True,6932556715516.0,8406393829084.0
2026-07-31T02:06:31.340318,2026/07/31 02:06:31.283,0,GPU-2c3c1aab-4401-c49f-e973-2d9a530e6442,NVIDIA B200,938.38,1000.0,100.0,15.0,2916.0,179709.0,183359.0,1965.0,3996.0,1965.0,61.0,P0,0,0,Not Active,Not Active,Not Active,Not Active,Not Active,Not Active,146.91,True,6932556715516.0,8406393829084.0
2026-07-31T02:06:31.495683,2026/07/31 02:06:31.435,0,GPU-2c3c1aab-4401-c49f-e973-2d9a530e6442,NVIDIA B200,938.55,1000.0,100.0,15.0,2916.0,179709.0,183359.0,1965.0,3996.0,1965.0,61.0,P0,0,0,Not Active,Not Active,Not Active,Not Active,Not Active,Not Active,151.133,True,6932556715516.0,8406393829084.0
2026-07-31T02:06:31.652829,2026/07/31 02:06:31.596,0,GPU-2c3c1aab-4401-c49f-e973-2d9a530e6442,NVIDIA B200,938.83,1000.0,100.0,15.0,2916.0,179709.0,183359.0,1965.0,3996.0,1965.0,61.0,P0,0,0,Not Active,Not Active,Not Active,Not Active,Not Active,Not Active,160.504,True,6932556715516.0,8406393829084.0
2026-07-31T02:06:31.804932,2026/07/31 02:06:31.742,0,GPU-2c3c1aab-4401-c49f-e973-2d9a530e6442,NVIDIA B200,939.49,1000.0,100.0,15.0,2916.0,179709.0,183359.0,1965.0,3996.0,1965.0,61.0,P0,0,0,Not Active,Not Active,Not Active,Not Active,Not Active,Not Active,148.146,True,6932556715516.0,8406393829084.0
2026-07-31T02:06:31.958104,2026/07/31 02:06:31.897,0,GPU-2c3c1aab-4401-c49f-e973-2d9a530e6442,NVIDIA B200,939.61,1000.0,100.0,15.0,2916.0,179709.0,183359.0,1965.0,3996.0,1965.0,61.0,P0,0,0,Not Active,Not Active,Not Active,Not Active,Not Active,Not Active,154.879,True,6932556715516.0,8406393829084.0
2026-07-31T02:06:32.115454,2026/07/31 02:06:32.051,0,GPU-2c3c1aab-4401-c49f-e973-2d9a530e6442,NVIDIA B200,939.91,1000.0,100.0,15.0,2916.0,179709.0,183359.0,1965.0,3996.0,1965.0,61.0,P0,0,0,Not Active,Not Active,Not Active,Not Active,Not Active,Not Active,153.176,True,6932556715516.0,8406393829084.0
2026-07-31T02:06:32.271238,2026/07/31 02:06:32.212,0,GPU-2c3c1aab-4401-c49f-e973-2d9a530e6442,NVIDIA B200,939.57,1000.0,100.0,15.0,2916.0,179709.0,183359.0,1965.0,3996.0,1965.0,60.0,P0,0,0,Not Active,Not Active,Not Active,Not Active,Not Active,Not Active,158.954,True,6932556715516.0,8406393829084.0
2026-07-31T02:06:32.417034,2026/07/31 02:06:32.359,0,GPU-2c3c1aab-4401-c49f-e973-2d9a530e6442,NVIDIA B200,939.44,1000.0,100.0,15.0,2916.0,179709.0,183359.0,1965.0,3996.0,1965.0,61.0,P0,0,0,Not Active,Not Active,Not Active,Not Active,Not Active,Not Active,150.186,True,6932556715516.0,8406393829084.0
2026-07-31T02:06:32.568901,2026/07/31 02:06:32.512,0,GPU-2c3c1aab-4401-c49f-e973-2d9a530e6442,NVIDIA B200,939.39,1000.0,100.0,15.0,2916.0,179709.0,183359.0,1965.0,3996.0,1965.0,61.0,P0,0,0,Not Active,Not Active,Not Active,Not Active,Not Active,Not Active,151.743,True,6932556715516.0,8406393829084.0
2026-07-31T02:06:32.716499,2026/07/31 02:06:32.658,0,GPU-2c3c1aab-4401-c49f-e973-2d9a530e6442,NVIDIA B200,939.64,1000.0,100.0,16.0,2916.0,179709.0,183359.0,1965.0,3996.0,1965.0,61.0,P0,0,0,Not Active,Not Active,Not Active,Not Active,Not Active,Not Active,146.395,True,6932556715516.0,8406393829084.0
2026-07-31T02:06:32.866159,2026/07/31 02:06:32.806,0,GPU-2c3c1aab-4401-c49f-e973-2d9a530e6442,NVIDIA B200,939.02,1000.0,100.0,16.0,2916.0,179709.0,183359.0,1965.0,3996.0,1965.0,61.0,P0,0,0,Not Active,Not Active,Not Active,Not Active,Not Active,Not Active,149.162,True,6932556715516.0,8406393829084.0
2026-07-31T02:06:33.069103,2026/07/31 02:06:33.008,0,GPU-2c3c1aab-4401-c49f-e973-2d9a530e6442,NVIDIA B200,939.35,1000.0,100.0,15.0,2916.0,179709.0,183359.0,1965.0,3996.0,1965.0,61.0,P0,0,0,Not Active,Not Active,Not Active,Not Active,Not Active,Not Active,202.439,True,6932556715516.0,8406393829084.0
2026-07-31T02:06:33.215960,2026/07/31 02:06:33.155,0,GPU-2c3c1aab-4401-c49f-e973-2d9a530e6442,NVIDIA B200,939.97,1000.0,100.0,15.0,2916.0,179709.0,183359.0,1965.0,3996.0,1965.0,61.0,P0,0,0,Not Active,Not Active,Not Active,Not Active,Not Active,Not Active,148.347,True,6932556715516.0,8406393829084.0
2026-07-31T02:06:33.362087,2026/07/31 02:06:33.304,0,GPU-2c3c1aab-4401-c49f-e973-2d9a530e6442,NVIDIA B200,939.79,1000.0,100.0,15.0,2916.0,179709.0,183359.0,1965.0,3996.0,1965.0,61.0,P0,0,0,Not Active,Not Active,Not Active,Not Active,Not Active,Not Active,148.209,True,6932556715516.0,8406393829084.0
2026-07-31T02:06:33.516552,2026/07/31 02:06:33.449,0,GPU-2c3c1aab-4401-c49f-e973-2d9a530e6442,NVIDIA B200,939.42,1000.0,100.0,15.0,2916.0,179709.0,183359.0,1965.0,3996.0,1965.0,61.0,P0,0,0,Not Active,Not Active,Not Active,Not Active,Not Active,Not Active,144.623,True,6932556715516.0,8406393829084.0
2026-07-31T02:06:33.663385,2026/07/31 02:06:33.604,0,GPU-2c3c1aab-4401-c49f-e973-2d9a530e6442,NVIDIA B200,938.49,1000.0,100.0,15.0,2916.0,179709.0,183359.0,1965.0,3996.0,1965.0,60.0,P0,0,0,Not Active,Not Active,Not Active,Not Active,Not Active,Not Active,156.381,True,6932556715516.0,8406393829084.0
2026-07-31T02:06:33.815294,2026/07/31 02:06:33.755,0,GPU-2c3c1aab-4401-c49f-e973-2d9a530e6442,NVIDIA B200,938.16,1000.0,100.0,15.0,2916.0,179709.0,183359.0,1965.0,3996.0,1965.0,61.0,P0,0,0,Not Active,Not Active,Not Active,Not Active,Not Active,Not Active,149.364,True,6932556715516.0,8406393829084.0
2026-07-31T02:06:33.961019,2026/07/31 02:06:33.903,0,GPU-2c3c1aab-4401-c49f-e973-2d9a530e6442,NVIDIA B200,938.09,1000.0,100.0,15.0,2916.0,179709.0,183359.0,1965.0,3996.0,1965.0,61.0,P0,0,0,Not Active,Not Active,Not Active,Not Active,Not Active,Not Active,148.878,True,6932556715516.0,8406393829084.0
2026-07-31T02:06:34.108949,2026/07/31 02:06:34.052,0,GPU-2c3c1aab-4401-c49f-e973-2d9a530e6442,NVIDIA B200,937.95,1000.0,100.0,15.0,2916.0,179709.0,183359.0,1965.0,3996.0,1965.0,61.0,P0,0,0,Not Active,Not Active,Not Active,Not Active,Not Active,Not Active,145.897,True,6932556715516.0,8406393829084.0
2026-07-31T02:06:34.295220,2026/07/31 02:06:34.201,0,GPU-2c3c1aab-4401-c49f-e973-2d9a530e6442,NVIDIA B200,937.58,1000.0,100.0,15.0,2916.0,179709.0,183359.0,1965.0,3996.0,1965.0,61.0,P0,0,0,Not Active,Not Active,Not Active,Not Active,Not Active,Not Active,148.252,True,6932556715516.0,8406393829084.0
2026-07-31T02:06:34.526134,2026/07/31 02:06:34.471,0,GPU-2c3c1aab-4401-c49f-e973-2d9a530e6442,NVIDIA B200,938.58,1000.0,100.0,15.0,2916.0,179709.0,183359.0,1965.0,3996.0,1965.0,61.0,P0,0,0,Not Active,Not Active,Not Active,Not Active,Not Active,Not Active,260.113,True,6932556715516.0,8406393829084.0
2026-07-31T02:06:34.669141,2026/07/31 02:06:34.610,0,GPU-2c3c1aab-4401-c49f-e973-2d9a530e6442,NVIDIA B200,938.92,1000.0,100.0,15.0,2916.0,179709.0,183359.0,1965.0,3996.0,1965.0,61.0,P0,0,0,Not Active,Not Active,Not Active,Not Active,Not Active,Not Active,150.346,True,6932556715516.0,8406393829084.0
2026-07-31T02:06:34.805057,2026/07/31 02:06:34.752,0,GPU-2c3c1aab-4401-c49f-e973-2d9a530e6442,NVIDIA B200,939.18,1000.0,100.0,15.0,2916.0,179709.0,183359.0,1965.0,3996.0,1965.0,61.0,P0,0,0,Not Active,Not Active,Not Active,Not Active,Not Active,Not Active,144.939,True,6932556715516.0,8406393829084.0
2026-07-31T02:06:34.945584,2026/07/31 02:06:34.886,0,GPU-2c3c1aab-4401-c49f-e973-2d9a530e6442,NVIDIA B200,939.44,1000.0,100.0,15.0,2916.0,179709.0,183359.0,1965.0,3996.0,1965.0,61.0,P0,0,0,Not Active,Not Active,Not Active,Not Active,Not Active,Not Active,133.383,True,6932556715516.0,8406393829084.0
2026-07-31T02:06:35.095513,2026/07/31 02:06:35.036,0,GPU-2c3c1aab-4401-c49f-e973-2d9a530e6442,NVIDIA B200,938.57,1000.0,100.0,15.0,2916.0,179709.0,183359.0,1965.0,3996.0,1965.0,61.0,P0,0,0,Not Active,Not Active,Not Active,Not Active,Not Active,Not Active,147.761,True,6932556715516.0,8406393829084.0
2026-07-31T02:06:35.245288,2026/07/31 02:06:35.185,0,GPU-2c3c1aab-4401-c49f-e973-2d9a530e6442,NVIDIA B200,938.66,1000.0,100.0,15.0,2916.0,179709.0,183359.0,1965.0,3996.0,1965.0,61.0,P0,0,0,Not Active,Not Active,Not Active,Not Active,Not Active,Not Active,151.319,True,6932556715516.0,8406393829084.0
2026-07-31T02:06:35.398108,2026/07/31 02:06:35.340,0,GPU-2c3c1aab-4401-c49f-e973-2d9a530e6442,NVIDIA B200,938.03,1000.0,100.0,15.0,2916.0,179709.0,183359.0,1965.0,3996.0,1965.0,61.0,P0,0,0,Not Active,Not Active,Not Active,Not Active,Not Active,Not Active,152.203,True,6932556715516.0,8406393829084.0
2026-07-31T02:06:35.547670,2026/07/31 02:06:35.492,0,GPU-2c3c1aab-4401-c49f-e973-2d9a530e6442,NVIDIA B200,937.58,1000.0,100.0,15.0,2916.0,179709.0,183359.0,1965.0,3996.0,1965.0,61.0,P0,0,0,Not Active,Not Active,Not Active,Not Active,Not Active,Not Active,154.786,True,6932556715516.0,8406393829084.0
2026-07-31T02:06:35.705454,2026/07/31 02:06:35.647,0,GPU-2c3c1aab-4401-c49f-e973-2d9a530e6442,NVIDIA B200,937.8,1000.0,100.0,15.0,2916.0,179709.0,183359.0,1965.0,3996.0,1965.0,61.0,P0,0,0,Not Active,Not Active,Not Active,Not Active,Not Active,Not Active,152.182,True,6932556715516.0,8406393829084.0
2026-07-31T02:06:36.045031,2026/07/31 02:06:35.795,0,GPU-2c3c1aab-4401-c49f-e973-2d9a530e6442,NVIDIA B200,937.53,1000.0,100.0,15.0,2916.0,179709.0,183359.0,1965.0,3996.0,1965.0,61.0,P0,0,0,Not Active,Not Active,Not Active,Not Active,Not Active,Not Active,150.247,True,6932556715516.0,8406393829084.0
2026-07-31T02:06:36.241247,2026/07/31 02:06:36.180,0,GPU-2c3c1aab-4401-c49f-e973-2d9a530e6442,NVIDIA B200,938.84,1000.0,100.0,15.0,2916.0,179709.0,183359.0,1965.0,3996.0,1965.0,61.0,P0,0,0,Not Active,Not Active,Not Active,Not Active,Not Active,Not Active,385.682,True,6932556715516.0,8406393829084.0
2026-07-31T02:06:36.384967,2026/07/31 02:06:36.325,0,GPU-2c3c1aab-4401-c49f-e973-2d9a530e6442,NVIDIA B200,938.96,1000.0,100.0,15.0,2916.0,179709.0,183359.0,1965.0,3996.0,1965.0,61.0,P0,0,0,Not Active,Not Active,Not Active,Not Active,Not Active,Not Active,144.881,True,6932556715516.0,8406393829084.0
2026-07-31T02:06:36.536478,2026/07/31 02:06:36.474,0,GPU-2c3c1aab-4401-c49f-e973-2d9a530e6442,NVIDIA B200,938.83,1000.0,100.0,15.0,2916.0,179709.0,183359.0,1965.0,3996.0,1965.0,61.0,P0,0,0,Not Active,Not Active,Not Active,Not Active,Not Active,Not Active,148.783,True,6932556715516.0,8406393829084.0
2026-07-31T02:06:36.683780,2026/07/31 02:06:36.623,0,GPU-2c3c1aab-4401-c49f-e973-2d9a530e6442,NVIDIA B200,939.18,1000.0,100.0,15.0,2916.0,179709.0,183359.0,1965.0,3996.0,1965.0,61.0,P0,0,0,Not Active,Not Active,Not Active,Not Active,Not Active,Not Active,148.389,True,6932556715516.0,8406393829084.0
2026-07-31T02:06:36.835169,2026/07/31 02:06:36.771,0,GPU-2c3c1aab-4401-c49f-e973-2d9a530e6442,NVIDIA B200,939.18,1000.0,100.0,15.0,2916.0,179709.0,183359.0,1965.0,3996.0,1965.0,61.0,P0,0,0,Not Active,Not Active,Not Active,Not Active,Not Active,Not Active,148.662,True,6932556715516.0,8406393829084.0
2026-07-31T02:06:36.986037,2026/07/31 02:06:36.928,0,GPU-2c3c1aab-4401-c49f-e973-2d9a530e6442,NVIDIA B200,938.99,1000.0,100.0,15.0,2916.0,179709.0,183359.0,1965.0,3996.0,1965.0,61.0,P0,0,0,Not Active,Not Active,Not Active,Not Active,Not Active,Not Active,155.763,True,6932556715516.0,8406393829084.0
2026-07-31T02:06:37.135224,2026/07/31 02:06:37.077,0,GPU-2c3c1aab-4401-c49f-e973-2d9a530e6442,NVIDIA B200,939.12,1000.0,100.0,15.0,2916.0,179709.0,183359.0,1965.0,3996.0,1965.0,61.0,P0,0,0,Not Active,Not Active,Not Active,Not Active,Not Active,Not Active,149.616,True,6932556715516.0,8406393829084.0
2026-07-31T02:06:37.278081,2026/07/31 02:06:37.221,0,GPU-2c3c1aab-4401-c49f-e973-2d9a530e6442,NVIDIA B200,938.95,1000.0,100.0,15.0,2916.0,179709.0,183359.0,1965.0,3996.0,1965.0,61.0,P0,0,0,Not Active,Not Active,Not Active,Not Active,Not Active,Not Active,139.96,True,6932556715516.0,8406393829084.0
2026-07-31T02:06:37.421199,2026/07/31 02:06:37.362,0,GPU-2c3c1aab-4401-c49f-e973-2d9a530e6442,NVIDIA B200,939.68,1000.0,100.0,15.0,2916.0,179709.0,183359.0,1965.0,3996.0,1965.0,61.0,P0,0,0,Not Active,Not Active,Not Active,Not Active,Not Active,Not Active,145.708,True,6932556715516.0,8406393829084.0
2026-07-31T02:06:37.568708,2026/07/31 02:06:37.510,0,GPU-2c3c1aab-4401-c49f-e973-2d9a530e6442,NVIDIA B200,939.4,1000.0,100.0,15.0,2916.0,179709.0,183359.0,1965.0,3996.0,1965.0,61.0,P0,0,0,Not Active,Not Active,Not Active,Not Active,Not Active,Not Active,147.686,True,6932556715516.0,8406393829084.0
2026-07-31T02:06:37.721219,2026/07/31 02:06:37.657,0,GPU-2c3c1aab-4401-c49f-e973-2d9a530e6442,NVIDIA B200,939.47,1000.0,100.0,15.0,2916.0,179709.0,183359.0,1965.0,3996.0,1965.0,61.0,P0,0,0,Not Active,Not Active,Not Active,Not Active,Not Active,Not Active,146.149,True,6932556715516.0,8406393829084.0
2026-07-31T02:06:37.873117,2026/07/31 02:06:37.807,0,GPU-2c3c1aab-4401-c49f-e973-2d9a530e6442,NVIDIA B200,938.62,1000.0,100.0,15.0,2916.0,179709.0,183359.0,1965.0,3996.0,1965.0,61.0,P0,0,0,Not Active,Not Active,Not Active,Not Active,Not Active,Not Active,150.054,True,6932556715516.0,8406393829084.0
2026-07-31T02:06:38.077008,2026/07/31 02:06:38.022,0,GPU-2c3c1aab-4401-c49f-e973-2d9a530e6442,NVIDIA B200,939.28,1000.0,100.0,15.0,2916.0,179709.0,183359.0,1965.0,3996.0,1965.0,61.0,P0,0,0,Not Active,Not Active,Not Active,Not Active,Not Active,Not Active,208.208,True,6932556715516.0,8406393829084.0
2026-07-31T02:06:38.220450,2026/07/31 02:06:38.165,0,GPU-2c3c1aab-4401-c49f-e973-2d9a530e6442,NVIDIA B200,939.23,1000.0,100.0,16.0,2916.0,179709.0,183359.0,1965.0,3996.0,1965.0,61.0,P0,0,0,Not Active,Not Active,Not Active,Not Active,Not Active,Not Active,150.148,True,6932556715516.0,8406393829084.0
2026-07-31T02:06:38.363113,2026/07/31 02:06:38.306,0,GPU-2c3c1aab-4401-c49f-e973-2d9a530e6442,NVIDIA B200,939.31,1000.0,100.0,15.0,2916.0,179709.0,183359.0,1965.0,3996.0,1965.0,61.0,P0,0,0,Not Active,Not Active,Not Active,Not Active,Not Active,Not Active,141.8,True,6932556715516.0,8406393829084.0
2026-07-31T02:06:38.498835,2026/07/31 02:06:38.446,0,GPU-2c3c1aab-4401-c49f-e973-2d9a530e6442,NVIDIA B200,939.04,1000.0,100.0,15.0,2916.0,179709.0,183359.0,1965.0,3996.0,1965.0,61.0,P0,0,0,Not Active,Not Active,Not Active,Not Active,Not Active,Not Active,139.485,True,6932556715516.0,8406393829084.0
2026-07-31T02:06:38.646974,2026/07/31 02:06:38.584,0,GPU-2c3c1aab-4401-c49f-e973-2d9a530e6442,NVIDIA B200,938.46,1000.0,100.0,15.0,2916.0,179709.0,183359.0,1965.0,3996.0,1965.0,61.0,P0,0,0,Not Active,Not Active,Not Active,Not Active,Not Active,Not Active,138.227,True,6932556715516.0,8406393829084.0
2026-07-31T02:06:38.802027,2026/07/31 02:06:38.743,0,GPU-2c3c1aab-4401-c49f-e973-2d9a530e6442,NVIDIA B200,939.51,1000.0,100.0,15.0,2916.0,179709.0,183359.0,1965.0,3996.0,1965.0,61.0,P0,0,0,Not Active,Not Active,Not Active,Not Active,Not Active,Not Active,154.744,True,6932556715516.0,8406393829084.0
2026-07-31T02:06:38.949537,2026/07/31 02:06:38.891,0,GPU-2c3c1aab-4401-c49f-e973-2d9a530e6442,NVIDIA B200,939.56,1000.0,100.0,15.0,2916.0,179709.0,183359.0,1965.0,3996.0,1965.0,61.0,P0,0,0,Not Active,Not Active,Not Active,Not Active,Not Active,Not Active,151.881,True,6932556715516.0,8406393829084.0
2026-07-31T02:06:39.097285,2026/07/31 02:06:39.039,0,GPU-2c3c1aab-4401-c49f-e973-2d9a530e6442,NVIDIA B200,939.32,1000.0,100.0,15.0,2916.0,179709.0,183359.0,1965.0,3996.0,1965.0,61.0,P0,0,0,Not Active,Not Active,Not Active,Not Active,Not Active,Not Active,147.769,True,6932556715516.0,8406393829084.0
2026-07-31T02:06:39.328089,2026/07/31 02:06:39.232,0,GPU-2c3c1aab-4401-c49f-e973-2d9a530e6442,NVIDIA B200,938.52,1000.0,100.0,15.0,2916.0,179709.0,183359.0,1965.0,3996.0,1965.0,61.0,P0,0,0,Not Active,Not Active,Not Active,Not Active,Not Active,Not Active,155.243,True,6932556715516.0,8406393829084.0
2026-07-31T02:06:39.634547,2026/07/31 02:06:39.495,0,GPU-2c3c1aab-4401-c49f-e973-2d9a530e6442,NVIDIA B200,939.06,1000.0,100.0,16.0,2916.0,179709.0,183359.0,1965.0,3996.0,1965.0,61.0,P0,0,0,Not Active,Not Active,Not Active,Not Active,Not Active,Not Active,288.972,True,6932556715516.0,8406393829084.0
2026-07-31T02:06:39.914989,2026/07/31 02:06:39.844,0,GPU-2c3c1aab-4401-c49f-e973-2d9a530e6442,NVIDIA B200,938.8,1000.0,100.0,15.0,2916.0,179709.0,183359.0,1965.0,3996.0,1965.0,61.0,P0,0,0,Not Active,Not Active,Not Active,Not Active,Not Active,Not Active,326.829,True,6932556715516.0,8406393829084.0
2026-07-31T02:06:40.065131,2026/07/31 02:06:40.007,0,GPU-2c3c1aab-4401-c49f-e973-2d9a530e6442,NVIDIA B200,938.85,1000.0,100.0,15.0,2916.0,179709.0,183359.0,1965.0,3996.0,1965.0,61.0,P0,0,0,Not Active,Not Active,Not Active,Not Active,Not Active,Not Active,196.092,True,6932556715516.0,8406393829084.0
2026-07-31T02:06:40.207122,2026/07/31 02:06:40.151,0,GPU-2c3c1aab-4401-c49f-e973-2d9a530e6442,NVIDIA B200,939.92,1000.0,100.0,15.0,2916.0,179709.0,183359.0,1965.0,3996.0,1965.0,61.0,P0,0,0,Not Active,Not Active,Not Active,Not Active,Not Active,Not Active,148.593,True,6932556715516.0,8406393829084.0
2026-07-31T02:06:40.355109,2026/07/31 02:06:40.289,0,GPU-2c3c1aab-4401-c49f-e973-2d9a530e6442,NVIDIA B200,939.98,1000.0,100.0,15.0,2916.0,179709.0,183359.0,1965.0,3996.0,1965.0,61.0,P0,0,0,Not Active,Not Active,Not Active,Not Active,Not Active,Not Active,135.716,True,6932556715516.0,8406393829084.0
2026-07-31T02:06:40.509206,2026/07/31 02:06:40.450,0,GPU-2c3c1aab-4401-c49f-e973-2d9a530e6442,NVIDIA B200,939.47,1000.0,100.0,15.0,2916.0,179709.0,183359.0,1965.0,3996.0,1965.0,61.0,P0,0,0,Not Active,Not Active,Not Active,Not Active,Not Active,Not Active,157.769,True,6932556715516.0,8406393829084.0
2026-07-31T02:06:40.652256,2026/07/31 02:06:40.593,0,GPU-2c3c1aab-4401-c49f-e973-2d9a530e6442,NVIDIA B200,938.99,1000.0,100.0,15.0,2916.0,179709.0,183359.0,1965.0,3996.0,1965.0,61.0,P0,0,0,Not Active,Not Active,Not Active,Not Active,Not Active,Not Active,145.003,True,6932556715516.0,8406393829084.0
2026-07-31T02:06:40.805190,2026/07/31 02:06:40.750,0,GPU-2c3c1aab-4401-c49f-e973-2d9a530e6442,NVIDIA B200,939.19,1000.0,100.0,15.0,2916.0,179709.0,183359.0,1965.0,3996.0,1965.0,61.0,P0,0,0,Not Active,Not Active,Not Active,Not Active,Not Active,Not Active,155.224,True,6932556715516.0,8406393829084.0
2026-07-31T02:06:40.947987,2026/07/31 02:06:40.890,0,GPU-2c3c1aab-4401-c49f-e973-2d9a530e6442,NVIDIA B200,939.54,1000.0,100.0,15.0,2916.0,179709.0,183359.0,1965.0,3996.0,1965.0,61.0,P0,0,0,Not Active,Not Active,Not Active,Not Active,Not Active,Not Active,142.805,True,6932556715516.0,8406393829084.0
2026-07-31T02:06:41.096422,2026/07/31 02:06:41.038,0,GPU-2c3c1aab-4401-c49f-e973-2d9a530e6442,NVIDIA B200,939.09,1000.0,100.0,15.0,2916.0,179709.0,183359.0,1965.0,3996.0,1965.0,61.0,P0,0,0,Not Active,Not Active,Not Active,Not Active,Not Active,Not Active,148.179,True,6932556715516.0,8406393829084.0
2026-07-31T02:06:41.398493,2026/07/31 02:06:41.186,0,GPU-2c3c1aab-4401-c49f-e973-2d9a530e6442,NVIDIA B200,939.3,1000.0,100.0,15.0,2916.0,179709.0,183359.0,1965.0,3996.0,1965.0,61.0,P0,0,0,Not Active,Not Active,Not Active,Not Active,Not Active,Not Active,144.474,True,6932556715516.0,8406393829084.0
2026-07-31T02:06:41.610321,2026/07/31 02:06:41.547,0,GPU-2c3c1aab-4401-c49f-e973-2d9a530e6442,NVIDIA B200,939.81,1000.0,100.0,15.0,2916.0,179709.0,183359.0,1965.0,3996.0,1965.0,61.0,P0,0,0,Not Active,Not Active,Not Active,Not Active,Not Active,Not Active,329.243,True,6932556715516.0,8406393829084.0
2026-07-31T02:06:41.751090,2026/07/31 02:06:41.693,0,GPU-2c3c1aab-4401-c49f-e973-2d9a530e6442,NVIDIA B200,939.72,1000.0,100.0,15.0,2916.0,179709.0,183359.0,1965.0,3996.0,1965.0,61.0,P0,0,0,Not Active,Not Active,Not Active,Not Active,Not Active,Not Active,181.59,True,6932556715516.0,8406393829084.0
2026-07-31T02:06:41.893151,2026/07/31 02:06:41.839,0,GPU-2c3c1aab-4401-c49f-e973-2d9a530e6442,NVIDIA B200,938.94,1000.0,100.0,15.0,2916.0,179709.0,183359.0,1965.0,3996.0,1965.0,61.0,P0,0,0,Not Active,Not Active,Not Active,Not Active,Not Active,Not Active,144.782,True,6932556715516.0,8406393829084.0
2026-07-31T02:06:42.031371,2026/07/31 02:06:41.977,0,GPU-2c3c1aab-4401-c49f-e973-2d9a530e6442,NVIDIA B200,938.8,1000.0,100.0,15.0,2916.0,179709.0,183359.0,1965.0,3996.0,1965.0,61.0,P0,0,0,Not Active,Not Active,Not Active,Not Active,Not Active,Not Active,139.091,True,6932556715516.0,8406393829084.0
2026-07-31T02:06:42.169037,2026/07/31 02:06:42.114,0,GPU-2c3c1aab-4401-c49f-e973-2d9a530e6442,NVIDIA B200,939.13,1000.0,100.0,15.0,2916.0,179709.0,183359.0,1965.0,3996.0,1965.0,61.0,P0,0,0,Not Active,Not Active,Not Active,Not Active,Not Active,Not Active,136.122,True,6932556715516.0,8406393829084.0
2026-07-31T02:06:42.324109,2026/07/31 02:06:42.262,0,GPU-2c3c1aab-4401-c49f-e973-2d9a530e6442,NVIDIA B200,938.82,1000.0,100.0,16.0,2916.0,179709.0,183359.0,1965.0,3996.0,1965.0,61.0,P0,0,0,Not Active,Not Active,Not Active,Not Active,Not Active,Not Active,148.513,True,6932556715516.0,8406393829084.0
2026-07-31T02:06:42.471496,2026/07/31 02:06:42.413,0,GPU-2c3c1aab-4401-c49f-e973-2d9a530e6442,NVIDIA B200,938.85,1000.0,100.0,16.0,2916.0,179709.0,183359.0,1965.0,3996.0,1965.0,61.0,P0,0,0,Not Active,Not Active,Not Active,Not Active,Not Active,Not Active,151.281,True,6932556715516.0,8406393829084.0
2026-07-31T02:06:42.623543,2026/07/31 02:06:42.560,0,GPU-2c3c1aab-4401-c49f-e973-2d9a530e6442,NVIDIA B200,938.94,1000.0,100.0,15.0,2916.0,179709.0,183359.0,1965.0,3996.0,1965.0,61.0,P0,0,0,Not Active,Not Active,Not Active,Not Active,Not Active,Not Active,144.585,True,6932556715516.0,8406393829084.0
2026-07-31T02:06:42.776668,2026/07/31 02:06:42.715,0,GPU-2c3c1aab-4401-c49f-e973-2d9a530e6442,NVIDIA B200,938.72,1000.0,100.0,15.0,2916.0,179709.0,183359.0,1965.0,3996.0,1965.0,61.0,P0,0,0,Not Active,Not Active,Not Active,Not Active,Not Active,Not Active,156.425,True,6932556715516.0,8406393829084.0
2026-07-31T02:06:42.924004,2026/07/31 02:06:42.863,0,GPU-2c3c1aab-4401-c49f-e973-2d9a530e6442,NVIDIA B200,939.88,1000.0,100.0,15.0,2916.0,179709.0,183359.0,1965.0,3996.0,1965.0,61.0,P0,0,0,Not Active,Not Active,Not Active,Not Active,Not Active,Not Active,147.593,True,6932556715516.0,8406393829084.0
2026-07-31T02:06:43.126103,2026/07/31 02:06:43.065,0,GPU-2c3c1aab-4401-c49f-e973-2d9a530e6442,NVIDIA B200,940.15,1000.0,100.0,15.0,2916.0,179709.0,183359.0,1965.0,3996.0,1965.0,61.0,P0,0,0,Not Active,Not Active,Not Active,Not Active,Not Active,Not Active,199.845,True,6932556715516.0,8406393829084.0
2026-07-31T02:06:43.275153,2026/07/31 02:06:43.216,0,GPU-2c3c1aab-4401-c49f-e973-2d9a530e6442,NVIDIA B200,939.78,1000.0,100.0,15.0,2916.0,179709.0,183359.0,1965.0,3996.0,1965.0,61.0,P0,0,0,Not Active,Not Active,Not Active,Not Active,Not Active,Not Active,154.0,True,6932556715516.0,8406393829084.0
2026-07-31T02:06:43.446217,2026/07/31 02:06:43.387,0,GPU-2c3c1aab-4401-c49f-e973-2d9a530e6442,NVIDIA B200,939.24,1000.0,100.0,15.0,2916.0,179709.0,183359.0,1965.0,3996.0,1965.0,61.0,P0,0,0,Not Active,Not Active,Not Active,Not Active,Not Active,Not Active,170.162,True,6932556715516.0,8406393829084.0
2026-07-31T02:06:43.593372,2026/07/31 02:06:43.532,0,GPU-2c3c1aab-4401-c49f-e973-2d9a530e6442,NVIDIA B200,939.46,1000.0,100.0,15.0,2916.0,179709.0,183359.0,1965.0,3996.0,1965.0,61.0,P0,0,0,Not Active,Not Active,Not Active,Not Active,Not Active,Not Active,145.062,True,6932556715516.0,8406393829084.0
2026-07-31T02:06:43.741231,2026/07/31 02:06:43.682,0,GPU-2c3c1aab-4401-c49f-e973-2d9a530e6442,NVIDIA B200,939.83,1000.0,100.0,15.0,2916.0,179709.0,183359.0,1965.0,3996.0,1965.0,61.0,P0,0,0,Not Active,Not Active,Not Active,Not Active,Not Active,Not Active,150.144,True,6932556715516.0,8406393829084.0
2026-07-31T02:06:43.887607,2026/07/31 02:06:43.830,0,GPU-2c3c1aab-4401-c49f-e973-2d9a530e6442,NVIDIA B200,939.35,1000.0,100.0,15.0,2916.0,179709.0,183359.0,1965.0,3996.0,1965.0,61.0,P0,0,0,Not Active,Not Active,Not Active,Not Active,Not Active,Not Active,148.61,True,6932556715516.0,8406393829084.0
2026-07-31T02:06:44.039118,2026/07/31 02:06:43.978,0,GPU-2c3c1aab-4401-c49f-e973-2d9a530e6442,NVIDIA B200,938.98,1000.0,100.0,15.0,2916.0,179709.0,183359.0,1965.0,3996.0,1965.0,61.0,P0,0,0,Not Active,Not Active,Not Active,Not Active,Not Active,Not Active,147.045,True,6932556715516.0,8406393829084.0
2026-07-31T02:06:44.183584,2026/07/31 02:06:44.126,0,GPU-2c3c1aab-4401-c49f-e973-2d9a530e6442,NVIDIA B200,938.86,1000.0,100.0,15.0,2916.0,179709.0,183359.0,1965.0,3996.0,1965.0,61.0,P0,0,0,Not Active,Not Active,Not Active,Not Active,Not Active,Not Active,146.747,True,6932556715516.0,8406393829084.0
2026-07-31T02:06:44.331944,2026/07/31 02:06:44.271,0,GPU-2c3c1aab-4401-c49f-e973-2d9a530e6442,NVIDIA B200,939.46,1000.0,100.0,15.0,2916.0,179709.0,183359.0,1965.0,3996.0,1965.0,61.0,P0,0,0,Not Active,Not Active,Not Active,Not Active,Not Active,Not Active,146.237,True,6932556715516.0,8406393829084.0
2026-07-31T02:06:44.476135,2026/07/31 02:06:44.418,0,GPU-2c3c1aab-4401-c49f-e973-2d9a530e6442,NVIDIA B200,939.87,1000.0,100.0,15.0,2916.0,179709.0,183359.0,1965.0,3996.0,1965.0,61.0,P0,0,0,Not Active,Not Active,Not Active,Not Active,Not Active,Not Active,147.163,True,6932556715516.0,8406393829084.0
2026-07-31T02:06:44.624638,2026/07/31 02:06:44.565,0,GPU-2c3c1aab-4401-c49f-e973-2d9a530e6442,NVIDIA B200,939.95,1000.0,100.0,15.0,2916.0,179709.0,183359.0,1965.0,3996.0,1965.0,61.0,P0,0,0,Not Active,Not Active,Not Active,Not Active,Not Active,Not Active,146.113,True,6932556715516.0,8406393829084.0
2026-07-31T02:06:44.785076,2026/07/31 02:06:44.714,0,GPU-2c3c1aab-4401-c49f-e973-2d9a530e6442,NVIDIA B200,939.09,1000.0,100.0,15.0,2916.0,179709.0,183359.0,1965.0,3996.0,1965.0,61.0,P0,0,0,Not Active,Not Active,Not Active,Not Active,Not Active,Not Active,148.555,True,6932556715516.0,8406393829084.0
2026-07-31T02:06:44.934205,2026/07/31 02:06:44.873,0,GPU-2c3c1aab-4401-c49f-e973-2d9a530e6442,NVIDIA B200,939.34,1000.0,100.0,15.0,2916.0,179709.0,183359.0,1965.0,3996.0,1965.0,61.0,P0,0,0,Not Active,Not Active,Not Active,Not Active,Not Active,Not Active,161.453,True,6932556715516.0,8406393829084.0
2026-07-31T02:06:45.200645,2026/07/31 02:06:45.140,0,GPU-2c3c1aab-4401-c49f-e973-2d9a530e6442,NVIDIA B200,939.44,1000.0,100.0,16.0,2916.0,179709.0,183359.0,1965.0,3996.0,1965.0,61.0,P0,0,0,Not Active,Not Active,Not Active,Not Active,Not Active,Not Active,236.725,True,6932556715516.0,8406393829084.0
2026-07-31T02:06:45.347054,2026/07/31 02:06:45.288,0,GPU-2c3c1aab-4401-c49f-e973-2d9a530e6442,NVIDIA B200,939.24,1000.0,100.0,15.0,2916.0,179709.0,183359.0,1965.0,3996.0,1965.0,61.0,P0,0,0,Not Active,Not Active,Not Active,Not Active,Not Active,Not Active,176.812,True,6932556715516.0,8406393829084.0
2026-07-31T02:06:45.492059,2026/07/31 02:06:45.433,0,GPU-2c3c1aab-4401-c49f-e973-2d9a530e6442,NVIDIA B200,939.36,1000.0,100.0,15.0,2916.0,179709.0,183359.0,1965.0,3996.0,1965.0,61.0,P0,0,0,Not Active,Not Active,Not Active,Not Active,Not Active,Not Active,145.769,True,6932556715516.0,8406393829084.0
2026-07-31T02:06:45.640450,2026/07/31 02:06:45.581,0,GPU-2c3c1aab-4401-c49f-e973-2d9a530e6442,NVIDIA B200,939.26,1000.0,100.0,15.0,2916.0,179709.0,183359.0,1965.0,3996.0,1965.0,61.0,P0,0,0,Not Active,Not Active,Not Active,Not Active,Not Active,Not Active,148.555,True,6932556715516.0,8406393829084.0
2026-07-31T02:06:45.784998,2026/07/31 02:06:45.727,0,GPU-2c3c1aab-4401-c49f-e973-2d9a530e6442,NVIDIA B200,939.03,1000.0,100.0,15.0,2916.0,179709.0,183359.0,1965.0,3996.0,1965.0,61.0,P0,0,0,Not Active,Not Active,Not Active,Not Active,Not Active,Not Active,144.568,True,6932556715516.0,8406393829084.0
2026-07-31T02:06:45.933396,2026/07/31 02:06:45.874,0,GPU-2c3c1aab-4401-c49f-e973-2d9a530e6442,NVIDIA B200,939.27,1000.0,100.0,15.0,2916.0,179709.0,183359.0,1965.0,3996.0,1965.0,61.0,P0,0,0,Not Active,Not Active,Not Active,Not Active,Not Active,Not Active,146.258,True,6932556715516.0,8406393829084.0
2026-07-31T02:06:46.080445,2026/07/31 02:06:46.020,0,GPU-2c3c1aab-4401-c49f-e973-2d9a530e6442,NVIDIA B200,939.24,1000.0,100.0,15.0,2916.0,179709.0,183359.0,1965.0,3996.0,1965.0,61.0,P0,0,0,Not Active,Not Active,Not Active,Not Active,Not Active,Not Active,148.118,True,6932556715516.0,8406393829084.0
2026-07-31T02:06:46.226691,2026/07/31 02:06:46.170,0,GPU-2c3c1aab-4401-c49f-e973-2d9a530e6442,NVIDIA B200,938.99,1000.0,100.0,15.0,2916.0,179709.0,183359.0,1965.0,3996.0,1965.0,61.0,P0,0,0,Not Active,Not Active,Not Active,Not Active,Not Active,Not Active,147.94,True,6932556715516.0,8406393829084.0
2026-07-31T02:06:46.377150,2026/07/31 02:06:46.316,0,GPU-2c3c1aab-4401-c49f-e973-2d9a530e6442,NVIDIA B200,939.11,1000.0,100.0,15.0,2916.0,179709.0,183359.0,1965.0,3996.0,1965.0,61.0,P0,0,0,Not Active,Not Active,Not Active,Not Active,Not Active,Not Active,146.341,True,6932556715516.0,8406393829084.0
2026-07-31T02:06:46.527484,2026/07/31 02:06:46.468,0,GPU-2c3c1aab-4401-c49f-e973-2d9a530e6442,NVIDIA B200,939.03,1000.0,100.0,16.0,2916.0,179709.0,183359.0,1965.0,3996.0,1965.0,61.0,P0,0,0,Not Active,Not Active,Not Active,Not Active,Not Active,Not Active,151.758,True,6932556715516.0,8406393829084.0
2026-07-31T02:06:46.859220,2026/07/31 02:06:46.642,0,GPU-2c3c1aab-4401-c49f-e973-2d9a530e6442,NVIDIA B200,939.16,1000.0,100.0,15.0,2916.0,179709.0,183359.0,1965.0,3996.0,1965.0,61.0,P0,0,0,Not Active,Not Active,Not Active,Not Active,Not Active,Not Active,172.572,True,6932556715516.0,8406393829084.0
2026-07-31T02:06:47.051452,2026/07/31 02:06:46.991,0,GPU-2c3c1aab-4401-c49f-e973-2d9a530e6442,NVIDIA B200,939.2,1000.0,100.0,15.0,2916.0,179709.0,183359.0,1965.0,3996.0,1965.0,61.0,P0,0,0,Not Active,Not Active,Not Active,Not Active,Not Active,Not Active,351.728,True,6932556715516.0,8406393829084.0
2026-07-31T02:06:47.199969,2026/07/31 02:06:47.144,0,GPU-2c3c1aab-4401-c49f-e973-2d9a530e6442,NVIDIA B200,939.49,1000.0,100.0,15.0,2916.0,179709.0,183359.0,1965.0,3996.0,1965.0,61.0,P0,0,0,Not Active,Not Active,Not Active,Not Active,Not Active,Not Active,152.463,True,6932556715516.0,8406393829084.0
2026-07-31T02:06:47.342082,2026/07/31 02:06:47.282,0,GPU-2c3c1aab-4401-c49f-e973-2d9a530e6442,NVIDIA B200,939.56,1000.0,100.0,15.0,2916.0,179709.0,183359.0,1965.0,3996.0,1965.0,61.0,P0,0,0,Not Active,Not Active,Not Active,Not Active,Not Active,Not Active,139.251,True,6932556715516.0,8406393829084.0
2026-07-31T02:06:47.489070,2026/07/31 02:06:47.428,0,GPU-2c3c1aab-4401-c49f-e973-2d9a530e6442,NVIDIA B200,939.55,1000.0,100.0,15.0,2916.0,179709.0,183359.0,1965.0,3996.0,1965.0,61.0,P0,0,0,Not Active,Not Active,Not Active,Not Active,Not Active,Not Active,141.159,True,6932556715516.0,8406393829084.0
2026-07-31T02:06:47.642083,2026/07/31 02:06:47.581,0,GPU-2c3c1aab-4401-c49f-e973-2d9a530e6442,NVIDIA B200,939.12,1000.0,100.0,15.0,2916.0,179709.0,183359.0,1965.0,3996.0,1965.0,61.0,P0,0,0,Not Active,Not Active,Not Active,Not Active,Not Active,Not Active,155.465,True,6932556715516.0,8406393829084.0
2026-07-31T02:06:47.788895,2026/07/31 02:06:47.731,0,GPU-2c3c1aab-4401-c49f-e973-2d9a530e6442,NVIDIA B200,939.37,1000.0,100.0,15.0,2916.0,179709.0,183359.0,1965.0,3996.0,1965.0,61.0,P0,0,0,Not Active,Not Active,Not Active,Not Active,Not Active,Not Active,152.146,True,6932556715516.0,8406393829084.0
2026-07-31T02:06:47.942501,2026/07/31 02:06:47.881,0,GPU-2c3c1aab-4401-c49f-e973-2d9a530e6442,NVIDIA B200,938.99,1000.0,100.0,16.0,2916.0,179709.0,183359.0,1965.0,3996.0,1965.0,61.0,P0,0,0,Not Active,Not Active,Not Active,Not Active,Not Active,Not Active,147.399,True,6932556715516.0,8406393829084.0
2026-07-31T02:06:48.129946,2026/07/31 02:06:48.070,0,GPU-2c3c1aab-4401-c49f-e973-2d9a530e6442,NVIDIA B200,939.01,1000.0,100.0,15.0,2916.0,179709.0,183359.0,1965.0,3996.0,1965.0,61.0,P0,0,0,Not Active,Not Active,Not Active,Not Active,Not Active,Not Active,193.481,True,6932556715516.0,8406393829084.0
2026-07-31T02:06:48.269190,2026/07/31 02:06:48.213,0,GPU-2c3c1aab-4401-c49f-e973-2d9a530e6442,NVIDIA B200,939.17,1000.0,100.0,15.0,2916.0,179709.0,183359.0,1965.0,3996.0,1965.0,61.0,P0,0,0,Not Active,Not Active,Not Active,Not Active,Not Active,Not Active,141.042,True,6932556715516.0,8406393829084.0
2026-07-31T02:06:48.410198,2026/07/31 02:06:48.351,0,GPU-2c3c1aab-4401-c49f-e973-2d9a530e6442,NVIDIA B200,938.84,1000.0,100.0,15.0,2916.0,179709.0,183359.0,1965.0,3996.0,1965.0,61.0,P0,0,0,Not Active,Not Active,Not Active,Not Active,Not Active,Not Active,138.932,True,6932556715516.0,8406393829084.0
2026-07-31T02:06:48.558469,2026/07/31 02:06:48.497,0,GPU-2c3c1aab-4401-c49f-e973-2d9a530e6442,NVIDIA B200,939.19,1000.0,100.0,15.0,2916.0,179709.0,183359.0,1965.0,3996.0,1965.0,61.0,P0,0,0,Not Active,Not Active,Not Active,Not Active,Not Active,Not Active,144.775,True,6932556715516.0,8406393829084.0
2026-07-31T02:06:48.701134,2026/07/31 02:06:48.645,0,GPU-2c3c1aab-4401-c49f-e973-2d9a530e6442,NVIDIA B200,939.15,1000.0,100.0,15.0,2916.0,179709.0,183359.0,1965.0,3996.0,1965.0,61.0,P0,0,0,Not Active,Not Active,Not Active,Not Active,Not Active,Not Active,146.777,True,6932556715516.0,8406393829084.0
2026-07-31T02:06:48.847075,2026/07/31 02:06:48.787,0,GPU-2c3c1aab-4401-c49f-e973-2d9a530e6442,NVIDIA B200,939.09,1000.0,100.0,15.0,2916.0,179709.0,183359.0,1965.0,3996.0,1965.0,61.0,P0,0,0,Not Active,Not Active,Not Active,Not Active,Not Active,Not Active,140.793,True,6932556715516.0,8406393829084.0
2026-07-31T02:06:48.989120,2026/07/31 02:06:48.932,0,GPU-2c3c1aab-4401-c49f-e973-2d9a530e6442,NVIDIA B200,938.92,1000.0,100.0,15.0,2916.0,179709.0,183359.0,1965.0,3996.0,1965.0,61.0,P0,0,0,Not Active,Not Active,Not Active,Not Active,Not Active,Not Active,146.813,True,6932556715516.0,8406393829084.0
2026-07-31T02:06:49.134456,2026/07/31 02:06:49.074,0,GPU-2c3c1aab-4401-c49f-e973-2d9a530e6442,NVIDIA B200,938.46,1000.0,100.0,15.0,2916.0,179709.0,183359.0,1965.0,3996.0,1965.0,61.0,P0,0,0,Not Active,Not Active,Not Active,Not Active,Not Active,Not Active,143.036,True,6932556715516.0,8406393829084.0
2026-07-31T02:06:49.294140,2026/07/31 02:06:49.219,0,GPU-2c3c1aab-4401-c49f-e973-2d9a530e6442,NVIDIA B200,939.23,1000.0,100.0,15.0,2916.0,179709.0,183359.0,1965.0,3996.0,1965.0,61.0,P0,0,0,Not Active,Not Active,Not Active,Not Active,Not Active,Not Active,142.924,True,6932556715516.0,8406393829084.0
2026-07-31T02:06:49.443882,2026/07/31 02:06:49.382,0,GPU-2c3c1aab-4401-c49f-e973-2d9a530e6442,NVIDIA B200,939.22,1000.0,100.0,16.0,2916.0,179709.0,183359.0,1965.0,3996.0,1965.0,61.0,P0,0,0,Not Active,Not Active,Not Active,Not Active,Not Active,Not Active,164.268,True,6932556715516.0,8406393829084.0
2026-07-31T02:06:49.592536,2026/07/31 02:06:49.531,0,GPU-2c3c1aab-4401-c49f-e973-2d9a530e6442,NVIDIA B200,939.14,1000.0,100.0,15.0,2916.0,179709.0,183359.0,1965.0,3996.0,1965.0,61.0,P0,0,0,Not Active,Not Active,Not Active,Not Active,Not Active,Not Active,148.555,True,6932556715516.0,8406393829084.0
2026-07-31T02:06:49.743537,2026/07/31 02:06:49.682,0,GPU-2c3c1aab-4401-c49f-e973-2d9a530e6442,NVIDIA B200,939.56,1000.0,100.0,15.0,2916.0,179709.0,183359.0,1965.0,3996.0,1965.0,61.0,P0,0,0,Not Active,Not Active,Not Active,Not Active,Not Active,Not Active,150.05,True,6932556715516.0,8406393829084.0
2026-07-31T02:06:49.894078,2026/07/31 02:06:49.830,0,GPU-2c3c1aab-4401-c49f-e973-2d9a530e6442,NVIDIA B200,939.66,1000.0,100.0,15.0,2916.0,179709.0,183359.0,1965.0,3996.0,1965.0,61.0,P0,0,0,Not Active,Not Active,Not Active,Not Active,Not Active,Not Active,145.346,True,6932556715516.0,8406393829084.0
2026-07-31T02:06:50.038220,2026/07/31 02:06:49.978,0,GPU-2c3c1aab-4401-c49f-e973-2d9a530e6442,NVIDIA B200,940.12,1000.0,100.0,15.0,2916.0,179709.0,183359.0,1965.0,3996.0,1965.0,61.0,P0,0,0,Not Active,Not Active,Not Active,Not Active,Not Active,Not Active,153.613,True,6932556715516.0,8406393829084.0
2026-07-31T02:06:50.179677,2026/07/31 02:06:50.120,0,GPU-2c3c1aab-4401-c49f-e973-2d9a530e6442,NVIDIA B200,940.46,1000.0,100.0,15.0,2916.0,179709.0,183359.0,1965.0,3996.0,1965.0,61.0,P0,0,0,Not Active,Not Active,Not Active,Not Active,Not Active,Not Active,141.975,True,6932556715516.0,8406393829084.0
2026-07-31T02:06:50.428517,2026/07/31 02:06:50.356,0,GPU-2c3c1aab-4401-c49f-e973-2d9a530e6442,NVIDIA B200,940.11,1000.0,100.0,15.0,2916.0,179709.0,183359.0,1965.0,3996.0,1965.0,61.0,P0,0,0,Not Active,Not Active,Not Active,Not Active,Not Active,Not Active,201.365,True,6932556715516.0,8406393829084.0
2026-07-31T02:06:50.592593,2026/07/31 02:06:50.531,0,GPU-2c3c1aab-4401-c49f-e973-2d9a530e6442,NVIDIA B200,939.73,1000.0,100.0,15.0,2916.0,179709.0,183359.0,1965.0,3996.0,1965.0,61.0,P0,0,0,Not Active,Not Active,Not Active,Not Active,Not Active,Not Active,208.09,True,6932556715516.0,8406393829084.0
2026-07-31T02:06:50.748948,2026/07/31 02:06:50.678,0,GPU-2c3c1aab-4401-c49f-e973-2d9a530e6442,NVIDIA B200,940.74,1000.0,100.0,16.0,2916.0,179709.0,183359.0,1965.0,3996.0,1965.0,61.0,P0,0,0,Not Active,Not Active,Not Active,Not Active,Not Active,Not Active,146.261,True,6932556715516.0,8406393829084.0
2026-07-31T02:06:50.891291,2026/07/31 02:06:50.831,0,GPU-2c3c1aab-4401-c49f-e973-2d9a530e6442,NVIDIA B200,940.54,1000.0,100.0,16.0,2916.0,179709.0,183359.0,1965.0,3996.0,1965.0,61.0,P0,0,0,Not Active,Not Active,Not Active,Not Active,Not Active,Not Active,153.491,True,6932556715516.0,8406393829084.0
2026-07-31T02:06:51.036204,2026/07/31 02:06:50.978,0,GPU-2c3c1aab-4401-c49f-e973-2d9a530e6442,NVIDIA B200,940.26,1000.0,100.0,15.0,2916.0,179709.0,183359.0,1965.0,3996.0,1965.0,61.0,P0,0,0,Not Active,Not Active,Not Active,Not Active,Not Active,Not Active,147.495,True,6932556715516.0,8406393829084.0
2026-07-31T02:06:51.180137,2026/07/31 02:06:51.120,0,GPU-2c3c1aab-4401-c49f-e973-2d9a530e6442,NVIDIA B200,940.24,1000.0,100.0,15.0,2916.0,179709.0,183359.0,1965.0,3996.0,1965.0,61.0,P0,0,0,Not Active,Not Active,Not Active,Not Active,Not Active,Not Active,142.368,True,6932556715516.0,8406393829084.0
2026-07-31T02:06:51.329601,2026/07/31 02:06:51.268,0,GPU-2c3c1aab-4401-c49f-e973-2d9a530e6442,NVIDIA B200,940.6,1000.0,100.0,15.0,2916.0,179709.0,183359.0,1965.0,3996.0,1965.0,61.0,P0,0,0,Not Active,Not Active,Not Active,Not Active,Not Active,Not Active,147.661,True,6932556715516.0,8406393829084.0
2026-07-31T02:06:51.489017,2026/07/31 02:06:51.414,0,GPU-2c3c1aab-4401-c49f-e973-2d9a530e6442,NVIDIA B200,940.28,1000.0,100.0,15.0,2916.0,179709.0,183359.0,1965.0,3996.0,1965.0,61.0,P0,0,0,Not Active,Not Active,Not Active,Not Active,Not Active,Not Active,145.807,True,6932556715516.0,8406393829084.0
2026-07-31T02:06:51.629100,2026/07/31 02:06:51.574,0,GPU-2c3c1aab-4401-c49f-e973-2d9a530e6442,NVIDIA B200,940.18,1000.0,100.0,15.0,2916.0,179709.0,183359.0,1965.0,3996.0,1965.0,61.0,P0,0,0,Not Active,Not Active,Not Active,Not Active,Not Active,Not Active,159.837,True,6932556715516.0,8406393829084.0
2026-07-31T02:06:51.770883,2026/07/31 02:06:51.715,0,GPU-2c3c1aab-4401-c49f-e973-2d9a530e6442,NVIDIA B200,939.67,1000.0,100.0,15.0,2916.0,179709.0,183359.0,1965.0,3996.0,1965.0,61.0,P0,0,0,Not Active,Not Active,Not Active,Not Active,Not Active,Not Active,141.69,True,6932556715516.0,8406393829084.0
2026-07-31T02:06:51.991043,2026/07/31 02:06:51.894,0,GPU-2c3c1aab-4401-c49f-e973-2d9a530e6442,NVIDIA B200,939.81,1000.0,100.0,15.0,2916.0,179709.0,183359.0,1965.0,3996.0,1965.0,61.0,P0,0,0,Not Active,Not Active,Not Active,Not Active,Not Active,Not Active,177.476,True,6932556715516.0,8406393829084.0
2026-07-31T02:06:52.344876,2026/07/31 02:06:52.245,0,GPU-2c3c1aab-4401-c49f-e973-2d9a530e6442,NVIDIA B200,939.99,1000.0,100.0,15.0,2916.0,179709.0,183359.0,1965.0,3996.0,1965.0,61.0,P0,0,0,Not Active,Not Active,Not Active,Not Active,Not Active,Not Active,346.327,True,6932556715516.0,8406393829084.0
2026-07-31T02:06:52.488929,2026/07/31 02:06:52.429,0,GPU-2c3c1aab-4401-c49f-e973-2d9a530e6442,NVIDIA B200,940.18,1000.0,100.0,15.0,2916.0,179709.0,183359.0,1965.0,3996.0,1965.0,61.0,P0,0,0,Not Active,Not Active,Not Active,Not Active,Not Active,Not Active,190.208,True,6932556715516.0,8406393829084.0
2026-07-31T02:06:52.634191,2026/07/31 02:06:52.572,0,GPU-2c3c1aab-4401-c49f-e973-2d9a530e6442,NVIDIA B200,940.21,1000.0,100.0,15.0,2916.0,179709.0,183359.0,1965.0,3996.0,1965.0,61.0,P0,0,0,Not Active,Not Active,Not Active,Not Active,Not Active,Not Active,141.253,True,6932556715516.0,8406393829084.0
2026-07-31T02:06:52.776171,2026/07/31 02:06:52.719,0,GPU-2c3c1aab-4401-c49f-e973-2d9a530e6442,NVIDIA B200,940.24,1000.0,100.0,15.0,2916.0,179709.0,183359.0,1965.0,3996.0,1965.0,61.0,P0,0,0,Not Active,Not Active,Not Active,Not Active,Not Active,Not Active,148.543,True,6932556715516.0,8406393829084.0
2026-07-31T02:06:52.922983,2026/07/31 02:06:52.864,0,GPU-2c3c1aab-4401-c49f-e973-2d9a530e6442,NVIDIA B200,940.09,1000.0,100.0,15.0,2916.0,179709.0,183359.0,1965.0,3996.0,1965.0,61.0,P0,0,0,Not Active,Not Active,Not Active,Not Active,Not Active,Not Active,143.013,True,6932556715516.0,8406393829084.0
2026-07-31T02:06:53.083673,2026/07/31 02:06:53.015,0,GPU-2c3c1aab-4401-c49f-e973-2d9a530e6442,NVIDIA B200,940.16,1000.0,100.0,15.0,2916.0,179709.0,183359.0,1965.0,3996.0,1965.0,61.0,P0,0,0,Not Active,Not Active,Not Active,Not Active,Not Active,Not Active,150.981,True,6932556715516.0,8406393829084.0
2026-07-31T02:06:53.285268,2026/07/31 02:06:53.224,0,GPU-2c3c1aab-4401-c49f-e973-2d9a530e6442,NVIDIA B200,940.3,1000.0,100.0,15.0,2916.0,179709.0,183359.0,1965.0,3996.0,1965.0,61.0,P0,0,0,Not Active,Not Active,Not Active,Not Active,Not Active,Not Active,210.513,True,6932556715516.0,8406393829084.0
2026-07-31T02:06:53.428906,2026/07/31 02:06:53.370,0,GPU-2c3c1aab-4401-c49f-e973-2d9a530e6442,NVIDIA B200,939.88,1000.0,100.0,15.0,2916.0,179709.0,183359.0,1965.0,3996.0,1965.0,61.0,P0,0,0,Not Active,Not Active,Not Active,Not Active,Not Active,Not Active,146.474,True,6932556715516.0,8406393829084.0
2026-07-31T02:06:53.573327,2026/07/31 02:06:53.515,0,GPU-2c3c1aab-4401-c49f-e973-2d9a530e6442,NVIDIA B200,939.92,1000.0,100.0,16.0,2916.0,179709.0,183359.0,1965.0,3996.0,1965.0,61.0,P0,0,0,Not Active,Not Active,Not Active,Not Active,Not Active,Not Active,145.38,True,6932556715516.0,8406393829084.0
2026-07-31T02:06:53.722655,2026/07/31 02:06:53.663,0,GPU-2c3c1aab-4401-c49f-e973-2d9a530e6442,NVIDIA B200,939.61,1000.0,100.0,15.0,2916.0,179709.0,183359.0,1965.0,3996.0,1965.0,61.0,P0,0,0,Not Active,Not Active,Not Active,Not Active,Not Active,Not Active,145.648,True,6932556715516.0,8406393829084.0
2026-07-31T02:06:53.866408,2026/07/31 02:06:53.809,0,GPU-2c3c1aab-4401-c49f-e973-2d9a530e6442,NVIDIA B200,939.99,1000.0,100.0,15.0,2916.0,179709.0,183359.0,1965.0,3996.0,1965.0,61.0,P0,0,0,Not Active,Not Active,Not Active,Not Active,Not Active,Not Active,146.467,True,6932556715516.0,8406393829084.0
2026-07-31T02:06:54.003955,2026/07/31 02:06:53.947,0,GPU-2c3c1aab-4401-c49f-e973-2d9a530e6442,NVIDIA B200,939.87,1000.0,100.0,15.0,2916.0,179709.0,183359.0,1965.0,3996.0,1965.0,61.0,P0,0,0,Not Active,Not Active,Not Active,Not Active,Not Active,Not Active,139.65,True,6932556715516.0,8406393829084.0
2026-07-31T02:06:54.144072,2026/07/31 02:06:54.086,0,GPU-2c3c1aab-4401-c49f-e973-2d9a530e6442,NVIDIA B200,940.15,1000.0,100.0,15.0,2916.0,179709.0,183359.0,1965.0,3996.0,1965.0,61.0,P0,0,0,Not Active,Not Active,Not Active,Not Active,Not Active,Not Active,138.259,True,6932556715516.0,8406393829084.0
2026-07-31T02:06:54.286245,2026/07/31 02:06:54.229,0,GPU-2c3c1aab-4401-c49f-e973-2d9a530e6442,NVIDIA B200,939.73,1000.0,100.0,15.0,2916.0,179709.0,183359.0,1965.0,3996.0,1965.0,61.0,P0,0,0,Not Active,Not Active,Not Active,Not Active,Not Active,Not Active,143.721,True,6932556715516.0,8406393829084.0
2026-07-31T02:06:54.428395,2026/07/31 02:06:54.370,0,GPU-2c3c1aab-4401-c49f-e973-2d9a530e6442,NVIDIA B200,939.7,1000.0,100.0,15.0,2916.0,179709.0,183359.0,1965.0,3996.0,1965.0,61.0,P0,0,0,Not Active,Not Active,Not Active,Not Active,Not Active,Not Active,140.704,True,6932556715516.0,8406393829084.0
2026-07-31T02:06:54.575277,2026/07/31 02:06:54.515,0,GPU-2c3c1aab-4401-c49f-e973-2d9a530e6442,NVIDIA B200,939.65,1000.0,100.0,15.0,2916.0,179709.0,183359.0,1965.0,3996.0,1965.0,61.0,P0,0,0,Not Active,Not Active,Not Active,Not Active,Not Active,Not Active,145.384,True,6932556715516.0,8406393829084.0
2026-07-31T02:06:54.721164,2026/07/31 02:06:54.664,0,GPU-2c3c1aab-4401-c49f-e973-2d9a530e6442,NVIDIA B200,939.33,1000.0,100.0,15.0,2916.0,179709.0,183359.0,1965.0,3996.0,1965.0,61.0,P0,0,0,Not Active,Not Active,Not Active,Not Active,Not Active,Not Active,145.854,True,6932556715516.0,8406393829084.0
2026-07-31T02:06:54.866133,2026/07/31 02:06:54.804,0,GPU-2c3c1aab-4401-c49f-e973-2d9a530e6442,NVIDIA B200,939.54,1000.0,100.0,15.0,2916.0,179709.0,183359.0,1965.0,3996.0,1965.0,61.0,P0,0,0,Not Active,Not Active,Not Active,Not Active,Not Active,Not Active,143.612,True,6932556715516.0,8406393829084.0
2026-07-31T02:06:55.002776,2026/07/31 02:06:54.947,0,GPU-2c3c1aab-4401-c49f-e973-2d9a530e6442,NVIDIA B200,939.58,1000.0,100.0,15.0,2916.0,179709.0,183359.0,1965.0,3996.0,1965.0,61.0,P0,0,0,Not Active,Not Active,Not Active,Not Active,Not Active,Not Active,143.353,True,6932556715516.0,8406393829084.0
2026-07-31T02:06:55.153030,2026/07/31 02:06:55.093,0,GPU-2c3c1aab-4401-c49f-e973-2d9a530e6442,NVIDIA B200,939.6,1000.0,100.0,15.0,2916.0,179709.0,183359.0,1965.0,3996.0,1965.0,61.0,P0,0,0,Not Active,Not Active,Not Active,Not Active,Not Active,Not Active,142.374,True,6932556715516.0,8406393829084.0
2026-07-31T02:06:55.301853,2026/07/31 02:06:55.241,0,GPU-2c3c1aab-4401-c49f-e973-2d9a530e6442,NVIDIA B200,939.69,1000.0,100.0,15.0,2916.0,179709.0,183359.0,1965.0,3996.0,1965.0,61.0,P0,0,0,Not Active,Not Active,Not Active,Not Active,Not Active,Not Active,147.873,True,6932556715516.0,8406393829084.0
2026-07-31T02:06:55.444576,2026/07/31 02:06:55.385,0,GPU-2c3c1aab-4401-c49f-e973-2d9a530e6442,NVIDIA B200,939.65,1000.0,100.0,15.0,2916.0,179709.0,183359.0,1965.0,3996.0,1965.0,61.0,P0,0,0,Not Active,Not Active,Not Active,Not Active,Not Active,Not Active,146.36,True,6932556715516.0,8406393829084.0
2026-07-31T02:06:55.685847,2026/07/31 02:06:55.529,0,GPU-2c3c1aab-4401-c49f-e973-2d9a530e6442,NVIDIA B200,940.08,1000.0,100.0,15.0,2916.0,179709.0,183359.0,1965.0,3996.0,1965.0,61.0,P0,0,0,Not Active,Not Active,Not Active,Not Active,Not Active,Not Active,144.842,True,6932556715516.0,8406393829084.0
2026-07-31T02:06:55.856327,2026/07/31 02:06:55.797,0,GPU-2c3c1aab-4401-c49f-e973-2d9a530e6442,NVIDIA B200,939.6,1000.0,100.0,15.0,2916.0,179709.0,183359.0,1965.0,3996.0,1965.0,61.0,P0,0,0,Not Active,Not Active,Not Active,Not Active,Not Active,Not Active,266.425,True,6932556715516.0,8406393829084.0
2026-07-31T02:06:56.015535,2026/07/31 02:06:55.954,0,GPU-2c3c1aab-4401-c49f-e973-2d9a530e6442,NVIDIA B200,939.5,1000.0,100.0,15.0,2916.0,179709.0,183359.0,1965.0,3996.0,1965.0,61.0,P0,0,0,Not Active,Not Active,Not Active,Not Active,Not Active,Not Active,154.33,True,6932556715516.0,8406393829084.0
2026-07-31T02:06:56.167917,2026/07/31 02:06:56.107,0,GPU-2c3c1aab-4401-c49f-e973-2d9a530e6442,NVIDIA B200,939.92,1000.0,100.0,15.0,2916.0,179709.0,183359.0,1965.0,3996.0,1965.0,61.0,P0,0,0,Not Active,Not Active,Not Active,Not Active,Not Active,Not Active,156.187,True,6932556715516.0,8406393829084.0
2026-07-31T02:06:56.311953,2026/07/31 02:06:56.255,0,GPU-2c3c1aab-4401-c49f-e973-2d9a530e6442,NVIDIA B200,939.72,1000.0,100.0,15.0,2916.0,179709.0,183359.0,1965.0,3996.0,1965.0,61.0,P0,0,0,Not Active,Not Active,Not Active,Not Active,Not Active,Not Active,148.483,True,6932556715516.0,8406393829084.0
2026-07-31T02:06:56.458609,2026/07/31 02:06:56.400,0,GPU-2c3c1aab-4401-c49f-e973-2d9a530e6442,NVIDIA B200,939.71,1000.0,100.0,15.0,2916.0,179709.0,183359.0,1965.0,3996.0,1965.0,61.0,P0,0,0,Not Active,Not Active,Not Active,Not Active,Not Active,Not Active,145.827,True,6932556715516.0,8406393829084.0
2026-07-31T02:06:56.601090,2026/07/31 02:06:56.544,0,GPU-2c3c1aab-4401-c49f-e973-2d9a530e6442,NVIDIA B200,939.48,1000.0,100.0,15.0,2916.0,179709.0,183359.0,1965.0,3996.0,1965.0,61.0,P0,0,0,Not Active,Not Active,Not Active,Not Active,Not Active,Not Active,143.693,True,6932556715516.0,8406393829084.0
2026-07-31T02:06:56.747933,2026/07/31 02:06:56.689,0,GPU-2c3c1aab-4401-c49f-e973-2d9a530e6442,NVIDIA B200,939.84,1000.0,100.0,15.0,2916.0,179709.0,183359.0,1965.0,3996.0,1965.0,61.0,P0,0,0,Not Active,Not Active,Not Active,Not Active,Not Active,Not Active,143.926,True,6932556715516.0,8406393829084.0
2026-07-31T02:06:56.898172,2026/07/31 02:06:56.831,0,GPU-2c3c1aab-4401-c49f-e973-2d9a530e6442,NVIDIA B200,939.92,1000.0,100.0,15.0,2916.0,179709.0,183359.0,1965.0,3996.0,1965.0,61.0,P0,0,0,Not Active,Not Active,Not Active,Not Active,Not Active,Not Active,143.138,True,6932556715516.0,8406393829084.0
2026-07-31T02:06:57.045363,2026/07/31 02:06:56.985,0,GPU-2c3c1aab-4401-c49f-e973-2d9a530e6442,NVIDIA B200,940.25,1000.0,100.0,15.0,2916.0,179709.0,183359.0,1965.0,3996.0,1965.0,61.0,P0,0,0,Not Active,Not Active,Not Active,Not Active,Not Active,Not Active,153.72,True,6932556715516.0,8406393829084.0
2026-07-31T02:06:57.184207,2026/07/31 02:06:57.128,0,GPU-2c3c1aab-4401-c49f-e973-2d9a530e6442,NVIDIA B200,940.34,1000.0,100.0,15.0,2916.0,179709.0,183359.0,1965.0,3996.0,1965.0,61.0,P0,0,0,Not Active,Not Active,Not Active,Not Active,Not Active,Not Active,143.435,True,6932556715516.0,8406393829084.0
2026-07-31T02:06:57.333191,2026/07/31 02:06:57.272,0,GPU-2c3c1aab-4401-c49f-e973-2d9a530e6442,NVIDIA B200,939.72,1000.0,100.0,15.0,2916.0,179709.0,183359.0,1965.0,3996.0,1965.0,61.0,P0,0,0,Not Active,Not Active,Not Active,Not Active,Not Active,Not Active,143.04,True,6932556715516.0,8406393829084.0
2026-07-31T02:06:57.705717,2026/07/31 02:06:57.585,0,GPU-2c3c1aab-4401-c49f-e973-2d9a530e6442,NVIDIA B200,940.39,1000.0,100.0,15.0,2916.0,179709.0,183359.0,1965.0,3996.0,1965.0,61.0,P0,0,0,Not Active,Not Active,Not Active,Not Active,Not Active,Not Active,309.222,True,6932556715516.0,8406393829084.0
2026-07-31T02:06:57.848840,2026/07/31 02:06:57.789,0,GPU-2c3c1aab-4401-c49f-e973-2d9a530e6442,NVIDIA B200,940.02,1000.0,100.0,15.0,2916.0,179709.0,183359.0,1965.0,3996.0,1965.0,61.0,P0,0,0,Not Active,Not Active,Not Active,Not Active,Not Active,Not Active,208.538,True,6932556715516.0,8406393829084.0
2026-07-31T02:06:58.000006,2026/07/31 02:06:57.942,0,GPU-2c3c1aab-4401-c49f-e973-2d9a530e6442,NVIDIA B200,940.13,1000.0,100.0,15.0,2916.0,179709.0,183359.0,1965.0,3996.0,1965.0,61.0,P0,0,0,Not Active,Not Active,Not Active,Not Active,Not Active,Not Active,149.344,True,6932556715516.0,8406393829084.0
2026-07-31T02:06:58.146960,2026/07/31 02:06:58.085,0,GPU-2c3c1aab-4401-c49f-e973-2d9a530e6442,NVIDIA B200,940.22,1000.0,100.0,15.0,2916.0,179709.0,183359.0,1965.0,3996.0,1965.0,61.0,P0,0,0,Not Active,Not Active,Not Active,Not Active,Not Active,Not Active,146.643,True,6932556715516.0,8406393829084.0
2026-07-31T02:06:58.348908,2026/07/31 02:06:58.290,0,GPU-2c3c1aab-4401-c49f-e973-2d9a530e6442,NVIDIA B200,940.64,1000.0,100.0,15.0,2916.0,179709.0,183359.0,1965.0,3996.0,1965.0,61.0,P0,0,0,Not Active,Not Active,Not Active,Not Active,Not Active,Not Active,204.448,True,6932556715516.0,8406393829084.0
2026-07-31T02:06:58.487406,2026/07/31 02:06:58.430,0,GPU-2c3c1aab-4401-c49f-e973-2d9a530e6442,NVIDIA B200,940.6,1000.0,100.0,15.0,2916.0,179709.0,183359.0,1965.0,3996.0,1965.0,61.0,P0,0,0,Not Active,Not Active,Not Active,Not Active,Not Active,Not Active,140.523,True,6932556715516.0,8406393829084.0
2026-07-31T02:06:58.628385,2026/07/31 02:06:58.572,0,GPU-2c3c1aab-4401-c49f-e973-2d9a530e6442,NVIDIA B200,940.26,1000.0,100.0,15.0,2916.0,179709.0,183359.0,1965.0,3996.0,1965.0,61.0,P0,0,0,Not Active,Not Active,Not Active,Not Active,Not Active,Not Active,142.103,True,6932556715516.0,8406393829084.0
2026-07-31T02:06:58.769269,2026/07/31 02:06:58.713,0,GPU-2c3c1aab-4401-c49f-e973-2d9a530e6442,NVIDIA B200,940.01,1000.0,100.0,15.0,2916.0,179709.0,183359.0,1965.0,3996.0,1965.0,61.0,P0,0,0,Not Active,Not Active,Not Active,Not Active,Not Active,Not Active,140.353,True,6932556715516.0,8406393829084.0
2026-07-31T02:06:58.916380,2026/07/31 02:06:58.857,0,GPU-2c3c1aab-4401-c49f-e973-2d9a530e6442,NVIDIA B200,940.35,1000.0,100.0,15.0,2916.0,179709.0,183359.0,1965.0,3996.0,1965.0,61.0,P0,0,0,Not Active,Not Active,Not Active,Not Active,Not Active,Not Active,143.394,True,6932556715516.0,8406393829084.0
2026-07-31T02:06:59.064649,2026/07/31 02:06:59.003,0,GPU-2c3c1aab-4401-c49f-e973-2d9a530e6442,NVIDIA B200,940.54,1000.0,100.0,15.0,2916.0,179709.0,183359.0,1965.0,3996.0,1965.0,61.0,P0,0,0,Not Active,Not Active,Not Active,Not Active,Not Active,Not Active,144.516,True,6932556715516.0,8406393829084.0
2026-07-31T02:06:59.213540,2026/07/31 02:06:59.156,0,GPU-2c3c1aab-4401-c49f-e973-2d9a530e6442,NVIDIA B200,939.61,1000.0,100.0,15.0,2916.0,179709.0,183359.0,1965.0,3996.0,1965.0,61.0,P0,0,0,Not Active,Not Active,Not Active,Not Active,Not Active,Not Active,150.816,True,6932556715516.0,8406393829084.0
2026-07-31T02:06:59.356226,2026/07/31 02:06:59.298,0,GPU-2c3c1aab-4401-c49f-e973-2d9a530e6442,NVIDIA B200,939.76,1000.0,100.0,15.0,2916.0,179709.0,183359.0,1965.0,3996.0,1965.0,61.0,P0,0,0,Not Active,Not Active,Not Active,Not Active,Not Active,Not Active,144.111,True,6932556715516.0,8406393829084.0
2026-07-31T02:06:59.499952,2026/07/31 02:06:59.443,0,GPU-2c3c1aab-4401-c49f-e973-2d9a530e6442,NVIDIA B200,939.71,1000.0,100.0,15.0,2916.0,179709.0,183359.0,1965.0,3996.0,1965.0,61.0,P0,0,0,Not Active,Not Active,Not Active,Not Active,Not Active,Not Active,144.944,True,6932556715516.0,8406393829084.0
2026-07-31T02:06:59.648208,2026/07/31 02:06:59.585,0,GPU-2c3c1aab-4401-c49f-e973-2d9a530e6442,NVIDIA B200,940.07,1000.0,100.0,15.0,2916.0,179709.0,183359.0,1965.0,3996.0,1965.0,61.0,P0,0,0,Not Active,Not Active,Not Active,Not Active,Not Active,Not Active,145.101,True,6932556715516.0,8406393829084.0
2026-07-31T02:06:59.786756,2026/07/31 02:06:59.729,0,GPU-2c3c1aab-4401-c49f-e973-2d9a530e6442,NVIDIA B200,940.05,1000.0,100.0,15.0,2916.0,179709.0,183359.0,1965.0,3996.0,1965.0,61.0,P0,0,0,Not Active,Not Active,Not Active,Not Active,Not Active,Not Active,143.349,True,6932556715516.0,8406393829084.0
2026-07-31T02:06:59.930259,2026/07/31 02:06:59.873,0,GPU-2c3c1aab-4401-c49f-e973-2d9a530e6442,NVIDIA B200,940.1,1000.0,100.0,15.0,2916.0,179709.0,183359.0,1965.0,3996.0,1965.0,61.0,P0,0,0,Not Active,Not Active,Not Active,Not Active,Not Active,Not Active,144.206,True,6932556715516.0,8406393829084.0
2026-07-31T02:07:00.073071,2026/07/31 02:07:00.012,0,GPU-2c3c1aab-4401-c49f-e973-2d9a530e6442,NVIDIA B200,939.91,1000.0,100.0,15.0,2916.0,179709.0,183359.0,1965.0,3996.0,1965.0,61.0,P0,0,0,Not Active,Not Active,Not Active,Not Active,Not Active,Not Active,139.019,True,6932556715516.0,8406393829084.0
2026-07-31T02:07:00.215156,2026/07/31 02:07:00.157,0,GPU-2c3c1aab-4401-c49f-e973-2d9a530e6442,NVIDIA B200,939.74,1000.0,100.0,15.0,2916.0,179709.0,183359.0,1965.0,3996.0,1965.0,61.0,P0,0,0,Not Active,Not Active,Not Active,Not Active,Not Active,Not Active,144.714,True,6932556715516.0,8406393829084.0
2026-07-31T02:07:00.379651,2026/07/31 02:07:00.297,0,GPU-2c3c1aab-4401-c49f-e973-2d9a530e6442,NVIDIA B200,939.38,1000.0,100.0,15.0,2916.0,179709.0,183359.0,1965.0,3996.0,1965.0,61.0,P0,0,0,Not Active,Not Active,Not Active,Not Active,Not Active,Not Active,140.735,True,6932556715516.0,8406393829084.0
2026-07-31T02:07:00.538780,2026/07/31 02:07:00.479,0,GPU-2c3c1aab-4401-c49f-e973-2d9a530e6442,NVIDIA B200,939.6,1000.0,100.0,16.0,2916.0,179709.0,183359.0,1965.0,3996.0,1965.0,61.0,P0,0,0,Not Active,Not Active,Not Active,Not Active,Not Active,Not Active,180.788,True,6932556715516.0,8406393829084.0
2026-07-31T02:07:00.681166,2026/07/31 02:07:00.621,0,GPU-2c3c1aab-4401-c49f-e973-2d9a530e6442,NVIDIA B200,939.23,1000.0,100.0,16.0,2916.0,179709.0,183359.0,1965.0,3996.0,1965.0,61.0,P0,0,0,Not Active,Not Active,Not Active,Not Active,Not Active,Not Active,142.591,True,6932556715516.0,8406393829084.0
2026-07-31T02:07:00.824105,2026/07/31 02:07:00.766,0,GPU-2c3c1aab-4401-c49f-e973-2d9a530e6442,NVIDIA B200,939.51,1000.0,100.0,15.0,2916.0,179709.0,183359.0,1965.0,3996.0,1965.0,61.0,P0,0,0,Not Active,Not Active,Not Active,Not Active,Not Active,Not Active,145.49,True,6932556715516.0,8406393829084.0
2026-07-31T02:07:01.092668,2026/07/31 02:07:01.025,0,GPU-2c3c1aab-4401-c49f-e973-2d9a530e6442,NVIDIA B200,940.04,1000.0,100.0,15.0,2916.0,179709.0,183359.0,1965.0,3996.0,1965.0,61.0,P0,0,0,Not Active,Not Active,Not Active,Not Active,Not Active,Not Active,246.997,True,6932556715516.0,8406393829084.0
2026-07-31T02:07:01.239852,2026/07/31 02:07:01.177,0,GPU-2c3c1aab-4401-c49f-e973-2d9a530e6442,NVIDIA B200,940.55,1000.0,100.0,15.0,2916.0,179709.0,183359.0,1965.0,3996.0,1965.0,61.0,P0,0,0,Not Active,Not Active,Not Active,Not Active,Not Active,Not Active,164.949,True,6932556715516.0,8406393829084.0
2026-07-31T02:07:01.384363,2026/07/31 02:07:01.325,0,GPU-2c3c1aab-4401-c49f-e973-2d9a530e6442,NVIDIA B200,940.66,1000.0,100.0,15.0,2916.0,179709.0,183359.0,1965.0,3996.0,1965.0,61.0,P0,0,0,Not Active,Not Active,Not Active,Not Active,Not Active,Not Active,144.668,True,6932556715516.0,8406393829084.0
2026-07-31T02:07:01.523485,2026/07/31 02:07:01.464,0,GPU-2c3c1aab-4401-c49f-e973-2d9a530e6442,NVIDIA B200,940.15,1000.0,100.0,15.0,2916.0,179709.0,183359.0,1965.0,3996.0,1965.0,61.0,P0,0,0,Not Active,Not Active,Not Active,Not Active,Not Active,Not Active,141.85,True,6932556715516.0,8406393829084.0
2026-07-31T02:07:01.661292,2026/07/31 02:07:01.606,0,GPU-2c3c1aab-4401-c49f-e973-2d9a530e6442,NVIDIA B200,940.55,1000.0,100.0,15.0,2916.0,179709.0,183359.0,1965.0,3996.0,1965.0,61.0,P0,0,0,Not Active,Not Active,Not Active,Not Active,Not Active,Not Active,141.934,True,6932556715516.0,8406393829084.0
2026-07-31T02:07:01.800670,2026/07/31 02:07:01.744,0,GPU-2c3c1aab-4401-c49f-e973-2d9a530e6442,NVIDIA B200,939.65,1000.0,100.0,15.0,2916.0,179709.0,183359.0,1965.0,3996.0,1965.0,61.0,P0,0,0,Not Active,Not Active,Not Active,Not Active,Not Active,Not Active,137.719,True,6932556715516.0,8406393829084.0
2026-07-31T02:07:01.949425,2026/07/31 02:07:01.887,0,GPU-2c3c1aab-4401-c49f-e973-2d9a530e6442,NVIDIA B200,940.02,1000.0,100.0,15.0,2916.0,179709.0,183359.0,1965.0,3996.0,1965.0,61.0,P0,0,0,Not Active,Not Active,Not Active,Not Active,Not Active,Not Active,142.541,True,6932556715516.0,8406393829084.0
2026-07-31T02:07:02.092591,2026/07/31 02:07:02.032,0,GPU-2c3c1aab-4401-c49f-e973-2d9a530e6442,NVIDIA B200,939.36,1000.0,100.0,15.0,2916.0,179709.0,183359.0,1965.0,3996.0,1965.0,61.0,P0,0,0,Not Active,Not Active,Not Active,Not Active,Not Active,Not Active,145.184,True,6932556715516.0,8406393829084.0
2026-07-31T02:07:02.242183,2026/07/31 02:07:02.180,0,GPU-2c3c1aab-4401-c49f-e973-2d9a530e6442,NVIDIA B200,939.56,1000.0,100.0,15.0,2916.0,179709.0,183359.0,1965.0,3996.0,1965.0,61.0,P0,0,0,Not Active,Not Active,Not Active,Not Active,Not Active,Not Active,146.602,True,6932556715516.0,8406393829084.0
2026-07-31T02:07:02.387284,2026/07/31 02:07:02.329,0,GPU-2c3c1aab-4401-c49f-e973-2d9a530e6442,NVIDIA B200,940.01,1000.0,100.0,15.0,2916.0,179709.0,183359.0,1965.0,3996.0,1965.0,61.0,P0,0,0,Not Active,Not Active,Not Active,Not Active,Not Active,Not Active,149.089,True,6932556715516.0,8406393829084.0
2026-07-31T02:07:02.532141,2026/07/31 02:07:02.475,0,GPU-2c3c1aab-4401-c49f-e973-2d9a530e6442,NVIDIA B200,940.24,1000.0,100.0,15.0,2916.0,179709.0,183359.0,1965.0,3996.0,1965.0,61.0,P0,0,0,Not Active,Not Active,Not Active,Not Active,Not Active,Not Active,146.491,True,6932556715516.0,8406393829084.0
2026-07-31T02:07:02.676279,2026/07/31 02:07:02.618,0,GPU-2c3c1aab-4401-c49f-e973-2d9a530e6442,NVIDIA B200,940.48,1000.0,100.0,15.0,2916.0,179709.0,183359.0,1965.0,3996.0,1965.0,61.0,P0,0,0,Not Active,Not Active,Not Active,Not Active,Not Active,Not Active,143.941,True,6932556715516.0,8406393829084.0
2026-07-31T02:07:03.029250,2026/07/31 02:07:02.903,0,GPU-2c3c1aab-4401-c49f-e973-2d9a530e6442,NVIDIA B200,940.25,1000.0,100.0,15.0,2916.0,179709.0,183359.0,1965.0,3996.0,1965.0,61.0,P0,0,0,Not Active,Not Active,Not Active,Not Active,Not Active,Not Active,210.612,True,6932556715516.0,8406393829084.0
2026-07-31T02:07:03.206748,2026/07/31 02:07:03.146,0,GPU-2c3c1aab-4401-c49f-e973-2d9a530e6442,NVIDIA B200,940.59,1000.0,100.0,15.0,2916.0,179709.0,183359.0,1965.0,3996.0,1965.0,61.0,P0,0,0,Not Active,Not Active,Not Active,Not Active,Not Active,Not Active,315.462,True,6932556715516.0,8406393829084.0
2026-07-31T02:07:03.406415,2026/07/31 02:07:03.345,0,GPU-2c3c1aab-4401-c49f-e973-2d9a530e6442,NVIDIA B200,940.63,1000.0,100.0,15.0,2916.0,179709.0,183359.0,1965.0,3996.0,1965.0,61.0,P0,0,0,Not Active,Not Active,Not Active,Not Active,Not Active,Not Active,198.042,True,6932556715516.0,8406393829084.0
2026-07-31T02:07:03.552084,2026/07/31 02:07:03.491,0,GPU-2c3c1aab-4401-c49f-e973-2d9a530e6442,NVIDIA B200,940.73,1000.0,100.0,15.0,2916.0,179709.0,183359.0,1965.0,3996.0,1965.0,61.0,P0,0,0,Not Active,Not Active,Not Active,Not Active,Not Active,Not Active,147.416,True,6932556715516.0,8406393829084.0
2026-07-31T02:07:03.696224,2026/07/31 02:07:03.638,0,GPU-2c3c1aab-4401-c49f-e973-2d9a530e6442,NVIDIA B200,939.71,1000.0,100.0,15.0,2916.0,179709.0,183359.0,1965.0,3996.0,1965.0,61.0,P0,0,0,Not Active,Not Active,Not Active,Not Active,Not Active,Not Active,147.373,True,6932556715516.0,8406393829084.0
2026-07-31T02:07:03.836022,2026/07/31 02:07:03.779,0,GPU-2c3c1aab-4401-c49f-e973-2d9a530e6442,NVIDIA B200,940.0,1000.0,100.0,15.0,2916.0,179709.0,183359.0,1965.0,3996.0,1965.0,61.0,P0,0,0,Not Active,Not Active,Not Active,Not Active,Not Active,Not Active,142.359,True,6932556715516.0,8406393829084.0
2026-07-31T02:07:03.980567,2026/07/31 02:07:03.920,0,GPU-2c3c1aab-4401-c49f-e973-2d9a530e6442,NVIDIA B200,939.65,1000.0,100.0,15.0,2916.0,179709.0,183359.0,1965.0,3996.0,1965.0,61.0,P0,0,0,Not Active,Not Active,Not Active,Not Active,Not Active,Not Active,139.788,True,6932556715516.0,8406393829084.0
2026-07-31T02:07:04.126116,2026/07/31 02:07:04.068,0,GPU-2c3c1aab-4401-c49f-e973-2d9a530e6442,NVIDIA B200,939.99,1000.0,100.0,15.0,2916.0,179709.0,183359.0,1965.0,3996.0,1965.0,61.0,P0,0,0,Not Active,Not Active,Not Active,Not Active,Not Active,Not Active,147.396,True,6932556715516.0,8406393829084.0
2026-07-31T02:07:04.272245,2026/07/31 02:07:04.210,0,GPU-2c3c1aab-4401-c49f-e973-2d9a530e6442,NVIDIA B200,939.88,1000.0,100.0,15.0,2916.0,179709.0,183359.0,1965.0,3996.0,1965.0,61.0,P0,0,0,Not Active,Not Active,Not Active,Not Active,Not Active,Not Active,142.42,True,6932556715516.0,8406393829084.0
2026-07-31T02:07:04.421397,2026/07/31 02:07:04.362,0,GPU-2c3c1aab-4401-c49f-e973-2d9a530e6442,NVIDIA B200,940.46,1000.0,100.0,15.0,2916.0,179709.0,183359.0,1965.0,3996.0,1965.0,61.0,P0,0,0,Not Active,Not Active,Not Active,Not Active,Not Active,Not Active,150.292,True,6932556715516.0,8406393829084.0
2026-07-31T02:07:04.562027,2026/07/31 02:07:04.505,0,GPU-2c3c1aab-4401-c49f-e973-2d9a530e6442,NVIDIA B200,940.38,1000.0,100.0,15.0,2916.0,179709.0,183359.0,1965.0,3996.0,1965.0,61.0,P0,0,0,Not Active,Not Active,Not Active,Not Active,Not Active,Not Active,145.397,True,6932556715516.0,8406393829084.0
2026-07-31T02:07:04.705928,2026/07/31 02:07:04.646,0,GPU-2c3c1aab-4401-c49f-e973-2d9a530e6442,NVIDIA B200,940.38,1000.0,100.0,15.0,2916.0,179709.0,183359.0,1965.0,3996.0,1965.0,61.0,P0,0,0,Not Active,Not Active,Not Active,Not Active,Not Active,Not Active,139.931,True,6932556715516.0,8406393829084.0
2026-07-31T02:07:04.845126,2026/07/31 02:07:04.790,0,GPU-2c3c1aab-4401-c49f-e973-2d9a530e6442,NVIDIA B200,939.34,1000.0,100.0,15.0,2916.0,179709.0,183359.0,1965.0,3996.0,1965.0,61.0,P0,0,0,Not Active,Not Active,Not Active,Not Active,Not Active,Not Active,146.076,True,6932556715516.0,8406393829084.0
2026-07-31T02:07:04.996590,2026/07/31 02:07:04.934,0,GPU-2c3c1aab-4401-c49f-e973-2d9a530e6442,NVIDIA B200,939.39,1000.0,100.0,15.0,2916.0,179709.0,183359.0,1965.0,3996.0,1965.0,61.0,P0,0,0,Not Active,Not Active,Not Active,Not Active,Not Active,Not Active,141.055,True,6932556715516.0,8406393829084.0
2026-07-31T02:07:05.141594,2026/07/31 02:07:05.080,0,GPU-2c3c1aab-4401-c49f-e973-2d9a530e6442,NVIDIA B200,939.6,1000.0,100.0,15.0,2916.0,179709.0,183359.0,1965.0,3996.0,1965.0,61.0,P0,0,0,Not Active,Not Active,Not Active,Not Active,Not Active,Not Active,147.878,True,6932556715516.0,8406393829084.0
2026-07-31T02:07:05.285531,2026/07/31 02:07:05.227,0,GPU-2c3c1aab-4401-c49f-e973-2d9a530e6442,NVIDIA B200,939.4,1000.0,100.0,15.0,2916.0,179709.0,183359.0,1965.0,3996.0,1965.0,61.0,P0,0,0,Not Active,Not Active,Not Active,Not Active,Not Active,Not Active,146.832,True,6932556715516.0,8406393829084.0
2026-07-31T02:07:05.424260,2026/07/31 02:07:05.368,0,GPU-2c3c1aab-4401-c49f-e973-2d9a530e6442,NVIDIA B200,939.36,1000.0,100.0,15.0,2916.0,179709.0,183359.0,1965.0,3996.0,1965.0,61.0,P0,0,0,Not Active,Not Active,Not Active,Not Active,Not Active,Not Active,141.024,True,6932556715516.0,8406393829084.0
2026-07-31T02:07:05.573020,2026/07/31 02:07:05.511,0,GPU-2c3c1aab-4401-c49f-e973-2d9a530e6442,NVIDIA B200,939.38,1000.0,100.0,15.0,2916.0,179709.0,183359.0,1965.0,3996.0,1965.0,61.0,P0,0,0,Not Active,Not Active,Not Active,Not Active,Not Active,Not Active,142.501,True,6932556715516.0,8406393829084.0
2026-07-31T02:07:05.717430,2026/07/31 02:07:05.661,0,GPU-2c3c1aab-4401-c49f-e973-2d9a530e6442,NVIDIA B200,939.5,1000.0,100.0,15.0,2916.0,179709.0,183359.0,1965.0,3996.0,1965.0,61.0,P0,0,0,Not Active,Not Active,Not Active,Not Active,Not Active,Not Active,149.708,True,6932556715516.0,8406393829084.0
2026-07-31T02:07:05.859582,2026/07/31 02:07:05.801,0,GPU-2c3c1aab-4401-c49f-e973-2d9a530e6442,NVIDIA B200,940.37,1000.0,100.0,15.0,2916.0,179709.0,183359.0,1965.0,3996.0,1965.0,61.0,P0,0,0,Not Active,Not Active,Not Active,Not Active,Not Active,Not Active,140.843,True,6932556715516.0,8406393829084.0
2026-07-31T02:07:05.994397,2026/07/31 02:07:05.937,0,GPU-2c3c1aab-4401-c49f-e973-2d9a530e6442,NVIDIA B200,939.51,1000.0,100.0,15.0,2916.0,179709.0,183359.0,1965.0,3996.0,1965.0,61.0,P0,0,0,Not Active,Not Active,Not Active,Not Active,Not Active,Not Active,139.048,True,6932556715516.0,8406393829084.0
2026-07-31T02:07:06.256828,2026/07/31 02:07:06.082,0,GPU-2c3c1aab-4401-c49f-e973-2d9a530e6442,NVIDIA B200,939.24,1000.0,100.0,15.0,2916.0,179709.0,183359.0,1965.0,3996.0,1965.0,61.0,P0,0,0,Not Active,Not Active,Not Active,Not Active,Not Active,Not Active,140.495,True,6932556715516.0,8406393829084.0
2026-07-31T02:07:06.444640,2026/07/31 02:07:06.384,0,GPU-2c3c1aab-4401-c49f-e973-2d9a530e6442,NVIDIA B200,939.06,1000.0,100.0,15.0,2916.0,179709.0,183359.0,1965.0,3996.0,1965.0,61.0,P0,0,0,Not Active,Not Active,Not Active,Not Active,Not Active,Not Active,300.981,True,6932556715516.0,8406393829084.0
2026-07-31T02:07:06.585870,2026/07/31 02:07:06.526,0,GPU-2c3c1aab-4401-c49f-e973-2d9a530e6442,NVIDIA B200,939.25,1000.0,100.0,15.0,2916.0,179709.0,183359.0,1965.0,3996.0,1965.0,61.0,P0,0,0,Not Active,Not Active,Not Active,Not Active,Not Active,Not Active,144.163,True,6932556715516.0,8406393829084.0
2026-07-31T02:07:06.728493,2026/07/31 02:07:06.673,0,GPU-2c3c1aab-4401-c49f-e973-2d9a530e6442,NVIDIA B200,939.37,1000.0,100.0,15.0,2916.0,179709.0,183359.0,1965.0,3996.0,1965.0,61.0,P0,0,0,Not Active,Not Active,Not Active,Not Active,Not Active,Not Active,146.957,True,6932556715516.0,8406393829084.0
2026-07-31T02:07:06.874458,2026/07/31 02:07:06.814,0,GPU-2c3c1aab-4401-c49f-e973-2d9a530e6442,NVIDIA B200,939.14,1000.0,100.0,15.0,2916.0,179709.0,183359.0,1965.0,3996.0,1965.0,61.0,P0,0,0,Not Active,Not Active,Not Active,Not Active,Not Active,Not Active,140.967,True,6932556715516.0,8406393829084.0
2026-07-31T02:07:07.020333,2026/07/31 02:07:06.961,0,GPU-2c3c1aab-4401-c49f-e973-2d9a530e6442,NVIDIA B200,939.67,1000.0,100.0,15.0,2916.0,179709.0,183359.0,1965.0,3996.0,1965.0,61.0,P0,0,0,Not Active,Not Active,Not Active,Not Active,Not Active,Not Active,147.96,True,6932556715516.0,8406393829084.0
2026-07-31T02:07:07.165247,2026/07/31 02:07:07.107,0,GPU-2c3c1aab-4401-c49f-e973-2d9a530e6442,NVIDIA B200,940.11,1000.0,100.0,15.0,2916.0,179709.0,183359.0,1965.0,3996.0,1965.0,61.0,P0,0,0,Not Active,Not Active,Not Active,Not Active,Not Active,Not Active,145.861,True,6932556715516.0,8406393829084.0
2026-07-31T02:07:07.312181,2026/07/31 02:07:07.252,0,GPU-2c3c1aab-4401-c49f-e973-2d9a530e6442,NVIDIA B200,940.44,1000.0,100.0,15.0,2916.0,179709.0,183359.0,1965.0,3996.0,1965.0,61.0,P0,0,0,Not Active,Not Active,Not Active,Not Active,Not Active,Not Active,142.927,True,6932556715516.0,8406393829084.0
2026-07-31T02:07:07.455640,2026/07/31 02:07:07.397,0,GPU-2c3c1aab-4401-c49f-e973-2d9a530e6442,NVIDIA B200,940.62,1000.0,100.0,15.0,2916.0,179709.0,183359.0,1965.0,3996.0,1965.0,61.0,P0,0,0,Not Active,Not Active,Not Active,Not Active,Not Active,Not Active,147.279,True,6932556715516.0,8406393829084.0
2026-07-31T02:07:07.600425,2026/07/31 02:07:07.536,0,GPU-2c3c1aab-4401-c49f-e973-2d9a530e6442,NVIDIA B200,940.04,1000.0,100.0,15.0,2916.0,179709.0,183359.0,1965.0,3996.0,1965.0,61.0,P0,0,0,Not Active,Not Active,Not Active,Not Active,Not Active,Not Active,139.576,True,6932556715516.0,8406393829084.0
2026-07-31T02:07:07.753096,2026/07/31 02:07:07.691,0,GPU-2c3c1aab-4401-c49f-e973-2d9a530e6442,NVIDIA B200,940.35,1000.0,100.0,15.0,2916.0,179709.0,183359.0,1965.0,3996.0,1965.0,61.0,P0,0,0,Not Active,Not Active,Not Active,Not Active,Not Active,Not Active,153.791,True,6932556715516.0,8406393829084.0
2026-07-31T02:07:07.900966,2026/07/31 02:07:07.842,0,GPU-2c3c1aab-4401-c49f-e973-2d9a530e6442,NVIDIA B200,940.18,1000.0,100.0,15.0,2916.0,179709.0,183359.0,1965.0,3996.0,1965.0,61.0,P0,0,0,Not Active,Not Active,Not Active,Not Active,Not Active,Not Active,150.162,True,6932556715516.0,8406393829084.0
2026-07-31T02:07:08.044493,2026/07/31 02:07:07.985,0,GPU-2c3c1aab-4401-c49f-e973-2d9a530e6442,NVIDIA B200,940.42,1000.0,100.0,15.0,2916.0,179709.0,183359.0,1965.0,3996.0,1965.0,61.0,P0,0,0,Not Active,Not Active,Not Active,Not Active,Not Active,Not Active,143.599,True,6932556715516.0,8406393829084.0
2026-07-31T02:07:08.361517,2026/07/31 02:07:08.129,0,GPU-2c3c1aab-4401-c49f-e973-2d9a530e6442,NVIDIA B200,940.22,1000.0,100.0,15.0,2916.0,179709.0,183359.0,1965.0,3996.0,1965.0,61.0,P0,0,0,Not Active,Not Active,Not Active,Not Active,Not Active,Not Active,143.45,True,6932556715516.0,8406393829084.0
2026-07-31T02:07:08.630959,2026/07/31 02:07:08.573,0,GPU-2c3c1aab-4401-c49f-e973-2d9a530e6442,NVIDIA B200,940.84,1000.0,100.0,15.0,2916.0,179709.0,183359.0,1965.0,3996.0,1965.0,61.0,P0,0,0,Not Active,Not Active,Not Active,Not Active,Not Active,Not Active,443.142,True,6932556715516.0,8406393829084.0
2026-07-31T02:07:08.778195,2026/07/31 02:07:08.718,0,GPU-2c3c1aab-4401-c49f-e973-2d9a530e6442,NVIDIA B200,941.04,1000.0,100.0,15.0,2916.0,179709.0,183359.0,1965.0,3996.0,1965.0,61.0,P0,0,0,Not Active,Not Active,Not Active,Not Active,Not Active,Not Active,146.508,True,6932556715516.0,8406393829084.0
2026-07-31T02:07:08.936891,2026/07/31 02:07:08.876,0,GPU-2c3c1aab-4401-c49f-e973-2d9a530e6442,NVIDIA B200,940.38,1000.0,100.0,15.0,2916.0,179709.0,183359.0,1965.0,3996.0,1965.0,61.0,P0,0,0,Not Active,Not Active,Not Active,Not Active,Not Active,Not Active,159.278,True,6932556715516.0,8406393829084.0
2026-07-31T02:07:09.076850,2026/07/31 02:07:09.017,0,GPU-2c3c1aab-4401-c49f-e973-2d9a530e6442,NVIDIA B200,940.42,1000.0,100.0,15.0,2916.0,179709.0,183359.0,1965.0,3996.0,1965.0,61.0,P0,0,0,Not Active,Not Active,Not Active,Not Active,Not Active,Not Active,138.68,True,6932556715516.0,8406393829084.0
2026-07-31T02:07:09.218737,2026/07/31 02:07:09.162,0,GPU-2c3c1aab-4401-c49f-e973-2d9a530e6442,NVIDIA B200,939.98,1000.0,100.0,15.0,2916.0,179709.0,183359.0,1965.0,3996.0,1965.0,61.0,P0,0,0,Not Active,Not Active,Not Active,Not Active,Not Active,Not Active,148.029,True,6932556715516.0,8406393829084.0
2026-07-31T02:07:09.358899,2026/07/31 02:07:09.301,0,GPU-2c3c1aab-4401-c49f-e973-2d9a530e6442,NVIDIA B200,940.2,1000.0,100.0,15.0,2916.0,179709.0,183359.0,1965.0,3996.0,1965.0,61.0,P0,0,0,Not Active,Not Active,Not Active,Not Active,Not Active,Not Active,138.616,True,6932556715516.0,8406393829084.0
2026-07-31T02:07:09.510910,2026/07/31 02:07:09.449,0,GPU-2c3c1aab-4401-c49f-e973-2d9a530e6442,NVIDIA B200,940.22,1000.0,100.0,15.0,2916.0,179709.0,183359.0,1965.0,3996.0,1965.0,61.0,P0,0,0,Not Active,Not Active,Not Active,Not Active,Not Active,Not Active,142.912,True,6932556715516.0,8406393829084.0
2026-07-31T02:07:09.654521,2026/07/31 02:07:09.594,0,GPU-2c3c1aab-4401-c49f-e973-2d9a530e6442,NVIDIA B200,940.06,1000.0,100.0,15.0,2916.0,179709.0,183359.0,1965.0,3996.0,1965.0,61.0,P0,0,0,Not Active,Not Active,Not Active,Not Active,Not Active,Not Active,146.778,True,6932556715516.0,8406393829084.0
2026-07-31T02:07:09.798148,2026/07/31 02:07:09.741,0,GPU-2c3c1aab-4401-c49f-e973-2d9a530e6442,NVIDIA B200,940.43,1000.0,100.0,15.0,2916.0,179709.0,183359.0,1965.0,3996.0,1965.0,61.0,P0,0,0,Not Active,Not Active,Not Active,Not Active,Not Active,Not Active,147.991,True,6932556715516.0,8406393829084.0
2026-07-31T02:07:09.947437,2026/07/31 02:07:09.886,0,GPU-2c3c1aab-4401-c49f-e973-2d9a530e6442,NVIDIA B200,940.68,1000.0,100.0,15.0,2916.0,179709.0,183359.0,1965.0,3996.0,1965.0,61.0,P0,0,0,Not Active,Not Active,Not Active,Not Active,Not Active,Not Active,145.93,True,6932556715516.0,8406393829084.0
2026-07-31T02:07:10.088085,2026/07/31 02:07:10.029,0,GPU-2c3c1aab-4401-c49f-e973-2d9a530e6442,NVIDIA B200,940.83,1000.0,100.0,15.0,2916.0,179709.0,183359.0,1965.0,3996.0,1965.0,61.0,P0,0,0,Not Active,Not Active,Not Active,Not Active,Not Active,Not Active,143.539,True,6932556715516.0,8406393829084.0
2026-07-31T02:07:10.224704,2026/07/31 02:07:10.169,0,GPU-2c3c1aab-4401-c49f-e973-2d9a530e6442,NVIDIA B200,941.07,1000.0,100.0,15.0,2916.0,179709.0,183359.0,1965.0,3996.0,1965.0,61.0,P0,0,0,Not Active,Not Active,Not Active,Not Active,Not Active,Not Active,141.52,True,6932556715516.0,8406393829084.0
2026-07-31T02:07:10.376992,2026/07/31 02:07:10.314,0,GPU-2c3c1aab-4401-c49f-e973-2d9a530e6442,NVIDIA B200,940.87,1000.0,100.0,15.0,2916.0,179709.0,183359.0,1965.0,3996.0,1965.0,61.0,P0,0,0,Not Active,Not Active,Not Active,Not Active,Not Active,Not Active,141.23,True,6932556715516.0,8406393829084.0
2026-07-31T02:07:10.524247,2026/07/31 02:07:10.464,0,GPU-2c3c1aab-4401-c49f-e973-2d9a530e6442,NVIDIA B200,940.81,1000.0,100.0,15.0,2916.0,179709.0,183359.0,1965.0,3996.0,1965.0,61.0,P0,0,0,Not Active,Not Active,Not Active,Not Active,Not Active,Not Active,152.276,True,6932556715516.0,8406393829084.0
2026-07-31T02:07:10.671540,2026/07/31 02:07:10.610,0,GPU-2c3c1aab-4401-c49f-e973-2d9a530e6442,NVIDIA B200,940.61,1000.0,100.0,15.0,2916.0,179709.0,183359.0,1965.0,3996.0,1965.0,61.0,P0,0,0,Not Active,Not Active,Not Active,Not Active,Not Active,Not Active,143.82,True,6932556715516.0,8406393829084.0
2026-07-31T02:07:10.817952,2026/07/31 02:07:10.761,0,GPU-2c3c1aab-4401-c49f-e973-2d9a530e6442,NVIDIA B200,940.99,1000.0,100.0,15.0,2916.0,179709.0,183359.0,1965.0,3996.0,1965.0,61.0,P0,0,0,Not Active,Not Active,Not Active,Not Active,Not Active,Not Active,149.939,True,6932556715516.0,8406393829084.0
2026-07-31T02:07:10.956169,2026/07/31 02:07:10.897,0,GPU-2c3c1aab-4401-c49f-e973-2d9a530e6442,NVIDIA B200,940.77,1000.0,100.0,15.0,2916.0,179709.0,183359.0,1965.0,3996.0,1965.0,61.0,P0,0,0,Not Active,Not Active,Not Active,Not Active,Not Active,Not Active,139.467,True,6932556715516.0,8406393829084.0
2026-07-31T02:07:11.099263,2026/07/31 02:07:11.042,0,GPU-2c3c1aab-4401-c49f-e973-2d9a530e6442,NVIDIA B200,941.04,1000.0,100.0,15.0,2916.0,179709.0,183359.0,1965.0,3996.0,1965.0,61.0,P0,0,0,Not Active,Not Active,Not Active,Not Active,Not Active,Not Active,144.591,True,6932556715516.0,8406393829084.0
2026-07-31T02:07:11.264227,2026/07/31 02:07:11.204,0,GPU-2c3c1aab-4401-c49f-e973-2d9a530e6442,NVIDIA B200,940.54,1000.0,100.0,15.0,2916.0,179709.0,183359.0,1965.0,3996.0,1965.0,61.0,P0,0,0,Not Active,Not Active,Not Active,Not Active,Not Active,Not Active,159.864,True,6932556715516.0,8406393829084.0
2026-07-31T02:07:11.409574,2026/07/31 02:07:11.351,0,GPU-2c3c1aab-4401-c49f-e973-2d9a530e6442,NVIDIA B200,940.86,1000.0,100.0,15.0,2916.0,179709.0,183359.0,1965.0,3996.0,1965.0,61.0,P0,0,0,Not Active,Not Active,Not Active,Not Active,Not Active,Not Active,147.124,True,6932556715516.0,8406393829084.0
2026-07-31T02:07:11.684697,2026/07/31 02:07:11.586,0,GPU-2c3c1aab-4401-c49f-e973-2d9a530e6442,NVIDIA B200,941.01,1000.0,100.0,15.0,2916.0,179709.0,183359.0,1965.0,3996.0,1965.0,61.0,P0,0,0,Not Active,Not Active,Not Active,Not Active,Not Active,Not Active,179.354,True,6932556715516.0,8406393829084.0
2026-07-31T02:07:11.842414,2026/07/31 02:07:11.782,0,GPU-2c3c1aab-4401-c49f-e973-2d9a530e6442,NVIDIA B200,940.45,1000.0,100.0,15.0,2916.0,179709.0,183359.0,1965.0,3996.0,1965.0,61.0,P0,0,0,Not Active,Not Active,Not Active,Not Active,Not Active,Not Active,253.12,True,6932556715516.0,8406393829084.0
2026-07-31T02:07:11.988382,2026/07/31 02:07:11.927,0,GPU-2c3c1aab-4401-c49f-e973-2d9a530e6442,NVIDIA B200,940.73,1000.0,100.0,15.0,2916.0,179709.0,183359.0,1965.0,3996.0,1965.0,61.0,P0,0,0,Not Active,Not Active,Not Active,Not Active,Not Active,Not Active,144.722,True,6932556715516.0,8406393829084.0
2026-07-31T02:07:12.135138,2026/07/31 02:07:12.075,0,GPU-2c3c1aab-4401-c49f-e973-2d9a530e6442,NVIDIA B200,940.92,1000.0,100.0,15.0,2916.0,179709.0,183359.0,1965.0,3996.0,1965.0,61.0,P0,0,0,Not Active,Not Active,Not Active,Not Active,Not Active,Not Active,146.931,True,6932556715516.0,8406393829084.0
2026-07-31T02:07:12.283098,2026/07/31 02:07:12.220,0,GPU-2c3c1aab-4401-c49f-e973-2d9a530e6442,NVIDIA B200,940.87,1000.0,100.0,15.0,2916.0,179709.0,183359.0,1965.0,3996.0,1965.0,61.0,P0,0,0,Not Active,Not Active,Not Active,Not Active,Not Active,Not Active,144.902,True,6932556715516.0,8406393829084.0
2026-07-31T02:07:12.433640,2026/07/31 02:07:12.374,0,GPU-2c3c1aab-4401-c49f-e973-2d9a530e6442,NVIDIA B200,940.54,1000.0,100.0,15.0,2916.0,179709.0,183359.0,1965.0,3996.0,1965.0,61.0,P0,0,0,Not Active,Not Active,Not Active,Not Active,Not Active,Not Active,156.066,True,6932556715516.0,8406393829084.0
2026-07-31T02:07:12.579024,2026/07/31 02:07:12.521,0,GPU-2c3c1aab-4401-c49f-e973-2d9a530e6442,NVIDIA B200,940.28,1000.0,100.0,15.0,2916.0,179709.0,183359.0,1965.0,3996.0,1965.0,61.0,P0,0,0,Not Active,Not Active,Not Active,Not Active,Not Active,Not Active,144.976,True,6932556715516.0,8406393829084.0
2026-07-31T02:07:12.721258,2026/07/31 02:07:12.660,0,GPU-2c3c1aab-4401-c49f-e973-2d9a530e6442,NVIDIA B200,940.63,1000.0,100.0,15.0,2916.0,179709.0,183359.0,1965.0,3996.0,1965.0,61.0,P0,0,0,Not Active,Not Active,Not Active,Not Active,Not Active,Not Active,141.224,True,6932556715516.0,8406393829084.0
2026-07-31T02:07:12.866569,2026/07/31 02:07:12.808,0,GPU-2c3c1aab-4401-c49f-e973-2d9a530e6442,NVIDIA B200,940.61,1000.0,100.0,15.0,2916.0,179709.0,183359.0,1965.0,3996.0,1965.0,61.0,P0,0,0,Not Active,Not Active,Not Active,Not Active,Not Active,Not Active,145.787,True,6932556715516.0,8406393829084.0
2026-07-31T02:07:13.013955,2026/07/31 02:07:12.954,0,GPU-2c3c1aab-4401-c49f-e973-2d9a530e6442,NVIDIA B200,940.7,1000.0,100.0,15.0,2916.0,179709.0,183359.0,1965.0,3996.0,1965.0,61.0,P0,0,0,Not Active,Not Active,Not Active,Not Active,Not Active,Not Active,146.07,True,6932556715516.0,8406393829084.0
2026-07-31T02:07:13.157777,2026/07/31 02:07:13.096,0,GPU-2c3c1aab-4401-c49f-e973-2d9a530e6442,NVIDIA B200,940.17,1000.0,100.0,15.0,2916.0,179709.0,183359.0,1965.0,3996.0,1965.0,61.0,P0,0,0,Not Active,Not Active,Not Active,Not Active,Not Active,Not Active,143.114,True,6932556715516.0,8406393829084.0
2026-07-31T02:07:13.300099,2026/07/31 02:07:13.242,0,GPU-2c3c1aab-4401-c49f-e973-2d9a530e6442,NVIDIA B200,939.6,1000.0,100.0,15.0,2916.0,179709.0,183359.0,1965.0,3996.0,1965.0,61.0,P0,0,0,Not Active,Not Active,Not Active,Not Active,Not Active,Not Active,147.062,True,6932556715516.0,8406393829084.0
2026-07-31T02:07:13.443005,2026/07/31 02:07:13.383,0,GPU-2c3c1aab-4401-c49f-e973-2d9a530e6442,NVIDIA B200,939.58,1000.0,100.0,15.0,2916.0,179709.0,183359.0,1965.0,3996.0,1965.0,61.0,P0,0,0,Not Active,Not Active,Not Active,Not Active,Not Active,Not Active,139.961,True,6932556715516.0,8406393829084.0
2026-07-31T02:07:13.838549,2026/07/31 02:07:13.590,0,GPU-2c3c1aab-4401-c49f-e973-2d9a530e6442,NVIDIA B200,940.02,1000.0,100.0,15.0,2916.0,179709.0,183359.0,1965.0,3996.0,1965.0,61.0,P0,0,0,Not Active,Not Active,Not Active,Not Active,Not Active,Not Active,201.745,True,6932556715516.0,8406393829084.0
2026-07-31T02:07:14.050290,2026/07/31 02:07:13.986,0,GPU-2c3c1aab-4401-c49f-e973-2d9a530e6442,NVIDIA B200,939.84,1000.0,100.0,15.0,2916.0,179709.0,183359.0,1965.0,3996.0,1965.0,61.0,P0,0,0,Not Active,Not Active,Not Active,Not Active,Not Active,Not Active,399.317,True,6932556715516.0,8406393829084.0
2026-07-31T02:07:14.194186,2026/07/31 02:07:14.134,0,GPU-2c3c1aab-4401-c49f-e973-2d9a530e6442,NVIDIA B200,939.92,1000.0,100.0,15.0,2916.0,179709.0,183359.0,1965.0,3996.0,1965.0,61.0,P0,0,0,Not Active,Not Active,Not Active,Not Active,Not Active,Not Active,149.518,True,6932556715516.0,8406393829084.0
2026-07-31T02:07:14.340526,2026/07/31 02:07:14.284,0,GPU-2c3c1aab-4401-c49f-e973-2d9a530e6442,NVIDIA B200,940.31,1000.0,100.0,15.0,2916.0,179709.0,183359.0,1965.0,3996.0,1965.0,61.0,P0,0,0,Not Active,Not Active,Not Active,Not Active,Not Active,Not Active,149.928,True,6932556715516.0,8406393829084.0
2026-07-31T02:07:14.479530,2026/07/31 02:07:14.421,0,GPU-2c3c1aab-4401-c49f-e973-2d9a530e6442,NVIDIA B200,940.41,1000.0,100.0,15.0,2916.0,179709.0,183359.0,1965.0,3996.0,1965.0,61.0,P0,0,0,Not Active,Not Active,Not Active,Not Active,Not Active,Not Active,138.64,True,6932556715516.0,8406393829084.0
2026-07-31T02:07:14.632191,2026/07/31 02:07:14.570,0,GPU-2c3c1aab-4401-c49f-e973-2d9a530e6442,NVIDIA B200,939.89,1000.0,100.0,15.0,2916.0,179709.0,183359.0,1965.0,3996.0,1965.0,61.0,P0,0,0,Not Active,Not Active,Not Active,Not Active,Not Active,Not Active,146.208,True,6932556715516.0,8406393829084.0
2026-07-31T02:07:14.782162,2026/07/31 02:07:14.719,0,GPU-2c3c1aab-4401-c49f-e973-2d9a530e6442,NVIDIA B200,939.78,1000.0,100.0,15.0,2916.0,179709.0,183359.0,1965.0,3996.0,1965.0,61.0,P0,0,0,Not Active,Not Active,Not Active,Not Active,Not Active,Not Active,151.429,True,6932556715516.0,8406393829084.0
2026-07-31T02:07:14.927261,2026/07/31 02:07:14.869,0,GPU-2c3c1aab-4401-c49f-e973-2d9a530e6442,NVIDIA B200,939.67,1000.0,100.0,15.0,2916.0,179709.0,183359.0,1965.0,3996.0,1965.0,61.0,P0,0,0,Not Active,Not Active,Not Active,Not Active,Not Active,Not Active,147.811,True,6932556715516.0,8406393829084.0
2026-07-31T02:07:15.082550,2026/07/31 02:07:15.011,0,GPU-2c3c1aab-4401-c49f-e973-2d9a530e6442,NVIDIA B200,940.03,1000.0,100.0,15.0,2916.0,179709.0,183359.0,1965.0,3996.0,1965.0,61.0,P0,0,0,Not Active,Not Active,Not Active,Not Active,Not Active,Not Active,144.397,True,6932556715516.0,8406393829084.0
2026-07-31T02:07:15.227143,2026/07/31 02:07:15.167,0,GPU-2c3c1aab-4401-c49f-e973-2d9a530e6442,NVIDIA B200,940.34,1000.0,100.0,15.0,2916.0,179709.0,183359.0,1965.0,3996.0,1965.0,61.0,P0,0,0,Not Active,Not Active,Not Active,Not Active,Not Active,Not Active,155.771,True,6932556715516.0,8406393829084.0
2026-07-31T02:07:15.370556,2026/07/31 02:07:15.313,0,GPU-2c3c1aab-4401-c49f-e973-2d9a530e6442,NVIDIA B200,940.18,1000.0,100.0,15.0,2916.0,179709.0,183359.0,1965.0,3996.0,1965.0,61.0,P0,0,0,Not Active,Not Active,Not Active,Not Active,Not Active,Not Active,144.838,True,6932556715516.0,8406393829084.0
2026-07-31T02:07:15.515202,2026/07/31 02:07:15.454,0,GPU-2c3c1aab-4401-c49f-e973-2d9a530e6442,NVIDIA B200,940.6,1000.0,100.0,15.0,2916.0,179709.0,183359.0,1965.0,3996.0,1965.0,61.0,P0,0,0,Not Active,Not Active,Not Active,Not Active,Not Active,Not Active,139.874,True,6932556715516.0,8406393829084.0
2026-07-31T02:07:15.660216,2026/07/31 02:07:15.601,0,GPU-2c3c1aab-4401-c49f-e973-2d9a530e6442,NVIDIA B200,941.15,1000.0,100.0,15.0,2916.0,179709.0,183359.0,1965.0,3996.0,1965.0,61.0,P0,0,0,Not Active,Not Active,Not Active,Not Active,Not Active,Not Active,146.149,True,6932556715516.0,8406393829084.0
2026-07-31T02:07:15.802255,2026/07/31 02:07:15.745,0,GPU-2c3c1aab-4401-c49f-e973-2d9a530e6442,NVIDIA B200,941.09,1000.0,100.0,15.0,2916.0,179709.0,183359.0,1965.0,3996.0,1965.0,61.0,P0,0,0,Not Active,Not Active,Not Active,Not Active,Not Active,Not Active,145.806,True,6932556715516.0,8406393829084.0
2026-07-31T02:07:15.949463,2026/07/31 02:07:15.888,0,GPU-2c3c1aab-4401-c49f-e973-2d9a530e6442,NVIDIA B200,940.97,1000.0,100.0,15.0,2916.0,179709.0,183359.0,1965.0,3996.0,1965.0,61.0,P0,0,0,Not Active,Not Active,Not Active,Not Active,Not Active,Not Active,144.035,True,6932556715516.0,8406393829084.0
2026-07-31T02:07:16.091127,2026/07/31 02:07:16.034,0,GPU-2c3c1aab-4401-c49f-e973-2d9a530e6442,NVIDIA B200,940.83,1000.0,100.0,15.0,2916.0,179709.0,183359.0,1965.0,3996.0,1965.0,61.0,P0,0,0,Not Active,Not Active,Not Active,Not Active,Not Active,Not Active,144.873,True,6932556715516.0,8406393829084.0
2026-07-31T02:07:16.236117,2026/07/31 02:07:16.178,0,GPU-2c3c1aab-4401-c49f-e973-2d9a530e6442,NVIDIA B200,940.88,1000.0,100.0,15.0,2916.0,179709.0,183359.0,1965.0,3996.0,1965.0,61.0,P0,0,0,Not Active,Not Active,Not Active,Not Active,Not Active,Not Active,144.307,True,6932556715516.0,8406393829084.0
2026-07-31T02:07:16.385904,2026/07/31 02:07:16.326,0,GPU-2c3c1aab-4401-c49f-e973-2d9a530e6442,NVIDIA B200,940.99,1000.0,100.0,15.0,2916.0,179709.0,183359.0,1965.0,3996.0,1965.0,61.0,P0,0,0,Not Active,Not Active,Not Active,Not Active,Not Active,Not Active,148.215,True,6932556715516.0,8406393829084.0
2026-07-31T02:07:16.526811,2026/07/31 02:07:16.468,0,GPU-2c3c1aab-4401-c49f-e973-2d9a530e6442,NVIDIA B200,940.44,1000.0,100.0,15.0,2916.0,179709.0,183359.0,1965.0,3996.0,1965.0,61.0,P0,0,0,Not Active,Not Active,Not Active,Not Active,Not Active,Not Active,143.075,True,6932556715516.0,8406393829084.0
2026-07-31T02:07:16.668256,2026/07/31 02:07:16.612,0,GPU-2c3c1aab-4401-c49f-e973-2d9a530e6442,NVIDIA B200,940.3,1000.0,100.0,15.0,2916.0,179709.0,183359.0,1965.0,3996.0,1965.0,61.0,P0,0,0,Not Active,Not Active,Not Active,Not Active,Not Active,Not Active,143.049,True,6932556715516.0,8406393829084.0
2026-07-31T02:07:16.905939,2026/07/31 02:07:16.755,0,GPU-2c3c1aab-4401-c49f-e973-2d9a530e6442,NVIDIA B200,940.47,1000.0,100.0,15.0,2916.0,179709.0,183359.0,1965.0,3996.0,1965.0,61.0,P0,0,0,Not Active,Not Active,Not Active,Not Active,Not Active,Not Active,138.432,True,6932556715516.0,8406393829084.0
2026-07-31T02:07:17.083153,2026/07/31 02:07:17.024,0,GPU-2c3c1aab-4401-c49f-e973-2d9a530e6442,NVIDIA B200,941.14,1000.0,100.0,15.0,2916.0,179709.0,183359.0,1965.0,3996.0,1965.0,61.0,P0,0,0,Not Active,Not Active,Not Active,Not Active,Not Active,Not Active,271.635,True,6932556715516.0,8406393829084.0
2026-07-31T02:07:17.226958,2026/07/31 02:07:17.169,0,GPU-2c3c1aab-4401-c49f-e973-2d9a530e6442,NVIDIA B200,941.28,1000.0,100.0,15.0,2916.0,179709.0,183359.0,1965.0,3996.0,1965.0,61.0,P0,0,0,Not Active,Not Active,Not Active,Not Active,Not Active,Not Active,146.972,True,6932556715516.0,8406393829084.0
2026-07-31T02:07:17.378973,2026/07/31 02:07:17.318,0,GPU-2c3c1aab-4401-c49f-e973-2d9a530e6442,NVIDIA B200,940.76,1000.0,100.0,15.0,2916.0,179709.0,183359.0,1965.0,3996.0,1965.0,61.0,P0,0,0,Not Active,Not Active,Not Active,Not Active,Not Active,Not Active,148.277,True,6932556715516.0,8406393829084.0
2026-07-31T02:07:17.520083,2026/07/31 02:07:17.463,0,GPU-2c3c1aab-4401-c49f-e973-2d9a530e6442,NVIDIA B200,940.97,1000.0,100.0,15.0,2916.0,179709.0,183359.0,1965.0,3996.0,1965.0,61.0,P0,0,0,Not Active,Not Active,Not Active,Not Active,Not Active,Not Active,145.877,True,6932556715516.0,8406393829084.0
2026-07-31T02:07:17.662341,2026/07/31 02:07:17.604,0,GPU-2c3c1aab-4401-c49f-e973-2d9a530e6442,NVIDIA B200,940.19,1000.0,100.0,15.0,2916.0,179709.0,183359.0,1965.0,3996.0,1965.0,61.0,P0,0,0,Not Active,Not Active,Not Active,Not Active,Not Active,Not Active,140.915,True,6932556715516.0,8406393829084.0
2026-07-31T02:07:17.800258,2026/07/31 02:07:17.743,0,GPU-2c3c1aab-4401-c49f-e973-2d9a530e6442,NVIDIA B200,940.04,1000.0,100.0,15.0,2916.0,179709.0,183359.0,1965.0,3996.0,1965.0,61.0,P0,0,0,Not Active,Not Active,Not Active,Not Active,Not Active,Not Active,139.515,True,6932556715516.0,8406393829084.0
2026-07-31T02:07:17.951294,2026/07/31 02:07:17.889,0,GPU-2c3c1aab-4401-c49f-e973-2d9a530e6442,NVIDIA B200,940.11,1000.0,100.0,15.0,2916.0,179709.0,183359.0,1965.0,3996.0,1965.0,61.0,P0,0,0,Not Active,Not Active,Not Active,Not Active,Not Active,Not Active,143.566,True,6932556715516.0,8406393829084.0
2026-07-31T02:07:18.096036,2026/07/31 02:07:18.036,0,GPU-2c3c1aab-4401-c49f-e973-2d9a530e6442,NVIDIA B200,939.64,1000.0,100.0,15.0,2916.0,179709.0,183359.0,1965.0,3996.0,1965.0,61.0,P0,0,0,Not Active,Not Active,Not Active,Not Active,Not Active,Not Active,149.166,True,6932556715516.0,8406393829084.0
2026-07-31T02:07:18.238851,2026/07/31 02:07:18.179,0,GPU-2c3c1aab-4401-c49f-e973-2d9a530e6442,NVIDIA B200,939.65,1000.0,100.0,15.0,2916.0,179709.0,183359.0,1965.0,3996.0,1965.0,61.0,P0,0,0,Not Active,Not Active,Not Active,Not Active,Not Active,Not Active,142.878,True,6932556715516.0,8406393829084.0
2026-07-31T02:07:18.382224,2026/07/31 02:07:18.320,0,GPU-2c3c1aab-4401-c49f-e973-2d9a530e6442,NVIDIA B200,939.92,1000.0,100.0,15.0,2916.0,179709.0,183359.0,1965.0,3996.0,1965.0,61.0,P0,0,0,Not Active,Not Active,Not Active,Not Active,Not Active,Not Active,142.178,True,6932556715516.0,8406393829084.0
2026-07-31T02:07:18.526896,2026/07/31 02:07:18.468,0,GPU-2c3c1aab-4401-c49f-e973-2d9a530e6442,NVIDIA B200,939.9,1000.0,100.0,15.0,2916.0,179709.0,183359.0,1965.0,3996.0,1965.0,61.0,P0,0,0,Not Active,Not Active,Not Active,Not Active,Not Active,Not Active,143.284,True,6932556715516.0,8406393829084.0
2026-07-31T02:07:18.714512,2026/07/31 02:07:18.656,0,GPU-2c3c1aab-4401-c49f-e973-2d9a530e6442,NVIDIA B200,940.48,1000.0,100.0,15.0,2916.0,179709.0,183359.0,1965.0,3996.0,1965.0,61.0,P0,0,0,Not Active,Not Active,Not Active,Not Active,Not Active,Not Active,193.69,True,6932556715516.0,8406393829084.0
2026-07-31T02:07:18.862655,2026/07/31 02:07:18.804,0,GPU-2c3c1aab-4401-c49f-e973-2d9a530e6442,NVIDIA B200,939.64,1000.0,100.0,15.0,2916.0,179709.0,183359.0,1965.0,3996.0,1965.0,61.0,P0,0,0,Not Active,Not Active,Not Active,Not Active,Not Active,Not Active,143.56,True,6932556715516.0,8406393829084.0
2026-07-31T02:07:19.080422,2026/07/31 02:07:18.949,0,GPU-2c3c1aab-4401-c49f-e973-2d9a530e6442,NVIDIA B200,939.97,1000.0,100.0,15.0,2916.0,179709.0,183359.0,1965.0,3996.0,1965.0,61.0,P0,0,0,Not Active,Not Active,Not Active,Not Active,Not Active,Not Active,146.053,True,6932556715516.0,8406393829084.0
2026-07-31T02:07:19.423583,2026/07/31 02:07:19.355,0,GPU-2c3c1aab-4401-c49f-e973-2d9a530e6442,NVIDIA B200,939.93,1000.0,100.0,15.0,2916.0,179709.0,183359.0,1965.0,3996.0,1965.0,61.0,P0,0,0,Not Active,Not Active,Not Active,Not Active,Not Active,Not Active,393.311,True,6932556715516.0,8406393829084.0
2026-07-31T02:07:19.569504,2026/07/31 02:07:19.511,0,GPU-2c3c1aab-4401-c49f-e973-2d9a530e6442,NVIDIA B200,940.49,1000.0,100.0,15.0,2916.0,179709.0,183359.0,1965.0,3996.0,1965.0,61.0,P0,0,0,Not Active,Not Active,Not Active,Not Active,Not Active,Not Active,170.814,True,6932556715516.0,8406393829084.0
2026-07-31T02:07:19.717593,2026/07/31 02:07:19.656,0,GPU-2c3c1aab-4401-c49f-e973-2d9a530e6442,NVIDIA B200,940.49,1000.0,100.0,15.0,2916.0,179709.0,183359.0,1965.0,3996.0,1965.0,61.0,P0,0,0,Not Active,Not Active,Not Active,Not Active,Not Active,Not Active,141.123,True,6932556715516.0,8406393829084.0
2026-07-31T02:07:19.861569,2026/07/31 02:07:19.800,0,GPU-2c3c1aab-4401-c49f-e973-2d9a530e6442,NVIDIA B200,940.63,1000.0,100.0,15.0,2916.0,179709.0,183359.0,1965.0,3996.0,1965.0,61.0,P0,0,0,Not Active,Not Active,Not Active,Not Active,Not Active,Not Active,147.784,True,6932556715516.0,8406393829084.0
2026-07-31T02:07:20.009761,2026/07/31 02:07:19.949,0,GPU-2c3c1aab-4401-c49f-e973-2d9a530e6442,NVIDIA B200,940.67,1000.0,100.0,15.0,2916.0,179709.0,183359.0,1965.0,3996.0,1965.0,61.0,P0,0,0,Not Active,Not Active,Not Active,Not Active,Not Active,Not Active,148.882,True,6932556715516.0,8406393829084.0
2026-07-31T02:07:20.157828,2026/07/31 02:07:20.098,0,GPU-2c3c1aab-4401-c49f-e973-2d9a530e6442,NVIDIA B200,940.22,1000.0,100.0,15.0,2916.0,179709.0,183359.0,1965.0,3996.0,1965.0,61.0,P0,0,0,Not Active,Not Active,Not Active,Not Active,Not Active,Not Active,148.86,True,6932556715516.0,8406393829084.0
2026-07-31T02:07:20.303421,2026/07/31 02:07:20.244,0,GPU-2c3c1aab-4401-c49f-e973-2d9a530e6442,NVIDIA B200,939.86,1000.0,100.0,15.0,2916.0,179709.0,183359.0,1965.0,3996.0,1965.0,61.0,P0,0,0,Not Active,Not Active,Not Active,Not Active,Not Active,Not Active,144.196,True,6932556715516.0,8406393829084.0
2026-07-31T02:07:20.453365,2026/07/31 02:07:20.391,0,GPU-2c3c1aab-4401-c49f-e973-2d9a530e6442,NVIDIA B200,939.78,1000.0,100.0,15.0,2916.0,179709.0,183359.0,1965.0,3996.0,1965.0,61.0,P0,0,0,Not Active,Not Active,Not Active,Not Active,Not Active,Not Active,146.749,True,6932556715516.0,8406393829084.0
2026-07-31T02:07:20.601545,2026/07/31 02:07:20.536,0,GPU-2c3c1aab-4401-c49f-e973-2d9a530e6442,NVIDIA B200,939.79,1000.0,100.0,15.0,2916.0,179709.0,183359.0,1965.0,3996.0,1965.0,61.0,P0,0,0,Not Active,Not Active,Not Active,Not Active,Not Active,Not Active,147.11,True,6932556715516.0,8406393829084.0
2026-07-31T02:07:20.745467,2026/07/31 02:07:20.687,0,GPU-2c3c1aab-4401-c49f-e973-2d9a530e6442,NVIDIA B200,939.47,1000.0,100.0,15.0,2916.0,179709.0,183359.0,1965.0,3996.0,1965.0,61.0,P0,0,0,Not Active,Not Active,Not Active,Not Active,Not Active,Not Active,151.986,True,6932556715516.0,8406393829084.0
2026-07-31T02:07:20.899254,2026/07/31 02:07:20.838,0,GPU-2c3c1aab-4401-c49f-e973-2d9a530e6442,NVIDIA B200,939.98,1000.0,100.0,15.0,2916.0,179709.0,183359.0,1965.0,3996.0,1965.0,61.0,P0,0,0,Not Active,Not Active,Not Active,Not Active,Not Active,Not Active,140.899,True,6932556715516.0,8406393829084.0
2026-07-31T02:07:21.040272,2026/07/31 02:07:20.983,0,GPU-2c3c1aab-4401-c49f-e973-2d9a530e6442,NVIDIA B200,939.97,1000.0,100.0,15.0,2916.0,179709.0,183359.0,1965.0,3996.0,1965.0,61.0,P0,0,0,Not Active,Not Active,Not Active,Not Active,Not Active,Not Active,153.831,True,6932556715516.0,8406393829084.0
2026-07-31T02:07:21.186008,2026/07/31 02:07:21.129,0,GPU-2c3c1aab-4401-c49f-e973-2d9a530e6442,NVIDIA B200,940.44,1000.0,100.0,15.0,2916.0,179709.0,183359.0,1965.0,3996.0,1965.0,61.0,P0,0,0,Not Active,Not Active,Not Active,Not Active,Not Active,Not Active,145.372,True,6932556715516.0,8406393829084.0
2026-07-31T02:07:21.331418,2026/07/31 02:07:21.273,0,GPU-2c3c1aab-4401-c49f-e973-2d9a530e6442,NVIDIA B200,940.0,1000.0,100.0,16.0,2916.0,179709.0,183359.0,1965.0,3996.0,1965.0,61.0,P0,0,0,Not Active,Not Active,Not Active,Not Active,Not Active,Not Active,143.229,True,6932556715516.0,8406393829084.0
2026-07-31T02:07:21.497389,2026/07/31 02:07:21.422,0,GPU-2c3c1aab-4401-c49f-e973-2d9a530e6442,NVIDIA B200,940.22,1000.0,100.0,16.0,2916.0,179709.0,183359.0,1965.0,3996.0,1965.0,61.0,P0,0,0,Not Active,Not Active,Not Active,Not Active,Not Active,Not Active,147.778,True,6932556715516.0,8406393829084.0
2026-07-31T02:07:21.639090,2026/07/31 02:07:21.580,0,GPU-2c3c1aab-4401-c49f-e973-2d9a530e6442,NVIDIA B200,939.38,1000.0,100.0,15.0,2916.0,179709.0,183359.0,1965.0,3996.0,1965.0,61.0,P0,0,0,Not Active,Not Active,Not Active,Not Active,Not Active,Not Active,159.898,True,6932556715516.0,8406393829084.0
2026-07-31T02:07:21.808959,2026/07/31 02:07:21.723,0,GPU-2c3c1aab-4401-c49f-e973-2d9a530e6442,NVIDIA B200,939.47,1000.0,100.0,15.0,2916.0,179709.0,183359.0,1965.0,3996.0,1965.0,61.0,P0,0,0,Not Active,Not Active,Not Active,Not Active,Not Active,Not Active,143.953,True,6932556715516.0,8406393829084.0
2026-07-31T02:07:21.974457,2026/07/31 02:07:21.916,0,GPU-2c3c1aab-4401-c49f-e973-2d9a530e6442,NVIDIA B200,938.97,1000.0,100.0,15.0,2916.0,179709.0,183359.0,1965.0,3996.0,1965.0,61.0,P0,0,0,Not Active,Not Active,Not Active,Not Active,Not Active,Not Active,192.476,True,6932556715516.0,8406393829084.0
2026-07-31T02:07:22.223174,2026/07/31 02:07:22.067,0,GPU-2c3c1aab-4401-c49f-e973-2d9a530e6442,NVIDIA B200,938.87,1000.0,100.0,15.0,2916.0,179709.0,183359.0,1965.0,3996.0,1965.0,61.0,P0,0,0,Not Active,Not Active,Not Active,Not Active,Not Active,Not Active,141.438,True,6932556715516.0,8406393829084.0
2026-07-31T02:07:22.391213,2026/07/31 02:07:22.332,0,GPU-2c3c1aab-4401-c49f-e973-2d9a530e6442,NVIDIA B200,939.66,1000.0,100.0,15.0,2916.0,179709.0,183359.0,1965.0,3996.0,1965.0,61.0,P0,0,0,Not Active,Not Active,Not Active,Not Active,Not Active,Not Active,274.348,True,6932556715516.0,8406393829084.0
2026-07-31T02:07:22.537009,2026/07/31 02:07:22.480,0,GPU-2c3c1aab-4401-c49f-e973-2d9a530e6442,NVIDIA B200,940.3,1000.0,100.0,15.0,2916.0,179709.0,183359.0,1965.0,3996.0,1965.0,61.0,P0,0,0,Not Active,Not Active,Not Active,Not Active,Not Active,Not Active,148.876,True,6932556715516.0,8406393829084.0
2026-07-31T02:07:22.686583,2026/07/31 02:07:22.626,0,GPU-2c3c1aab-4401-c49f-e973-2d9a530e6442,NVIDIA B200,940.37,1000.0,100.0,15.0,2916.0,179709.0,183359.0,1965.0,3996.0,1965.0,61.0,P0,0,0,Not Active,Not Active,Not Active,Not Active,Not Active,Not Active,145.501,True,6932556715516.0,8406393829084.0
2026-07-31T02:07:22.832823,2026/07/31 02:07:22.773,0,GPU-2c3c1aab-4401-c49f-e973-2d9a530e6442,NVIDIA B200,940.35,1000.0,100.0,15.0,2916.0,179709.0,183359.0,1965.0,3996.0,1965.0,61.0,P0,0,0,Not Active,Not Active,Not Active,Not Active,Not Active,Not Active,146.797,True,6932556715516.0,8406393829084.0
2026-07-31T02:07:22.985258,2026/07/31 02:07:22.920,0,GPU-2c3c1aab-4401-c49f-e973-2d9a530e6442,NVIDIA B200,939.89,1000.0,100.0,15.0,2916.0,179709.0,183359.0,1965.0,3996.0,1965.0,61.0,P0,0,0,Not Active,Not Active,Not Active,Not Active,Not Active,Not Active,145.438,True,6932556715516.0,8406393829084.0
2026-07-31T02:07:23.147173,2026/07/31 02:07:23.086,0,GPU-2c3c1aab-4401-c49f-e973-2d9a530e6442,NVIDIA B200,939.61,1000.0,100.0,15.0,2916.0,179709.0,183359.0,1965.0,3996.0,1965.0,61.0,P0,0,0,Not Active,Not Active,Not Active,Not Active,Not Active,Not Active,155.341,True,6932556715516.0,8406393829084.0
2026-07-31T02:07:23.290544,2026/07/31 02:07:23.233,0,GPU-2c3c1aab-4401-c49f-e973-2d9a530e6442,NVIDIA B200,939.87,1000.0,100.0,15.0,2916.0,179709.0,183359.0,1965.0,3996.0,1965.0,61.0,P0,0,0,Not Active,Not Active,Not Active,Not Active,Not Active,Not Active,159.088,True,6932556715516.0,8406393829084.0
2026-07-31T02:07:23.443584,2026/07/31 02:07:23.382,0,GPU-2c3c1aab-4401-c49f-e973-2d9a530e6442,NVIDIA B200,939.96,1000.0,100.0,15.0,2916.0,179709.0,183359.0,1965.0,3996.0,1965.0,61.0,P0,0,0,Not Active,Not Active,Not Active,Not Active,Not Active,Not Active,149.521,True,6932556715516.0,8406393829084.0
2026-07-31T02:07:23.602876,2026/07/31 02:07:23.544,0,GPU-2c3c1aab-4401-c49f-e973-2d9a530e6442,NVIDIA B200,939.7,1000.0,100.0,15.0,2916.0,179709.0,183359.0,1965.0,3996.0,1965.0,61.0,P0,0,0,Not Active,Not Active,Not Active,Not Active,Not Active,Not Active,160.119,True,6932556715516.0,8406393829084.0
2026-07-31T02:07:23.802015,2026/07/31 02:07:23.746,0,GPU-2c3c1aab-4401-c49f-e973-2d9a530e6442,NVIDIA B200,940.2,1000.0,100.0,15.0,2916.0,179709.0,183359.0,1965.0,3996.0,1965.0,61.0,P0,0,0,Not Active,Not Active,Not Active,Not Active,Not Active,Not Active,203.507,True,6932556715516.0,8406393829084.0
2026-07-31T02:07:23.944062,2026/07/31 02:07:23.887,0,GPU-2c3c1aab-4401-c49f-e973-2d9a530e6442,NVIDIA B200,940.36,1000.0,100.0,15.0,2916.0,179709.0,183359.0,1965.0,3996.0,1965.0,61.0,P0,0,0,Not Active,Not Active,Not Active,Not Active,Not Active,Not Active,141.263,True,6932556715516.0,8406393829084.0
2026-07-31T02:07:24.091603,2026/07/31 02:07:24.032,0,GPU-2c3c1aab-4401-c49f-e973-2d9a530e6442,NVIDIA B200,940.74,1000.0,100.0,15.0,2916.0,179709.0,183359.0,1965.0,3996.0,1965.0,61.0,P0,0,0,Not Active,Not Active,Not Active,Not Active,Not Active,Not Active,143.992,True,6932556715516.0,8406393829084.0
2026-07-31T02:07:24.237290,2026/07/31 02:07:24.178,0,GPU-2c3c1aab-4401-c49f-e973-2d9a530e6442,NVIDIA B200,940.42,1000.0,100.0,16.0,2916.0,179709.0,183359.0,1965.0,3996.0,1965.0,61.0,P0,0,0,Not Active,Not Active,Not Active,Not Active,Not Active,Not Active,146.763,True,6932556715516.0,8406393829084.0
2026-07-31T02:07:24.384162,2026/07/31 02:07:24.324,0,GPU-2c3c1aab-4401-c49f-e973-2d9a530e6442,NVIDIA B200,939.83,1000.0,100.0,15.0,2916.0,179709.0,183359.0,1965.0,3996.0,1965.0,61.0,P0,0,0,Not Active,Not Active,Not Active,Not Active,Not Active,Not Active,146.682,True,6932556715516.0,8406393829084.0
2026-07-31T02:07:24.738918,2026/07/31 02:07:24.641,0,GPU-2c3c1aab-4401-c49f-e973-2d9a530e6442,NVIDIA B200,939.78,1000.0,100.0,15.0,2916.0,179709.0,183359.0,1965.0,3996.0,1965.0,61.0,P0,0,0,Not Active,Not Active,Not Active,Not Active,Not Active,Not Active,275.256,True,6932556715516.0,8406393829084.0
2026-07-31T02:07:24.924489,2026/07/31 02:07:24.862,0,GPU-2c3c1aab-4401-c49f-e973-2d9a530e6442,NVIDIA B200,939.91,1000.0,100.0,15.0,2916.0,179709.0,183359.0,1965.0,3996.0,1965.0,61.0,P0,0,0,Not Active,Not Active,Not Active,Not Active,Not Active,Not Active,262.482,True,6932556715516.0,8406393829084.0
2026-07-31T02:07:25.065477,2026/07/31 02:07:25.006,0,GPU-2c3c1aab-4401-c49f-e973-2d9a530e6442,NVIDIA B200,939.63,1000.0,100.0,15.0,2916.0,179709.0,183359.0,1965.0,3996.0,1965.0,60.0,P0,0,0,Not Active,Not Active,Not Active,Not Active,Not Active,Not Active,144.101,True,6932556715516.0,8406393829084.0
2026-07-31T02:07:25.212160,2026/07/31 02:07:25.153,0,GPU-2c3c1aab-4401-c49f-e973-2d9a530e6442,NVIDIA B200,939.81,1000.0,100.0,15.0,2916.0,179709.0,183359.0,1965.0,3996.0,1965.0,60.0,P0,0,0,Not Active,Not Active,Not Active,Not Active,Not Active,Not Active,145.758,True,6932556715516.0,8406393829084.0
2026-07-31T02:07:25.358827,2026/07/31 02:07:25.298,0,GPU-2c3c1aab-4401-c49f-e973-2d9a530e6442,NVIDIA B200,939.66,1000.0,100.0,15.0,2916.0,179709.0,183359.0,1965.0,3996.0,1965.0,61.0,P0,0,0,Not Active,Not Active,Not Active,Not Active,Not Active,Not Active,144.918,True,6932556715516.0,8406393829084.0
2026-07-31T02:07:25.503466,2026/07/31 02:07:25.444,0,GPU-2c3c1aab-4401-c49f-e973-2d9a530e6442,NVIDIA B200,939.82,1000.0,100.0,15.0,2916.0,179709.0,183359.0,1965.0,3996.0,1965.0,61.0,P0,0,0,Not Active,Not Active,Not Active,Not Active,Not Active,Not Active,147.216,True,6932556715516.0,8406393829084.0
2026-07-31T02:07:25.650127,2026/07/31 02:07:25.593,0,GPU-2c3c1aab-4401-c49f-e973-2d9a530e6442,NVIDIA B200,939.75,1000.0,100.0,16.0,2916.0,179709.0,183359.0,1965.0,3996.0,1965.0,61.0,P0,0,0,Not Active,Not Active,Not Active,Not Active,Not Active,Not Active,147.966,True,6932556715516.0,8406393829084.0
2026-07-31T02:07:25.790084,2026/07/31 02:07:25.733,0,GPU-2c3c1aab-4401-c49f-e973-2d9a530e6442,NVIDIA B200,939.23,1000.0,100.0,15.0,2916.0,179709.0,183359.0,1965.0,3996.0,1965.0,61.0,P0,0,0,Not Active,Not Active,Not Active,Not Active,Not Active,Not Active,141.175,True,6932556715516.0,8406393829084.0
2026-07-31T02:07:25.933878,2026/07/31 02:07:25.877,0,GPU-2c3c1aab-4401-c49f-e973-2d9a530e6442,NVIDIA B200,939.28,1000.0,100.0,15.0,2916.0,179709.0,183359.0,1965.0,3996.0,1965.0,61.0,P0,0,0,Not Active,Not Active,Not Active,Not Active,Not Active,Not Active,142.045,True,6932556715516.0,8406393829084.0
2026-07-31T02:07:26.075552,2026/07/31 02:07:26.018,0,GPU-2c3c1aab-4401-c49f-e973-2d9a530e6442,NVIDIA B200,939.25,1000.0,100.0,15.0,2916.0,179709.0,183359.0,1965.0,3996.0,1965.0,61.0,P0,0,0,Not Active,Not Active,Not Active,Not Active,Not Active,Not Active,142.111,True,6932556715516.0,8406393829084.0
2026-07-31T02:07:26.221568,2026/07/31 02:07:26.162,0,GPU-2c3c1aab-4401-c49f-e973-2d9a530e6442,NVIDIA B200,939.27,1000.0,100.0,15.0,2916.0,179709.0,183359.0,1965.0,3996.0,1965.0,61.0,P0,0,0,Not Active,Not Active,Not Active,Not Active,Not Active,Not Active,140.871,True,6932556715516.0,8406393829084.0
2026-07-31T02:07:26.367016,2026/07/31 02:07:26.305,0,GPU-2c3c1aab-4401-c49f-e973-2d9a530e6442,NVIDIA B200,939.44,1000.0,100.0,15.0,2916.0,179709.0,183359.0,1965.0,3996.0,1965.0,61.0,P0,0,0,Not Active,Not Active,Not Active,Not Active,Not Active,Not Active,146.906,True,6932556715516.0,8406393829084.0
2026-07-31T02:07:26.511375,2026/07/31 02:07:26.454,0,GPU-2c3c1aab-4401-c49f-e973-2d9a530e6442,NVIDIA B200,939.41,1000.0,100.0,15.0,2916.0,179709.0,183359.0,1965.0,3996.0,1965.0,60.0,P0,0,0,Not Active,Not Active,Not Active,Not Active,Not Active,Not Active,147.982,True,6932556715516.0,8406393829084.0
2026-07-31T02:07:26.658439,2026/07/31 02:07:26.595,0,GPU-2c3c1aab-4401-c49f-e973-2d9a530e6442,NVIDIA B200,939.68,1000.0,100.0,15.0,2916.0,179709.0,183359.0,1965.0,3996.0,1965.0,60.0,P0,0,0,Not Active,Not Active,Not Active,Not Active,Not Active,Not Active,141.223,True,6932556715516.0,8406393829084.0
2026-07-31T02:07:26.800099,2026/07/31 02:07:26.743,0,GPU-2c3c1aab-4401-c49f-e973-2d9a530e6442,NVIDIA B200,939.88,1000.0,100.0,15.0,2916.0,179709.0,183359.0,1965.0,3996.0,1965.0,61.0,P0,0,0,Not Active,Not Active,Not Active,Not Active,Not Active,Not Active,147.706,True,6932556715516.0,8406393829084.0
2026-07-31T02:07:26.951130,2026/07/31 02:07:26.894,0,GPU-2c3c1aab-4401-c49f-e973-2d9a530e6442,NVIDIA B200,940.02,1000.0,100.0,16.0,2916.0,179709.0,183359.0,1965.0,3996.0,1965.0,61.0,P0,0,0,Not Active,Not Active,Not Active,Not Active,Not Active,Not Active,152.465,True,6932556715516.0,8406393829084.0
2026-07-31T02:07:27.103152,2026/07/31 02:07:27.039,0,GPU-2c3c1aab-4401-c49f-e973-2d9a530e6442,NVIDIA B200,940.45,1000.0,100.0,16.0,2916.0,179709.0,183359.0,1965.0,3996.0,1965.0,61.0,P0,0,0,Not Active,Not Active,Not Active,Not Active,Not Active,Not Active,141.819,True,6932556715516.0,8406393829084.0
2026-07-31T02:07:27.250603,2026/07/31 02:07:27.189,0,GPU-2c3c1aab-4401-c49f-e973-2d9a530e6442,NVIDIA B200,939.55,1000.0,100.0,15.0,2916.0,179709.0,183359.0,1965.0,3996.0,1965.0,61.0,P0,0,0,Not Active,Not Active,Not Active,Not Active,Not Active,Not Active,147.835,True,6932556715516.0,8406393829084.0
2026-07-31T02:07:27.516506,2026/07/31 02:07:27.340,0,GPU-2c3c1aab-4401-c49f-e973-2d9a530e6442,NVIDIA B200,939.89,1000.0,100.0,15.0,2916.0,179709.0,183359.0,1965.0,3996.0,1965.0,61.0,P0,0,0,Not Active,Not Active,Not Active,Not Active,Not Active,Not Active,156.508,True,6932556715516.0,8406393829084.0
2026-07-31T02:07:27.694462,2026/07/31 02:07:27.636,0,GPU-2c3c1aab-4401-c49f-e973-2d9a530e6442,NVIDIA B200,939.99,1000.0,100.0,15.0,2916.0,179709.0,183359.0,1965.0,3996.0,1965.0,61.0,P0,0,0,Not Active,Not Active,Not Active,Not Active,Not Active,Not Active,295.206,True,6932556715516.0,8406393829084.0
2026-07-31T02:07:27.841953,2026/07/31 02:07:27.785,0,GPU-2c3c1aab-4401-c49f-e973-2d9a530e6442,NVIDIA B200,939.74,1000.0,100.0,15.0,2916.0,179709.0,183359.0,1965.0,3996.0,1965.0,61.0,P0,0,0,Not Active,Not Active,Not Active,Not Active,Not Active,Not Active,148.549,True,6932556715516.0,8406393829084.0
2026-07-31T02:07:27.990128,2026/07/31 02:07:27.932,0,GPU-2c3c1aab-4401-c49f-e973-2d9a530e6442,NVIDIA B200,939.91,1000.0,100.0,15.0,2916.0,179709.0,183359.0,1965.0,3996.0,1965.0,60.0,P0,0,0,Not Active,Not Active,Not Active,Not Active,Not Active,Not Active,148.667,True,6932556715516.0,8406393829084.0
2026-07-31T02:07:28.138174,2026/07/31 02:07:28.078,0,GPU-2c3c1aab-4401-c49f-e973-2d9a530e6442,NVIDIA B200,940.55,1000.0,100.0,15.0,2916.0,179709.0,183359.0,1965.0,3996.0,1965.0,61.0,P0,0,0,Not Active,Not Active,Not Active,Not Active,Not Active,Not Active,144.98,True,6932556715516.0,8406393829084.0
2026-07-31T02:07:28.279516,2026/07/31 02:07:28.221,0,GPU-2c3c1aab-4401-c49f-e973-2d9a530e6442,NVIDIA B200,940.49,1000.0,100.0,15.0,2916.0,179709.0,183359.0,1965.0,3996.0,1965.0,61.0,P0,0,0,Not Active,Not Active,Not Active,Not Active,Not Active,Not Active,143.283,True,6932556715516.0,8406393829084.0
2026-07-31T02:07:28.422487,2026/07/31 02:07:28.363,0,GPU-2c3c1aab-4401-c49f-e973-2d9a530e6442,NVIDIA B200,940.7,1000.0,100.0,16.0,2916.0,179709.0,183359.0,1965.0,3996.0,1965.0,61.0,P0,0,0,Not Active,Not Active,Not Active,Not Active,Not Active,Not Active,140.534,True,6932556715516.0,8406393829084.0
2026-07-31T02:07:28.571851,2026/07/31 02:07:28.507,0,GPU-2c3c1aab-4401-c49f-e973-2d9a530e6442,NVIDIA B200,940.04,1000.0,100.0,15.0,2916.0,179709.0,183359.0,1965.0,3996.0,1965.0,61.0,P0,0,0,Not Active,Not Active,Not Active,Not Active,Not Active,Not Active,145.23,True,6932556715516.0,8406393829084.0
2026-07-31T02:07:28.718444,2026/07/31 02:07:28.658,0,GPU-2c3c1aab-4401-c49f-e973-2d9a530e6442,NVIDIA B200,939.88,1000.0,100.0,15.0,2916.0,179709.0,183359.0,1965.0,3996.0,1965.0,61.0,P0,0,0,Not Active,Not Active,Not Active,Not Active,Not Active,Not Active,151.151,True,6932556715516.0,8406393829084.0
2026-07-31T02:07:28.916132,2026/07/31 02:07:28.857,0,GPU-2c3c1aab-4401-c49f-e973-2d9a530e6442,NVIDIA B200,939.82,1000.0,100.0,15.0,2916.0,179709.0,183359.0,1965.0,3996.0,1965.0,61.0,P0,0,0,Not Active,Not Active,Not Active,Not Active,Not Active,Not Active,197.624,True,6932556715516.0,8406393829084.0
2026-07-31T02:07:29.063594,2026/07/31 02:07:29.005,0,GPU-2c3c1aab-4401-c49f-e973-2d9a530e6442,NVIDIA B200,940.36,1000.0,100.0,15.0,2916.0,179709.0,183359.0,1965.0,3996.0,1965.0,61.0,P0,0,0,Not Active,Not Active,Not Active,Not Active,Not Active,Not Active,147.225,True,6932556715516.0,8406393829084.0
2026-07-31T02:07:29.209058,2026/07/31 02:07:29.151,0,GPU-2c3c1aab-4401-c49f-e973-2d9a530e6442,NVIDIA B200,939.53,1000.0,100.0,15.0,2916.0,179709.0,183359.0,1965.0,3996.0,1965.0,61.0,P0,0,0,Not Active,Not Active,Not Active,Not Active,Not Active,Not Active,147.118,True,6932556715516.0,8406393829084.0
2026-07-31T02:07:29.353479,2026/07/31 02:07:29.295,0,GPU-2c3c1aab-4401-c49f-e973-2d9a530e6442,NVIDIA B200,939.94,1000.0,100.0,15.0,2916.0,179709.0,183359.0,1965.0,3996.0,1965.0,60.0,P0,0,0,Not Active,Not Active,Not Active,Not Active,Not Active,Not Active,143.947,True,6932556715516.0,8406393829084.0
2026-07-31T02:07:29.507439,2026/07/31 02:07:29.441,0,GPU-2c3c1aab-4401-c49f-e973-2d9a530e6442,NVIDIA B200,939.67,1000.0,100.0,15.0,2916.0,179709.0,183359.0,1965.0,3996.0,1965.0,60.0,P0,0,0,Not Active,Not Active,Not Active,Not Active,Not Active,Not Active,144.004,True,6932556715516.0,8406393829084.0
2026-07-31T02:07:29.653440,2026/07/31 02:07:29.594,0,GPU-2c3c1aab-4401-c49f-e973-2d9a530e6442,NVIDIA B200,940.32,1000.0,100.0,15.0,2916.0,179709.0,183359.0,1965.0,3996.0,1965.0,61.0,P0,0,0,Not Active,Not Active,Not Active,Not Active,Not Active,Not Active,156.264,True,6932556715516.0,8406393829084.0
2026-07-31T02:07:29.802476,2026/07/31 02:07:29.740,0,GPU-2c3c1aab-4401-c49f-e973-2d9a530e6442,NVIDIA B200,940.17,1000.0,100.0,15.0,2916.0,179709.0,183359.0,1965.0,3996.0,1965.0,61.0,P0,0,0,Not Active,Not Active,Not Active,Not Active,Not Active,Not Active,144.572,True,6932556715516.0,8406393829084.0
2026-07-31T02:07:30.154928,2026/07/31 02:07:30.042,0,GPU-2c3c1aab-4401-c49f-e973-2d9a530e6442,NVIDIA B200,939.48,1000.0,100.0,15.0,2916.0,179709.0,183359.0,1965.0,3996.0,1965.0,61.0,P0,0,0,Not Active,Not Active,Not Active,Not Active,Not Active,Not Active,242.648,True,6932556715516.0,8406393829084.0
2026-07-31T02:07:30.348136,2026/07/31 02:07:30.287,0,GPU-2c3c1aab-4401-c49f-e973-2d9a530e6442,NVIDIA B200,940.0,1000.0,100.0,15.0,2916.0,179709.0,183359.0,1965.0,3996.0,1965.0,61.0,P0,0,0,Not Active,Not Active,Not Active,Not Active,Not Active,Not Active,305.075,True,6932556715516.0,8406393829084.0
2026-07-31T02:07:30.514982,2026/07/31 02:07:30.455,0,GPU-2c3c1aab-4401-c49f-e973-2d9a530e6442,NVIDIA B200,939.95,1000.0,100.0,15.0,2916.0,179709.0,183359.0,1965.0,3996.0,1965.0,61.0,P0,0,0,Not Active,Not Active,Not Active,Not Active,Not Active,Not Active,167.257,True,6932556715516.0,8406393829084.0
2026-07-31T02:07:30.655271,2026/07/31 02:07:30.597,0,GPU-2c3c1aab-4401-c49f-e973-2d9a530e6442,NVIDIA B200,939.26,1000.0,100.0,15.0,2916.0,179709.0,183359.0,1965.0,3996.0,1965.0,60.0,P0,0,0,Not Active,Not Active,Not Active,Not Active,Not Active,Not Active,143.888,True,6932556715516.0,8406393829084.0
2026-07-31T02:07:30.803072,2026/07/31 02:07:30.741,0,GPU-2c3c1aab-4401-c49f-e973-2d9a530e6442,NVIDIA B200,939.39,1000.0,100.0,15.0,2916.0,179709.0,183359.0,1965.0,3996.0,1965.0,60.0,P0,0,0,Not Active,Not Active,Not Active,Not Active,Not Active,Not Active,143.552,True,6932556715516.0,8406393829084.0
2026-07-31T02:07:30.943154,2026/07/31 02:07:30.886,0,GPU-2c3c1aab-4401-c49f-e973-2d9a530e6442,NVIDIA B200,939.38,1000.0,100.0,15.0,2916.0,179709.0,183359.0,1965.0,3996.0,1965.0,61.0,P0,0,0,Not Active,Not Active,Not Active,Not Active,Not Active,Not Active,145.148,True,6932556715516.0,8406393829084.0
2026-07-31T02:07:31.088363,2026/07/31 02:07:31.029,0,GPU-2c3c1aab-4401-c49f-e973-2d9a530e6442,NVIDIA B200,939.84,1000.0,100.0,15.0,2916.0,179709.0,183359.0,1965.0,3996.0,1965.0,61.0,P0,0,0,Not Active,Not Active,Not Active,Not Active,Not Active,Not Active,142.464,True,6932556715516.0,8406393829084.0
2026-07-31T02:07:31.231214,2026/07/31 02:07:31.171,0,GPU-2c3c1aab-4401-c49f-e973-2d9a530e6442,NVIDIA B200,939.36,1000.0,100.0,16.0,2916.0,179709.0,183359.0,1965.0,3996.0,1965.0,61.0,P0,0,0,Not Active,Not Active,Not Active,Not Active,Not Active,Not Active,141.837,True,6932556715516.0,8406393829084.0
2026-07-31T02:07:31.379239,2026/07/31 02:07:31.317,0,GPU-2c3c1aab-4401-c49f-e973-2d9a530e6442,NVIDIA B200,939.28,1000.0,100.0,15.0,2916.0,179709.0,183359.0,1965.0,3996.0,1965.0,61.0,P0,0,0,Not Active,Not Active,Not Active,Not Active,Not Active,Not Active,143.152,True,6932556715516.0,8406393829084.0
2026-07-31T02:07:31.525178,2026/07/31 02:07:31.465,0,GPU-2c3c1aab-4401-c49f-e973-2d9a530e6442,NVIDIA B200,938.87,1000.0,100.0,15.0,2916.0,179709.0,183359.0,1965.0,3996.0,1965.0,61.0,P0,0,0,Not Active,Not Active,Not Active,Not Active,Not Active,Not Active,151.132,True,6932556715516.0,8406393829084.0
2026-07-31T02:07:31.679147,2026/07/31 02:07:31.619,0,GPU-2c3c1aab-4401-c49f-e973-2d9a530e6442,NVIDIA B200,938.37,1000.0,100.0,15.0,2916.0,179709.0,183359.0,1965.0,3996.0,1965.0,61.0,P0,0,0,Not Active,Not Active,Not Active,Not Active,Not Active,Not Active,148.109,True,6932556715516.0,8406393829084.0
2026-07-31T02:07:31.826360,2026/07/31 02:07:31.766,0,GPU-2c3c1aab-4401-c49f-e973-2d9a530e6442,NVIDIA B200,939.16,1000.0,100.0,15.0,2916.0,179709.0,183359.0,1965.0,3996.0,1965.0,61.0,P0,0,0,Not Active,Not Active,Not Active,Not Active,Not Active,Not Active,149.756,True,6932556715516.0,8406393829084.0
2026-07-31T02:07:32.020102,2026/07/31 02:07:31.954,0,GPU-2c3c1aab-4401-c49f-e973-2d9a530e6442,NVIDIA B200,938.73,1000.0,100.0,15.0,2916.0,179709.0,183359.0,1965.0,3996.0,1965.0,61.0,P0,0,0,Not Active,Not Active,Not Active,Not Active,Not Active,Not Active,182.174,True,6932556715516.0,8406393829084.0
2026-07-31T02:07:32.173182,2026/07/31 02:07:32.112,0,GPU-2c3c1aab-4401-c49f-e973-2d9a530e6442,NVIDIA B200,939.07,1000.0,100.0,15.0,2916.0,179709.0,183359.0,1965.0,3996.0,1965.0,61.0,P0,0,0,Not Active,Not Active,Not Active,Not Active,Not Active,Not Active,164.261,True,6932556715516.0,8406393829084.0
2026-07-31T02:07:32.323529,2026/07/31 02:07:32.265,0,GPU-2c3c1aab-4401-c49f-e973-2d9a530e6442,NVIDIA B200,939.19,1000.0,100.0,15.0,2916.0,179709.0,183359.0,1965.0,3996.0,1965.0,61.0,P0,0,0,Not Active,Not Active,Not Active,Not Active,Not Active,Not Active,150.18,True,6932556715516.0,8406393829084.0
2026-07-31T02:07:32.479936,2026/07/31 02:07:32.420,0,GPU-2c3c1aab-4401-c49f-e973-2d9a530e6442,NVIDIA B200,939.81,1000.0,100.0,15.0,2916.0,179709.0,183359.0,1965.0,3996.0,1965.0,61.0,P0,0,0,Not Active,Not Active,Not Active,Not Active,Not Active,Not Active,157.774,True,6932556715516.0,8406393829084.0
2026-07-31T02:07:32.626120,2026/07/31 02:07:32.567,0,GPU-2c3c1aab-4401-c49f-e973-2d9a530e6442,NVIDIA B200,940.12,1000.0,100.0,16.0,2916.0,179709.0,183359.0,1965.0,3996.0,1965.0,61.0,P0,0,0,Not Active,Not Active,Not Active,Not Active,Not Active,Not Active,148.809,True,6932556715516.0,8406393829084.0
2026-07-31T02:07:32.905330,2026/07/31 02:07:32.739,0,GPU-2c3c1aab-4401-c49f-e973-2d9a530e6442,NVIDIA B200,939.61,1000.0,100.0,15.0,2916.0,179709.0,183359.0,1965.0,3996.0,1965.0,61.0,P0,0,0,Not Active,Not Active,Not Active,Not Active,Not Active,Not Active,145.011,True,6932556715516.0,8406393829084.0
2026-07-31T02:07:33.065195,2026/07/31 02:07:33.002,0,GPU-2c3c1aab-4401-c49f-e973-2d9a530e6442,NVIDIA B200,939.39,1000.0,100.0,15.0,2916.0,179709.0,183359.0,1965.0,3996.0,1965.0,61.0,P0,0,0,Not Active,Not Active,Not Active,Not Active,Not Active,Not Active,289.553,True,6932556715516.0,8406393829084.0
2026-07-31T02:07:33.208160,2026/07/31 02:07:33.150,0,GPU-2c3c1aab-4401-c49f-e973-2d9a530e6442,NVIDIA B200,939.4,1000.0,100.0,15.0,2916.0,179709.0,183359.0,1965.0,3996.0,1965.0,61.0,P0,0,0,Not Active,Not Active,Not Active,Not Active,Not Active,Not Active,149.738,True,6932556715516.0,8406393829084.0
2026-07-31T02:07:33.363363,2026/07/31 02:07:33.299,0,GPU-2c3c1aab-4401-c49f-e973-2d9a530e6442,NVIDIA B200,939.47,1000.0,100.0,15.0,2916.0,179709.0,183359.0,1965.0,3996.0,1965.0,61.0,P0,0,0,Not Active,Not Active,Not Active,Not Active,Not Active,Not Active,146.389,True,6932556715516.0,8406393829084.0
2026-07-31T02:07:33.510123,2026/07/31 02:07:33.452,0,GPU-2c3c1aab-4401-c49f-e973-2d9a530e6442,NVIDIA B200,939.46,1000.0,100.0,15.0,2916.0,179709.0,183359.0,1965.0,3996.0,1965.0,61.0,P0,0,0,Not Active,Not Active,Not Active,Not Active,Not Active,Not Active,152.42,True,6932556715516.0,8406393829084.0
2026-07-31T02:07:33.662232,2026/07/31 02:07:33.600,0,GPU-2c3c1aab-4401-c49f-e973-2d9a530e6442,NVIDIA B200,939.75,1000.0,100.0,15.0,2916.0,179709.0,183359.0,1965.0,3996.0,1965.0,61.0,P0,0,0,Not Active,Not Active,Not Active,Not Active,Not Active,Not Active,148.201,True,6932556715516.0,8406393829084.0
2026-07-31T02:07:33.808427,2026/07/31 02:07:33.748,0,GPU-2c3c1aab-4401-c49f-e973-2d9a530e6442,NVIDIA B200,939.77,1000.0,100.0,15.0,2916.0,179709.0,183359.0,1965.0,3996.0,1965.0,61.0,P0,0,0,Not Active,Not Active,Not Active,Not Active,Not Active,Not Active,147.785,True,6932556715516.0,8406393829084.0
2026-07-31T02:07:33.998594,2026/07/31 02:07:33.940,0,GPU-2c3c1aab-4401-c49f-e973-2d9a530e6442,NVIDIA B200,940.4,1000.0,100.0,16.0,2916.0,179709.0,183359.0,1965.0,3996.0,1965.0,61.0,P0,0,0,Not Active,Not Active,Not Active,Not Active,Not Active,Not Active,196.359,True,6932556715516.0,8406393829084.0
2026-07-31T02:07:34.142694,2026/07/31 02:07:34.085,0,GPU-2c3c1aab-4401-c49f-e973-2d9a530e6442,NVIDIA B200,940.04,1000.0,100.0,15.0,2916.0,179709.0,183359.0,1965.0,3996.0,1965.0,61.0,P0,0,0,Not Active,Not Active,Not Active,Not Active,Not Active,Not Active,142.68,True,6932556715516.0,8406393829084.0
2026-07-31T02:07:34.290347,2026/07/31 02:07:34.227,0,GPU-2c3c1aab-4401-c49f-e973-2d9a530e6442,NVIDIA B200,939.11,1000.0,100.0,15.0,2916.0,179709.0,183359.0,1965.0,3996.0,1965.0,61.0,P0,0,0,Not Active,Not Active,Not Active,Not Active,Not Active,Not Active,142.005,True,6932556715516.0,8406393829084.0
2026-07-31T02:07:34.436167,2026/07/31 02:07:34.377,0,GPU-2c3c1aab-4401-c49f-e973-2d9a530e6442,NVIDIA B200,939.04,1000.0,100.0,15.0,2916.0,179709.0,183359.0,1965.0,3996.0,1965.0,61.0,P0,0,0,Not Active,Not Active,Not Active,Not Active,Not Active,Not Active,149.794,True,6932556715516.0,8406393829084.0
2026-07-31T02:07:34.582474,2026/07/31 02:07:34.524,0,GPU-2c3c1aab-4401-c49f-e973-2d9a530e6442,NVIDIA B200,939.88,1000.0,100.0,15.0,2916.0,179709.0,183359.0,1965.0,3996.0,1965.0,61.0,P0,0,0,Not Active,Not Active,Not Active,Not Active,Not Active,Not Active,146.038,True,6932556715516.0,8406393829084.0
2026-07-31T02:07:34.726393,2026/07/31 02:07:34.669,0,GPU-2c3c1aab-4401-c49f-e973-2d9a530e6442,NVIDIA B200,939.75,1000.0,100.0,15.0,2916.0,179709.0,183359.0,1965.0,3996.0,1965.0,61.0,P0,0,0,Not Active,Not Active,Not Active,Not Active,Not Active,Not Active,143.851,True,6932556715516.0,8406393829084.0
2026-07-31T02:07:34.874481,2026/07/31 02:07:34.813,0,GPU-2c3c1aab-4401-c49f-e973-2d9a530e6442,NVIDIA B200,939.74,1000.0,100.0,15.0,2916.0,179709.0,183359.0,1965.0,3996.0,1965.0,61.0,P0,0,0,Not Active,Not Active,Not Active,Not Active,Not Active,Not Active,146.512,True,6932556715516.0,8406393829084.0
2026-07-31T02:07:35.019374,2026/07/31 02:07:34.960,0,GPU-2c3c1aab-4401-c49f-e973-2d9a530e6442,NVIDIA B200,939.35,1000.0,100.0,15.0,2916.0,179709.0,183359.0,1965.0,3996.0,1965.0,61.0,P0,0,0,Not Active,Not Active,Not Active,Not Active,Not Active,Not Active,145.668,True,6932556715516.0,8406393829084.0
2026-07-31T02:07:35.166520,2026/07/31 02:07:35.108,0,GPU-2c3c1aab-4401-c49f-e973-2d9a530e6442,NVIDIA B200,940.27,1000.0,100.0,15.0,2916.0,179709.0,183359.0,1965.0,3996.0,1965.0,61.0,P0,0,0,Not Active,Not Active,Not Active,Not Active,Not Active,Not Active,148.603,True,6932556715516.0,8406393829084.0
2026-07-31T02:07:35.483228,2026/07/31 02:07:35.249,0,GPU-2c3c1aab-4401-c49f-e973-2d9a530e6442,NVIDIA B200,940.98,1000.0,100.0,15.0,2916.0,179709.0,183359.0,1965.0,3996.0,1965.0,61.0,P0,0,0,Not Active,Not Active,Not Active,Not Active,Not Active,Not Active,141.678,True,6932556715516.0,8406393829084.0
2026-07-31T02:07:35.698996,2026/07/31 02:07:35.638,0,GPU-2c3c1aab-4401-c49f-e973-2d9a530e6442,NVIDIA B200,939.97,1000.0,100.0,15.0,2916.0,179709.0,183359.0,1965.0,3996.0,1965.0,61.0,P0,0,0,Not Active,Not Active,Not Active,Not Active,Not Active,Not Active,377.558,True,6932556715516.0,8406393829084.0
2026-07-31T02:07:35.843617,2026/07/31 02:07:35.787,0,GPU-2c3c1aab-4401-c49f-e973-2d9a530e6442,NVIDIA B200,940.43,1000.0,100.0,15.0,2916.0,179709.0,183359.0,1965.0,3996.0,1965.0,61.0,P0,0,0,Not Active,Not Active,Not Active,Not Active,Not Active,Not Active,159.124,True,6932556715516.0,8406393829084.0
2026-07-31T02:07:35.986087,2026/07/31 02:07:35.926,0,GPU-2c3c1aab-4401-c49f-e973-2d9a530e6442,NVIDIA B200,940.15,1000.0,100.0,15.0,2916.0,179709.0,183359.0,1965.0,3996.0,1965.0,61.0,P0,0,0,Not Active,Not Active,Not Active,Not Active,Not Active,Not Active,140.416,True,6932556715516.0,8406393829084.0
2026-07-31T02:07:36.130139,2026/07/31 02:07:36.072,0,GPU-2c3c1aab-4401-c49f-e973-2d9a530e6442,NVIDIA B200,939.87,1000.0,100.0,15.0,2916.0,179709.0,183359.0,1965.0,3996.0,1965.0,61.0,P0,0,0,Not Active,Not Active,Not Active,Not Active,Not Active,Not Active,145.265,True,6932556715516.0,8406393829084.0
2026-07-31T02:07:36.274989,2026/07/31 02:07:36.215,0,GPU-2c3c1aab-4401-c49f-e973-2d9a530e6442,NVIDIA B200,940.39,1000.0,100.0,15.0,2916.0,179709.0,183359.0,1965.0,3996.0,1965.0,61.0,P0,0,0,Not Active,Not Active,Not Active,Not Active,Not Active,Not Active,143.395,True,6932556715516.0,8406393829084.0
2026-07-31T02:07:36.418642,2026/07/31 02:07:36.359,0,GPU-2c3c1aab-4401-c49f-e973-2d9a530e6442,NVIDIA B200,940.66,1000.0,100.0,15.0,2916.0,179709.0,183359.0,1965.0,3996.0,1965.0,61.0,P0,0,0,Not Active,Not Active,Not Active,Not Active,Not Active,Not Active,144.89,True,6932556715516.0,8406393829084.0
2026-07-31T02:07:36.565658,2026/07/31 02:07:36.503,0,GPU-2c3c1aab-4401-c49f-e973-2d9a530e6442,NVIDIA B200,941.95,1000.0,100.0,15.0,2916.0,179709.0,183359.0,1965.0,3996.0,1965.0,61.0,P0,0,0,Not Active,Not Active,Not Active,Not Active,Not Active,Not Active,142.843,True,6932556715516.0,8406393829084.0
2026-07-31T02:07:36.709659,2026/07/31 02:07:36.648,0,GPU-2c3c1aab-4401-c49f-e973-2d9a530e6442,NVIDIA B200,941.9,1000.0,100.0,15.0,2916.0,179709.0,183359.0,1965.0,3996.0,1965.0,61.0,P0,0,0,Not Active,Not Active,Not Active,Not Active,Not Active,Not Active,145.328,True,6932556715516.0,8406393829084.0
2026-07-31T02:07:36.860964,2026/07/31 02:07:36.800,0,GPU-2c3c1aab-4401-c49f-e973-2d9a530e6442,NVIDIA B200,941.92,1000.0,100.0,16.0,2916.0,179709.0,183359.0,1965.0,3996.0,1965.0,61.0,P0,0,0,Not Active,Not Active,Not Active,Not Active,Not Active,Not Active,152.425,True,6932556715516.0,8406393829084.0
2026-07-31T02:07:37.005528,2026/07/31 02:07:36.945,0,GPU-2c3c1aab-4401-c49f-e973-2d9a530e6442,NVIDIA B200,941.82,1000.0,100.0,15.0,2916.0,179709.0,183359.0,1965.0,3996.0,1965.0,61.0,P0,0,0,Not Active,Not Active,Not Active,Not Active,Not Active,Not Active,144.554,True,6932556715516.0,8406393829084.0
2026-07-31T02:07:37.149382,2026/07/31 02:07:37.093,0,GPU-2c3c1aab-4401-c49f-e973-2d9a530e6442,NVIDIA B200,942.12,1000.0,100.0,15.0,2916.0,179709.0,183359.0,1965.0,3996.0,1965.0,61.0,P0,0,0,Not Active,Not Active,Not Active,Not Active,Not Active,Not Active,149.126,True,6932556715516.0,8406393829084.0
2026-07-31T02:07:37.296353,2026/07/31 02:07:37.239,0,GPU-2c3c1aab-4401-c49f-e973-2d9a530e6442,NVIDIA B200,941.92,1000.0,100.0,15.0,2916.0,179709.0,183359.0,1965.0,3996.0,1965.0,61.0,P0,0,0,Not Active,Not Active,Not Active,Not Active,Not Active,Not Active,144.781,True,6932556715516.0,8406393829084.0
2026-07-31T02:07:37.436414,2026/07/31 02:07:37.379,0,GPU-2c3c1aab-4401-c49f-e973-2d9a530e6442,NVIDIA B200,941.43,1000.0,100.0,15.0,2916.0,179709.0,183359.0,1965.0,3996.0,1965.0,61.0,P0,0,0,Not Active,Not Active,Not Active,Not Active,Not Active,Not Active,140.337,True,6932556715516.0,8406393829084.0
2026-07-31T02:07:37.582904,2026/07/31 02:07:37.523,0,GPU-2c3c1aab-4401-c49f-e973-2d9a530e6442,NVIDIA B200,940.68,1000.0,100.0,15.0,2916.0,179709.0,183359.0,1965.0,3996.0,1965.0,61.0,P0,0,0,Not Active,Not Active,Not Active,Not Active,Not Active,Not Active,144.44,True,6932556715516.0,8406393829084.0
2026-07-31T02:07:37.724502,2026/07/31 02:07:37.665,0,GPU-2c3c1aab-4401-c49f-e973-2d9a530e6442,NVIDIA B200,941.13,1000.0,100.0,15.0,2916.0,179709.0,183359.0,1965.0,3996.0,1965.0,61.0,P0,0,0,Not Active,Not Active,Not Active,Not Active,Not Active,Not Active,142.385,True,6932556715516.0,8406393829084.0
2026-07-31T02:07:37.869136,2026/07/31 02:07:37.809,0,GPU-2c3c1aab-4401-c49f-e973-2d9a530e6442,NVIDIA B200,941.13,1000.0,100.0,15.0,2916.0,179709.0,183359.0,1965.0,3996.0,1965.0,61.0,P0,0,0,Not Active,Not Active,Not Active,Not Active,Not Active,Not Active,142.717,True,6932556715516.0,8406393829084.0
2026-07-31T02:07:38.009641,2026/07/31 02:07:37.952,0,GPU-2c3c1aab-4401-c49f-e973-2d9a530e6442,NVIDIA B200,941.7,1000.0,100.0,15.0,2916.0,179709.0,183359.0,1965.0,3996.0,1965.0,62.0,P0,0,0,Not Active,Not Active,Not Active,Not Active,Not Active,Not Active,143.847,True,6932556715516.0,8406393829084.0
2026-07-31T02:07:38.290329,2026/07/31 02:07:38.229,0,GPU-2c3c1aab-4401-c49f-e973-2d9a530e6442,NVIDIA B200,941.46,1000.0,100.0,15.0,2916.0,179709.0,183359.0,1965.0,3996.0,1965.0,62.0,P0,0,0,Not Active,Not Active,Not Active,Not Active,Not Active,Not Active,249.93,True,6932556715516.0,8406393829084.0
2026-07-31T02:07:38.436027,2026/07/31 02:07:38.377,0,GPU-2c3c1aab-4401-c49f-e973-2d9a530e6442,NVIDIA B200,941.26,1000.0,100.0,15.0,2916.0,179709.0,183359.0,1965.0,3996.0,1965.0,62.0,P0,0,0,Not Active,Not Active,Not Active,Not Active,Not Active,Not Active,170.472,True,6932556715516.0,8406393829084.0
2026-07-31T02:07:38.586454,2026/07/31 02:07:38.529,0,GPU-2c3c1aab-4401-c49f-e973-2d9a530e6442,NVIDIA B200,941.58,1000.0,100.0,15.0,2916.0,179709.0,183359.0,1965.0,3996.0,1965.0,62.0,P0,0,0,Not Active,Not Active,Not Active,Not Active,Not Active,Not Active,156.855,True,6932556715516.0,8406393829084.0
2026-07-31T02:07:38.734943,2026/07/31 02:07:38.671,0,GPU-2c3c1aab-4401-c49f-e973-2d9a530e6442,NVIDIA B200,942.35,1000.0,100.0,15.0,2916.0,179709.0,183359.0,1965.0,3996.0,1965.0,62.0,P0,0,0,Not Active,Not Active,Not Active,Not Active,Not Active,Not Active,139.665,True,6932556715516.0,8406393829084.0
2026-07-31T02:07:38.878282,2026/07/31 02:07:38.819,0,GPU-2c3c1aab-4401-c49f-e973-2d9a530e6442,NVIDIA B200,942.05,1000.0,100.0,15.0,2916.0,179709.0,183359.0,1965.0,3996.0,1965.0,62.0,P0,0,0,Not Active,Not Active,Not Active,Not Active,Not Active,Not Active,150.028,True,6932556715516.0,8406393829084.0
2026-07-31T02:07:39.078184,2026/07/31 02:07:39.015,0,GPU-2c3c1aab-4401-c49f-e973-2d9a530e6442,NVIDIA B200,942.56,1000.0,100.0,15.0,2916.0,179709.0,183359.0,1965.0,3996.0,1965.0,62.0,P0,0,0,Not Active,Not Active,Not Active,Not Active,Not Active,Not Active,196.452,True,6932556715516.0,8406393829084.0
2026-07-31T02:07:39.258233,2026/07/31 02:07:39.164,0,GPU-2c3c1aab-4401-c49f-e973-2d9a530e6442,NVIDIA B200,942.4,1000.0,100.0,15.0,2916.0,179709.0,183359.0,1965.0,3996.0,1965.0,62.0,P0,0,0,Not Active,Not Active,Not Active,Not Active,Not Active,Not Active,145.762,True,6932556715516.0,8406393829084.0
2026-07-31T02:07:39.523856,2026/07/31 02:07:39.428,0,GPU-2c3c1aab-4401-c49f-e973-2d9a530e6442,NVIDIA B200,942.89,1000.0,100.0,15.0,2916.0,179709.0,183359.0,1965.0,3996.0,1965.0,62.0,P0,0,0,Not Active,Not Active,Not Active,Not Active,Not Active,Not Active,248.451,True,6932556715516.0,8406393829084.0
2026-07-31T02:07:39.692121,2026/07/31 02:07:39.635,0,GPU-2c3c1aab-4401-c49f-e973-2d9a530e6442,NVIDIA B200,943.17,1000.0,100.0,16.0,2916.0,179709.0,183359.0,1965.0,3996.0,1965.0,62.0,P0,0,0,Not Active,Not Active,Not Active,Not Active,Not Active,Not Active,225.652,True,6932556715516.0,8406393829084.0
2026-07-31T02:07:39.836172,2026/07/31 02:07:39.778,0,GPU-2c3c1aab-4401-c49f-e973-2d9a530e6442,NVIDIA B200,942.78,1000.0,100.0,15.0,2916.0,179709.0,183359.0,1965.0,3996.0,1965.0,62.0,P0,0,0,Not Active,Not Active,Not Active,Not Active,Not Active,Not Active,140.918,True,6932556715516.0,8406393829084.0
2026-07-31T02:07:39.980131,2026/07/31 02:07:39.919,0,GPU-2c3c1aab-4401-c49f-e973-2d9a530e6442,NVIDIA B200,943.05,1000.0,100.0,15.0,2916.0,179709.0,183359.0,1965.0,3996.0,1965.0,62.0,P0,0,0,Not Active,Not Active,Not Active,Not Active,Not Active,Not Active,142.762,True,6932556715516.0,8406393829084.0
2026-07-31T02:07:40.120022,2026/07/31 02:07:40.062,0,GPU-2c3c1aab-4401-c49f-e973-2d9a530e6442,NVIDIA B200,942.07,1000.0,100.0,15.0,2916.0,179709.0,183359.0,1965.0,3996.0,1965.0,62.0,P0,0,0,Not Active,Not Active,Not Active,Not Active,Not Active,Not Active,143.532,True,6932556715516.0,8406393829084.0
2026-07-31T02:07:40.272129,2026/07/31 02:07:40.211,0,GPU-2c3c1aab-4401-c49f-e973-2d9a530e6442,NVIDIA B200,942.45,1000.0,100.0,15.0,2916.0,179709.0,183359.0,1965.0,3996.0,1965.0,62.0,P0,0,0,Not Active,Not Active,Not Active,Not Active,Not Active,Not Active,146.646,True,6932556715516.0,8406393829084.0
2026-07-31T02:07:40.420278,2026/07/31 02:07:40.362,0,GPU-2c3c1aab-4401-c49f-e973-2d9a530e6442,NVIDIA B200,942.13,1000.0,100.0,15.0,2916.0,179709.0,183359.0,1965.0,3996.0,1965.0,62.0,P0,0,0,Not Active,Not Active,Not Active,Not Active,Not Active,Not Active,151.233,True,6932556715516.0,8406393829084.0
2026-07-31T02:07:40.570043,2026/07/31 02:07:40.511,0,GPU-2c3c1aab-4401-c49f-e973-2d9a530e6442,NVIDIA B200,942.53,1000.0,100.0,15.0,2916.0,179709.0,183359.0,1965.0,3996.0,1965.0,62.0,P0,0,0,Not Active,Not Active,Not Active,Not Active,Not Active,Not Active,150.567,True,6932556715516.0,8406393829084.0
2026-07-31T02:07:40.854383,2026/07/31 02:07:40.654,0,GPU-2c3c1aab-4401-c49f-e973-2d9a530e6442,NVIDIA B200,942.13,1000.0,100.0,15.0,2916.0,179709.0,183359.0,1965.0,3996.0,1965.0,62.0,P0,0,0,Not Active,Not Active,Not Active,Not Active,Not Active,Not Active,143.203,True,6932556715516.0,8406393829084.0
2026-07-31T02:07:41.095366,2026/07/31 02:07:41.014,0,GPU-2c3c1aab-4401-c49f-e973-2d9a530e6442,NVIDIA B200,941.6,1000.0,100.0,16.0,2916.0,179709.0,183359.0,1965.0,3996.0,1965.0,62.0,P0,0,0,Not Active,Not Active,Not Active,Not Active,Not Active,Not Active,345.744,True,6932556715516.0,8406393829084.0
2026-07-31T02:07:41.239974,2026/07/31 02:07:41.180,0,GPU-2c3c1aab-4401-c49f-e973-2d9a530e6442,NVIDIA B200,942.26,1000.0,100.0,15.0,2916.0,179709.0,183359.0,1965.0,3996.0,1965.0,62.0,P0,0,0,Not Active,Not Active,Not Active,Not Active,Not Active,Not Active,176.404,True,6932556715516.0,8406393829084.0
2026-07-31T02:07:41.392118,2026/07/31 02:07:41.330,0,GPU-2c3c1aab-4401-c49f-e973-2d9a530e6442,NVIDIA B200,942.16,1000.0,100.0,15.0,2916.0,179709.0,183359.0,1965.0,3996.0,1965.0,62.0,P0,0,0,Not Active,Not Active,Not Active,Not Active,Not Active,Not Active,152.34,True,6932556715516.0,8406393829084.0
2026-07-31T02:07:41.548975,2026/07/31 02:07:41.479,0,GPU-2c3c1aab-4401-c49f-e973-2d9a530e6442,NVIDIA B200,942.57,1000.0,100.0,15.0,2916.0,179709.0,183359.0,1965.0,3996.0,1965.0,62.0,P0,0,0,Not Active,Not Active,Not Active,Not Active,Not Active,Not Active,146.699,True,6932556715516.0,8406393829084.0
2026-07-31T02:07:41.692119,2026/07/31 02:07:41.633,0,GPU-2c3c1aab-4401-c49f-e973-2d9a530e6442,NVIDIA B200,942.58,1000.0,100.0,15.0,2916.0,179709.0,183359.0,1965.0,3996.0,1965.0,62.0,P0,0,0,Not Active,Not Active,Not Active,Not Active,Not Active,Not Active,157.761,True,6932556715516.0,8406393829084.0
2026-07-31T02:07:41.831986,2026/07/31 02:07:41.775,0,GPU-2c3c1aab-4401-c49f-e973-2d9a530e6442,NVIDIA B200,942.53,1000.0,100.0,15.0,2916.0,179709.0,183359.0,1965.0,3996.0,1965.0,62.0,P0,0,0,Not Active,Not Active,Not Active,Not Active,Not Active,Not Active,141.546,True,6932556715516.0,8406393829084.0
2026-07-31T02:07:41.971185,2026/07/31 02:07:41.912,0,GPU-2c3c1aab-4401-c49f-e973-2d9a530e6442,NVIDIA B200,942.39,1000.0,100.0,15.0,2916.0,179709.0,183359.0,1965.0,3996.0,1965.0,62.0,P0,0,0,Not Active,Not Active,Not Active,Not Active,Not Active,Not Active,136.961,True,6932556715516.0,8406393829084.0
2026-07-31T02:07:42.109948,2026/07/31 02:07:42.053,0,GPU-2c3c1aab-4401-c49f-e973-2d9a530e6442,NVIDIA B200,942.8,1000.0,100.0,15.0,2916.0,179709.0,183359.0,1965.0,3996.0,1965.0,62.0,P0,0,0,Not Active,Not Active,Not Active,Not Active,Not Active,Not Active,141.426,True,6932556715516.0,8406393829084.0
2026-07-31T02:07:42.252347,2026/07/31 02:07:42.196,0,GPU-2c3c1aab-4401-c49f-e973-2d9a530e6442,NVIDIA B200,942.46,1000.0,100.0,15.0,2916.0,179709.0,183359.0,1965.0,3996.0,1965.0,62.0,P0,0,0,Not Active,Not Active,Not Active,Not Active,Not Active,Not Active,142.999,True,6932556715516.0,8406393829084.0
2026-07-31T02:07:42.399102,2026/07/31 02:07:42.341,0,GPU-2c3c1aab-4401-c49f-e973-2d9a530e6442,NVIDIA B200,942.33,1000.0,100.0,16.0,2916.0,179709.0,183359.0,1965.0,3996.0,1965.0,62.0,P0,0,0,Not Active,Not Active,Not Active,Not Active,Not Active,Not Active,144.927,True,6932556715516.0,8406393829084.0
2026-07-31T02:07:42.548870,2026/07/31 02:07:42.489,0,GPU-2c3c1aab-4401-c49f-e973-2d9a530e6442,NVIDIA B200,942.01,1000.0,100.0,15.0,2916.0,179709.0,183359.0,1965.0,3996.0,1965.0,62.0,P0,0,0,Not Active,Not Active,Not Active,Not Active,Not Active,Not Active,147.371,True,6932556715516.0,8406393829084.0
2026-07-31T02:07:42.708380,2026/07/31 02:07:42.646,0,GPU-2c3c1aab-4401-c49f-e973-2d9a530e6442,NVIDIA B200,942.47,1000.0,100.0,15.0,2916.0,179709.0,183359.0,1965.0,3996.0,1965.0,62.0,P0,0,0,Not Active,Not Active,Not Active,Not Active,Not Active,Not Active,154.072,True,6932556715516.0,8406393829084.0
2026-07-31T02:07:42.852883,2026/07/31 02:07:42.797,0,GPU-2c3c1aab-4401-c49f-e973-2d9a530e6442,NVIDIA B200,942.84,1000.0,100.0,15.0,2916.0,179709.0,183359.0,1965.0,3996.0,1965.0,62.0,P0,0,0,Not Active,Not Active,Not Active,Not Active,Not Active,Not Active,155.149,True,6932556715516.0,8406393829084.0
2026-07-31T02:07:43.001037,2026/07/31 02:07:42.942,0,GPU-2c3c1aab-4401-c49f-e973-2d9a530e6442,NVIDIA B200,943.07,1000.0,100.0,15.0,2916.0,179709.0,183359.0,1965.0,3996.0,1965.0,62.0,P0,0,0,Not Active,Not Active,Not Active,Not Active,Not Active,Not Active,142.63,True,6932556715516.0,8406393829084.0
2026-07-31T02:07:43.147371,2026/07/31 02:07:43.087,0,GPU-2c3c1aab-4401-c49f-e973-2d9a530e6442,NVIDIA B200,942.76,1000.0,100.0,15.0,2916.0,179709.0,183359.0,1965.0,3996.0,1965.0,62.0,P0,0,0,Not Active,Not Active,Not Active,Not Active,Not Active,Not Active,147.611,True,6932556715516.0,8406393829084.0
2026-07-31T02:07:43.287181,2026/07/31 02:07:43.230,0,GPU-2c3c1aab-4401-c49f-e973-2d9a530e6442,NVIDIA B200,942.51,1000.0,100.0,15.0,2916.0,179709.0,183359.0,1965.0,3996.0,1965.0,62.0,P0,0,0,Not Active,Not Active,Not Active,Not Active,Not Active,Not Active,141.959,True,6932556715516.0,8406393829084.0
2026-07-31T02:07:43.573550,2026/07/31 02:07:43.475,0,GPU-2c3c1aab-4401-c49f-e973-2d9a530e6442,NVIDIA B200,942.97,1000.0,100.0,15.0,2916.0,179709.0,183359.0,1965.0,3996.0,1965.0,62.0,P0,0,0,Not Active,Not Active,Not Active,Not Active,Not Active,Not Active,237.146,True,6932556715516.0,8406393829084.0
2026-07-31T02:07:43.713981,2026/07/31 02:07:43.657,0,GPU-2c3c1aab-4401-c49f-e973-2d9a530e6442,NVIDIA B200,943.0,1000.0,100.0,15.0,2916.0,179709.0,183359.0,1965.0,3996.0,1965.0,62.0,P0,0,0,Not Active,Not Active,Not Active,Not Active,Not Active,Not Active,190.066,True,6932556715516.0,8406393829084.0
2026-07-31T02:07:43.858280,2026/07/31 02:07:43.799,0,GPU-2c3c1aab-4401-c49f-e973-2d9a530e6442,NVIDIA B200,942.59,1000.0,100.0,16.0,2916.0,179709.0,183359.0,1965.0,3996.0,1965.0,62.0,P0,0,0,Not Active,Not Active,Not Active,Not Active,Not Active,Not Active,140.405,True,6932556715516.0,8406393829084.0
2026-07-31T02:07:44.012170,2026/07/31 02:07:43.951,0,GPU-2c3c1aab-4401-c49f-e973-2d9a530e6442,NVIDIA B200,942.4,1000.0,100.0,15.0,2916.0,179709.0,183359.0,1965.0,3996.0,1965.0,62.0,P0,0,0,Not Active,Not Active,Not Active,Not Active,Not Active,Not Active,151.847,True,6932556715516.0,8406393829084.0
2026-07-31T02:07:44.211214,2026/07/31 02:07:44.150,0,GPU-2c3c1aab-4401-c49f-e973-2d9a530e6442,NVIDIA B200,943.26,1000.0,100.0,15.0,2916.0,179709.0,183359.0,1965.0,3996.0,1965.0,62.0,P0,0,0,Not Active,Not Active,Not Active,Not Active,Not Active,Not Active,199.262,True,6932556715516.0,8406393829084.0
2026-07-31T02:07:44.358099,2026/07/31 02:07:44.300,0,GPU-2c3c1aab-4401-c49f-e973-2d9a530e6442,NVIDIA B200,943.65,1000.0,100.0,15.0,2916.0,179709.0,183359.0,1965.0,3996.0,1965.0,62.0,P0,0,0,Not Active,Not Active,Not Active,Not Active,Not Active,Not Active,150.625,True,6932556715516.0,8406393829084.0
2026-07-31T02:07:44.508566,2026/07/31 02:07:44.448,0,GPU-2c3c1aab-4401-c49f-e973-2d9a530e6442,NVIDIA B200,943.65,1000.0,100.0,15.0,2916.0,179709.0,183359.0,1965.0,3996.0,1965.0,62.0,P0,0,0,Not Active,Not Active,Not Active,Not Active,Not Active,Not Active,146.69,True,6932556715516.0,8406393829084.0
2026-07-31T02:07:44.673121,2026/07/31 02:07:44.616,0,GPU-2c3c1aab-4401-c49f-e973-2d9a530e6442,NVIDIA B200,943.71,1000.0,100.0,15.0,2916.0,179709.0,183359.0,1965.0,3996.0,1965.0,62.0,P0,0,0,Not Active,Not Active,Not Active,Not Active,Not Active,Not Active,169.317,True,6932556715516.0,8406393829084.0
2026-07-31T02:07:44.820127,2026/07/31 02:07:44.760,0,GPU-2c3c1aab-4401-c49f-e973-2d9a530e6442,NVIDIA B200,943.84,1000.0,100.0,15.0,2916.0,179709.0,183359.0,1965.0,3996.0,1965.0,62.0,P0,0,0,Not Active,Not Active,Not Active,Not Active,Not Active,Not Active,144.496,True,6932556715516.0,8406393829084.0
2026-07-31T02:07:44.973031,2026/07/31 02:07:44.915,0,GPU-2c3c1aab-4401-c49f-e973-2d9a530e6442,NVIDIA B200,943.63,1000.0,100.0,15.0,2916.0,179709.0,183359.0,1965.0,3996.0,1965.0,62.0,P0,0,0,Not Active,Not Active,Not Active,Not Active,Not Active,Not Active,154.676,True,6932556715516.0,8406393829084.0
2026-07-31T02:07:45.115932,2026/07/31 02:07:45.059,0,GPU-2c3c1aab-4401-c49f-e973-2d9a530e6442,NVIDIA B200,943.85,1000.0,100.0,15.0,2916.0,179709.0,183359.0,1965.0,3996.0,1965.0,62.0,P0,0,0,Not Active,Not Active,Not Active,Not Active,Not Active,Not Active,144.064,True,6932556715516.0,8406393829084.0
2026-07-31T02:07:45.257149,2026/07/31 02:07:45.200,0,GPU-2c3c1aab-4401-c49f-e973-2d9a530e6442,NVIDIA B200,943.48,1000.0,100.0,16.0,2916.0,179709.0,183359.0,1965.0,3996.0,1965.0,62.0,P0,0,0,Not Active,Not Active,Not Active,Not Active,Not Active,Not Active,141.91,True,6932556715516.0,8406393829084.0
2026-07-31T02:07:45.413145,2026/07/31 02:07:45.351,0,GPU-2c3c1aab-4401-c49f-e973-2d9a530e6442,NVIDIA B200,943.66,1000.0,100.0,15.0,2916.0,179709.0,183359.0,1965.0,3996.0,1965.0,62.0,P0,0,0,Not Active,Not Active,Not Active,Not Active,Not Active,Not Active,148.478,True,6932556715516.0,8406393829084.0
2026-07-31T02:07:45.559432,2026/07/31 02:07:45.503,0,GPU-2c3c1aab-4401-c49f-e973-2d9a530e6442,NVIDIA B200,944.38,1000.0,100.0,15.0,2916.0,179709.0,183359.0,1965.0,3996.0,1965.0,62.0,P0,0,0,Not Active,Not Active,Not Active,Not Active,Not Active,Not Active,152.338,True,6932556715516.0,8406393829084.0
2026-07-31T02:07:45.703117,2026/07/31 02:07:45.646,0,GPU-2c3c1aab-4401-c49f-e973-2d9a530e6442,NVIDIA B200,944.49,1000.0,100.0,15.0,2916.0,179709.0,183359.0,1965.0,3996.0,1965.0,62.0,P0,0,0,Not Active,Not Active,Not Active,Not Active,Not Active,Not Active,145.391,True,6932556715516.0,8406393829084.0
2026-07-31T02:07:45.854960,2026/07/31 02:07:45.794,0,GPU-2c3c1aab-4401-c49f-e973-2d9a530e6442,NVIDIA B200,944.71,1000.0,100.0,15.0,2916.0,179709.0,183359.0,1965.0,3996.0,1965.0,62.0,P0,0,0,Not Active,Not Active,Not Active,Not Active,Not Active,Not Active,145.755,True,6932556715516.0,8406393829084.0
2026-07-31T02:07:46.005399,2026/07/31 02:07:45.946,0,GPU-2c3c1aab-4401-c49f-e973-2d9a530e6442,NVIDIA B200,944.24,1000.0,100.0,15.0,2916.0,179709.0,183359.0,1965.0,3996.0,1965.0,62.0,P0,0,0,Not Active,Not Active,Not Active,Not Active,Not Active,Not Active,152.105,True,6932556715516.0,8406393829084.0
2026-07-31T02:07:46.351293,2026/07/31 02:07:46.120,0,GPU-2c3c1aab-4401-c49f-e973-2d9a530e6442,NVIDIA B200,944.08,1000.0,100.0,15.0,2916.0,179709.0,183359.0,1965.0,3996.0,1965.0,62.0,P0,0,0,Not Active,Not Active,Not Active,Not Active,Not Active,Not Active,148.478,True,6932556715516.0,8406393829084.0
2026-07-31T02:07:46.556051,2026/07/31 02:07:46.495,0,GPU-2c3c1aab-4401-c49f-e973-2d9a530e6442,NVIDIA B200,943.12,1000.0,100.0,16.0,2916.0,179709.0,183359.0,1965.0,3996.0,1965.0,63.0,P0,0,0,Not Active,Not Active,Not Active,Not Active,Not Active,Not Active,400.15,True,6932556715516.0,8406393829084.0
2026-07-31T02:07:46.702978,2026/07/31 02:07:46.642,0,GPU-2c3c1aab-4401-c49f-e973-2d9a530e6442,NVIDIA B200,943.26,1000.0,100.0,16.0,2916.0,179709.0,183359.0,1965.0,3996.0,1965.0,63.0,P0,0,0,Not Active,Not Active,Not Active,Not Active,Not Active,Not Active,149.605,True,6932556715516.0,8406393829084.0
2026-07-31T02:07:46.846514,2026/07/31 02:07:46.790,0,GPU-2c3c1aab-4401-c49f-e973-2d9a530e6442,NVIDIA B200,943.39,1000.0,100.0,15.0,2916.0,179709.0,183359.0,1965.0,3996.0,1965.0,63.0,P0,0,0,Not Active,Not Active,Not Active,Not Active,Not Active,Not Active,147.873,True,6932556715516.0,8406393829084.0
2026-07-31T02:07:46.994197,2026/07/31 02:07:46.934,0,GPU-2c3c1aab-4401-c49f-e973-2d9a530e6442,NVIDIA B200,943.72,1000.0,100.0,15.0,2916.0,179709.0,183359.0,1965.0,3996.0,1965.0,63.0,P0,0,0,Not Active,Not Active,Not Active,Not Active,Not Active,Not Active,142.525,True,6932556715516.0,8406393829084.0
2026-07-31T02:07:47.140245,2026/07/31 02:07:47.082,0,GPU-2c3c1aab-4401-c49f-e973-2d9a530e6442,NVIDIA B200,943.83,1000.0,100.0,15.0,2916.0,179709.0,183359.0,1965.0,3996.0,1965.0,63.0,P0,0,0,Not Active,Not Active,Not Active,Not Active,Not Active,Not Active,148.121,True,6932556715516.0,8406393829084.0
2026-07-31T02:07:47.282633,2026/07/31 02:07:47.224,0,GPU-2c3c1aab-4401-c49f-e973-2d9a530e6442,NVIDIA B200,943.89,1000.0,100.0,15.0,2916.0,179709.0,183359.0,1965.0,3996.0,1965.0,63.0,P0,0,0,Not Active,Not Active,Not Active,Not Active,Not Active,Not Active,143.073,True,6932556715516.0,8406393829084.0
2026-07-31T02:07:47.433344,2026/07/31 02:07:47.370,0,GPU-2c3c1aab-4401-c49f-e973-2d9a530e6442,NVIDIA B200,943.57,1000.0,100.0,15.0,2916.0,179709.0,183359.0,1965.0,3996.0,1965.0,62.0,P0,0,0,Not Active,Not Active,Not Active,Not Active,Not Active,Not Active,145.19,True,6932556715516.0,8406393829084.0
2026-07-31T02:07:47.577287,2026/07/31 02:07:47.521,0,GPU-2c3c1aab-4401-c49f-e973-2d9a530e6442,NVIDIA B200,943.53,1000.0,100.0,15.0,2916.0,179709.0,183359.0,1965.0,3996.0,1965.0,62.0,P0,0,0,Not Active,Not Active,Not Active,Not Active,Not Active,Not Active,152.443,True,6932556715516.0,8406393829084.0
2026-07-31T02:07:47.720060,2026/07/31 02:07:47.659,0,GPU-2c3c1aab-4401-c49f-e973-2d9a530e6442,NVIDIA B200,943.3,1000.0,100.0,15.0,2916.0,179709.0,183359.0,1965.0,3996.0,1965.0,62.0,P0,0,0,Not Active,Not Active,Not Active,Not Active,Not Active,Not Active,137.974,True,6932556715516.0,8406393829084.0
2026-07-31T02:07:47.869386,2026/07/31 02:07:47.808,0,GPU-2c3c1aab-4401-c49f-e973-2d9a530e6442,NVIDIA B200,943.77,1000.0,100.0,15.0,2916.0,179709.0,183359.0,1965.0,3996.0,1965.0,63.0,P0,0,0,Not Active,Not Active,Not Active,Not Active,Not Active,Not Active,147.563,True,6932556715516.0,8406393829084.0
2026-07-31T02:07:48.017368,2026/07/31 02:07:47.954,0,GPU-2c3c1aab-4401-c49f-e973-2d9a530e6442,NVIDIA B200,943.43,1000.0,100.0,16.0,2916.0,179709.0,183359.0,1965.0,3996.0,1965.0,63.0,P0,0,0,Not Active,Not Active,Not Active,Not Active,Not Active,Not Active,147.011,True,6932556715516.0,8406393829084.0
2026-07-31T02:07:48.165119,2026/07/31 02:07:48.106,0,GPU-2c3c1aab-4401-c49f-e973-2d9a530e6442,NVIDIA B200,943.63,1000.0,100.0,15.0,2916.0,179709.0,183359.0,1965.0,3996.0,1965.0,63.0,P0,0,0,Not Active,Not Active,Not Active,Not Active,Not Active,Not Active,148.783,True,6932556715516.0,8406393829084.0
2026-07-31T02:07:48.316359,2026/07/31 02:07:48.254,0,GPU-2c3c1aab-4401-c49f-e973-2d9a530e6442,NVIDIA B200,944.27,1000.0,100.0,15.0,2916.0,179709.0,183359.0,1965.0,3996.0,1965.0,63.0,P0,0,0,Not Active,Not Active,Not Active,Not Active,Not Active,Not Active,149.763,True,6932556715516.0,8406393829084.0
2026-07-31T02:07:48.459390,2026/07/31 02:07:48.399,0,GPU-2c3c1aab-4401-c49f-e973-2d9a530e6442,NVIDIA B200,944.77,1000.0,100.0,15.0,2916.0,179709.0,183359.0,1965.0,3996.0,1965.0,63.0,P0,0,0,Not Active,Not Active,Not Active,Not Active,Not Active,Not Active,146.692,True,6932556715516.0,8406393829084.0
2026-07-31T02:07:48.619545,2026/07/31 02:07:48.554,0,GPU-2c3c1aab-4401-c49f-e973-2d9a530e6442,NVIDIA B200,944.8,1000.0,100.0,15.0,2916.0,179709.0,183359.0,1965.0,3996.0,1965.0,63.0,P0,0,0,Not Active,Not Active,Not Active,Not Active,Not Active,Not Active,152.52,True,6932556715516.0,8406393829084.0
2026-07-31T02:07:48.888160,2026/07/31 02:07:48.792,0,GPU-2c3c1aab-4401-c49f-e973-2d9a530e6442,NVIDIA B200,943.98,1000.0,100.0,15.0,2916.0,179709.0,183359.0,1965.0,3996.0,1965.0,63.0,P0,0,0,Not Active,Not Active,Not Active,Not Active,Not Active,Not Active,232.15,True,6932556715516.0,8406393829084.0
2026-07-31T02:07:49.037541,2026/07/31 02:07:48.978,0,GPU-2c3c1aab-4401-c49f-e973-2d9a530e6442,NVIDIA B200,943.41,1000.0,100.0,15.0,2916.0,179709.0,183359.0,1965.0,3996.0,1965.0,62.0,P0,0,0,Not Active,Not Active,Not Active,Not Active,Not Active,Not Active,188.725,True,6932556715516.0,8406393829084.0
2026-07-31T02:07:49.268126,2026/07/31 02:07:49.200,0,GPU-2c3c1aab-4401-c49f-e973-2d9a530e6442,NVIDIA B200,943.66,1000.0,100.0,15.0,2916.0,179709.0,183359.0,1965.0,3996.0,1965.0,63.0,P0,0,0,Not Active,Not Active,Not Active,Not Active,Not Active,Not Active,227.338,True,6932556715516.0,8406393829084.0
2026-07-31T02:07:49.418042,2026/07/31 02:07:49.357,0,GPU-2c3c1aab-4401-c49f-e973-2d9a530e6442,NVIDIA B200,943.61,1000.0,100.0,16.0,2916.0,179709.0,183359.0,1965.0,3996.0,1965.0,63.0,P0,0,0,Not Active,Not Active,Not Active,Not Active,Not Active,Not Active,156.262,True,6932556715516.0,8406393829084.0
2026-07-31T02:07:49.566577,2026/07/31 02:07:49.509,0,GPU-2c3c1aab-4401-c49f-e973-2d9a530e6442,NVIDIA B200,943.51,1000.0,100.0,15.0,2916.0,179709.0,183359.0,1965.0,3996.0,1965.0,63.0,P0,0,0,Not Active,Not Active,Not Active,Not Active,Not Active,Not Active,151.657,True,6932556715516.0,8406393829084.0
2026-07-31T02:07:49.714448,2026/07/31 02:07:49.653,0,GPU-2c3c1aab-4401-c49f-e973-2d9a530e6442,NVIDIA B200,943.71,1000.0,100.0,15.0,2916.0,179709.0,183359.0,1965.0,3996.0,1965.0,63.0,P0,0,0,Not Active,Not Active,Not Active,Not Active,Not Active,Not Active,144.298,True,6932556715516.0,8406393829084.0
2026-07-31T02:07:49.858111,2026/07/31 02:07:49.800,0,GPU-2c3c1aab-4401-c49f-e973-2d9a530e6442,NVIDIA B200,944.47,1000.0,100.0,15.0,2916.0,179709.0,183359.0,1965.0,3996.0,1965.0,63.0,P0,0,0,Not Active,Not Active,Not Active,Not Active,Not Active,Not Active,148.005,True,6932556715516.0,8406393829084.0
2026-07-31T02:07:50.006142,2026/07/31 02:07:49.945,0,GPU-2c3c1aab-4401-c49f-e973-2d9a530e6442,NVIDIA B200,944.33,1000.0,100.0,15.0,2916.0,179709.0,183359.0,1965.0,3996.0,1965.0,63.0,P0,0,0,Not Active,Not Active,Not Active,Not Active,Not Active,Not Active,143.426,True,6932556715516.0,8406393829084.0
2026-07-31T02:07:50.151264,2026/07/31 02:07:50.093,0,GPU-2c3c1aab-4401-c49f-e973-2d9a530e6442,NVIDIA B200,944.41,1000.0,100.0,15.0,2916.0,179709.0,183359.0,1965.0,3996.0,1965.0,63.0,P0,0,0,Not Active,Not Active,Not Active,Not Active,Not Active,Not Active,148.826,True,6932556715516.0,8406393829084.0
2026-07-31T02:07:50.297455,2026/07/31 02:07:50.237,0,GPU-2c3c1aab-4401-c49f-e973-2d9a530e6442,NVIDIA B200,943.96,1000.0,100.0,15.0,2916.0,179709.0,183359.0,1965.0,3996.0,1965.0,63.0,P0,0,0,Not Active,Not Active,Not Active,Not Active,Not Active,Not Active,143.673,True,6932556715516.0,8406393829084.0
2026-07-31T02:07:50.443019,2026/07/31 02:07:50.385,0,GPU-2c3c1aab-4401-c49f-e973-2d9a530e6442,NVIDIA B200,943.68,1000.0,100.0,15.0,2916.0,179709.0,183359.0,1965.0,3996.0,1965.0,62.0,P0,0,0,Not Active,Not Active,Not Active,Not Active,Not Active,Not Active,147.013,True,6932556715516.0,8406393829084.0
2026-07-31T02:07:50.597556,2026/07/31 02:07:50.536,0,GPU-2c3c1aab-4401-c49f-e973-2d9a530e6442,NVIDIA B200,944.03,1000.0,100.0,15.0,2916.0,179709.0,183359.0,1965.0,3996.0,1965.0,63.0,P0,0,0,Not Active,Not Active,Not Active,Not Active,Not Active,Not Active,149.778,True,6932556715516.0,8406393829084.0
2026-07-31T02:07:50.744715,2026/07/31 02:07:50.685,0,GPU-2c3c1aab-4401-c49f-e973-2d9a530e6442,NVIDIA B200,943.77,1000.0,100.0,16.0,2916.0,179709.0,183359.0,1965.0,3996.0,1965.0,63.0,P0,0,0,Not Active,Not Active,Not Active,Not Active,Not Active,Not Active,150.09,True,6932556715516.0,8406393829084.0
2026-07-31T02:07:50.903328,2026/07/31 02:07:50.839,0,GPU-2c3c1aab-4401-c49f-e973-2d9a530e6442,NVIDIA B200,943.52,1000.0,100.0,16.0,2916.0,179709.0,183359.0,1965.0,3996.0,1965.0,63.0,P0,0,0,Not Active,Not Active,Not Active,Not Active,Not Active,Not Active,151.416,True,6932556715516.0,8406393829084.0
2026-07-31T02:07:51.056194,2026/07/31 02:07:50.995,0,GPU-2c3c1aab-4401-c49f-e973-2d9a530e6442,NVIDIA B200,943.6,1000.0,100.0,15.0,2916.0,179709.0,183359.0,1965.0,3996.0,1965.0,63.0,P0,0,0,Not Active,Not Active,Not Active,Not Active,Not Active,Not Active,160.509,True,6932556715516.0,8406393829084.0
2026-07-31T02:07:51.208075,2026/07/31 02:07:51.149,0,GPU-2c3c1aab-4401-c49f-e973-2d9a530e6442,NVIDIA B200,944.53,1000.0,100.0,15.0,2916.0,179709.0,183359.0,1965.0,3996.0,1965.0,63.0,P0,0,0,Not Active,Not Active,Not Active,Not Active,Not Active,Not Active,150.216,True,6932556715516.0,8406393829084.0
2026-07-31T02:07:51.354033,2026/07/31 02:07:51.293,0,GPU-2c3c1aab-4401-c49f-e973-2d9a530e6442,NVIDIA B200,944.63,1000.0,100.0,15.0,2916.0,179709.0,183359.0,1965.0,3996.0,1965.0,63.0,P0,0,0,Not Active,Not Active,Not Active,Not Active,Not Active,Not Active,148.343,True,6932556715516.0,8406393829084.0
2026-07-31T02:07:51.580624,2026/07/31 02:07:51.441,0,GPU-2c3c1aab-4401-c49f-e973-2d9a530e6442,NVIDIA B200,944.64,1000.0,100.0,15.0,2916.0,179709.0,183359.0,1965.0,3996.0,1965.0,63.0,P0,0,0,Not Active,Not Active,Not Active,Not Active,Not Active,Not Active,146.953,True,6932556715516.0,8406393829084.0
2026-07-31T02:07:51.993999,2026/07/31 02:07:51.894,0,GPU-2c3c1aab-4401-c49f-e973-2d9a530e6442,NVIDIA B200,944.67,1000.0,100.0,15.0,2916.0,179709.0,183359.0,1965.0,3996.0,1965.0,63.0,P0,0,0,Not Active,Not Active,Not Active,Not Active,Not Active,Not Active,391.104,True,6932556715516.0,8406393829084.0
2026-07-31T02:07:52.151648,2026/07/31 02:07:52.092,0,GPU-2c3c1aab-4401-c49f-e973-2d9a530e6442,NVIDIA B200,944.54,1000.0,100.0,16.0,2916.0,179709.0,183359.0,1965.0,3996.0,1965.0,63.0,P0,0,0,Not Active,Not Active,Not Active,Not Active,Not Active,Not Active,257.392,True,6932556715516.0,8406393829084.0
2026-07-31T02:07:52.304281,2026/07/31 02:07:52.242,0,GPU-2c3c1aab-4401-c49f-e973-2d9a530e6442,NVIDIA B200,944.84,1000.0,100.0,16.0,2916.0,179709.0,183359.0,1965.0,3996.0,1965.0,63.0,P0,0,0,Not Active,Not Active,Not Active,Not Active,Not Active,Not Active,152.986,True,6932556715516.0,8406393829084.0
2026-07-31T02:07:52.460894,2026/07/31 02:07:52.398,0,GPU-2c3c1aab-4401-c49f-e973-2d9a530e6442,NVIDIA B200,945.08,1000.0,100.0,15.0,2916.0,179709.0,183359.0,1965.0,3996.0,1965.0,63.0,P0,0,0,Not Active,Not Active,Not Active,Not Active,Not Active,Not Active,153.115,True,6932556715516.0,8406393829084.0
2026-07-31T02:07:52.608475,2026/07/31 02:07:52.548,0,GPU-2c3c1aab-4401-c49f-e973-2d9a530e6442,NVIDIA B200,944.96,1000.0,100.0,15.0,2916.0,179709.0,183359.0,1965.0,3996.0,1965.0,63.0,P0,0,0,Not Active,Not Active,Not Active,Not Active,Not Active,Not Active,151.974,True,6932556715516.0,8406393829084.0
2026-07-31T02:07:52.757692,2026/07/31 02:07:52.699,0,GPU-2c3c1aab-4401-c49f-e973-2d9a530e6442,NVIDIA B200,945.13,1000.0,100.0,15.0,2916.0,179709.0,183359.0,1965.0,3996.0,1965.0,63.0,P0,0,0,Not Active,Not Active,Not Active,Not Active,Not Active,Not Active,148.736,True,6932556715516.0,8406393829084.0
2026-07-31T02:07:52.915963,2026/07/31 02:07:52.853,0,GPU-2c3c1aab-4401-c49f-e973-2d9a530e6442,NVIDIA B200,944.66,1000.0,100.0,15.0,2916.0,179709.0,183359.0,1965.0,3996.0,1965.0,63.0,P0,0,0,Not Active,Not Active,Not Active,Not Active,Not Active,Not Active,155.011,True,6932556715516.0,8406393829084.0
2026-07-31T02:07:53.063210,2026/07/31 02:07:53.003,0,GPU-2c3c1aab-4401-c49f-e973-2d9a530e6442,NVIDIA B200,944.55,1000.0,100.0,15.0,2916.0,179709.0,183359.0,1965.0,3996.0,1965.0,63.0,P0,0,0,Not Active,Not Active,Not Active,Not Active,Not Active,Not Active,152.088,True,6932556715516.0,8406393829084.0
2026-07-31T02:07:53.214484,2026/07/31 02:07:53.152,0,GPU-2c3c1aab-4401-c49f-e973-2d9a530e6442,NVIDIA B200,944.16,1000.0,100.0,15.0,2916.0,179709.0,183359.0,1965.0,3996.0,1965.0,63.0,P0,0,0,Not Active,Not Active,Not Active,Not Active,Not Active,Not Active,148.97,True,6932556715516.0,8406393829084.0
2026-07-31T02:07:53.363140,2026/07/31 02:07:53.303,0,GPU-2c3c1aab-4401-c49f-e973-2d9a530e6442,NVIDIA B200,944.67,1000.0,100.0,15.0,2916.0,179709.0,183359.0,1965.0,3996.0,1965.0,63.0,P0,0,0,Not Active,Not Active,Not Active,Not Active,Not Active,Not Active,150.892,True,6932556715516.0,8406393829084.0
2026-07-31T02:07:53.528473,2026/07/31 02:07:53.452,0,GPU-2c3c1aab-4401-c49f-e973-2d9a530e6442,NVIDIA B200,944.35,1000.0,100.0,15.0,2916.0,179709.0,183359.0,1965.0,3996.0,1965.0,63.0,P0,0,0,Not Active,Not Active,Not Active,Not Active,Not Active,Not Active,149.392,True,6932556715516.0,8406393829084.0
2026-07-31T02:07:53.680806,2026/07/31 02:07:53.618,0,GPU-2c3c1aab-4401-c49f-e973-2d9a530e6442,NVIDIA B200,945.05,1000.0,100.0,15.0,2916.0,179709.0,183359.0,1965.0,3996.0,1965.0,63.0,P0,0,0,Not Active,Not Active,Not Active,Not Active,Not Active,Not Active,163.741,True,6932556715516.0,8406393829084.0
2026-07-31T02:07:53.831098,2026/07/31 02:07:53.771,0,GPU-2c3c1aab-4401-c49f-e973-2d9a530e6442,NVIDIA B200,944.9,1000.0,100.0,15.0,2916.0,179709.0,183359.0,1965.0,3996.0,1965.0,63.0,P0,0,0,Not Active,Not Active,Not Active,Not Active,Not Active,Not Active,154.184,True,6932556715516.0,8406393829084.0
2026-07-31T02:07:53.979358,2026/07/31 02:07:53.921,0,GPU-2c3c1aab-4401-c49f-e973-2d9a530e6442,NVIDIA B200,945.22,1000.0,100.0,15.0,2916.0,179709.0,183359.0,1965.0,3996.0,1965.0,63.0,P0,0,0,Not Active,Not Active,Not Active,Not Active,Not Active,Not Active,150.059,True,6932556715516.0,8406393829084.0
2026-07-31T02:07:54.243168,2026/07/31 02:07:54.162,0,GPU-2c3c1aab-4401-c49f-e973-2d9a530e6442,NVIDIA B200,945.12,1000.0,100.0,15.0,2916.0,179709.0,183359.0,1965.0,3996.0,1965.0,63.0,P0,0,0,Not Active,Not Active,Not Active,Not Active,Not Active,Not Active,235.393,True,6932556715516.0,8406393829084.0
2026-07-31T02:07:54.449571,2026/07/31 02:07:54.390,0,GPU-2c3c1aab-4401-c49f-e973-2d9a530e6442,NVIDIA B200,944.51,1000.0,100.0,15.0,2916.0,179709.0,183359.0,1965.0,3996.0,1965.0,63.0,P0,0,0,Not Active,Not Active,Not Active,Not Active,Not Active,Not Active,229.488,True,6932556715516.0,8406393829084.0
2026-07-31T02:07:54.599051,2026/07/31 02:07:54.540,0,GPU-2c3c1aab-4401-c49f-e973-2d9a530e6442,NVIDIA B200,944.86,1000.0,100.0,15.0,2916.0,179709.0,183359.0,1965.0,3996.0,1965.0,63.0,P0,0,0,Not Active,Not Active,Not Active,Not Active,Not Active,Not Active,153.88,True,6932556715516.0,8406393829084.0
2026-07-31T02:07:54.751007,2026/07/31 02:07:54.691,0,GPU-2c3c1aab-4401-c49f-e973-2d9a530e6442,NVIDIA B200,944.56,1000.0,100.0,15.0,2916.0,179709.0,183359.0,1965.0,3996.0,1965.0,63.0,P0,0,0,Not Active,Not Active,Not Active,Not Active,Not Active,Not Active,149.565,True,6932556715516.0,8406393829084.0
2026-07-31T02:07:54.899091,2026/07/31 02:07:54.839,0,GPU-2c3c1aab-4401-c49f-e973-2d9a530e6442,NVIDIA B200,944.42,1000.0,100.0,15.0,2916.0,179709.0,183359.0,1965.0,3996.0,1965.0,63.0,P0,0,0,Not Active,Not Active,Not Active,Not Active,Not Active,Not Active,148.792,True,6932556715516.0,8406393829084.0
2026-07-31T02:07:55.051183,2026/07/31 02:07:54.991,0,GPU-2c3c1aab-4401-c49f-e973-2d9a530e6442,NVIDIA B200,944.87,1000.0,100.0,15.0,2916.0,179709.0,183359.0,1965.0,3996.0,1965.0,63.0,P0,0,0,Not Active,Not Active,Not Active,Not Active,Not Active,Not Active,147.047,True,6932556715516.0,8406393829084.0
2026-07-31T02:07:55.201018,2026/07/31 02:07:55.140,0,GPU-2c3c1aab-4401-c49f-e973-2d9a530e6442,NVIDIA B200,945.14,1000.0,100.0,15.0,2916.0,179709.0,183359.0,1965.0,3996.0,1965.0,63.0,P0,0,0,Not Active,Not Active,Not Active,Not Active,Not Active,Not Active,155.726,True,6932556715516.0,8406393829084.0
2026-07-31T02:07:55.346913,2026/07/31 02:07:55.287,0,GPU-2c3c1aab-4401-c49f-e973-2d9a530e6442,NVIDIA B200,945.76,1000.0,100.0,15.0,2916.0,179709.0,183359.0,1965.0,3996.0,1965.0,63.0,P0,0,0,Not Active,Not Active,Not Active,Not Active,Not Active,Not Active,145.446,True,6932556715516.0,8406393829084.0
2026-07-31T02:07:55.505727,2026/07/31 02:07:55.438,0,GPU-2c3c1aab-4401-c49f-e973-2d9a530e6442,NVIDIA B200,945.81,1000.0,100.0,15.0,2916.0,179709.0,183359.0,1965.0,3996.0,1965.0,63.0,P0,0,0,Not Active,Not Active,Not Active,Not Active,Not Active,Not Active,151.211,True,6932556715516.0,8406393829084.0
2026-07-31T02:07:55.655181,2026/07/31 02:07:55.594,0,GPU-2c3c1aab-4401-c49f-e973-2d9a530e6442,NVIDIA B200,945.52,1000.0,100.0,15.0,2916.0,179709.0,183359.0,1965.0,3996.0,1965.0,63.0,P0,0,0,Not Active,Not Active,Not Active,Not Active,Not Active,Not Active,157.3,True,6932556715516.0,8406393829084.0
2026-07-31T02:07:55.808367,2026/07/31 02:07:55.747,0,GPU-2c3c1aab-4401-c49f-e973-2d9a530e6442,NVIDIA B200,945.09,1000.0,100.0,15.0,2916.0,179709.0,183359.0,1965.0,3996.0,1965.0,63.0,P0,0,0,Not Active,Not Active,Not Active,Not Active,Not Active,Not Active,152.326,True,6932556715516.0,8406393829084.0
2026-07-31T02:07:55.954492,2026/07/31 02:07:55.895,0,GPU-2c3c1aab-4401-c49f-e973-2d9a530e6442,NVIDIA B200,944.63,1000.0,100.0,15.0,2916.0,179709.0,183359.0,1965.0,3996.0,1965.0,63.0,P0,0,0,Not Active,Not Active,Not Active,Not Active,Not Active,Not Active,147.487,True,6932556715516.0,8406393829084.0
2026-07-31T02:07:56.105141,2026/07/31 02:07:56.044,0,GPU-2c3c1aab-4401-c49f-e973-2d9a530e6442,NVIDIA B200,945.25,1000.0,100.0,15.0,2916.0,179709.0,183359.0,1965.0,3996.0,1965.0,63.0,P0,0,0,Not Active,Not Active,Not Active,Not Active,Not Active,Not Active,150.033,True,6932556715516.0,8406393829084.0
2026-07-31T02:07:56.250097,2026/07/31 02:07:56.191,0,GPU-2c3c1aab-4401-c49f-e973-2d9a530e6442,NVIDIA B200,944.7,1000.0,100.0,15.0,2916.0,179709.0,183359.0,1965.0,3996.0,1965.0,63.0,P0,0,0,Not Active,Not Active,Not Active,Not Active,Not Active,Not Active,144.039,True,6932556715516.0,8406393829084.0
2026-07-31T02:07:56.399616,2026/07/31 02:07:56.337,0,GPU-2c3c1aab-4401-c49f-e973-2d9a530e6442,NVIDIA B200,944.43,1000.0,100.0,15.0,2916.0,179709.0,183359.0,1965.0,3996.0,1965.0,63.0,P0,0,0,Not Active,Not Active,Not Active,Not Active,Not Active,Not Active,147.396,True,6932556715516.0,8406393829084.0
2026-07-31T02:07:56.546200,2026/07/31 02:07:56.487,0,GPU-2c3c1aab-4401-c49f-e973-2d9a530e6442,NVIDIA B200,944.68,1000.0,100.0,15.0,2916.0,179709.0,183359.0,1965.0,3996.0,1965.0,63.0,P0,0,0,Not Active,Not Active,Not Active,Not Active,Not Active,Not Active,148.426,True,6932556715516.0,8406393829084.0
2026-07-31T02:07:56.698280,2026/07/31 02:07:56.634,0,GPU-2c3c1aab-4401-c49f-e973-2d9a530e6442,NVIDIA B200,944.73,1000.0,100.0,15.0,2916.0,179709.0,183359.0,1965.0,3996.0,1965.0,63.0,P0,0,0,Not Active,Not Active,Not Active,Not Active,Not Active,Not Active,148.088,True,6932556715516.0,8406393829084.0
2026-07-31T02:07:56.854120,2026/07/31 02:07:56.787,0,GPU-2c3c1aab-4401-c49f-e973-2d9a530e6442,NVIDIA B200,945.64,1000.0,100.0,15.0,2916.0,179709.0,183359.0,1965.0,3996.0,1965.0,63.0,P0,0,0,Not Active,Not Active,Not Active,Not Active,Not Active,Not Active,152.718,True,6932556715516.0,8406393829084.0
2026-07-31T02:07:57.158449,2026/07/31 02:07:56.949,0,GPU-2c3c1aab-4401-c49f-e973-2d9a530e6442,NVIDIA B200,945.46,1000.0,100.0,15.0,2916.0,179709.0,183359.0,1965.0,3996.0,1965.0,63.0,P0,0,0,Not Active,Not Active,Not Active,Not Active,Not Active,Not Active,162.66,True,6932556715516.0,8406393829084.0
2026-07-31T02:07:57.411476,2026/07/31 02:07:57.322,0,GPU-2c3c1aab-4401-c49f-e973-2d9a530e6442,NVIDIA B200,944.71,1000.0,100.0,15.0,2916.0,179709.0,183359.0,1965.0,3996.0,1965.0,63.0,P0,0,0,Not Active,Not Active,Not Active,Not Active,Not Active,Not Active,350.232,True,6932556715516.0,8406393829084.0
2026-07-31T02:07:57.562269,2026/07/31 02:07:57.502,0,GPU-2c3c1aab-4401-c49f-e973-2d9a530e6442,NVIDIA B200,944.41,1000.0,100.0,15.0,2916.0,179709.0,183359.0,1965.0,3996.0,1965.0,63.0,P0,0,0,Not Active,Not Active,Not Active,Not Active,Not Active,Not Active,202.79,True,6932556715516.0,8406393829084.0
2026-07-31T02:07:57.710937,2026/07/31 02:07:57.652,0,GPU-2c3c1aab-4401-c49f-e973-2d9a530e6442,NVIDIA B200,944.15,1000.0,100.0,15.0,2916.0,179709.0,183359.0,1965.0,3996.0,1965.0,63.0,P0,0,0,Not Active,Not Active,Not Active,Not Active,Not Active,Not Active,151.666,True,6932556715516.0,8406393829084.0
2026-07-31T02:07:57.857803,2026/07/31 02:07:57.798,0,GPU-2c3c1aab-4401-c49f-e973-2d9a530e6442,NVIDIA B200,943.95,1000.0,100.0,15.0,2916.0,179709.0,183359.0,1965.0,3996.0,1965.0,63.0,P0,0,0,Not Active,Not Active,Not Active,Not Active,Not Active,Not Active,146.024,True,6932556715516.0,8406393829084.0
2026-07-31T02:07:58.007451,2026/07/31 02:07:57.947,0,GPU-2c3c1aab-4401-c49f-e973-2d9a530e6442,NVIDIA B200,944.28,1000.0,100.0,15.0,2916.0,179709.0,183359.0,1965.0,3996.0,1965.0,63.0,P0,0,0,Not Active,Not Active,Not Active,Not Active,Not Active,Not Active,149.222,True,6932556715516.0,8406393829084.0
2026-07-31T02:07:58.154145,2026/07/31 02:07:58.095,0,GPU-2c3c1aab-4401-c49f-e973-2d9a530e6442,NVIDIA B200,944.72,1000.0,100.0,15.0,2916.0,179709.0,183359.0,1965.0,3996.0,1965.0,63.0,P0,0,0,Not Active,Not Active,Not Active,Not Active,Not Active,Not Active,146.317,True,6932556715516.0,8406393829084.0
2026-07-31T02:07:58.302417,2026/07/31 02:07:58.243,0,GPU-2c3c1aab-4401-c49f-e973-2d9a530e6442,NVIDIA B200,945.0,1000.0,100.0,15.0,2916.0,179709.0,183359.0,1965.0,3996.0,1965.0,63.0,P0,0,0,Not Active,Not Active,Not Active,Not Active,Not Active,Not Active,145.74,True,6932556715516.0,8406393829084.0
2026-07-31T02:07:58.446263,2026/07/31 02:07:58.389,0,GPU-2c3c1aab-4401-c49f-e973-2d9a530e6442,NVIDIA B200,944.65,1000.0,100.0,15.0,2916.0,179709.0,183359.0,1965.0,3996.0,1965.0,63.0,P0,0,0,Not Active,Not Active,Not Active,Not Active,Not Active,Not Active,147.891,True,6932556715516.0,8406393829084.0
2026-07-31T02:07:58.599105,2026/07/31 02:07:58.535,0,GPU-2c3c1aab-4401-c49f-e973-2d9a530e6442,NVIDIA B200,945.07,1000.0,100.0,15.0,2916.0,179709.0,183359.0,1965.0,3996.0,1965.0,63.0,P0,0,0,Not Active,Not Active,Not Active,Not Active,Not Active,Not Active,147.926,True,6932556715516.0,8406393829084.0
2026-07-31T02:07:58.747266,2026/07/31 02:07:58.688,0,GPU-2c3c1aab-4401-c49f-e973-2d9a530e6442,NVIDIA B200,945.31,1000.0,100.0,15.0,2916.0,179709.0,183359.0,1965.0,3996.0,1965.0,63.0,P0,0,0,Not Active,Not Active,Not Active,Not Active,Not Active,Not Active,151.91,True,6932556715516.0,8406393829084.0
2026-07-31T02:07:58.898581,2026/07/31 02:07:58.835,0,GPU-2c3c1aab-4401-c49f-e973-2d9a530e6442,NVIDIA B200,945.31,1000.0,100.0,15.0,2916.0,179709.0,183359.0,1965.0,3996.0,1965.0,63.0,P0,0,0,Not Active,Not Active,Not Active,Not Active,Not Active,Not Active,147.508,True,6932556715516.0,8406393829084.0
2026-07-31T02:07:59.046332,2026/07/31 02:07:58.988,0,GPU-2c3c1aab-4401-c49f-e973-2d9a530e6442,NVIDIA B200,945.02,1000.0,100.0,15.0,2916.0,179709.0,183359.0,1965.0,3996.0,1965.0,63.0,P0,0,0,Not Active,Not Active,Not Active,Not Active,Not Active,Not Active,150.744,True,6932556715516.0,8406393829084.0
2026-07-31T02:07:59.191125,2026/07/31 02:07:59.133,0,GPU-2c3c1aab-4401-c49f-e973-2d9a530e6442,NVIDIA B200,945.12,1000.0,100.0,15.0,2916.0,179709.0,183359.0,1965.0,3996.0,1965.0,63.0,P0,0,0,Not Active,Not Active,Not Active,Not Active,Not Active,Not Active,147.832,True,6932556715516.0,8406393829084.0
2026-07-31T02:07:59.458106,2026/07/31 02:07:59.313,0,GPU-2c3c1aab-4401-c49f-e973-2d9a530e6442,NVIDIA B200,945.2,1000.0,100.0,15.0,2916.0,179709.0,183359.0,1965.0,3996.0,1965.0,63.0,P0,0,0,Not Active,Not Active,Not Active,Not Active,Not Active,Not Active,146.34,True,6932556715516.0,8406393829084.0
2026-07-31T02:07:59.691630,2026/07/31 02:07:59.629,0,GPU-2c3c1aab-4401-c49f-e973-2d9a530e6442,NVIDIA B200,945.43,1000.0,100.0,15.0,2916.0,179709.0,183359.0,1965.0,3996.0,1965.0,63.0,P0,0,0,Not Active,Not Active,Not Active,Not Active,Not Active,Not Active,347.541,True,6932556715516.0,8406393829084.0
2026-07-31T02:07:59.836155,2026/07/31 02:07:59.778,0,GPU-2c3c1aab-4401-c49f-e973-2d9a530e6442,NVIDIA B200,945.62,1000.0,100.0,15.0,2916.0,179709.0,183359.0,1965.0,3996.0,1965.0,63.0,P0,0,0,Not Active,Not Active,Not Active,Not Active,Not Active,Not Active,149.605,True,6932556715516.0,8406393829084.0
2026-07-31T02:07:59.982973,2026/07/31 02:07:59.923,0,GPU-2c3c1aab-4401-c49f-e973-2d9a530e6442,NVIDIA B200,945.47,1000.0,100.0,15.0,2916.0,179709.0,183359.0,1965.0,3996.0,1965.0,63.0,P0,0,0,Not Active,Not Active,Not Active,Not Active,Not Active,Not Active,146.562,True,6932556715516.0,8406393829084.0
2026-07-31T02:08:00.131969,2026/07/31 02:08:00.073,0,GPU-2c3c1aab-4401-c49f-e973-2d9a530e6442,NVIDIA B200,945.06,1000.0,100.0,15.0,2916.0,179709.0,183359.0,1965.0,3996.0,1965.0,63.0,P0,0,0,Not Active,Not Active,Not Active,Not Active,Not Active,Not Active,149.077,True,6932556715516.0,8406393829084.0
2026-07-31T02:08:00.289794,2026/07/31 02:08:00.226,0,GPU-2c3c1aab-4401-c49f-e973-2d9a530e6442,NVIDIA B200,945.24,1000.0,100.0,15.0,2916.0,179709.0,183359.0,1965.0,3996.0,1965.0,63.0,P0,0,0,Not Active,Not Active,Not Active,Not Active,Not Active,Not Active,151.725,True,6932556715516.0,8406393829084.0
2026-07-31T02:08:00.463391,2026/07/31 02:08:00.383,0,GPU-2c3c1aab-4401-c49f-e973-2d9a530e6442,NVIDIA B200,945.03,1000.0,100.0,15.0,2916.0,179709.0,183359.0,1965.0,3996.0,1965.0,63.0,P0,0,0,Not Active,Not Active,Not Active,Not Active,Not Active,Not Active,148.689,True,6932556715516.0,8406393829084.0
2026-07-31T02:08:00.613513,2026/07/31 02:08:00.553,0,GPU-2c3c1aab-4401-c49f-e973-2d9a530e6442,NVIDIA B200,944.72,1000.0,100.0,15.0,2916.0,179709.0,183359.0,1965.0,3996.0,1965.0,63.0,P0,0,0,Not Active,Not Active,Not Active,Not Active,Not Active,Not Active,179.647,True,6932556715516.0,8406393829084.0
2026-07-31T02:08:00.758183,2026/07/31 02:08:00.700,0,GPU-2c3c1aab-4401-c49f-e973-2d9a530e6442,NVIDIA B200,944.56,1000.0,100.0,15.0,2916.0,179709.0,183359.0,1965.0,3996.0,1965.0,63.0,P0,0,0,Not Active,Not Active,Not Active,Not Active,Not Active,Not Active,148.365,True,6932556715516.0,8406393829084.0
2026-07-31T02:08:00.909217,2026/07/31 02:08:00.851,0,GPU-2c3c1aab-4401-c49f-e973-2d9a530e6442,NVIDIA B200,944.92,1000.0,100.0,15.0,2916.0,179709.0,183359.0,1965.0,3996.0,1965.0,63.0,P0,0,0,Not Active,Not Active,Not Active,Not Active,Not Active,Not Active,150.385,True,6932556715516.0,8406393829084.0
2026-07-31T02:08:01.056084,2026/07/31 02:08:00.995,0,GPU-2c3c1aab-4401-c49f-e973-2d9a530e6442,NVIDIA B200,944.78,1000.0,100.0,15.0,2916.0,179709.0,183359.0,1965.0,3996.0,1965.0,63.0,P0,0,0,Not Active,Not Active,Not Active,Not Active,Not Active,Not Active,142.861,True,6932556715516.0,8406393829084.0
2026-07-31T02:08:01.199036,2026/07/31 02:08:01.143,0,GPU-2c3c1aab-4401-c49f-e973-2d9a530e6442,NVIDIA B200,944.72,1000.0,100.0,15.0,2916.0,179709.0,183359.0,1965.0,3996.0,1965.0,63.0,P0,0,0,Not Active,Not Active,Not Active,Not Active,Not Active,Not Active,148.999,True,6932556715516.0,8406393829084.0
2026-07-31T02:08:01.344513,2026/07/31 02:08:01.286,0,GPU-2c3c1aab-4401-c49f-e973-2d9a530e6442,NVIDIA B200,944.51,1000.0,100.0,15.0,2916.0,179709.0,183359.0,1965.0,3996.0,1965.0,63.0,P0,0,0,Not Active,Not Active,Not Active,Not Active,Not Active,Not Active,141.046,True,6932556715516.0,8406393829084.0
2026-07-31T02:08:01.490533,2026/07/31 02:08:01.429,0,GPU-2c3c1aab-4401-c49f-e973-2d9a530e6442,NVIDIA B200,944.71,1000.0,100.0,15.0,2916.0,179709.0,183359.0,1965.0,3996.0,1965.0,63.0,P0,0,0,Not Active,Not Active,Not Active,Not Active,Not Active,Not Active,145.201,True,6932556715516.0,8406393829084.0
2026-07-31T02:08:01.640983,2026/07/31 02:08:01.578,0,GPU-2c3c1aab-4401-c49f-e973-2d9a530e6442,NVIDIA B200,944.95,1000.0,100.0,15.0,2916.0,179709.0,183359.0,1965.0,3996.0,1965.0,63.0,P0,0,0,Not Active,Not Active,Not Active,Not Active,Not Active,Not Active,147.054,True,6932556715516.0,8406393829084.0
2026-07-31T02:08:01.792805,2026/07/31 02:08:01.730,0,GPU-2c3c1aab-4401-c49f-e973-2d9a530e6442,NVIDIA B200,944.88,1000.0,100.0,15.0,2916.0,179709.0,183359.0,1965.0,3996.0,1965.0,63.0,P0,0,0,Not Active,Not Active,Not Active,Not Active,Not Active,Not Active,153.611,True,6932556715516.0,8406393829084.0
2026-07-31T02:08:01.944097,2026/07/31 02:08:01.885,0,GPU-2c3c1aab-4401-c49f-e973-2d9a530e6442,NVIDIA B200,945.21,1000.0,100.0,15.0,2916.0,179709.0,183359.0,1965.0,3996.0,1965.0,63.0,P0,0,0,Not Active,Not Active,Not Active,Not Active,Not Active,Not Active,153.882,True,6932556715516.0,8406393829084.0
2026-07-31T02:08:02.095830,2026/07/31 02:08:02.034,0,GPU-2c3c1aab-4401-c49f-e973-2d9a530e6442,NVIDIA B200,945.37,1000.0,100.0,15.0,2916.0,179709.0,183359.0,1965.0,3996.0,1965.0,63.0,P0,0,0,Not Active,Not Active,Not Active,Not Active,Not Active,Not Active,149.578,True,6932556715516.0,8406393829084.0
2026-07-31T02:08:02.242333,2026/07/31 02:08:02.183,0,GPU-2c3c1aab-4401-c49f-e973-2d9a530e6442,NVIDIA B200,945.44,1000.0,100.0,15.0,2916.0,179709.0,183359.0,1965.0,3996.0,1965.0,63.0,P0,0,0,Not Active,Not Active,Not Active,Not Active,Not Active,Not Active,149.174,True,6932556715516.0,8406393829084.0
2026-07-31T02:08:02.393161,2026/07/31 02:08:02.332,0,GPU-2c3c1aab-4401-c49f-e973-2d9a530e6442,NVIDIA B200,945.59,1000.0,100.0,15.0,2916.0,179709.0,183359.0,1965.0,3996.0,1965.0,63.0,P0,0,0,Not Active,Not Active,Not Active,Not Active,Not Active,Not Active,148.055,True,6932556715516.0,8406393829084.0
2026-07-31T02:08:02.757763,2026/07/31 02:08:02.598,0,GPU-2c3c1aab-4401-c49f-e973-2d9a530e6442,NVIDIA B200,944.99,1000.0,100.0,15.0,2916.0,179709.0,183359.0,1965.0,3996.0,1965.0,63.0,P0,0,0,Not Active,Not Active,Not Active,Not Active,Not Active,Not Active,212.861,True,6932556715516.0,8406393829084.0
2026-07-31T02:08:02.963471,2026/07/31 02:08:02.906,0,GPU-2c3c1aab-4401-c49f-e973-2d9a530e6442,NVIDIA B200,945.45,1000.0,100.0,15.0,2916.0,179709.0,183359.0,1965.0,3996.0,1965.0,63.0,P0,0,0,Not Active,Not Active,Not Active,Not Active,Not Active,Not Active,360.318,True,6932556715516.0,8406393829084.0
2026-07-31T02:08:03.113359,2026/07/31 02:08:03.054,0,GPU-2c3c1aab-4401-c49f-e973-2d9a530e6442,NVIDIA B200,945.89,1000.0,100.0,15.0,2916.0,179709.0,183359.0,1965.0,3996.0,1965.0,63.0,P0,0,0,Not Active,Not Active,Not Active,Not Active,Not Active,Not Active,148.755,True,6932556715516.0,8406393829084.0
2026-07-31T02:08:03.255242,2026/07/31 02:08:03.199,0,GPU-2c3c1aab-4401-c49f-e973-2d9a530e6442,NVIDIA B200,945.88,1000.0,100.0,15.0,2916.0,179709.0,183359.0,1965.0,3996.0,1965.0,63.0,P0,0,0,Not Active,Not Active,Not Active,Not Active,Not Active,Not Active,147.089,True,6932556715516.0,8406393829084.0
2026-07-31T02:08:03.404112,2026/07/31 02:08:03.341,0,GPU-2c3c1aab-4401-c49f-e973-2d9a530e6442,NVIDIA B200,945.76,1000.0,100.0,15.0,2916.0,179709.0,183359.0,1965.0,3996.0,1965.0,63.0,P0,0,0,Not Active,Not Active,Not Active,Not Active,Not Active,Not Active,139.653,True,6932556715516.0,8406393829084.0
2026-07-31T02:08:03.553122,2026/07/31 02:08:03.493,0,GPU-2c3c1aab-4401-c49f-e973-2d9a530e6442,NVIDIA B200,946.11,1000.0,100.0,15.0,2916.0,179709.0,183359.0,1965.0,3996.0,1965.0,63.0,P0,0,0,Not Active,Not Active,Not Active,Not Active,Not Active,Not Active,152.051,True,6932556715516.0,8406393829084.0
2026-07-31T02:08:03.703322,2026/07/31 02:08:03.642,0,GPU-2c3c1aab-4401-c49f-e973-2d9a530e6442,NVIDIA B200,945.89,1000.0,100.0,15.0,2916.0,179709.0,183359.0,1965.0,3996.0,1965.0,63.0,P0,0,0,Not Active,Not Active,Not Active,Not Active,Not Active,Not Active,148.902,True,6932556715516.0,8406393829084.0
2026-07-31T02:08:03.851391,2026/07/31 02:08:03.793,0,GPU-2c3c1aab-4401-c49f-e973-2d9a530e6442,NVIDIA B200,945.94,1000.0,100.0,15.0,2916.0,179709.0,183359.0,1965.0,3996.0,1965.0,63.0,P0,0,0,Not Active,Not Active,Not Active,Not Active,Not Active,Not Active,149.851,True,6932556715516.0,8406393829084.0
2026-07-31T02:08:03.994334,2026/07/31 02:08:03.936,0,GPU-2c3c1aab-4401-c49f-e973-2d9a530e6442,NVIDIA B200,945.28,1000.0,100.0,15.0,2916.0,179709.0,183359.0,1965.0,3996.0,1965.0,63.0,P0,0,0,Not Active,Not Active,Not Active,Not Active,Not Active,Not Active,145.951,True,6932556715516.0,8406393829084.0
2026-07-31T02:08:04.141208,2026/07/31 02:08:04.082,0,GPU-2c3c1aab-4401-c49f-e973-2d9a530e6442,NVIDIA B200,945.26,1000.0,100.0,15.0,2916.0,179709.0,183359.0,1965.0,3996.0,1965.0,63.0,P0,0,0,Not Active,Not Active,Not Active,Not Active,Not Active,Not Active,145.36,True,6932556715516.0,8406393829084.0
2026-07-31T02:08:04.284279,2026/07/31 02:08:04.227,0,GPU-2c3c1aab-4401-c49f-e973-2d9a530e6442,NVIDIA B200,945.4,1000.0,100.0,15.0,2916.0,179709.0,183359.0,1965.0,3996.0,1965.0,63.0,P0,0,0,Not Active,Not Active,Not Active,Not Active,Not Active,Not Active,145.617,True,6932556715516.0,8406393829084.0
2026-07-31T02:08:04.434131,2026/07/31 02:08:04.371,0,GPU-2c3c1aab-4401-c49f-e973-2d9a530e6442,NVIDIA B200,945.83,1000.0,100.0,15.0,2916.0,179709.0,183359.0,1965.0,3996.0,1965.0,63.0,P0,0,0,Not Active,Not Active,Not Active,Not Active,Not Active,Not Active,141.986,True,6932556715516.0,8406393829084.0
2026-07-31T02:08:04.579341,2026/07/31 02:08:04.521,0,GPU-2c3c1aab-4401-c49f-e973-2d9a530e6442,NVIDIA B200,945.18,1000.0,100.0,16.0,2916.0,179709.0,183359.0,1965.0,3996.0,1965.0,63.0,P0,0,0,Not Active,Not Active,Not Active,Not Active,Not Active,Not Active,150.5,True,6932556715516.0,8406393829084.0
2026-07-31T02:08:04.892639,2026/07/31 02:08:04.829,0,GPU-2c3c1aab-4401-c49f-e973-2d9a530e6442,NVIDIA B200,945.89,1000.0,100.0,15.0,2916.0,179709.0,183359.0,1965.0,3996.0,1965.0,63.0,P0,0,0,Not Active,Not Active,Not Active,Not Active,Not Active,Not Active,287.608,True,6932556715516.0,8406393829084.0
2026-07-31T02:08:05.041674,2026/07/31 02:08:04.981,0,GPU-2c3c1aab-4401-c49f-e973-2d9a530e6442,NVIDIA B200,946.43,1000.0,100.0,15.0,2916.0,179709.0,183359.0,1965.0,3996.0,1965.0,63.0,P0,0,0,Not Active,Not Active,Not Active,Not Active,Not Active,Not Active,172.627,True,6932556715516.0,8406393829084.0
2026-07-31T02:08:05.187841,2026/07/31 02:08:05.129,0,GPU-2c3c1aab-4401-c49f-e973-2d9a530e6442,NVIDIA B200,946.41,1000.0,100.0,15.0,2916.0,179709.0,183359.0,1965.0,3996.0,1965.0,63.0,P0,0,0,Not Active,Not Active,Not Active,Not Active,Not Active,Not Active,148.86,True,6932556715516.0,8406393829084.0
2026-07-31T02:08:05.335210,2026/07/31 02:08:05.276,0,GPU-2c3c1aab-4401-c49f-e973-2d9a530e6442,NVIDIA B200,946.52,1000.0,100.0,15.0,2916.0,179709.0,183359.0,1965.0,3996.0,1965.0,63.0,P0,0,0,Not Active,Not Active,Not Active,Not Active,Not Active,Not Active,147.708,True,6932556715516.0,8406393829084.0
2026-07-31T02:08:05.494950,2026/07/31 02:08:05.427,0,GPU-2c3c1aab-4401-c49f-e973-2d9a530e6442,NVIDIA B200,946.05,1000.0,100.0,15.0,2916.0,179709.0,183359.0,1965.0,3996.0,1965.0,63.0,P0,0,0,Not Active,Not Active,Not Active,Not Active,Not Active,Not Active,148.841,True,6932556715516.0,8406393829084.0
2026-07-31T02:08:05.641056,2026/07/31 02:08:05.583,0,GPU-2c3c1aab-4401-c49f-e973-2d9a530e6442,NVIDIA B200,945.81,1000.0,100.0,15.0,2916.0,179709.0,183359.0,1965.0,3996.0,1965.0,63.0,P0,0,0,Not Active,Not Active,Not Active,Not Active,Not Active,Not Active,157.288,True,6932556715516.0,8406393829084.0
2026-07-31T02:08:05.795977,2026/07/31 02:08:05.730,0,GPU-2c3c1aab-4401-c49f-e973-2d9a530e6442,NVIDIA B200,945.76,1000.0,100.0,15.0,2916.0,179709.0,183359.0,1965.0,3996.0,1965.0,63.0,P0,0,0,Not Active,Not Active,Not Active,Not Active,Not Active,Not Active,145.677,True,6932556715516.0,8406393829084.0
2026-07-31T02:08:05.936215,2026/07/31 02:08:05.875,0,GPU-2c3c1aab-4401-c49f-e973-2d9a530e6442,NVIDIA B200,945.94,1000.0,100.0,15.0,2916.0,179709.0,183359.0,1965.0,3996.0,1965.0,63.0,P0,0,0,Not Active,Not Active,Not Active,Not Active,Not Active,Not Active,149.543,True,6932556715516.0,8406393829084.0
2026-07-31T02:08:06.089576,2026/07/31 02:08:06.028,0,GPU-2c3c1aab-4401-c49f-e973-2d9a530e6442,NVIDIA B200,945.61,1000.0,100.0,16.0,2916.0,179709.0,183359.0,1965.0,3996.0,1965.0,63.0,P0,0,0,Not Active,Not Active,Not Active,Not Active,Not Active,Not Active,148.369,True,6932556715516.0,8406393829084.0
2026-07-31T02:08:06.242226,2026/07/31 02:08:06.177,0,GPU-2c3c1aab-4401-c49f-e973-2d9a530e6442,NVIDIA B200,945.68,1000.0,100.0,15.0,2916.0,179709.0,183359.0,1965.0,3996.0,1965.0,63.0,P0,0,0,Not Active,Not Active,Not Active,Not Active,Not Active,Not Active,151.229,True,6932556715516.0,8406393829084.0
2026-07-31T02:08:06.396651,2026/07/31 02:08:06.333,0,GPU-2c3c1aab-4401-c49f-e973-2d9a530e6442,NVIDIA B200,945.87,1000.0,100.0,15.0,2916.0,179709.0,183359.0,1965.0,3996.0,1965.0,63.0,P0,0,0,Not Active,Not Active,Not Active,Not Active,Not Active,Not Active,153.506,True,6932556715516.0,8406393829084.0
2026-07-31T02:08:06.550082,2026/07/31 02:08:06.490,0,GPU-2c3c1aab-4401-c49f-e973-2d9a530e6442,NVIDIA B200,945.89,1000.0,100.0,15.0,2916.0,179709.0,183359.0,1965.0,3996.0,1965.0,63.0,P0,0,0,Not Active,Not Active,Not Active,Not Active,Not Active,Not Active,157.396,True,6932556715516.0,8406393829084.0
2026-07-31T02:08:06.703577,2026/07/31 02:08:06.643,0,GPU-2c3c1aab-4401-c49f-e973-2d9a530e6442,NVIDIA B200,945.9,1000.0,100.0,15.0,2916.0,179709.0,183359.0,1965.0,3996.0,1965.0,63.0,P0,0,0,Not Active,Not Active,Not Active,Not Active,Not Active,Not Active,152.977,True,6932556715516.0,8406393829084.0
2026-07-31T02:08:06.851916,2026/07/31 02:08:06.791,0,GPU-2c3c1aab-4401-c49f-e973-2d9a530e6442,NVIDIA B200,945.08,1000.0,100.0,15.0,2916.0,179709.0,183359.0,1965.0,3996.0,1965.0,63.0,P0,0,0,Not Active,Not Active,Not Active,Not Active,Not Active,Not Active,150.153,True,6932556715516.0,8406393829084.0
2026-07-31T02:08:07.003426,2026/07/31 02:08:06.945,0,GPU-2c3c1aab-4401-c49f-e973-2d9a530e6442,NVIDIA B200,945.1,1000.0,100.0,15.0,2916.0,179709.0,183359.0,1965.0,3996.0,1965.0,63.0,P0,0,0,Not Active,Not Active,Not Active,Not Active,Not Active,Not Active,152.895,True,6932556715516.0,8406393829084.0
2026-07-31T02:08:07.151289,2026/07/31 02:08:07.092,0,GPU-2c3c1aab-4401-c49f-e973-2d9a530e6442,NVIDIA B200,945.59,1000.0,100.0,15.0,2916.0,179709.0,183359.0,1965.0,3996.0,1965.0,63.0,P0,0,0,Not Active,Not Active,Not Active,Not Active,Not Active,Not Active,148.07,True,6932556715516.0,8406393829084.0
2026-07-31T02:08:07.304186,2026/07/31 02:08:07.239,0,GPU-2c3c1aab-4401-c49f-e973-2d9a530e6442,NVIDIA B200,945.32,1000.0,100.0,15.0,2916.0,179709.0,183359.0,1965.0,3996.0,1965.0,63.0,P0,0,0,Not Active,Not Active,Not Active,Not Active,Not Active,Not Active,144.896,True,6932556715516.0,8406393829084.0
2026-07-31T02:08:07.449408,2026/07/31 02:08:07.391,0,GPU-2c3c1aab-4401-c49f-e973-2d9a530e6442,NVIDIA B200,945.15,1000.0,100.0,15.0,2916.0,179709.0,183359.0,1965.0,3996.0,1965.0,63.0,P0,0,0,Not Active,Not Active,Not Active,Not Active,Not Active,Not Active,153.177,True,6932556715516.0,8406393829084.0
2026-07-31T02:08:07.597488,2026/07/31 02:08:07.536,0,GPU-2c3c1aab-4401-c49f-e973-2d9a530e6442,NVIDIA B200,945.61,1000.0,100.0,15.0,2916.0,179709.0,183359.0,1965.0,3996.0,1965.0,63.0,P0,0,0,Not Active,Not Active,Not Active,Not Active,Not Active,Not Active,143.692,True,6932556715516.0,8406393829084.0
2026-07-31T02:08:07.743186,2026/07/31 02:08:07.683,0,GPU-2c3c1aab-4401-c49f-e973-2d9a530e6442,NVIDIA B200,945.72,1000.0,100.0,15.0,2916.0,179709.0,183359.0,1965.0,3996.0,1965.0,63.0,P0,0,0,Not Active,Not Active,Not Active,Not Active,Not Active,Not Active,148.158,True,6932556715516.0,8406393829084.0
2026-07-31T02:08:07.896149,2026/07/31 02:08:07.831,0,GPU-2c3c1aab-4401-c49f-e973-2d9a530e6442,NVIDIA B200,946.24,1000.0,100.0,15.0,2916.0,179709.0,183359.0,1965.0,3996.0,1965.0,63.0,P0,0,0,Not Active,Not Active,Not Active,Not Active,Not Active,Not Active,147.911,True,6932556715516.0,8406393829084.0
2026-07-31T02:08:08.296591,2026/07/31 02:08:08.179,0,GPU-2c3c1aab-4401-c49f-e973-2d9a530e6442,NVIDIA B200,945.43,1000.0,100.0,15.0,2916.0,179709.0,183359.0,1965.0,3996.0,1965.0,63.0,P0,0,0,Not Active,Not Active,Not Active,Not Active,Not Active,Not Active,339.336,True,6932556715516.0,8406393829084.0
2026-07-31T02:08:08.446647,2026/07/31 02:08:08.385,0,GPU-2c3c1aab-4401-c49f-e973-2d9a530e6442,NVIDIA B200,945.22,1000.0,100.0,15.0,2916.0,179709.0,183359.0,1965.0,3996.0,1965.0,63.0,P0,0,0,Not Active,Not Active,Not Active,Not Active,Not Active,Not Active,214.686,True,6932556715516.0,8406393829084.0
2026-07-31T02:08:08.590365,2026/07/31 02:08:08.533,0,GPU-2c3c1aab-4401-c49f-e973-2d9a530e6442,NVIDIA B200,945.35,1000.0,100.0,15.0,2916.0,179709.0,183359.0,1965.0,3996.0,1965.0,63.0,P0,0,0,Not Active,Not Active,Not Active,Not Active,Not Active,Not Active,147.648,True,6932556715516.0,8406393829084.0
2026-07-31T02:08:08.737017,2026/07/31 02:08:08.676,0,GPU-2c3c1aab-4401-c49f-e973-2d9a530e6442,NVIDIA B200,944.99,1000.0,100.0,15.0,2916.0,179709.0,183359.0,1965.0,3996.0,1965.0,63.0,P0,0,0,Not Active,Not Active,Not Active,Not Active,Not Active,Not Active,145.418,True,6932556715516.0,8406393829084.0
2026-07-31T02:08:08.904277,2026/07/31 02:08:08.844,0,GPU-2c3c1aab-4401-c49f-e973-2d9a530e6442,NVIDIA B200,944.47,1000.0,100.0,15.0,2916.0,179709.0,183359.0,1965.0,3996.0,1965.0,63.0,P0,0,0,Not Active,Not Active,Not Active,Not Active,Not Active,Not Active,152.123,True,6932556715516.0,8406393829084.0
2026-07-31T02:08:09.061345,2026/07/31 02:08:08.999,0,GPU-2c3c1aab-4401-c49f-e973-2d9a530e6442,NVIDIA B200,944.94,1000.0,100.0,15.0,2916.0,179709.0,183359.0,1965.0,3996.0,1965.0,63.0,P0,0,0,Not Active,Not Active,Not Active,Not Active,Not Active,Not Active,166.799,True,6932556715516.0,8406393829084.0
2026-07-31T02:08:09.207284,2026/07/31 02:08:09.146,0,GPU-2c3c1aab-4401-c49f-e973-2d9a530e6442,NVIDIA B200,945.31,1000.0,100.0,15.0,2916.0,179709.0,183359.0,1965.0,3996.0,1965.0,63.0,P0,0,0,Not Active,Not Active,Not Active,Not Active,Not Active,Not Active,149.998,True,6932556715516.0,8406393829084.0
2026-07-31T02:08:09.357369,2026/07/31 02:08:09.297,0,GPU-2c3c1aab-4401-c49f-e973-2d9a530e6442,NVIDIA B200,945.4,1000.0,100.0,15.0,2916.0,179709.0,183359.0,1965.0,3996.0,1965.0,63.0,P0,0,0,Not Active,Not Active,Not Active,Not Active,Not Active,Not Active,147.932,True,6932556715516.0,8406393829084.0
2026-07-31T02:08:09.500220,2026/07/31 02:08:09.440,0,GPU-2c3c1aab-4401-c49f-e973-2d9a530e6442,NVIDIA B200,945.29,1000.0,100.0,15.0,2916.0,179709.0,183359.0,1965.0,3996.0,1965.0,63.0,P0,0,0,Not Active,Not Active,Not Active,Not Active,Not Active,Not Active,148.216,True,6932556715516.0,8406393829084.0
2026-07-31T02:08:09.647187,2026/07/31 02:08:09.587,0,GPU-2c3c1aab-4401-c49f-e973-2d9a530e6442,NVIDIA B200,944.89,1000.0,100.0,15.0,2916.0,179709.0,183359.0,1965.0,3996.0,1965.0,63.0,P0,0,0,Not Active,Not Active,Not Active,Not Active,Not Active,Not Active,144.939,True,6932556715516.0,8406393829084.0
2026-07-31T02:08:09.846726,2026/07/31 02:08:09.785,0,GPU-2c3c1aab-4401-c49f-e973-2d9a530e6442,NVIDIA B200,945.3,1000.0,100.0,15.0,2916.0,179709.0,183359.0,1965.0,3996.0,1965.0,62.0,P0,0,0,Not Active,Not Active,Not Active,Not Active,Not Active,Not Active,196.442,True,6932556715516.0,8406393829084.0
2026-07-31T02:08:10.101967,2026/07/31 02:08:10.024,0,GPU-2c3c1aab-4401-c49f-e973-2d9a530e6442,NVIDIA B200,944.91,1000.0,100.0,15.0,2916.0,179709.0,183359.0,1965.0,3996.0,1965.0,63.0,P0,0,0,Not Active,Not Active,Not Active,Not Active,Not Active,Not Active,209.32,True,6932556715516.0,8406393829084.0
2026-07-31T02:08:10.273994,2026/07/31 02:08:10.216,0,GPU-2c3c1aab-4401-c49f-e973-2d9a530e6442,NVIDIA B200,945.18,1000.0,100.0,16.0,2916.0,179709.0,183359.0,1965.0,3996.0,1965.0,63.0,P0,0,0,Not Active,Not Active,Not Active,Not Active,Not Active,Not Active,221.217,True,6932556715516.0,8406393829084.0
2026-07-31T02:08:10.422491,2026/07/31 02:08:10.365,0,GPU-2c3c1aab-4401-c49f-e973-2d9a530e6442,NVIDIA B200,944.66,1000.0,100.0,15.0,2916.0,179709.0,183359.0,1965.0,3996.0,1965.0,63.0,P0,0,0,Not Active,Not Active,Not Active,Not Active,Not Active,Not Active,151.33,True,6932556715516.0,8406393829084.0
2026-07-31T02:08:10.568385,2026/07/31 02:08:10.511,0,GPU-2c3c1aab-4401-c49f-e973-2d9a530e6442,NVIDIA B200,945.42,1000.0,100.0,15.0,2916.0,179709.0,183359.0,1965.0,3996.0,1965.0,63.0,P0,0,0,Not Active,Not Active,Not Active,Not Active,Not Active,Not Active,144.617,True,6932556715516.0,8406393829084.0
2026-07-31T02:08:10.718715,2026/07/31 02:08:10.658,0,GPU-2c3c1aab-4401-c49f-e973-2d9a530e6442,NVIDIA B200,945.41,1000.0,100.0,15.0,2916.0,179709.0,183359.0,1965.0,3996.0,1965.0,63.0,P0,0,0,Not Active,Not Active,Not Active,Not Active,Not Active,Not Active,145.545,True,6932556715516.0,8406393829084.0
2026-07-31T02:08:10.863549,2026/07/31 02:08:10.806,0,GPU-2c3c1aab-4401-c49f-e973-2d9a530e6442,NVIDIA B200,945.29,1000.0,100.0,15.0,2916.0,179709.0,183359.0,1965.0,3996.0,1965.0,63.0,P0,0,0,Not Active,Not Active,Not Active,Not Active,Not Active,Not Active,149.801,True,6932556715516.0,8406393829084.0
2026-07-31T02:08:11.008076,2026/07/31 02:08:10.948,0,GPU-2c3c1aab-4401-c49f-e973-2d9a530e6442,NVIDIA B200,944.89,1000.0,100.0,15.0,2916.0,179709.0,183359.0,1965.0,3996.0,1965.0,63.0,P0,0,0,Not Active,Not Active,Not Active,Not Active,Not Active,Not Active,142.33,True,6932556715516.0,8406393829084.0
2026-07-31T02:08:11.157133,2026/07/31 02:08:11.098,0,GPU-2c3c1aab-4401-c49f-e973-2d9a530e6442,NVIDIA B200,944.99,1000.0,100.0,15.0,2916.0,179709.0,183359.0,1965.0,3996.0,1965.0,63.0,P0,0,0,Not Active,Not Active,Not Active,Not Active,Not Active,Not Active,145.754,True,6932556715516.0,8406393829084.0
2026-07-31T02:08:11.299920,2026/07/31 02:08:11.239,0,GPU-2c3c1aab-4401-c49f-e973-2d9a530e6442,NVIDIA B200,944.02,1000.0,100.0,15.0,2916.0,179709.0,183359.0,1965.0,3996.0,1965.0,62.0,P0,0,0,Not Active,Not Active,Not Active,Not Active,Not Active,Not Active,145.842,True,6932556715516.0,8406393829084.0
2026-07-31T02:08:11.448360,2026/07/31 02:08:11.385,0,GPU-2c3c1aab-4401-c49f-e973-2d9a530e6442,NVIDIA B200,944.7,1000.0,100.0,15.0,2916.0,179709.0,183359.0,1965.0,3996.0,1965.0,63.0,P0,0,0,Not Active,Not Active,Not Active,Not Active,Not Active,Not Active,146.201,True,6932556715516.0,8406393829084.0
2026-07-31T02:08:11.608666,2026/07/31 02:08:11.542,0,GPU-2c3c1aab-4401-c49f-e973-2d9a530e6442,NVIDIA B200,944.26,1000.0,100.0,16.0,2916.0,179709.0,183359.0,1965.0,3996.0,1965.0,63.0,P0,0,0,Not Active,Not Active,Not Active,Not Active,Not Active,Not Active,148.677,True,6932556715516.0,8406393829084.0
2026-07-31T02:08:11.761467,2026/07/31 02:08:11.702,0,GPU-2c3c1aab-4401-c49f-e973-2d9a530e6442,NVIDIA B200,944.16,1000.0,100.0,15.0,2916.0,179709.0,183359.0,1965.0,3996.0,1965.0,63.0,P0,0,0,Not Active,Not Active,Not Active,Not Active,Not Active,Not Active,163.797,True,6932556715516.0,8406393829084.0
2026-07-31T02:08:11.908510,2026/07/31 02:08:11.847,0,GPU-2c3c1aab-4401-c49f-e973-2d9a530e6442,NVIDIA B200,944.39,1000.0,100.0,15.0,2916.0,179709.0,183359.0,1965.0,3996.0,1965.0,63.0,P0,0,0,Not Active,Not Active,Not Active,Not Active,Not Active,Not Active,149.187,True,6932556715516.0,8406393829084.0
2026-07-31T02:08:12.055277,2026/07/31 02:08:11.994,0,GPU-2c3c1aab-4401-c49f-e973-2d9a530e6442,NVIDIA B200,944.41,1000.0,100.0,15.0,2916.0,179709.0,183359.0,1965.0,3996.0,1965.0,63.0,P0,0,0,Not Active,Not Active,Not Active,Not Active,Not Active,Not Active,146.7,True,6932556715516.0,8406393829084.0
2026-07-31T02:08:12.200010,2026/07/31 02:08:12.140,0,GPU-2c3c1aab-4401-c49f-e973-2d9a530e6442,NVIDIA B200,944.95,1000.0,100.0,15.0,2916.0,179709.0,183359.0,1965.0,3996.0,1965.0,63.0,P0,0,0,Not Active,Not Active,Not Active,Not Active,Not Active,Not Active,144.829,True,6932556715516.0,8406393829084.0
2026-07-31T02:08:12.347100,2026/07/31 02:08:12.285,0,GPU-2c3c1aab-4401-c49f-e973-2d9a530e6442,NVIDIA B200,945.2,1000.0,100.0,15.0,2916.0,179709.0,183359.0,1965.0,3996.0,1965.0,63.0,P0,0,0,Not Active,Not Active,Not Active,Not Active,Not Active,Not Active,144.638,True,6932556715516.0,8406393829084.0
2026-07-31T02:08:12.498582,2026/07/31 02:08:12.436,0,GPU-2c3c1aab-4401-c49f-e973-2d9a530e6442,NVIDIA B200,945.22,1000.0,100.0,15.0,2916.0,179709.0,183359.0,1965.0,3996.0,1965.0,63.0,P0,0,0,Not Active,Not Active,Not Active,Not Active,Not Active,Not Active,152.037,True,6932556715516.0,8406393829084.0
2026-07-31T02:08:12.648217,2026/07/31 02:08:12.585,0,GPU-2c3c1aab-4401-c49f-e973-2d9a530e6442,NVIDIA B200,944.91,1000.0,100.0,15.0,2916.0,179709.0,183359.0,1965.0,3996.0,1965.0,63.0,P0,0,0,Not Active,Not Active,Not Active,Not Active,Not Active,Not Active,147.011,True,6932556715516.0,8406393829084.0
2026-07-31T02:08:12.798212,2026/07/31 02:08:12.736,0,GPU-2c3c1aab-4401-c49f-e973-2d9a530e6442,NVIDIA B200,944.84,1000.0,100.0,15.0,2916.0,179709.0,183359.0,1965.0,3996.0,1965.0,63.0,P0,0,0,Not Active,Not Active,Not Active,Not Active,Not Active,Not Active,152.951,True,6932556715516.0,8406393829084.0
2026-07-31T02:08:12.943113,2026/07/31 02:08:12.881,0,GPU-2c3c1aab-4401-c49f-e973-2d9a530e6442,NVIDIA B200,944.59,1000.0,100.0,15.0,2916.0,179709.0,183359.0,1965.0,3996.0,1965.0,63.0,P0,0,0,Not Active,Not Active,Not Active,Not Active,Not Active,Not Active,145.837,True,6932556715516.0,8406393829084.0
2026-07-31T02:08:13.088249,2026/07/31 02:08:13.030,0,GPU-2c3c1aab-4401-c49f-e973-2d9a530e6442,NVIDIA B200,944.54,1000.0,100.0,16.0,2916.0,179709.0,183359.0,1965.0,3996.0,1965.0,63.0,P0,0,0,Not Active,Not Active,Not Active,Not Active,Not Active,Not Active,149.79,True,6932556715516.0,8406393829084.0
2026-07-31T02:08:13.231389,2026/07/31 02:08:13.170,0,GPU-2c3c1aab-4401-c49f-e973-2d9a530e6442,NVIDIA B200,943.86,1000.0,100.0,15.0,2916.0,179709.0,183359.0,1965.0,3996.0,1965.0,63.0,P0,0,0,Not Active,Not Active,Not Active,Not Active,Not Active,Not Active,139.267,True,6932556715516.0,8406393829084.0
2026-07-31T02:08:13.535791,2026/07/31 02:08:13.317,0,GPU-2c3c1aab-4401-c49f-e973-2d9a530e6442,NVIDIA B200,944.63,1000.0,100.0,15.0,2916.0,179709.0,183359.0,1965.0,3996.0,1965.0,63.0,P0,0,0,Not Active,Not Active,Not Active,Not Active,Not Active,Not Active,146.816,True,6932556715516.0,8406393829084.0
2026-07-31T02:08:13.762103,2026/07/31 02:08:13.691,0,GPU-2c3c1aab-4401-c49f-e973-2d9a530e6442,NVIDIA B200,944.82,1000.0,100.0,15.0,2916.0,179709.0,183359.0,1965.0,3996.0,1965.0,63.0,P0,0,0,Not Active,Not Active,Not Active,Not Active,Not Active,Not Active,339.241,True,6932556715516.0,8406393829084.0
2026-07-31T02:08:13.912016,2026/07/31 02:08:13.853,0,GPU-2c3c1aab-4401-c49f-e973-2d9a530e6442,NVIDIA B200,945.3,1000.0,100.0,15.0,2916.0,179709.0,183359.0,1965.0,3996.0,1965.0,63.0,P0,0,0,Not Active,Not Active,Not Active,Not Active,Not Active,Not Active,194.811,True,6932556715516.0,8406393829084.0
2026-07-31T02:08:14.061211,2026/07/31 02:08:14.003,0,GPU-2c3c1aab-4401-c49f-e973-2d9a530e6442,NVIDIA B200,945.48,1000.0,100.0,15.0,2916.0,179709.0,183359.0,1965.0,3996.0,1965.0,63.0,P0,0,0,Not Active,Not Active,Not Active,Not Active,Not Active,Not Active,145.189,True,6932556715516.0,8406393829084.0
2026-07-31T02:08:14.209496,2026/07/31 02:08:14.149,0,GPU-2c3c1aab-4401-c49f-e973-2d9a530e6442,NVIDIA B200,945.82,1000.0,100.0,15.0,2916.0,179709.0,183359.0,1965.0,3996.0,1965.0,63.0,P0,0,0,Not Active,Not Active,Not Active,Not Active,Not Active,Not Active,153.036,True,6932556715516.0,8406393829084.0
2026-07-31T02:08:14.353846,2026/07/31 02:08:14.294,0,GPU-2c3c1aab-4401-c49f-e973-2d9a530e6442,NVIDIA B200,945.33,1000.0,100.0,16.0,2916.0,179709.0,183359.0,1965.0,3996.0,1965.0,63.0,P0,0,0,Not Active,Not Active,Not Active,Not Active,Not Active,Not Active,144.993,True,6932556715516.0,8406393829084.0
2026-07-31T02:08:14.499283,2026/07/31 02:08:14.438,0,GPU-2c3c1aab-4401-c49f-e973-2d9a530e6442,NVIDIA B200,944.76,1000.0,100.0,16.0,2916.0,179709.0,183359.0,1965.0,3996.0,1965.0,63.0,P0,0,0,Not Active,Not Active,Not Active,Not Active,Not Active,Not Active,142.781,True,6932556715516.0,8406393829084.0
2026-07-31T02:08:14.639546,2026/07/31 02:08:14.583,0,GPU-2c3c1aab-4401-c49f-e973-2d9a530e6442,NVIDIA B200,944.6,1000.0,100.0,15.0,2916.0,179709.0,183359.0,1965.0,3996.0,1965.0,63.0,P0,0,0,Not Active,Not Active,Not Active,Not Active,Not Active,Not Active,146.008,True,6932556715516.0,8406393829084.0
2026-07-31T02:08:14.785221,2026/07/31 02:08:14.727,0,GPU-2c3c1aab-4401-c49f-e973-2d9a530e6442,NVIDIA B200,944.93,1000.0,100.0,15.0,2916.0,179709.0,183359.0,1965.0,3996.0,1965.0,63.0,P0,0,0,Not Active,Not Active,Not Active,Not Active,Not Active,Not Active,144.122,True,6932556715516.0,8406393829084.0
2026-07-31T02:08:14.975933,2026/07/31 02:08:14.919,0,GPU-2c3c1aab-4401-c49f-e973-2d9a530e6442,NVIDIA B200,944.76,1000.0,100.0,15.0,2916.0,179709.0,183359.0,1965.0,3996.0,1965.0,63.0,P0,0,0,Not Active,Not Active,Not Active,Not Active,Not Active,Not Active,193.169,True,6932556715516.0,8406393829084.0
2026-07-31T02:08:15.131250,2026/07/31 02:08:15.064,0,GPU-2c3c1aab-4401-c49f-e973-2d9a530e6442,NVIDIA B200,944.93,1000.0,100.0,15.0,2916.0,179709.0,183359.0,1965.0,3996.0,1965.0,63.0,P0,0,0,Not Active,Not Active,Not Active,Not Active,Not Active,Not Active,140.741,True,6932556715516.0,8406393829084.0
2026-07-31T02:08:15.349613,2026/07/31 02:08:15.218,0,GPU-2c3c1aab-4401-c49f-e973-2d9a530e6442,NVIDIA B200,945.24,1000.0,100.0,15.0,2916.0,179709.0,183359.0,1965.0,3996.0,1965.0,63.0,P0,0,0,Not Active,Not Active,Not Active,Not Active,Not Active,Not Active,156.728,True,6932556715516.0,8406393829084.0
2026-07-31T02:08:15.550644,2026/07/31 02:08:15.490,0,GPU-2c3c1aab-4401-c49f-e973-2d9a530e6442,NVIDIA B200,945.3,1000.0,100.0,15.0,2916.0,179709.0,183359.0,1965.0,3996.0,1965.0,63.0,P0,0,0,Not Active,Not Active,Not Active,Not Active,Not Active,Not Active,254.814,True,6932556715516.0,8406393829084.0
2026-07-31T02:08:15.696450,2026/07/31 02:08:15.636,0,GPU-2c3c1aab-4401-c49f-e973-2d9a530e6442,NVIDIA B200,944.78,1000.0,100.0,15.0,2916.0,179709.0,183359.0,1965.0,3996.0,1965.0,63.0,P0,0,0,Not Active,Not Active,Not Active,Not Active,Not Active,Not Active,161.192,True,6932556715516.0,8406393829084.0
2026-07-31T02:08:15.842174,2026/07/31 02:08:15.784,0,GPU-2c3c1aab-4401-c49f-e973-2d9a530e6442,NVIDIA B200,944.59,1000.0,100.0,16.0,2916.0,179709.0,183359.0,1965.0,3996.0,1965.0,63.0,P0,0,0,Not Active,Not Active,Not Active,Not Active,Not Active,Not Active,150.379,True,6932556715516.0,8406393829084.0
2026-07-31T02:08:15.983381,2026/07/31 02:08:15.927,0,GPU-2c3c1aab-4401-c49f-e973-2d9a530e6442,NVIDIA B200,944.14,1000.0,100.0,15.0,2916.0,179709.0,183359.0,1965.0,3996.0,1965.0,63.0,P0,0,0,Not Active,Not Active,Not Active,Not Active,Not Active,Not Active,142.122,True,6932556715516.0,8406393829084.0
2026-07-31T02:08:16.130476,2026/07/31 02:08:16.073,0,GPU-2c3c1aab-4401-c49f-e973-2d9a530e6442,NVIDIA B200,944.36,1000.0,100.0,15.0,2916.0,179709.0,183359.0,1965.0,3996.0,1965.0,63.0,P0,0,0,Not Active,Not Active,Not Active,Not Active,Not Active,Not Active,145.951,True,6932556715516.0,8406393829084.0
2026-07-31T02:08:16.267224,2026/07/31 02:08:16.211,0,GPU-2c3c1aab-4401-c49f-e973-2d9a530e6442,NVIDIA B200,944.16,1000.0,100.0,15.0,2916.0,179709.0,183359.0,1965.0,3996.0,1965.0,63.0,P0,0,0,Not Active,Not Active,Not Active,Not Active,Not Active,Not Active,139.374,True,6932556715516.0,8406393829084.0
2026-07-31T02:08:16.414208,2026/07/31 02:08:16.354,0,GPU-2c3c1aab-4401-c49f-e973-2d9a530e6442,NVIDIA B200,944.59,1000.0,99.0,15.0,2916.0,179709.0,183359.0,1965.0,3996.0,1965.0,63.0,P0,0,0,Not Active,Not Active,Not Active,Not Active,Not Active,Not Active,141.519,True,6932556715516.0,8406393829084.0
2026-07-31T02:08:16.556870,2026/07/31 02:08:16.501,0,GPU-2c3c1aab-4401-c49f-e973-2d9a530e6442,NVIDIA B200,944.74,1000.0,100.0,15.0,2916.0,179709.0,183359.0,1965.0,3996.0,1965.0,63.0,P0,0,0,Not Active,Not Active,Not Active,Not Active,Not Active,Not Active,145.465,True,6932556715516.0,8406393829084.0
2026-07-31T02:08:16.695946,2026/07/31 02:08:16.638,0,GPU-2c3c1aab-4401-c49f-e973-2d9a530e6442,NVIDIA B200,945.3,1000.0,100.0,15.0,2916.0,179709.0,183359.0,1965.0,3996.0,1965.0,63.0,P0,0,0,Not Active,Not Active,Not Active,Not Active,Not Active,Not Active,139.286,True,6932556715516.0,8406393829084.0
2026-07-31T02:08:16.842258,2026/07/31 02:08:16.784,0,GPU-2c3c1aab-4401-c49f-e973-2d9a530e6442,NVIDIA B200,945.29,1000.0,100.0,15.0,2916.0,179709.0,183359.0,1965.0,3996.0,1965.0,63.0,P0,0,0,Not Active,Not Active,Not Active,Not Active,Not Active,Not Active,144.333,True,6932556715516.0,8406393829084.0
2026-07-31T02:08:16.984495,2026/07/31 02:08:16.928,0,GPU-2c3c1aab-4401-c49f-e973-2d9a530e6442,NVIDIA B200,945.01,1000.0,100.0,15.0,2916.0,179709.0,183359.0,1965.0,3996.0,1965.0,63.0,P0,0,0,Not Active,Not Active,Not Active,Not Active,Not Active,Not Active,144.296,True,6932556715516.0,8406393829084.0
2026-07-31T02:08:17.132571,2026/07/31 02:08:17.071,0,GPU-2c3c1aab-4401-c49f-e973-2d9a530e6442,NVIDIA B200,944.88,1000.0,100.0,15.0,2916.0,179709.0,183359.0,1965.0,3996.0,1965.0,63.0,P0,0,0,Not Active,Not Active,Not Active,Not Active,Not Active,Not Active,143.937,True,6932556715516.0,8406393829084.0
2026-07-31T02:08:17.280118,2026/07/31 02:08:17.222,0,GPU-2c3c1aab-4401-c49f-e973-2d9a530e6442,NVIDIA B200,944.62,1000.0,100.0,16.0,2916.0,179709.0,183359.0,1965.0,3996.0,1965.0,63.0,P0,0,0,Not Active,Not Active,Not Active,Not Active,Not Active,Not Active,148.563,True,6932556715516.0,8406393829084.0
2026-07-31T02:08:17.428524,2026/07/31 02:08:17.368,0,GPU-2c3c1aab-4401-c49f-e973-2d9a530e6442,NVIDIA B200,944.5,1000.0,100.0,15.0,2916.0,179709.0,183359.0,1965.0,3996.0,1965.0,63.0,P0,0,0,Not Active,Not Active,Not Active,Not Active,Not Active,Not Active,148.026,True,6932556715516.0,8406393829084.0
2026-07-31T02:08:17.574334,2026/07/31 02:08:17.516,0,GPU-2c3c1aab-4401-c49f-e973-2d9a530e6442,NVIDIA B200,944.49,1000.0,100.0,15.0,2916.0,179709.0,183359.0,1965.0,3996.0,1965.0,63.0,P0,0,0,Not Active,Not Active,Not Active,Not Active,Not Active,Not Active,146.169,True,6932556715516.0,8406393829084.0
2026-07-31T02:08:17.720438,2026/07/31 02:08:17.663,0,GPU-2c3c1aab-4401-c49f-e973-2d9a530e6442,NVIDIA B200,944.45,1000.0,100.0,15.0,2916.0,179709.0,183359.0,1965.0,3996.0,1965.0,63.0,P0,0,0,Not Active,Not Active,Not Active,Not Active,Not Active,Not Active,149.156,True,6932556715516.0,8406393829084.0
2026-07-31T02:08:17.862197,2026/07/31 02:08:17.807,0,GPU-2c3c1aab-4401-c49f-e973-2d9a530e6442,NVIDIA B200,944.36,1000.0,100.0,15.0,2916.0,179709.0,183359.0,1965.0,3996.0,1965.0,63.0,P0,0,0,Not Active,Not Active,Not Active,Not Active,Not Active,Not Active,142.581,True,6932556715516.0,8406393829084.0
2026-07-31T02:08:18.011406,2026/07/31 02:08:17.952,0,GPU-2c3c1aab-4401-c49f-e973-2d9a530e6442,NVIDIA B200,945.04,1000.0,100.0,15.0,2916.0,179709.0,183359.0,1965.0,3996.0,1965.0,63.0,P0,0,0,Not Active,Not Active,Not Active,Not Active,Not Active,Not Active,145.514,True,6932556715516.0,8406393829084.0
2026-07-31T02:08:18.161124,2026/07/31 02:08:18.102,0,GPU-2c3c1aab-4401-c49f-e973-2d9a530e6442,NVIDIA B200,945.88,1000.0,100.0,15.0,2916.0,179709.0,183359.0,1965.0,3996.0,1965.0,63.0,P0,0,0,Not Active,Not Active,Not Active,Not Active,Not Active,Not Active,147.318,True,6932556715516.0,8406393829084.0
2026-07-31T02:08:18.311201,2026/07/31 02:08:18.253,0,GPU-2c3c1aab-4401-c49f-e973-2d9a530e6442,NVIDIA B200,945.94,1000.0,100.0,15.0,2916.0,179709.0,183359.0,1965.0,3996.0,1965.0,63.0,P0,0,0,Not Active,Not Active,Not Active,Not Active,Not Active,Not Active,152.49,True,6932556715516.0,8406393829084.0
2026-07-31T02:08:18.453462,2026/07/31 02:08:18.395,0,GPU-2c3c1aab-4401-c49f-e973-2d9a530e6442,NVIDIA B200,945.53,1000.0,100.0,15.0,2916.0,179709.0,183359.0,1965.0,3996.0,1965.0,63.0,P0,0,0,Not Active,Not Active,Not Active,Not Active,Not Active,Not Active,142.184,True,6932556715516.0,8406393829084.0
2026-07-31T02:08:18.604971,2026/07/31 02:08:18.543,0,GPU-2c3c1aab-4401-c49f-e973-2d9a530e6442,NVIDIA B200,945.46,1000.0,100.0,16.0,2916.0,179709.0,183359.0,1965.0,3996.0,1965.0,63.0,P0,0,0,Not Active,Not Active,Not Active,Not Active,Not Active,Not Active,149.036,True,6932556715516.0,8406393829084.0
2026-07-31T02:08:18.784697,2026/07/31 02:08:18.687,0,GPU-2c3c1aab-4401-c49f-e973-2d9a530e6442,NVIDIA B200,946.07,1000.0,100.0,15.0,2916.0,179709.0,183359.0,1965.0,3996.0,1965.0,63.0,P0,0,0,Not Active,Not Active,Not Active,Not Active,Not Active,Not Active,145.662,True,6932556715516.0,8406393829084.0
2026-07-31T02:08:19.102917,2026/07/31 02:08:19.018,0,GPU-2c3c1aab-4401-c49f-e973-2d9a530e6442,NVIDIA B200,945.67,1000.0,100.0,15.0,2916.0,179709.0,183359.0,1965.0,3996.0,1965.0,63.0,P0,0,0,Not Active,Not Active,Not Active,Not Active,Not Active,Not Active,326.322,True,6932556715516.0,8406393829084.0
2026-07-31T02:08:19.243856,2026/07/31 02:08:19.185,0,GPU-2c3c1aab-4401-c49f-e973-2d9a530e6442,NVIDIA B200,945.94,1000.0,100.0,15.0,2916.0,179709.0,183359.0,1965.0,3996.0,1965.0,63.0,P0,0,0,Not Active,Not Active,Not Active,Not Active,Not Active,Not Active,171.576,True,6932556715516.0,8406393829084.0
2026-07-31T02:08:19.394173,2026/07/31 02:08:19.336,0,GPU-2c3c1aab-4401-c49f-e973-2d9a530e6442,NVIDIA B200,946.4,1000.0,100.0,15.0,2916.0,179709.0,183359.0,1965.0,3996.0,1965.0,63.0,P0,0,0,Not Active,Not Active,Not Active,Not Active,Not Active,Not Active,152.017,True,6932556715516.0,8406393829084.0
2026-07-31T02:08:19.538127,2026/07/31 02:08:19.479,0,GPU-2c3c1aab-4401-c49f-e973-2d9a530e6442,NVIDIA B200,946.68,1000.0,100.0,15.0,2916.0,179709.0,183359.0,1965.0,3996.0,1965.0,63.0,P0,0,0,Not Active,Not Active,Not Active,Not Active,Not Active,Not Active,141.833,True,6932556715516.0,8406393829084.0
2026-07-31T02:08:19.681124,2026/07/31 02:08:19.622,0,GPU-2c3c1aab-4401-c49f-e973-2d9a530e6442,NVIDIA B200,946.48,1000.0,100.0,15.0,2916.0,179709.0,183359.0,1965.0,3996.0,1965.0,63.0,P0,0,0,Not Active,Not Active,Not Active,Not Active,Not Active,Not Active,142.879,True,6932556715516.0,8406393829084.0
2026-07-31T02:08:19.824514,2026/07/31 02:08:19.767,0,GPU-2c3c1aab-4401-c49f-e973-2d9a530e6442,NVIDIA B200,946.67,1000.0,100.0,15.0,2916.0,179709.0,183359.0,1965.0,3996.0,1965.0,63.0,P0,0,0,Not Active,Not Active,Not Active,Not Active,Not Active,Not Active,143.333,True,6932556715516.0,8406393829084.0
2026-07-31T02:08:20.023205,2026/07/31 02:08:19.965,0,GPU-2c3c1aab-4401-c49f-e973-2d9a530e6442,NVIDIA B200,946.05,1000.0,100.0,16.0,2916.0,179709.0,183359.0,1965.0,3996.0,1965.0,63.0,P0,0,0,Not Active,Not Active,Not Active,Not Active,Not Active,Not Active,198.669,True,6932556715516.0,8406393829084.0
2026-07-31T02:08:20.187077,2026/07/31 02:08:20.130,0,GPU-2c3c1aab-4401-c49f-e973-2d9a530e6442,NVIDIA B200,945.54,1000.0,100.0,15.0,2916.0,179709.0,183359.0,1965.0,3996.0,1965.0,63.0,P0,0,0,Not Active,Not Active,Not Active,Not Active,Not Active,Not Active,165.011,True,6932556715516.0,8406393829084.0
2026-07-31T02:08:20.334233,2026/07/31 02:08:20.272,0,GPU-2c3c1aab-4401-c49f-e973-2d9a530e6442,NVIDIA B200,945.78,1000.0,100.0,15.0,2916.0,179709.0,183359.0,1965.0,3996.0,1965.0,63.0,P0,0,0,Not Active,Not Active,Not Active,Not Active,Not Active,Not Active,143.396,True,6932556715516.0,8406393829084.0
2026-07-31T02:08:20.480695,2026/07/31 02:08:20.422,0,GPU-2c3c1aab-4401-c49f-e973-2d9a530e6442,NVIDIA B200,945.63,1000.0,100.0,15.0,2916.0,179709.0,183359.0,1965.0,3996.0,1965.0,63.0,P0,0,0,Not Active,Not Active,Not Active,Not Active,Not Active,Not Active,150.154,True,6932556715516.0,8406393829084.0
2026-07-31T02:08:20.760277,2026/07/31 02:08:20.568,0,GPU-2c3c1aab-4401-c49f-e973-2d9a530e6442,NVIDIA B200,946.03,1000.0,100.0,15.0,2916.0,179709.0,183359.0,1965.0,3996.0,1965.0,63.0,P0,0,0,Not Active,Not Active,Not Active,Not Active,Not Active,Not Active,142.913,True,6932556715516.0,8406393829084.0
2026-07-31T02:08:20.934556,2026/07/31 02:08:20.876,0,GPU-2c3c1aab-4401-c49f-e973-2d9a530e6442,NVIDIA B200,946.53,1000.0,100.0,15.0,2916.0,179709.0,183359.0,1965.0,3996.0,1965.0,63.0,P0,0,0,Not Active,Not Active,Not Active,Not Active,Not Active,Not Active,309.924,True,6932556715516.0,8406393829084.0
2026-07-31T02:08:21.080197,2026/07/31 02:08:21.023,0,GPU-2c3c1aab-4401-c49f-e973-2d9a530e6442,NVIDIA B200,946.48,1000.0,100.0,15.0,2916.0,179709.0,183359.0,1965.0,3996.0,1965.0,63.0,P0,0,0,Not Active,Not Active,Not Active,Not Active,Not Active,Not Active,146.721,True,6932556715516.0,8406393829084.0
2026-07-31T02:08:21.222063,2026/07/31 02:08:21.164,0,GPU-2c3c1aab-4401-c49f-e973-2d9a530e6442,NVIDIA B200,946.65,1000.0,100.0,15.0,2916.0,179709.0,183359.0,1965.0,3996.0,1965.0,63.0,P0,0,0,Not Active,Not Active,Not Active,Not Active,Not Active,Not Active,140.884,True,6932556715516.0,8406393829084.0
2026-07-31T02:08:21.368209,2026/07/31 02:08:21.311,0,GPU-2c3c1aab-4401-c49f-e973-2d9a530e6442,NVIDIA B200,945.91,1000.0,100.0,16.0,2916.0,179709.0,183359.0,1965.0,3996.0,1965.0,63.0,P0,0,0,Not Active,Not Active,Not Active,Not Active,Not Active,Not Active,145.697,True,6932556715516.0,8406393829084.0
2026-07-31T02:08:21.519341,2026/07/31 02:08:21.453,0,GPU-2c3c1aab-4401-c49f-e973-2d9a530e6442,NVIDIA B200,946.54,1000.0,100.0,16.0,2916.0,179709.0,183359.0,1965.0,3996.0,1965.0,63.0,P0,0,0,Not Active,Not Active,Not Active,Not Active,Not Active,Not Active,144.647,True,6932556715516.0,8406393829084.0
2026-07-31T02:08:21.654361,2026/07/31 02:08:21.599,0,GPU-2c3c1aab-4401-c49f-e973-2d9a530e6442,NVIDIA B200,946.45,1000.0,100.0,15.0,2916.0,179709.0,183359.0,1965.0,3996.0,1965.0,63.0,P0,0,0,Not Active,Not Active,Not Active,Not Active,Not Active,Not Active,146.183,True,6932556715516.0,8406393829084.0
2026-07-31T02:08:21.817465,2026/07/31 02:08:21.741,0,GPU-2c3c1aab-4401-c49f-e973-2d9a530e6442,NVIDIA B200,946.52,1000.0,100.0,15.0,2916.0,179709.0,183359.0,1965.0,3996.0,1965.0,63.0,P0,0,0,Not Active,Not Active,Not Active,Not Active,Not Active,Not Active,139.826,True,6932556715516.0,8406393829084.0
2026-07-31T02:08:21.982418,2026/07/31 02:08:21.925,0,GPU-2c3c1aab-4401-c49f-e973-2d9a530e6442,NVIDIA B200,945.87,1000.0,100.0,15.0,2916.0,179709.0,183359.0,1965.0,3996.0,1965.0,63.0,P0,0,0,Not Active,Not Active,Not Active,Not Active,Not Active,Not Active,185.938,True,6932556715516.0,8406393829084.0
2026-07-31T02:08:22.135955,2026/07/31 02:08:22.075,0,GPU-2c3c1aab-4401-c49f-e973-2d9a530e6442,NVIDIA B200,945.86,1000.0,100.0,15.0,2916.0,179709.0,183359.0,1965.0,3996.0,1965.0,63.0,P0,0,0,Not Active,Not Active,Not Active,Not Active,Not Active,Not Active,144.067,True,6932556715516.0,8406393829084.0
2026-07-31T02:08:22.282502,2026/07/31 02:08:22.225,0,GPU-2c3c1aab-4401-c49f-e973-2d9a530e6442,NVIDIA B200,946.28,1000.0,100.0,15.0,2916.0,179709.0,183359.0,1965.0,3996.0,1965.0,63.0,P0,0,0,Not Active,Not Active,Not Active,Not Active,Not Active,Not Active,154.731,True,6932556715516.0,8406393829084.0
2026-07-31T02:08:22.425194,2026/07/31 02:08:22.366,0,GPU-2c3c1aab-4401-c49f-e973-2d9a530e6442,NVIDIA B200,946.5,1000.0,100.0,15.0,2916.0,179709.0,183359.0,1965.0,3996.0,1965.0,63.0,P0,0,0,Not Active,Not Active,Not Active,Not Active,Not Active,Not Active,142.041,True,6932556715516.0,8406393829084.0
2026-07-31T02:08:22.569219,2026/07/31 02:08:22.512,0,GPU-2c3c1aab-4401-c49f-e973-2d9a530e6442,NVIDIA B200,946.57,1000.0,100.0,15.0,2916.0,179709.0,183359.0,1965.0,3996.0,1965.0,63.0,P0,0,0,Not Active,Not Active,Not Active,Not Active,Not Active,Not Active,144.997,True,6932556715516.0,8406393829084.0
2026-07-31T02:08:22.717243,2026/07/31 02:08:22.655,0,GPU-2c3c1aab-4401-c49f-e973-2d9a530e6442,NVIDIA B200,946.2,1000.0,100.0,15.0,2916.0,179709.0,183359.0,1965.0,3996.0,1965.0,63.0,P0,0,0,Not Active,Not Active,Not Active,Not Active,Not Active,Not Active,143.186,True,6932556715516.0,8406393829084.0
2026-07-31T02:08:22.861156,2026/07/31 02:08:22.805,0,GPU-2c3c1aab-4401-c49f-e973-2d9a530e6442,NVIDIA B200,946.41,1000.0,100.0,16.0,2916.0,179709.0,183359.0,1965.0,3996.0,1965.0,63.0,P0,0,0,Not Active,Not Active,Not Active,Not Active,Not Active,Not Active,148.5,True,6932556715516.0,8406393829084.0
2026-07-31T02:08:23.009686,2026/07/31 02:08:22.950,0,GPU-2c3c1aab-4401-c49f-e973-2d9a530e6442,NVIDIA B200,945.95,1000.0,100.0,15.0,2916.0,179709.0,183359.0,1965.0,3996.0,1965.0,63.0,P0,0,0,Not Active,Not Active,Not Active,Not Active,Not Active,Not Active,144.491,True,6932556715516.0,8406393829084.0
2026-07-31T02:08:23.173187,2026/07/31 02:08:23.114,0,GPU-2c3c1aab-4401-c49f-e973-2d9a530e6442,NVIDIA B200,946.12,1000.0,100.0,15.0,2916.0,179709.0,183359.0,1965.0,3996.0,1965.0,63.0,P0,0,0,Not Active,Not Active,Not Active,Not Active,Not Active,Not Active,163.707,True,6932556715516.0,8406393829084.0
2026-07-31T02:08:23.326216,2026/07/31 02:08:23.259,0,GPU-2c3c1aab-4401-c49f-e973-2d9a530e6442,NVIDIA B200,945.84,1000.0,100.0,15.0,2916.0,179709.0,183359.0,1965.0,3996.0,1965.0,63.0,P0,0,0,Not Active,Not Active,Not Active,Not Active,Not Active,Not Active,148.453,True,6932556715516.0,8406393829084.0
2026-07-31T02:08:23.484119,2026/07/31 02:08:23.415,0,GPU-2c3c1aab-4401-c49f-e973-2d9a530e6442,NVIDIA B200,945.46,1000.0,100.0,15.0,2916.0,179709.0,183359.0,1965.0,3996.0,1965.0,63.0,P0,0,0,Not Active,Not Active,Not Active,Not Active,Not Active,Not Active,152.94,True,6932556715516.0,8406393829084.0
2026-07-31T02:08:23.638191,2026/07/31 02:08:23.573,0,GPU-2c3c1aab-4401-c49f-e973-2d9a530e6442,NVIDIA B200,945.41,1000.0,100.0,15.0,2916.0,179709.0,183359.0,1965.0,3996.0,1965.0,63.0,P0,0,0,Not Active,Not Active,Not Active,Not Active,Not Active,Not Active,159.833,True,6932556715516.0,8406393829084.0
2026-07-31T02:08:23.782224,2026/07/31 02:08:23.725,0,GPU-2c3c1aab-4401-c49f-e973-2d9a530e6442,NVIDIA B200,946.13,1000.0,100.0,15.0,2916.0,179709.0,183359.0,1965.0,3996.0,1965.0,63.0,P0,0,0,Not Active,Not Active,Not Active,Not Active,Not Active,Not Active,151.674,True,6932556715516.0,8406393829084.0
2026-07-31T02:08:23.925136,2026/07/31 02:08:23.865,0,GPU-2c3c1aab-4401-c49f-e973-2d9a530e6442,NVIDIA B200,946.1,1000.0,100.0,15.0,2916.0,179709.0,183359.0,1965.0,3996.0,1965.0,63.0,P0,0,0,Not Active,Not Active,Not Active,Not Active,Not Active,Not Active,141.09,True,6932556715516.0,8406393829084.0
2026-07-31T02:08:24.070168,2026/07/31 02:08:24.012,0,GPU-2c3c1aab-4401-c49f-e973-2d9a530e6442,NVIDIA B200,945.94,1000.0,100.0,15.0,2916.0,179709.0,183359.0,1965.0,3996.0,1965.0,63.0,P0,0,0,Not Active,Not Active,Not Active,Not Active,Not Active,Not Active,147.191,True,6932556715516.0,8406393829084.0
2026-07-31T02:08:24.436505,2026/07/31 02:08:24.308,0,GPU-2c3c1aab-4401-c49f-e973-2d9a530e6442,NVIDIA B200,945.87,1000.0,100.0,15.0,2916.0,179709.0,183359.0,1965.0,3996.0,1965.0,63.0,P0,0,0,Not Active,Not Active,Not Active,Not Active,Not Active,Not Active,216.141,True,6932556715516.0,8406393829084.0
2026-07-31T02:08:24.624049,2026/07/31 02:08:24.562,0,GPU-2c3c1aab-4401-c49f-e973-2d9a530e6442,NVIDIA B200,946.33,1000.0,100.0,15.0,2916.0,179709.0,183359.0,1965.0,3996.0,1965.0,63.0,P0,0,0,Not Active,Not Active,Not Active,Not Active,Not Active,Not Active,331.582,True,6932556715516.0,8406393829084.0
2026-07-31T02:08:24.771444,2026/07/31 02:08:24.710,0,GPU-2c3c1aab-4401-c49f-e973-2d9a530e6442,NVIDIA B200,946.45,1000.0,100.0,15.0,2916.0,179709.0,183359.0,1965.0,3996.0,1965.0,63.0,P0,0,0,Not Active,Not Active,Not Active,Not Active,Not Active,Not Active,147.958,True,6932556715516.0,8406393829084.0
2026-07-31T02:08:24.919185,2026/07/31 02:08:24.858,0,GPU-2c3c1aab-4401-c49f-e973-2d9a530e6442,NVIDIA B200,946.21,1000.0,100.0,15.0,2916.0,179709.0,183359.0,1965.0,3996.0,1965.0,63.0,P0,0,0,Not Active,Not Active,Not Active,Not Active,Not Active,Not Active,150.211,True,6932556715516.0,8406393829084.0
2026-07-31T02:08:25.119192,2026/07/31 02:08:25.061,0,GPU-2c3c1aab-4401-c49f-e973-2d9a530e6442,NVIDIA B200,947.15,1000.0,100.0,15.0,2916.0,179709.0,183359.0,1965.0,3996.0,1965.0,63.0,P0,0,0,Not Active,Not Active,Not Active,Not Active,Not Active,Not Active,200.269,True,6932556715516.0,8406393829084.0
2026-07-31T02:08:25.268029,2026/07/31 02:08:25.211,0,GPU-2c3c1aab-4401-c49f-e973-2d9a530e6442,NVIDIA B200,947.1,1000.0,100.0,15.0,2916.0,179709.0,183359.0,1965.0,3996.0,1965.0,63.0,P0,0,0,Not Active,Not Active,Not Active,Not Active,Not Active,Not Active,146.076,True,6932556715516.0,8406393829084.0
2026-07-31T02:08:25.419357,2026/07/31 02:08:25.358,0,GPU-2c3c1aab-4401-c49f-e973-2d9a530e6442,NVIDIA B200,947.15,1000.0,100.0,15.0,2916.0,179709.0,183359.0,1965.0,3996.0,1965.0,63.0,P0,0,0,Not Active,Not Active,Not Active,Not Active,Not Active,Not Active,151.043,True,6932556715516.0,8406393829084.0
2026-07-31T02:08:25.558617,2026/07/31 02:08:25.501,0,GPU-2c3c1aab-4401-c49f-e973-2d9a530e6442,NVIDIA B200,946.33,1000.0,100.0,15.0,2916.0,179709.0,183359.0,1965.0,3996.0,1965.0,63.0,P0,0,0,Not Active,Not Active,Not Active,Not Active,Not Active,Not Active,144.79,True,6932556715516.0,8406393829084.0
2026-07-31T02:08:25.700348,2026/07/31 02:08:25.643,0,GPU-2c3c1aab-4401-c49f-e973-2d9a530e6442,NVIDIA B200,946.59,1000.0,100.0,15.0,2916.0,179709.0,183359.0,1965.0,3996.0,1965.0,63.0,P0,0,0,Not Active,Not Active,Not Active,Not Active,Not Active,Not Active,141.998,True,6932556715516.0,8406393829084.0
2026-07-31T02:08:25.850726,2026/07/31 02:08:25.785,0,GPU-2c3c1aab-4401-c49f-e973-2d9a530e6442,NVIDIA B200,946.72,1000.0,100.0,15.0,2916.0,179709.0,183359.0,1965.0,3996.0,1965.0,63.0,P0,0,0,Not Active,Not Active,Not Active,Not Active,Not Active,Not Active,142.316,True,6932556715516.0,8406393829084.0
2026-07-31T02:08:26.140708,2026/07/31 02:08:26.047,0,GPU-2c3c1aab-4401-c49f-e973-2d9a530e6442,NVIDIA B200,945.91,1000.0,100.0,15.0,2916.0,179709.0,183359.0,1965.0,3996.0,1965.0,63.0,P0,0,0,Not Active,Not Active,Not Active,Not Active,Not Active,Not Active,257.119,True,6932556715516.0,8406393829084.0
2026-07-31T02:08:26.286230,2026/07/31 02:08:26.228,0,GPU-2c3c1aab-4401-c49f-e973-2d9a530e6442,NVIDIA B200,946.21,1000.0,100.0,15.0,2916.0,179709.0,183359.0,1965.0,3996.0,1965.0,63.0,P0,0,0,Not Active,Not Active,Not Active,Not Active,Not Active,Not Active,186.04,True,6932556715516.0,8406393829084.0
2026-07-31T02:08:26.443963,2026/07/31 02:08:26.377,0,GPU-2c3c1aab-4401-c49f-e973-2d9a530e6442,NVIDIA B200,946.29,1000.0,100.0,15.0,2916.0,179709.0,183359.0,1965.0,3996.0,1965.0,63.0,P0,0,0,Not Active,Not Active,Not Active,Not Active,Not Active,Not Active,147.125,True,6932556715516.0,8406393829084.0
2026-07-31T02:08:26.592013,2026/07/31 02:08:26.534,0,GPU-2c3c1aab-4401-c49f-e973-2d9a530e6442,NVIDIA B200,946.92,1000.0,100.0,15.0,2916.0,179709.0,183359.0,1965.0,3996.0,1965.0,63.0,P0,0,0,Not Active,Not Active,Not Active,Not Active,Not Active,Not Active,158.929,True,6932556715516.0,8406393829084.0
2026-07-31T02:08:26.739224,2026/07/31 02:08:26.677,0,GPU-2c3c1aab-4401-c49f-e973-2d9a530e6442,NVIDIA B200,946.85,1000.0,100.0,15.0,2916.0,179709.0,183359.0,1965.0,3996.0,1965.0,63.0,P0,0,0,Not Active,Not Active,Not Active,Not Active,Not Active,Not Active,143.741,True,6932556715516.0,8406393829084.0
2026-07-31T02:08:26.895122,2026/07/31 02:08:26.829,0,GPU-2c3c1aab-4401-c49f-e973-2d9a530e6442,NVIDIA B200,946.79,1000.0,100.0,15.0,2916.0,179709.0,183359.0,1965.0,3996.0,1965.0,63.0,P0,0,0,Not Active,Not Active,Not Active,Not Active,Not Active,Not Active,148.483,True,6932556715516.0,8406393829084.0
2026-07-31T02:08:27.039278,2026/07/31 02:08:26.978,0,GPU-2c3c1aab-4401-c49f-e973-2d9a530e6442,NVIDIA B200,946.37,1000.0,100.0,16.0,2916.0,179709.0,183359.0,1965.0,3996.0,1965.0,63.0,P0,0,0,Not Active,Not Active,Not Active,Not Active,Not Active,Not Active,152.412,True,6932556715516.0,8406393829084.0
2026-07-31T02:08:27.185321,2026/07/31 02:08:27.127,0,GPU-2c3c1aab-4401-c49f-e973-2d9a530e6442,NVIDIA B200,946.78,1000.0,100.0,15.0,2916.0,179709.0,183359.0,1965.0,3996.0,1965.0,63.0,P0,0,0,Not Active,Not Active,Not Active,Not Active,Not Active,Not Active,147.906,True,6932556715516.0,8406393829084.0
2026-07-31T02:08:27.329607,2026/07/31 02:08:27.271,0,GPU-2c3c1aab-4401-c49f-e973-2d9a530e6442,NVIDIA B200,946.61,1000.0,100.0,15.0,2916.0,179709.0,183359.0,1965.0,3996.0,1965.0,63.0,P0,0,0,Not Active,Not Active,Not Active,Not Active,Not Active,Not Active,144.971,True,6932556715516.0,8406393829084.0
2026-07-31T02:08:27.483938,2026/07/31 02:08:27.426,0,GPU-2c3c1aab-4401-c49f-e973-2d9a530e6442,NVIDIA B200,946.81,1000.0,100.0,15.0,2916.0,179709.0,183359.0,1965.0,3996.0,1965.0,63.0,P0,0,0,Not Active,Not Active,Not Active,Not Active,Not Active,Not Active,154.993,True,6932556715516.0,8406393829084.0
2026-07-31T02:08:27.626011,2026/07/31 02:08:27.567,0,GPU-2c3c1aab-4401-c49f-e973-2d9a530e6442,NVIDIA B200,946.62,1000.0,100.0,15.0,2916.0,179709.0,183359.0,1965.0,3996.0,1965.0,63.0,P0,0,0,Not Active,Not Active,Not Active,Not Active,Not Active,Not Active,139.985,True,6932556715516.0,8406393829084.0
2026-07-31T02:08:27.769184,2026/07/31 02:08:27.712,0,GPU-2c3c1aab-4401-c49f-e973-2d9a530e6442,NVIDIA B200,946.44,1000.0,100.0,15.0,2916.0,179709.0,183359.0,1965.0,3996.0,1965.0,63.0,P0,0,0,Not Active,Not Active,Not Active,Not Active,Not Active,Not Active,143.736,True,6932556715516.0,8406393829084.0
2026-07-31T02:08:27.928484,2026/07/31 02:08:27.863,0,GPU-2c3c1aab-4401-c49f-e973-2d9a530e6442,NVIDIA B200,946.56,1000.0,100.0,15.0,2916.0,179709.0,183359.0,1965.0,3996.0,1965.0,63.0,P0,0,0,Not Active,Not Active,Not Active,Not Active,Not Active,Not Active,151.339,True,6932556715516.0,8406393829084.0
2026-07-31T02:08:28.071373,2026/07/31 02:08:28.013,0,GPU-2c3c1aab-4401-c49f-e973-2d9a530e6442,NVIDIA B200,947.26,1000.0,100.0,15.0,2916.0,179709.0,183359.0,1965.0,3996.0,1965.0,63.0,P0,0,0,Not Active,Not Active,Not Active,Not Active,Not Active,Not Active,148.646,True,6932556715516.0,8406393829084.0
2026-07-31T02:08:28.219586,2026/07/31 02:08:28.159,0,GPU-2c3c1aab-4401-c49f-e973-2d9a530e6442,NVIDIA B200,947.03,1000.0,100.0,15.0,2916.0,179709.0,183359.0,1965.0,3996.0,1965.0,64.0,P0,0,0,Not Active,Not Active,Not Active,Not Active,Not Active,Not Active,148.071,True,6932556715516.0,8406393829084.0
2026-07-31T02:08:28.359236,2026/07/31 02:08:28.302,0,GPU-2c3c1aab-4401-c49f-e973-2d9a530e6442,NVIDIA B200,946.56,1000.0,100.0,16.0,2916.0,179709.0,183359.0,1965.0,3996.0,1965.0,64.0,P0,0,0,Not Active,Not Active,Not Active,Not Active,Not Active,Not Active,144.155,True,6932556715516.0,8406393829084.0
2026-07-31T02:08:28.509051,2026/07/31 02:08:28.445,0,GPU-2c3c1aab-4401-c49f-e973-2d9a530e6442,NVIDIA B200,946.41,1000.0,100.0,16.0,2916.0,179709.0,183359.0,1965.0,3996.0,1965.0,64.0,P0,0,0,Not Active,Not Active,Not Active,Not Active,Not Active,Not Active,143.439,True,6932556715516.0,8406393829084.0
2026-07-31T02:08:28.652202,2026/07/31 02:08:28.592,0,GPU-2c3c1aab-4401-c49f-e973-2d9a530e6442,NVIDIA B200,946.4,1000.0,100.0,15.0,2916.0,179709.0,183359.0,1965.0,3996.0,1965.0,64.0,P0,0,0,Not Active,Not Active,Not Active,Not Active,Not Active,Not Active,145.86,True,6932556715516.0,8406393829084.0
2026-07-31T02:08:28.790052,2026/07/31 02:08:28.734,0,GPU-2c3c1aab-4401-c49f-e973-2d9a530e6442,NVIDIA B200,947.25,1000.0,100.0,15.0,2916.0,179709.0,183359.0,1965.0,3996.0,1965.0,64.0,P0,0,0,Not Active,Not Active,Not Active,Not Active,Not Active,Not Active,142.896,True,6932556715516.0,8406393829084.0
2026-07-31T02:08:28.926643,2026/07/31 02:08:28.870,0,GPU-2c3c1aab-4401-c49f-e973-2d9a530e6442,NVIDIA B200,946.96,1000.0,100.0,15.0,2916.0,179709.0,183359.0,1965.0,3996.0,1965.0,64.0,P0,0,0,Not Active,Not Active,Not Active,Not Active,Not Active,Not Active,136.754,True,6932556715516.0,8406393829084.0
2026-07-31T02:08:29.073545,2026/07/31 02:08:29.013,0,GPU-2c3c1aab-4401-c49f-e973-2d9a530e6442,NVIDIA B200,947.03,1000.0,100.0,15.0,2916.0,179709.0,183359.0,1965.0,3996.0,1965.0,64.0,P0,0,0,Not Active,Not Active,Not Active,Not Active,Not Active,Not Active,142.471,True,6932556715516.0,8406393829084.0
2026-07-31T02:08:29.211533,2026/07/31 02:08:29.156,0,GPU-2c3c1aab-4401-c49f-e973-2d9a530e6442,NVIDIA B200,947.38,1000.0,100.0,15.0,2916.0,179709.0,183359.0,1965.0,3996.0,1965.0,64.0,P0,0,0,Not Active,Not Active,Not Active,Not Active,Not Active,Not Active,143.429,True,6932556715516.0,8406393829084.0
2026-07-31T02:08:29.360397,2026/07/31 02:08:29.297,0,GPU-2c3c1aab-4401-c49f-e973-2d9a530e6442,NVIDIA B200,947.96,1000.0,100.0,15.0,2916.0,179709.0,183359.0,1965.0,3996.0,1965.0,63.0,P0,0,0,Not Active,Not Active,Not Active,Not Active,Not Active,Not Active,138.943,True,6932556715516.0,8406393829084.0
2026-07-31T02:08:29.504680,2026/07/31 02:08:29.445,0,GPU-2c3c1aab-4401-c49f-e973-2d9a530e6442,NVIDIA B200,947.88,1000.0,100.0,15.0,2916.0,179709.0,183359.0,1965.0,3996.0,1965.0,63.0,P0,0,0,Not Active,Not Active,Not Active,Not Active,Not Active,Not Active,148.76,True,6932556715516.0,8406393829084.0
2026-07-31T02:08:29.859284,2026/07/31 02:08:29.609,0,GPU-2c3c1aab-4401-c49f-e973-2d9a530e6442,NVIDIA B200,947.21,1000.0,100.0,15.0,2916.0,179709.0,183359.0,1965.0,3996.0,1965.0,64.0,P0,0,0,Not Active,Not Active,Not Active,Not Active,Not Active,Not Active,145.447,True,6932556715516.0,8406393829084.0
2026-07-31T02:08:30.052148,2026/07/31 02:08:29.992,0,GPU-2c3c1aab-4401-c49f-e973-2d9a530e6442,NVIDIA B200,946.47,1000.0,100.0,15.0,2916.0,179709.0,183359.0,1965.0,3996.0,1965.0,64.0,P0,0,0,Not Active,Not Active,Not Active,Not Active,Not Active,Not Active,401.075,True,6932556715516.0,8406393829084.0
2026-07-31T02:08:30.252548,2026/07/31 02:08:30.193,0,GPU-2c3c1aab-4401-c49f-e973-2d9a530e6442,NVIDIA B200,946.95,1000.0,100.0,15.0,2916.0,179709.0,183359.0,1965.0,3996.0,1965.0,64.0,P0,0,0,Not Active,Not Active,Not Active,Not Active,Not Active,Not Active,200.136,True,6932556715516.0,8406393829084.0
2026-07-31T02:08:30.412179,2026/07/31 02:08:30.337,0,GPU-2c3c1aab-4401-c49f-e973-2d9a530e6442,NVIDIA B200,946.69,1000.0,100.0,15.0,2916.0,179709.0,183359.0,1965.0,3996.0,1965.0,64.0,P0,0,0,Not Active,Not Active,Not Active,Not Active,Not Active,Not Active,145.695,True,6932556715516.0,8406393829084.0
2026-07-31T02:08:30.563476,2026/07/31 02:08:30.504,0,GPU-2c3c1aab-4401-c49f-e973-2d9a530e6442,NVIDIA B200,946.5,1000.0,100.0,15.0,2916.0,179709.0,183359.0,1965.0,3996.0,1965.0,64.0,P0,0,0,Not Active,Not Active,Not Active,Not Active,Not Active,Not Active,167.009,True,6932556715516.0,8406393829084.0
2026-07-31T02:08:30.710483,2026/07/31 02:08:30.649,0,GPU-2c3c1aab-4401-c49f-e973-2d9a530e6442,NVIDIA B200,947.23,1000.0,100.0,15.0,2916.0,179709.0,183359.0,1965.0,3996.0,1965.0,64.0,P0,0,0,Not Active,Not Active,Not Active,Not Active,Not Active,Not Active,144.943,True,6932556715516.0,8406393829084.0
2026-07-31T02:08:30.852283,2026/07/31 02:08:30.793,0,GPU-2c3c1aab-4401-c49f-e973-2d9a530e6442,NVIDIA B200,947.4,1000.0,100.0,15.0,2916.0,179709.0,183359.0,1965.0,3996.0,1965.0,64.0,P0,0,0,Not Active,Not Active,Not Active,Not Active,Not Active,Not Active,144.463,True,6932556715516.0,8406393829084.0
2026-07-31T02:08:30.998842,2026/07/31 02:08:30.939,0,GPU-2c3c1aab-4401-c49f-e973-2d9a530e6442,NVIDIA B200,947.51,1000.0,100.0,15.0,2916.0,179709.0,183359.0,1965.0,3996.0,1965.0,64.0,P0,0,0,Not Active,Not Active,Not Active,Not Active,Not Active,Not Active,144.697,True,6932556715516.0,8406393829084.0
2026-07-31T02:08:31.141546,2026/07/31 02:08:31.082,0,GPU-2c3c1aab-4401-c49f-e973-2d9a530e6442,NVIDIA B200,946.77,1000.0,100.0,15.0,2916.0,179709.0,183359.0,1965.0,3996.0,1965.0,64.0,P0,0,0,Not Active,Not Active,Not Active,Not Active,Not Active,Not Active,143.008,True,6932556715516.0,8406393829084.0
2026-07-31T02:08:31.411993,2026/07/31 02:08:31.278,0,GPU-2c3c1aab-4401-c49f-e973-2d9a530e6442,NVIDIA B200,946.91,1000.0,100.0,15.0,2916.0,179709.0,183359.0,1965.0,3996.0,1965.0,64.0,P0,0,0,Not Active,Not Active,Not Active,Not Active,Not Active,Not Active,147.677,True,6932556715516.0,8406393829084.0
2026-07-31T02:08:31.581931,2026/07/31 02:08:31.524,0,GPU-2c3c1aab-4401-c49f-e973-2d9a530e6442,NVIDIA B200,946.88,1000.0,100.0,15.0,2916.0,179709.0,183359.0,1965.0,3996.0,1965.0,64.0,P0,0,0,Not Active,Not Active,Not Active,Not Active,Not Active,Not Active,295.258,True,6932556715516.0,8406393829084.0
2026-07-31T02:08:31.736171,2026/07/31 02:08:31.675,0,GPU-2c3c1aab-4401-c49f-e973-2d9a530e6442,NVIDIA B200,946.45,1000.0,100.0,15.0,2916.0,179709.0,183359.0,1965.0,3996.0,1965.0,64.0,P0,0,0,Not Active,Not Active,Not Active,Not Active,Not Active,Not Active,148.795,True,6932556715516.0,8406393829084.0
2026-07-31T02:08:31.882255,2026/07/31 02:08:31.825,0,GPU-2c3c1aab-4401-c49f-e973-2d9a530e6442,NVIDIA B200,946.68,1000.0,100.0,15.0,2916.0,179709.0,183359.0,1965.0,3996.0,1965.0,64.0,P0,0,0,Not Active,Not Active,Not Active,Not Active,Not Active,Not Active,148.907,True,6932556715516.0,8406393829084.0
2026-07-31T02:08:32.033046,2026/07/31 02:08:31.976,0,GPU-2c3c1aab-4401-c49f-e973-2d9a530e6442,NVIDIA B200,946.86,1000.0,100.0,15.0,2916.0,179709.0,183359.0,1965.0,3996.0,1965.0,64.0,P0,0,0,Not Active,Not Active,Not Active,Not Active,Not Active,Not Active,151.951,True,6932556715516.0,8406393829084.0
2026-07-31T02:08:32.182242,2026/07/31 02:08:32.124,0,GPU-2c3c1aab-4401-c49f-e973-2d9a530e6442,NVIDIA B200,947.06,1000.0,100.0,15.0,2916.0,179709.0,183359.0,1965.0,3996.0,1965.0,64.0,P0,0,0,Not Active,Not Active,Not Active,Not Active,Not Active,Not Active,146.45,True,6932556715516.0,8406393829084.0
2026-07-31T02:08:32.333035,2026/07/31 02:08:32.275,0,GPU-2c3c1aab-4401-c49f-e973-2d9a530e6442,NVIDIA B200,947.22,1000.0,100.0,15.0,2916.0,179709.0,183359.0,1965.0,3996.0,1965.0,64.0,P0,0,0,Not Active,Not Active,Not Active,Not Active,Not Active,Not Active,151.843,True,6932556715516.0,8406393829084.0
2026-07-31T02:08:32.477423,2026/07/31 02:08:32.420,0,GPU-2c3c1aab-4401-c49f-e973-2d9a530e6442,NVIDIA B200,946.46,1000.0,100.0,15.0,2916.0,179709.0,183359.0,1965.0,3996.0,1965.0,64.0,P0,0,0,Not Active,Not Active,Not Active,Not Active,Not Active,Not Active,146.308,True,6932556715516.0,8406393829084.0
2026-07-31T02:08:32.622001,2026/07/31 02:08:32.562,0,GPU-2c3c1aab-4401-c49f-e973-2d9a530e6442,NVIDIA B200,946.22,1000.0,100.0,15.0,2916.0,179709.0,183359.0,1965.0,3996.0,1965.0,64.0,P0,0,0,Not Active,Not Active,Not Active,Not Active,Not Active,Not Active,143.117,True,6932556715516.0,8406393829084.0
2026-07-31T02:08:32.768017,2026/07/31 02:08:32.709,0,GPU-2c3c1aab-4401-c49f-e973-2d9a530e6442,NVIDIA B200,946.27,1000.0,100.0,15.0,2916.0,179709.0,183359.0,1965.0,3996.0,1965.0,64.0,P0,0,0,Not Active,Not Active,Not Active,Not Active,Not Active,Not Active,145.28,True,6932556715516.0,8406393829084.0
2026-07-31T02:08:32.928556,2026/07/31 02:08:32.867,0,GPU-2c3c1aab-4401-c49f-e973-2d9a530e6442,NVIDIA B200,946.03,1000.0,100.0,15.0,2916.0,179709.0,183359.0,1965.0,3996.0,1965.0,64.0,P0,0,0,Not Active,Not Active,Not Active,Not Active,Not Active,Not Active,159.849,True,6932556715516.0,8406393829084.0
2026-07-31T02:08:33.073096,2026/07/31 02:08:33.016,0,GPU-2c3c1aab-4401-c49f-e973-2d9a530e6442,NVIDIA B200,946.14,1000.0,100.0,15.0,2916.0,179709.0,183359.0,1965.0,3996.0,1965.0,64.0,P0,0,0,Not Active,Not Active,Not Active,Not Active,Not Active,Not Active,145.963,True,6932556715516.0,8406393829084.0
2026-07-31T02:08:33.229287,2026/07/31 02:08:33.167,0,GPU-2c3c1aab-4401-c49f-e973-2d9a530e6442,NVIDIA B200,946.43,1000.0,100.0,15.0,2916.0,179709.0,183359.0,1965.0,3996.0,1965.0,64.0,P0,0,0,Not Active,Not Active,Not Active,Not Active,Not Active,Not Active,149.71,True,6932556715516.0,8406393829084.0
2026-07-31T02:08:33.373671,2026/07/31 02:08:33.316,0,GPU-2c3c1aab-4401-c49f-e973-2d9a530e6442,NVIDIA B200,946.55,1000.0,100.0,15.0,2916.0,179709.0,183359.0,1965.0,3996.0,1965.0,64.0,P0,0,0,Not Active,Not Active,Not Active,Not Active,Not Active,Not Active,151.643,True,6932556715516.0,8406393829084.0
2026-07-31T02:08:33.523972,2026/07/31 02:08:33.461,0,GPU-2c3c1aab-4401-c49f-e973-2d9a530e6442,NVIDIA B200,947.37,1000.0,100.0,15.0,2916.0,179709.0,183359.0,1965.0,3996.0,1965.0,64.0,P0,0,0,Not Active,Not Active,Not Active,Not Active,Not Active,Not Active,147.623,True,6932556715516.0,8406393829084.0
2026-07-31T02:08:33.666223,2026/07/31 02:08:33.608,0,GPU-2c3c1aab-4401-c49f-e973-2d9a530e6442,NVIDIA B200,947.91,1000.0,100.0,15.0,2916.0,179709.0,183359.0,1965.0,3996.0,1965.0,64.0,P0,0,0,Not Active,Not Active,Not Active,Not Active,Not Active,Not Active,144.864,True,6932556715516.0,8406393829084.0
2026-07-31T02:08:33.812247,2026/07/31 02:08:33.749,0,GPU-2c3c1aab-4401-c49f-e973-2d9a530e6442,NVIDIA B200,947.6,1000.0,100.0,15.0,2916.0,179709.0,183359.0,1965.0,3996.0,1965.0,64.0,P0,0,0,Not Active,Not Active,Not Active,Not Active,Not Active,Not Active,141.077,True,6932556715516.0,8406393829084.0
2026-07-31T02:08:33.953484,2026/07/31 02:08:33.895,0,GPU-2c3c1aab-4401-c49f-e973-2d9a530e6442,NVIDIA B200,947.69,1000.0,100.0,16.0,2916.0,179709.0,183359.0,1965.0,3996.0,1965.0,64.0,P0,0,0,Not Active,Not Active,Not Active,Not Active,Not Active,Not Active,146.885,True,6932556715516.0,8406393829084.0
2026-07-31T02:08:34.094173,2026/07/31 02:08:34.037,0,GPU-2c3c1aab-4401-c49f-e973-2d9a530e6442,NVIDIA B200,948.13,1000.0,100.0,16.0,2916.0,179709.0,183359.0,1965.0,3996.0,1965.0,64.0,P0,0,0,Not Active,Not Active,Not Active,Not Active,Not Active,Not Active,143.349,True,6932556715516.0,8406393829084.0
2026-07-31T02:08:34.243397,2026/07/31 02:08:34.183,0,GPU-2c3c1aab-4401-c49f-e973-2d9a530e6442,NVIDIA B200,947.09,1000.0,100.0,15.0,2916.0,179709.0,183359.0,1965.0,3996.0,1965.0,64.0,P0,0,0,Not Active,Not Active,Not Active,Not Active,Not Active,Not Active,143.263,True,6932556715516.0,8406393829084.0
2026-07-31T02:08:34.382652,2026/07/31 02:08:34.325,0,GPU-2c3c1aab-4401-c49f-e973-2d9a530e6442,NVIDIA B200,947.29,1000.0,100.0,15.0,2916.0,179709.0,183359.0,1965.0,3996.0,1965.0,64.0,P0,0,0,Not Active,Not Active,Not Active,Not Active,Not Active,Not Active,144.413,True,6932556715516.0,8406393829084.0
2026-07-31T02:08:34.529883,2026/07/31 02:08:34.470,0,GPU-2c3c1aab-4401-c49f-e973-2d9a530e6442,NVIDIA B200,947.16,1000.0,100.0,15.0,2916.0,179709.0,183359.0,1965.0,3996.0,1965.0,64.0,P0,0,0,Not Active,Not Active,Not Active,Not Active,Not Active,Not Active,144.081,True,6932556715516.0,8406393829084.0
2026-07-31T02:08:34.669230,2026/07/31 02:08:34.612,0,GPU-2c3c1aab-4401-c49f-e973-2d9a530e6442,NVIDIA B200,946.77,1000.0,100.0,15.0,2916.0,179709.0,183359.0,1965.0,3996.0,1965.0,64.0,P0,0,0,Not Active,Not Active,Not Active,Not Active,Not Active,Not Active,142.727,True,6932556715516.0,8406393829084.0
2026-07-31T02:08:34.812536,2026/07/31 02:08:34.751,0,GPU-2c3c1aab-4401-c49f-e973-2d9a530e6442,NVIDIA B200,947.54,1000.0,100.0,15.0,2916.0,179709.0,183359.0,1965.0,3996.0,1965.0,64.0,P0,0,0,Not Active,Not Active,Not Active,Not Active,Not Active,Not Active,139.147,True,6932556715516.0,8406393829084.0
2026-07-31T02:08:34.954230,2026/07/31 02:08:34.896,0,GPU-2c3c1aab-4401-c49f-e973-2d9a530e6442,NVIDIA B200,947.14,1000.0,100.0,15.0,2916.0,179709.0,183359.0,1965.0,3996.0,1965.0,64.0,P0,0,0,Not Active,Not Active,Not Active,Not Active,Not Active,Not Active,144.433,True,6932556715516.0,8406393829084.0
2026-07-31T02:08:35.327826,2026/07/31 02:08:35.216,0,GPU-2c3c1aab-4401-c49f-e973-2d9a530e6442,NVIDIA B200,947.55,1000.0,100.0,15.0,2916.0,179709.0,183359.0,1965.0,3996.0,1965.0,64.0,P0,0,0,Not Active,Not Active,Not Active,Not Active,Not Active,Not Active,277.407,True,6932556715516.0,8406393829084.0
2026-07-31T02:08:35.569048,2026/07/31 02:08:35.510,0,GPU-2c3c1aab-4401-c49f-e973-2d9a530e6442,NVIDIA B200,947.91,1000.0,100.0,15.0,2916.0,179709.0,183359.0,1965.0,3996.0,1965.0,64.0,P0,0,0,Not Active,Not Active,Not Active,Not Active,Not Active,Not Active,332.73,True,6932556715516.0,8406393829084.0
2026-07-31T02:08:35.714992,2026/07/31 02:08:35.651,0,GPU-2c3c1aab-4401-c49f-e973-2d9a530e6442,NVIDIA B200,947.68,1000.0,100.0,15.0,2916.0,179709.0,183359.0,1965.0,3996.0,1965.0,64.0,P0,0,0,Not Active,Not Active,Not Active,Not Active,Not Active,Not Active,145.248,True,6932556715516.0,8406393829084.0
2026-07-31T02:08:35.862453,2026/07/31 02:08:35.801,0,GPU-2c3c1aab-4401-c49f-e973-2d9a530e6442,NVIDIA B200,947.51,1000.0,100.0,15.0,2916.0,179709.0,183359.0,1965.0,3996.0,1965.0,64.0,P0,0,0,Not Active,Not Active,Not Active,Not Active,Not Active,Not Active,150.259,True,6932556715516.0,8406393829084.0
2026-07-31T02:08:36.005159,2026/07/31 02:08:35.948,0,GPU-2c3c1aab-4401-c49f-e973-2d9a530e6442,NVIDIA B200,947.89,1000.0,100.0,15.0,2916.0,179709.0,183359.0,1965.0,3996.0,1965.0,64.0,P0,0,0,Not Active,Not Active,Not Active,Not Active,Not Active,Not Active,146.305,True,6932556715516.0,8406393829084.0
2026-07-31T02:08:36.149452,2026/07/31 02:08:36.091,0,GPU-2c3c1aab-4401-c49f-e973-2d9a530e6442,NVIDIA B200,946.86,1000.0,100.0,15.0,2916.0,179709.0,183359.0,1965.0,3996.0,1965.0,64.0,P0,0,0,Not Active,Not Active,Not Active,Not Active,Not Active,Not Active,143.457,True,6932556715516.0,8406393829084.0
2026-07-31T02:08:36.298242,2026/07/31 02:08:36.241,0,GPU-2c3c1aab-4401-c49f-e973-2d9a530e6442,NVIDIA B200,947.78,1000.0,100.0,15.0,2916.0,179709.0,183359.0,1965.0,3996.0,1965.0,64.0,P0,0,0,Not Active,Not Active,Not Active,Not Active,Not Active,Not Active,143.568,True,6932556715516.0,8406393829084.0
2026-07-31T02:08:36.445175,2026/07/31 02:08:36.386,0,GPU-2c3c1aab-4401-c49f-e973-2d9a530e6442,NVIDIA B200,947.79,1000.0,100.0,15.0,2916.0,179709.0,183359.0,1965.0,3996.0,1965.0,64.0,P0,0,0,Not Active,Not Active,Not Active,Not Active,Not Active,Not Active,150.915,True,6932556715516.0,8406393829084.0
2026-07-31T02:08:36.704636,2026/07/31 02:08:36.535,0,GPU-2c3c1aab-4401-c49f-e973-2d9a530e6442,NVIDIA B200,947.8,1000.0,100.0,15.0,2916.0,179709.0,183359.0,1965.0,3996.0,1965.0,64.0,P0,0,0,Not Active,Not Active,Not Active,Not Active,Not Active,Not Active,147.859,True,6932556715516.0,8406393829084.0
2026-07-31T02:08:36.870563,2026/07/31 02:08:36.812,0,GPU-2c3c1aab-4401-c49f-e973-2d9a530e6442,NVIDIA B200,947.38,1000.0,100.0,16.0,2916.0,179709.0,183359.0,1965.0,3996.0,1965.0,64.0,P0,0,0,Not Active,Not Active,Not Active,Not Active,Not Active,Not Active,274.618,True,6932556715516.0,8406393829084.0
2026-07-31T02:08:37.016442,2026/07/31 02:08:36.955,0,GPU-2c3c1aab-4401-c49f-e973-2d9a530e6442,NVIDIA B200,947.79,1000.0,100.0,15.0,2916.0,179709.0,183359.0,1965.0,3996.0,1965.0,64.0,P0,0,0,Not Active,Not Active,Not Active,Not Active,Not Active,Not Active,146.309,True,6932556715516.0,8406393829084.0
2026-07-31T02:08:37.163575,2026/07/31 02:08:37.102,0,GPU-2c3c1aab-4401-c49f-e973-2d9a530e6442,NVIDIA B200,947.78,1000.0,100.0,15.0,2916.0,179709.0,183359.0,1965.0,3996.0,1965.0,64.0,P0,0,0,Not Active,Not Active,Not Active,Not Active,Not Active,Not Active,144.721,True,6932556715516.0,8406393829084.0
2026-07-31T02:08:37.310868,2026/07/31 02:08:37.248,0,GPU-2c3c1aab-4401-c49f-e973-2d9a530e6442,NVIDIA B200,948.05,1000.0,100.0,15.0,2916.0,179709.0,183359.0,1965.0,3996.0,1965.0,64.0,P0,0,0,Not Active,Not Active,Not Active,Not Active,Not Active,Not Active,149.079,True,6932556715516.0,8406393829084.0
2026-07-31T02:08:37.457505,2026/07/31 02:08:37.396,0,GPU-2c3c1aab-4401-c49f-e973-2d9a530e6442,NVIDIA B200,948.01,1000.0,100.0,15.0,2916.0,179709.0,183359.0,1965.0,3996.0,1965.0,64.0,P0,0,0,Not Active,Not Active,Not Active,Not Active,Not Active,Not Active,145.891,True,6932556715516.0,8406393829084.0
2026-07-31T02:08:37.600432,2026/07/31 02:08:37.543,0,GPU-2c3c1aab-4401-c49f-e973-2d9a530e6442,NVIDIA B200,948.13,1000.0,100.0,15.0,2916.0,179709.0,183359.0,1965.0,3996.0,1965.0,64.0,P0,0,0,Not Active,Not Active,Not Active,Not Active,Not Active,Not Active,148.08,True,6932556715516.0,8406393829084.0
2026-07-31T02:08:37.749255,2026/07/31 02:08:37.683,0,GPU-2c3c1aab-4401-c49f-e973-2d9a530e6442,NVIDIA B200,948.62,1000.0,100.0,15.0,2916.0,179709.0,183359.0,1965.0,3996.0,1965.0,64.0,P0,0,0,Not Active,Not Active,Not Active,Not Active,Not Active,Not Active,141.127,True,6932556715516.0,8406393829084.0
2026-07-31T02:08:37.891284,2026/07/31 02:08:37.833,0,GPU-2c3c1aab-4401-c49f-e973-2d9a530e6442,NVIDIA B200,948.67,1000.0,100.0,15.0,2916.0,179709.0,183359.0,1965.0,3996.0,1965.0,64.0,P0,0,0,Not Active,Not Active,Not Active,Not Active,Not Active,Not Active,149.381,True,6932556715516.0,8406393829084.0
2026-07-31T02:08:38.035255,2026/07/31 02:08:37.977,0,GPU-2c3c1aab-4401-c49f-e973-2d9a530e6442,NVIDIA B200,948.43,1000.0,100.0,15.0,2916.0,179709.0,183359.0,1965.0,3996.0,1965.0,64.0,P0,0,0,Not Active,Not Active,Not Active,Not Active,Not Active,Not Active,143.819,True,6932556715516.0,8406393829084.0
2026-07-31T02:08:38.177376,2026/07/31 02:08:38.119,0,GPU-2c3c1aab-4401-c49f-e973-2d9a530e6442,NVIDIA B200,948.01,1000.0,100.0,16.0,2916.0,179709.0,183359.0,1965.0,3996.0,1965.0,64.0,P0,0,0,Not Active,Not Active,Not Active,Not Active,Not Active,Not Active,141.641,True,6932556715516.0,8406393829084.0
2026-07-31T02:08:38.324332,2026/07/31 02:08:38.263,0,GPU-2c3c1aab-4401-c49f-e973-2d9a530e6442,NVIDIA B200,948.26,1000.0,100.0,16.0,2916.0,179709.0,183359.0,1965.0,3996.0,1965.0,64.0,P0,0,0,Not Active,Not Active,Not Active,Not Active,Not Active,Not Active,145.315,True,6932556715516.0,8406393829084.0
2026-07-31T02:08:38.465911,2026/07/31 02:08:38.406,0,GPU-2c3c1aab-4401-c49f-e973-2d9a530e6442,NVIDIA B200,948.35,1000.0,100.0,15.0,2916.0,179709.0,183359.0,1965.0,3996.0,1965.0,64.0,P0,0,0,Not Active,Not Active,Not Active,Not Active,Not Active,Not Active,142.554,True,6932556715516.0,8406393829084.0
2026-07-31T02:08:38.615442,2026/07/31 02:08:38.553,0,GPU-2c3c1aab-4401-c49f-e973-2d9a530e6442,NVIDIA B200,948.36,1000.0,100.0,15.0,2916.0,179709.0,183359.0,1965.0,3996.0,1965.0,64.0,P0,0,0,Not Active,Not Active,Not Active,Not Active,Not Active,Not Active,147.02,True,6932556715516.0,8406393829084.0
2026-07-31T02:08:38.768236,2026/07/31 02:08:38.700,0,GPU-2c3c1aab-4401-c49f-e973-2d9a530e6442,NVIDIA B200,947.72,1000.0,100.0,15.0,2916.0,179709.0,183359.0,1965.0,3996.0,1965.0,64.0,P0,0,0,Not Active,Not Active,Not Active,Not Active,Not Active,Not Active,145.917,True,6932556715516.0,8406393829084.0
2026-07-31T02:08:38.916169,2026/07/31 02:08:38.851,0,GPU-2c3c1aab-4401-c49f-e973-2d9a530e6442,NVIDIA B200,948.23,1000.0,100.0,15.0,2916.0,179709.0,183359.0,1965.0,3996.0,1965.0,64.0,P0,0,0,Not Active,Not Active,Not Active,Not Active,Not Active,Not Active,152.155,True,6932556715516.0,8406393829084.0
2026-07-31T02:08:39.058007,2026/07/31 02:08:38.999,0,GPU-2c3c1aab-4401-c49f-e973-2d9a530e6442,NVIDIA B200,948.19,1000.0,100.0,15.0,2916.0,179709.0,183359.0,1965.0,3996.0,1965.0,64.0,P0,0,0,Not Active,Not Active,Not Active,Not Active,Not Active,Not Active,148.202,True,6932556715516.0,8406393829084.0
2026-07-31T02:08:39.228217,2026/07/31 02:08:39.140,0,GPU-2c3c1aab-4401-c49f-e973-2d9a530e6442,NVIDIA B200,948.32,1000.0,100.0,15.0,2916.0,179709.0,183359.0,1965.0,3996.0,1965.0,64.0,P0,0,0,Not Active,Not Active,Not Active,Not Active,Not Active,Not Active,141.655,True,6932556715516.0,8406393829084.0
2026-07-31T02:08:39.506997,2026/07/31 02:08:39.335,0,GPU-2c3c1aab-4401-c49f-e973-2d9a530e6442,NVIDIA B200,948.34,1000.0,100.0,15.0,2916.0,179709.0,183359.0,1965.0,3996.0,1965.0,64.0,P0,0,0,Not Active,Not Active,Not Active,Not Active,Not Active,Not Active,188.478,True,6932556715516.0,8406393829084.0
2026-07-31T02:08:39.665642,2026/07/31 02:08:39.607,0,GPU-2c3c1aab-4401-c49f-e973-2d9a530e6442,NVIDIA B200,948.04,1000.0,100.0,16.0,2916.0,179709.0,183359.0,1965.0,3996.0,1965.0,64.0,P0,0,0,Not Active,Not Active,Not Active,Not Active,Not Active,Not Active,278.462,True,6932556715516.0,8406393829084.0
2026-07-31T02:08:39.810682,2026/07/31 02:08:39.754,0,GPU-2c3c1aab-4401-c49f-e973-2d9a530e6442,NVIDIA B200,948.72,1000.0,100.0,15.0,2916.0,179709.0,183359.0,1965.0,3996.0,1965.0,64.0,P0,0,0,Not Active,Not Active,Not Active,Not Active,Not Active,Not Active,144.683,True,6932556715516.0,8406393829084.0
2026-07-31T02:08:39.958376,2026/07/31 02:08:39.893,0,GPU-2c3c1aab-4401-c49f-e973-2d9a530e6442,NVIDIA B200,948.58,1000.0,100.0,15.0,2916.0,179709.0,183359.0,1965.0,3996.0,1965.0,64.0,P0,0,0,Not Active,Not Active,Not Active,Not Active,Not Active,Not Active,138.663,True,6932556715516.0,8406393829084.0
2026-07-31T02:08:40.099249,2026/07/31 02:08:40.041,0,GPU-2c3c1aab-4401-c49f-e973-2d9a530e6442,NVIDIA B200,948.72,1000.0,100.0,15.0,2916.0,179709.0,183359.0,1965.0,3996.0,1965.0,64.0,P0,0,0,Not Active,Not Active,Not Active,Not Active,Not Active,Not Active,150.792,True,6932556715516.0,8406393829084.0
2026-07-31T02:08:40.246153,2026/07/31 02:08:40.187,0,GPU-2c3c1aab-4401-c49f-e973-2d9a530e6442,NVIDIA B200,948.87,1000.0,100.0,15.0,2916.0,179709.0,183359.0,1965.0,3996.0,1965.0,64.0,P0,0,0,Not Active,Not Active,Not Active,Not Active,Not Active,Not Active,145.468,True,6932556715516.0,8406393829084.0
2026-07-31T02:08:40.387997,2026/07/31 02:08:40.328,0,GPU-2c3c1aab-4401-c49f-e973-2d9a530e6442,NVIDIA B200,949.03,1000.0,100.0,15.0,2916.0,179709.0,183359.0,1965.0,3996.0,1965.0,64.0,P0,0,0,Not Active,Not Active,Not Active,Not Active,Not Active,Not Active,141.668,True,6932556715516.0,8406393829084.0
2026-07-31T02:08:40.856131,2026/07/31 02:08:40.732,0,GPU-2c3c1aab-4401-c49f-e973-2d9a530e6442,NVIDIA B200,949.17,1000.0,100.0,15.0,2916.0,179709.0,183359.0,1965.0,3996.0,1965.0,64.0,P0,0,0,Not Active,Not Active,Not Active,Not Active,Not Active,Not Active,396.61,True,6932556715516.0,8406393829084.0
2026-07-31T02:08:41.026239,2026/07/31 02:08:40.964,0,GPU-2c3c1aab-4401-c49f-e973-2d9a530e6442,NVIDIA B200,948.69,1000.0,100.0,15.0,2916.0,179709.0,183359.0,1965.0,3996.0,1965.0,64.0,P0,0,0,Not Active,Not Active,Not Active,Not Active,Not Active,Not Active,236.085,True,6932556715516.0,8406393829084.0
2026-07-31T02:08:41.174072,2026/07/31 02:08:41.114,0,GPU-2c3c1aab-4401-c49f-e973-2d9a530e6442,NVIDIA B200,948.71,1000.0,100.0,15.0,2916.0,179709.0,183359.0,1965.0,3996.0,1965.0,64.0,P0,0,0,Not Active,Not Active,Not Active,Not Active,Not Active,Not Active,150.348,True,6932556715516.0,8406393829084.0
2026-07-31T02:08:41.319225,2026/07/31 02:08:41.259,0,GPU-2c3c1aab-4401-c49f-e973-2d9a530e6442,NVIDIA B200,949.02,1000.0,100.0,15.0,2916.0,179709.0,183359.0,1965.0,3996.0,1965.0,64.0,P0,0,0,Not Active,Not Active,Not Active,Not Active,Not Active,Not Active,147.104,True,6932556715516.0,8406393829084.0
2026-07-31T02:08:41.463217,2026/07/31 02:08:41.405,0,GPU-2c3c1aab-4401-c49f-e973-2d9a530e6442,NVIDIA B200,949.09,1000.0,100.0,15.0,2916.0,179709.0,183359.0,1965.0,3996.0,1965.0,64.0,P0,0,0,Not Active,Not Active,Not Active,Not Active,Not Active,Not Active,144.721,True,6932556715516.0,8406393829084.0
2026-07-31T02:08:41.621352,2026/07/31 02:08:41.564,0,GPU-2c3c1aab-4401-c49f-e973-2d9a530e6442,NVIDIA B200,949.12,1000.0,100.0,15.0,2916.0,179709.0,183359.0,1965.0,3996.0,1965.0,64.0,P0,0,0,Not Active,Not Active,Not Active,Not Active,Not Active,Not Active,160.012,True,6932556715516.0,8406393829084.0
2026-07-31T02:08:41.781481,2026/07/31 02:08:41.726,0,GPU-2c3c1aab-4401-c49f-e973-2d9a530e6442,NVIDIA B200,949.44,1000.0,100.0,15.0,2916.0,179709.0,183359.0,1965.0,3996.0,1965.0,64.0,P0,0,0,Not Active,Not Active,Not Active,Not Active,Not Active,Not Active,161.245,True,6932556715516.0,8406393829084.0
2026-07-31T02:08:42.051638,2026/07/31 02:08:41.893,0,GPU-2c3c1aab-4401-c49f-e973-2d9a530e6442,NVIDIA B200,949.66,1000.0,100.0,15.0,2916.0,179709.0,183359.0,1965.0,3996.0,1965.0,64.0,P0,0,0,Not Active,Not Active,Not Active,Not Active,Not Active,Not Active,143.014,True,6932556715516.0,8406393829084.0
2026-07-31T02:08:42.211909,2026/07/31 02:08:42.152,0,GPU-2c3c1aab-4401-c49f-e973-2d9a530e6442,NVIDIA B200,949.68,1000.0,100.0,15.0,2916.0,179709.0,183359.0,1965.0,3996.0,1965.0,64.0,P0,0,0,Not Active,Not Active,Not Active,Not Active,Not Active,Not Active,283.776,True,6932556715516.0,8406393829084.0
2026-07-31T02:08:42.357129,2026/07/31 02:08:42.298,0,GPU-2c3c1aab-4401-c49f-e973-2d9a530e6442,NVIDIA B200,949.09,1000.0,100.0,16.0,2916.0,179709.0,183359.0,1965.0,3996.0,1965.0,64.0,P0,0,0,Not Active,Not Active,Not Active,Not Active,Not Active,Not Active,146.192,True,6932556715516.0,8406393829084.0
2026-07-31T02:08:42.506526,2026/07/31 02:08:42.447,0,GPU-2c3c1aab-4401-c49f-e973-2d9a530e6442,NVIDIA B200,949.01,1000.0,100.0,16.0,2916.0,179709.0,183359.0,1965.0,3996.0,1965.0,64.0,P0,0,0,Not Active,Not Active,Not Active,Not Active,Not Active,Not Active,146.037,True,6932556715516.0,8406393829084.0
2026-07-31T02:08:42.649133,2026/07/31 02:08:42.592,0,GPU-2c3c1aab-4401-c49f-e973-2d9a530e6442,NVIDIA B200,948.96,1000.0,100.0,15.0,2916.0,179709.0,183359.0,1965.0,3996.0,1965.0,64.0,P0,0,0,Not Active,Not Active,Not Active,Not Active,Not Active,Not Active,147.697,True,6932556715516.0,8406393829084.0
2026-07-31T02:08:42.796210,2026/07/31 02:08:42.737,0,GPU-2c3c1aab-4401-c49f-e973-2d9a530e6442,NVIDIA B200,948.99,1000.0,100.0,15.0,2916.0,179709.0,183359.0,1965.0,3996.0,1965.0,64.0,P0,0,0,Not Active,Not Active,Not Active,Not Active,Not Active,Not Active,144.622,True,6932556715516.0,8406393829084.0
2026-07-31T02:08:42.938164,2026/07/31 02:08:42.882,0,GPU-2c3c1aab-4401-c49f-e973-2d9a530e6442,NVIDIA B200,948.98,1000.0,100.0,15.0,2916.0,179709.0,183359.0,1965.0,3996.0,1965.0,64.0,P0,0,0,Not Active,Not Active,Not Active,Not Active,Not Active,Not Active,144.575,True,6932556715516.0,8406393829084.0
2026-07-31T02:08:43.078939,2026/07/31 02:08:43.023,0,GPU-2c3c1aab-4401-c49f-e973-2d9a530e6442,NVIDIA B200,948.95,1000.0,100.0,15.0,2916.0,179709.0,183359.0,1965.0,3996.0,1965.0,64.0,P0,0,0,Not Active,Not Active,Not Active,Not Active,Not Active,Not Active,139.459,True,6932556715516.0,8406393829084.0
2026-07-31T02:08:43.228429,2026/07/31 02:08:43.165,0,GPU-2c3c1aab-4401-c49f-e973-2d9a530e6442,NVIDIA B200,948.72,1000.0,100.0,15.0,2916.0,179709.0,183359.0,1965.0,3996.0,1965.0,64.0,P0,0,0,Not Active,Not Active,Not Active,Not Active,Not Active,Not Active,141.582,True,6932556715516.0,8406393829084.0
2026-07-31T02:08:43.374224,2026/07/31 02:08:43.316,0,GPU-2c3c1aab-4401-c49f-e973-2d9a530e6442,NVIDIA B200,948.84,1000.0,100.0,15.0,2916.0,179709.0,183359.0,1965.0,3996.0,1965.0,64.0,P0,0,0,Not Active,Not Active,Not Active,Not Active,Not Active,Not Active,150.611,True,6932556715516.0,8406393829084.0
2026-07-31T02:08:43.521603,2026/07/31 02:08:43.462,0,GPU-2c3c1aab-4401-c49f-e973-2d9a530e6442,NVIDIA B200,949.28,1000.0,100.0,15.0,2916.0,179709.0,183359.0,1965.0,3996.0,1965.0,64.0,P0,0,0,Not Active,Not Active,Not Active,Not Active,Not Active,Not Active,147.911,True,6932556715516.0,8406393829084.0
2026-07-31T02:08:43.665488,2026/07/31 02:08:43.608,0,GPU-2c3c1aab-4401-c49f-e973-2d9a530e6442,NVIDIA B200,948.55,1000.0,100.0,15.0,2916.0,179709.0,183359.0,1965.0,3996.0,1965.0,64.0,P0,0,0,Not Active,Not Active,Not Active,Not Active,Not Active,Not Active,146.683,True,6932556715516.0,8406393829084.0
2026-07-31T02:08:43.812128,2026/07/31 02:08:43.753,0,GPU-2c3c1aab-4401-c49f-e973-2d9a530e6442,NVIDIA B200,948.6,1000.0,100.0,16.0,2916.0,179709.0,183359.0,1965.0,3996.0,1965.0,64.0,P0,0,0,Not Active,Not Active,Not Active,Not Active,Not Active,Not Active,145.94,True,6932556715516.0,8406393829084.0
2026-07-31T02:08:43.955042,2026/07/31 02:08:43.897,0,GPU-2c3c1aab-4401-c49f-e973-2d9a530e6442,NVIDIA B200,948.51,1000.0,100.0,16.0,2916.0,179709.0,183359.0,1965.0,3996.0,1965.0,64.0,P0,0,0,Not Active,Not Active,Not Active,Not Active,Not Active,Not Active,143.459,True,6932556715516.0,8406393829084.0
2026-07-31T02:08:44.104010,2026/07/31 02:08:44.047,0,GPU-2c3c1aab-4401-c49f-e973-2d9a530e6442,NVIDIA B200,949.14,1000.0,100.0,15.0,2916.0,179709.0,183359.0,1965.0,3996.0,1965.0,64.0,P0,0,0,Not Active,Not Active,Not Active,Not Active,Not Active,Not Active,148.692,True,6932556715516.0,8406393829084.0
2026-07-31T02:08:44.250316,2026/07/31 02:08:44.190,0,GPU-2c3c1aab-4401-c49f-e973-2d9a530e6442,NVIDIA B200,949.06,1000.0,100.0,15.0,2916.0,179709.0,183359.0,1965.0,3996.0,1965.0,64.0,P0,0,0,Not Active,Not Active,Not Active,Not Active,Not Active,Not Active,143.59,True,6932556715516.0,8406393829084.0
2026-07-31T02:08:44.393926,2026/07/31 02:08:44.338,0,GPU-2c3c1aab-4401-c49f-e973-2d9a530e6442,NVIDIA B200,949.12,1000.0,100.0,15.0,2916.0,179709.0,183359.0,1965.0,3996.0,1965.0,64.0,P0,0,0,Not Active,Not Active,Not Active,Not Active,Not Active,Not Active,149.214,True,6932556715516.0,8406393829084.0
2026-07-31T02:08:44.557991,2026/07/31 02:08:44.499,0,GPU-2c3c1aab-4401-c49f-e973-2d9a530e6442,NVIDIA B200,948.52,1000.0,100.0,15.0,2916.0,179709.0,183359.0,1965.0,3996.0,1965.0,64.0,P0,0,0,Not Active,Not Active,Not Active,Not Active,Not Active,Not Active,160.503,True,6932556715516.0,8406393829084.0
2026-07-31T02:08:44.706376,2026/07/31 02:08:44.648,0,GPU-2c3c1aab-4401-c49f-e973-2d9a530e6442,NVIDIA B200,949.18,1000.0,100.0,15.0,2916.0,179709.0,183359.0,1965.0,3996.0,1965.0,64.0,P0,0,0,Not Active,Not Active,Not Active,Not Active,Not Active,Not Active,146.532,True,6932556715516.0,8406393829084.0
2026-07-31T02:08:44.858863,2026/07/31 02:08:44.793,0,GPU-2c3c1aab-4401-c49f-e973-2d9a530e6442,NVIDIA B200,948.97,1000.0,100.0,15.0,2916.0,179709.0,183359.0,1965.0,3996.0,1965.0,64.0,P0,0,0,Not Active,Not Active,Not Active,Not Active,Not Active,Not Active,148.019,True,6932556715516.0,8406393829084.0
2026-07-31T02:08:45.004105,2026/07/31 02:08:44.946,0,GPU-2c3c1aab-4401-c49f-e973-2d9a530e6442,NVIDIA B200,948.53,1000.0,100.0,15.0,2916.0,179709.0,183359.0,1965.0,3996.0,1965.0,64.0,P0,0,0,Not Active,Not Active,Not Active,Not Active,Not Active,Not Active,152.152,True,6932556715516.0,8406393829084.0
2026-07-31T02:08:45.149145,2026/07/31 02:08:45.089,0,GPU-2c3c1aab-4401-c49f-e973-2d9a530e6442,NVIDIA B200,948.17,1000.0,100.0,15.0,2916.0,179709.0,183359.0,1965.0,3996.0,1965.0,64.0,P0,0,0,Not Active,Not Active,Not Active,Not Active,Not Active,Not Active,144.145,True,6932556715516.0,8406393829084.0
2026-07-31T02:08:45.295165,2026/07/31 02:08:45.238,0,GPU-2c3c1aab-4401-c49f-e973-2d9a530e6442,NVIDIA B200,948.91,1000.0,100.0,15.0,2916.0,179709.0,183359.0,1965.0,3996.0,1965.0,64.0,P0,0,0,Not Active,Not Active,Not Active,Not Active,Not Active,Not Active,148.661,True,6932556715516.0,8406393829084.0
2026-07-31T02:08:45.439264,2026/07/31 02:08:45.381,0,GPU-2c3c1aab-4401-c49f-e973-2d9a530e6442,NVIDIA B200,948.98,1000.0,100.0,15.0,2916.0,179709.0,183359.0,1965.0,3996.0,1965.0,64.0,P0,0,0,Not Active,Not Active,Not Active,Not Active,Not Active,Not Active,142.746,True,6932556715516.0,8406393829084.0
2026-07-31T02:08:45.637471,2026/07/31 02:08:45.579,0,GPU-2c3c1aab-4401-c49f-e973-2d9a530e6442,NVIDIA B200,948.94,1000.0,100.0,15.0,2916.0,179709.0,183359.0,1965.0,3996.0,1965.0,64.0,P0,0,0,Not Active,Not Active,Not Active,Not Active,Not Active,Not Active,196.983,True,6932556715516.0,8406393829084.0
2026-07-31T02:08:45.805682,2026/07/31 02:08:45.748,0,GPU-2c3c1aab-4401-c49f-e973-2d9a530e6442,NVIDIA B200,949.09,1000.0,100.0,15.0,2916.0,179709.0,183359.0,1965.0,3996.0,1965.0,64.0,P0,0,0,Not Active,Not Active,Not Active,Not Active,Not Active,Not Active,169.09,True,6932556715516.0,8406393829084.0
2026-07-31T02:08:46.097528,2026/07/31 02:08:45.895,0,GPU-2c3c1aab-4401-c49f-e973-2d9a530e6442,NVIDIA B200,949.03,1000.0,100.0,15.0,2916.0,179709.0,183359.0,1965.0,3996.0,1965.0,64.0,P0,0,0,Not Active,Not Active,Not Active,Not Active,Not Active,Not Active,145.006,True,6932556715516.0,8406393829084.0
2026-07-31T02:08:46.356029,2026/07/31 02:08:46.293,0,GPU-2c3c1aab-4401-c49f-e973-2d9a530e6442,NVIDIA B200,949.49,1000.0,100.0,15.0,2916.0,179709.0,183359.0,1965.0,3996.0,1965.0,64.0,P0,0,0,Not Active,Not Active,Not Active,Not Active,Not Active,Not Active,351.779,True,6932556715516.0,8406393829084.0
2026-07-31T02:08:46.501880,2026/07/31 02:08:46.442,0,GPU-2c3c1aab-4401-c49f-e973-2d9a530e6442,NVIDIA B200,948.71,1000.0,100.0,15.0,2916.0,179709.0,183359.0,1965.0,3996.0,1965.0,64.0,P0,0,0,Not Active,Not Active,Not Active,Not Active,Not Active,Not Active,196.573,True,6932556715516.0,8406393829084.0
2026-07-31T02:08:46.647133,2026/07/31 02:08:46.590,0,GPU-2c3c1aab-4401-c49f-e973-2d9a530e6442,NVIDIA B200,949.18,1000.0,100.0,15.0,2916.0,179709.0,183359.0,1965.0,3996.0,1965.0,64.0,P0,0,0,Not Active,Not Active,Not Active,Not Active,Not Active,Not Active,149.309,True,6932556715516.0,8406393829084.0
2026-07-31T02:08:46.792009,2026/07/31 02:08:46.734,0,GPU-2c3c1aab-4401-c49f-e973-2d9a530e6442,NVIDIA B200,949.48,1000.0,100.0,15.0,2916.0,179709.0,183359.0,1965.0,3996.0,1965.0,64.0,P0,0,0,Not Active,Not Active,Not Active,Not Active,Not Active,Not Active,143.265,True,6932556715516.0,8406393829084.0
2026-07-31T02:08:46.939264,2026/07/31 02:08:46.880,0,GPU-2c3c1aab-4401-c49f-e973-2d9a530e6442,NVIDIA B200,949.18,1000.0,100.0,15.0,2916.0,179709.0,183359.0,1965.0,3996.0,1965.0,64.0,P0,0,0,Not Active,Not Active,Not Active,Not Active,Not Active,Not Active,146.969,True,6932556715516.0,8406393829084.0
2026-07-31T02:08:47.104164,2026/07/31 02:08:47.042,0,GPU-2c3c1aab-4401-c49f-e973-2d9a530e6442,NVIDIA B200,949.07,1000.0,100.0,15.0,2916.0,179709.0,183359.0,1965.0,3996.0,1965.0,64.0,P0,0,0,Not Active,Not Active,Not Active,Not Active,Not Active,Not Active,161.467,True,6932556715516.0,8406393829084.0
2026-07-31T02:08:47.335228,2026/07/31 02:08:47.268,0,GPU-2c3c1aab-4401-c49f-e973-2d9a530e6442,NVIDIA B200,948.62,1000.0,100.0,15.0,2916.0,179709.0,183359.0,1965.0,3996.0,1965.0,64.0,P0,0,0,Not Active,Not Active,Not Active,Not Active,Not Active,Not Active,214.311,True,6932556715516.0,8406393829084.0
2026-07-31T02:08:47.507888,2026/07/31 02:08:47.451,0,GPU-2c3c1aab-4401-c49f-e973-2d9a530e6442,NVIDIA B200,949.4,1000.0,100.0,15.0,2916.0,179709.0,183359.0,1965.0,3996.0,1965.0,64.0,P0,0,0,Not Active,Not Active,Not Active,Not Active,Not Active,Not Active,193.165,True,6932556715516.0,8406393829084.0
2026-07-31T02:08:47.654212,2026/07/31 02:08:47.595,0,GPU-2c3c1aab-4401-c49f-e973-2d9a530e6442,NVIDIA B200,948.73,1000.0,100.0,15.0,2916.0,179709.0,183359.0,1965.0,3996.0,1965.0,64.0,P0,0,0,Not Active,Not Active,Not Active,Not Active,Not Active,Not Active,143.18,True,6932556715516.0,8406393829084.0
2026-07-31T02:08:47.799323,2026/07/31 02:08:47.742,0,GPU-2c3c1aab-4401-c49f-e973-2d9a530e6442,NVIDIA B200,948.59,1000.0,100.0,15.0,2916.0,179709.0,183359.0,1965.0,3996.0,1965.0,64.0,P0,0,0,Not Active,Not Active,Not Active,Not Active,Not Active,Not Active,149.758,True,6932556715516.0,8406393829084.0
2026-07-31T02:08:47.941275,2026/07/31 02:08:47.885,0,GPU-2c3c1aab-4401-c49f-e973-2d9a530e6442,NVIDIA B200,948.04,1000.0,100.0,15.0,2916.0,179709.0,183359.0,1965.0,3996.0,1965.0,64.0,P0,0,0,Not Active,Not Active,Not Active,Not Active,Not Active,Not Active,141.953,True,6932556715516.0,8406393829084.0
2026-07-31T02:08:48.086027,2026/07/31 02:08:48.029,0,GPU-2c3c1aab-4401-c49f-e973-2d9a530e6442,NVIDIA B200,948.34,1000.0,100.0,15.0,2916.0,179709.0,183359.0,1965.0,3996.0,1965.0,64.0,P0,0,0,Not Active,Not Active,Not Active,Not Active,Not Active,Not Active,145.488,True,6932556715516.0,8406393829084.0
2026-07-31T02:08:48.234669,2026/07/31 02:08:48.175,0,GPU-2c3c1aab-4401-c49f-e973-2d9a530e6442,NVIDIA B200,948.22,1000.0,100.0,15.0,2916.0,179709.0,183359.0,1965.0,3996.0,1965.0,64.0,P0,0,0,Not Active,Not Active,Not Active,Not Active,Not Active,Not Active,145.713,True,6932556715516.0,8406393829084.0
2026-07-31T02:08:48.385384,2026/07/31 02:08:48.327,0,GPU-2c3c1aab-4401-c49f-e973-2d9a530e6442,NVIDIA B200,948.53,1000.0,100.0,15.0,2916.0,179709.0,183359.0,1965.0,3996.0,1965.0,64.0,P0,0,0,Not Active,Not Active,Not Active,Not Active,Not Active,Not Active,148.275,True,6932556715516.0,8406393829084.0
2026-07-31T02:08:48.532059,2026/07/31 02:08:48.473,0,GPU-2c3c1aab-4401-c49f-e973-2d9a530e6442,NVIDIA B200,948.38,1000.0,100.0,15.0,2916.0,179709.0,183359.0,1965.0,3996.0,1965.0,64.0,P0,0,0,Not Active,Not Active,Not Active,Not Active,Not Active,Not Active,149.022,True,6932556715516.0,8406393829084.0
2026-07-31T02:08:48.681466,2026/07/31 02:08:48.621,0,GPU-2c3c1aab-4401-c49f-e973-2d9a530e6442,NVIDIA B200,949.22,1000.0,100.0,15.0,2916.0,179709.0,183359.0,1965.0,3996.0,1965.0,64.0,P0,0,0,Not Active,Not Active,Not Active,Not Active,Not Active,Not Active,147.894,True,6932556715516.0,8406393829084.0
2026-07-31T02:08:48.825333,2026/07/31 02:08:48.768,0,GPU-2c3c1aab-4401-c49f-e973-2d9a530e6442,NVIDIA B200,949.49,1000.0,100.0,15.0,2916.0,179709.0,183359.0,1965.0,3996.0,1965.0,64.0,P0,0,0,Not Active,Not Active,Not Active,Not Active,Not Active,Not Active,147.189,True,6932556715516.0,8406393829084.0
2026-07-31T02:08:48.968192,2026/07/31 02:08:48.909,0,GPU-2c3c1aab-4401-c49f-e973-2d9a530e6442,NVIDIA B200,949.75,1000.0,100.0,15.0,2916.0,179709.0,183359.0,1965.0,3996.0,1965.0,64.0,P0,0,0,Not Active,Not Active,Not Active,Not Active,Not Active,Not Active,141.685,True,6932556715516.0,8406393829084.0
2026-07-31T02:08:49.133425,2026/07/31 02:08:49.072,0,GPU-2c3c1aab-4401-c49f-e973-2d9a530e6442,NVIDIA B200,949.92,1000.0,100.0,15.0,2916.0,179709.0,183359.0,1965.0,3996.0,1965.0,64.0,P0,0,0,Not Active,Not Active,Not Active,Not Active,Not Active,Not Active,162.819,True,6932556715516.0,8406393829084.0
2026-07-31T02:08:49.292369,2026/07/31 02:08:49.228,0,GPU-2c3c1aab-4401-c49f-e973-2d9a530e6442,NVIDIA B200,949.19,1000.0,100.0,15.0,2916.0,179709.0,183359.0,1965.0,3996.0,1965.0,64.0,P0,0,0,Not Active,Not Active,Not Active,Not Active,Not Active,Not Active,149.098,True,6932556715516.0,8406393829084.0
2026-07-31T02:08:49.441403,2026/07/31 02:08:49.381,0,GPU-2c3c1aab-4401-c49f-e973-2d9a530e6442,NVIDIA B200,949.18,1000.0,100.0,16.0,2916.0,179709.0,183359.0,1965.0,3996.0,1965.0,64.0,P0,0,0,Not Active,Not Active,Not Active,Not Active,Not Active,Not Active,159.981,True,6932556715516.0,8406393829084.0
2026-07-31T02:08:49.587409,2026/07/31 02:08:49.528,0,GPU-2c3c1aab-4401-c49f-e973-2d9a530e6442,NVIDIA B200,949.13,1000.0,100.0,15.0,2916.0,179709.0,183359.0,1965.0,3996.0,1965.0,64.0,P0,0,0,Not Active,Not Active,Not Active,Not Active,Not Active,Not Active,145.08,True,6932556715516.0,8406393829084.0
2026-07-31T02:08:49.734220,2026/07/31 02:08:49.677,0,GPU-2c3c1aab-4401-c49f-e973-2d9a530e6442,NVIDIA B200,948.92,1000.0,100.0,15.0,2916.0,179709.0,183359.0,1965.0,3996.0,1965.0,64.0,P0,0,0,Not Active,Not Active,Not Active,Not Active,Not Active,Not Active,150.404,True,6932556715516.0,8406393829084.0
2026-07-31T02:08:49.903509,2026/07/31 02:08:49.819,0,GPU-2c3c1aab-4401-c49f-e973-2d9a530e6442,NVIDIA B200,948.93,1000.0,100.0,15.0,2916.0,179709.0,183359.0,1965.0,3996.0,1965.0,64.0,P0,0,0,Not Active,Not Active,Not Active,Not Active,Not Active,Not Active,141.801,True,6932556715516.0,8406393829084.0
2026-07-31T02:08:50.084408,2026/07/31 02:08:50.028,0,GPU-2c3c1aab-4401-c49f-e973-2d9a530e6442,NVIDIA B200,949.01,1000.0,100.0,15.0,2916.0,179709.0,183359.0,1965.0,3996.0,1965.0,64.0,P0,0,0,Not Active,Not Active,Not Active,Not Active,Not Active,Not Active,207.331,True,6932556715516.0,8406393829084.0
2026-07-31T02:08:50.234670,2026/07/31 02:08:50.174,0,GPU-2c3c1aab-4401-c49f-e973-2d9a530e6442,NVIDIA B200,949.31,1000.0,100.0,15.0,2916.0,179709.0,183359.0,1965.0,3996.0,1965.0,64.0,P0,0,0,Not Active,Not Active,Not Active,Not Active,Not Active,Not Active,146.411,True,6932556715516.0,8406393829084.0
2026-07-31T02:08:50.386543,2026/07/31 02:08:50.328,0,GPU-2c3c1aab-4401-c49f-e973-2d9a530e6442,NVIDIA B200,949.41,1000.0,100.0,15.0,2916.0,179709.0,183359.0,1965.0,3996.0,1965.0,64.0,P0,0,0,Not Active,Not Active,Not Active,Not Active,Not Active,Not Active,147.979,True,6932556715516.0,8406393829084.0
2026-07-31T02:08:50.536858,2026/07/31 02:08:50.474,0,GPU-2c3c1aab-4401-c49f-e973-2d9a530e6442,NVIDIA B200,950.02,1000.0,100.0,15.0,2916.0,179709.0,183359.0,1965.0,3996.0,1965.0,64.0,P0,0,0,Not Active,Not Active,Not Active,Not Active,Not Active,Not Active,151.589,True,6932556715516.0,8406393829084.0
2026-07-31T02:08:50.734040,2026/07/31 02:08:50.673,0,GPU-2c3c1aab-4401-c49f-e973-2d9a530e6442,NVIDIA B200,949.7,1000.0,100.0,15.0,2916.0,179709.0,183359.0,1965.0,3996.0,1965.0,64.0,P0,0,0,Not Active,Not Active,Not Active,Not Active,Not Active,Not Active,200.845,True,6932556715516.0,8406393829084.0
2026-07-31T02:08:51.108497,2026/07/31 02:08:50.819,0,GPU-2c3c1aab-4401-c49f-e973-2d9a530e6442,NVIDIA B200,949.91,1000.0,100.0,16.0,2916.0,179709.0,183359.0,1965.0,3996.0,1965.0,64.0,P0,0,0,Not Active,Not Active,Not Active,Not Active,Not Active,Not Active,145.647,True,6932556715516.0,8406393829084.0
2026-07-31T02:08:52.153122,2026/07/31 02:08:51.820,0,GPU-2c3c1aab-4401-c49f-e973-2d9a530e6442,NVIDIA B200,949.24,1000.0,100.0,15.0,2916.0,179709.0,183359.0,1965.0,3996.0,1965.0,64.0,P0,0,0,Not Active,Not Active,Not Active,Not Active,Not Active,Not Active,840.421,True,6932556715516.0,8406393829084.0
2026-07-31T02:08:52.359162,2026/07/31 02:08:52.295,0,GPU-2c3c1aab-4401-c49f-e973-2d9a530e6442,NVIDIA B200,949.31,1000.0,100.0,16.0,2916.0,179709.0,183359.0,1965.0,3996.0,1965.0,64.0,P0,0,0,Not Active,Not Active,Not Active,Not Active,Not Active,Not Active,636.975,True,6932556715516.0,8406393829084.0
2026-07-31T02:08:52.598808,2026/07/31 02:08:52.447,0,GPU-2c3c1aab-4401-c49f-e973-2d9a530e6442,NVIDIA B200,949.06,1000.0,100.0,15.0,2916.0,179709.0,183359.0,1965.0,3996.0,1965.0,64.0,P0,0,0,Not Active,Not Active,Not Active,Not Active,Not Active,Not Active,148.486,True,6932556715516.0,8406393829084.0
2026-07-31T02:08:52.782362,2026/07/31 02:08:52.725,0,GPU-2c3c1aab-4401-c49f-e973-2d9a530e6442,NVIDIA B200,948.39,1000.0,100.0,15.0,2916.0,179709.0,183359.0,1965.0,3996.0,1965.0,64.0,P0,0,0,Not Active,Not Active,Not Active,Not Active,Not Active,Not Active,280.01,True,6932556715516.0,8406393829084.0
2026-07-31T02:08:52.925686,2026/07/31 02:08:52.864,0,GPU-2c3c1aab-4401-c49f-e973-2d9a530e6442,NVIDIA B200,948.73,1000.0,100.0,15.0,2916.0,179709.0,183359.0,1965.0,3996.0,1965.0,64.0,P0,0,0,Not Active,Not Active,Not Active,Not Active,Not Active,Not Active,140.456,True,6932556715516.0,8406393829084.0
2026-07-31T02:08:53.083243,2026/07/31 02:08:53.008,0,GPU-2c3c1aab-4401-c49f-e973-2d9a530e6442,NVIDIA B200,949.26,1000.0,100.0,15.0,2916.0,179709.0,183359.0,1965.0,3996.0,1965.0,64.0,P0,0,0,Not Active,Not Active,Not Active,Not Active,Not Active,Not Active,143.776,True,6932556715516.0,8406393829084.0
2026-07-31T02:08:53.262895,2026/07/31 02:08:53.193,0,GPU-2c3c1aab-4401-c49f-e973-2d9a530e6442,NVIDIA B200,948.5,1000.0,100.0,15.0,2916.0,179709.0,183359.0,1965.0,3996.0,1965.0,64.0,P0,0,0,Not Active,Not Active,Not Active,Not Active,Not Active,Not Active,163.701,True,6932556715516.0,8406393829084.0
2026-07-31T02:08:53.404029,2026/07/31 02:08:53.345,0,GPU-2c3c1aab-4401-c49f-e973-2d9a530e6442,NVIDIA B200,948.87,1000.0,100.0,15.0,2916.0,179709.0,183359.0,1965.0,3996.0,1965.0,64.0,P0,0,0,Not Active,Not Active,Not Active,Not Active,Not Active,Not Active,173.337,True,6932556715516.0,8406393829084.0
2026-07-31T02:08:53.566023,2026/07/31 02:08:53.501,0,GPU-2c3c1aab-4401-c49f-e973-2d9a530e6442,NVIDIA B200,948.91,1000.0,100.0,15.0,2916.0,179709.0,183359.0,1965.0,3996.0,1965.0,64.0,P0,0,0,Not Active,Not Active,Not Active,Not Active,Not Active,Not Active,155.232,True,6932556715516.0,8406393829084.0
2026-07-31T02:08:53.711617,2026/07/31 02:08:53.651,0,GPU-2c3c1aab-4401-c49f-e973-2d9a530e6442,NVIDIA B200,949.44,1000.0,100.0,16.0,2916.0,179709.0,183359.0,1965.0,3996.0,1965.0,64.0,P0,0,0,Not Active,Not Active,Not Active,Not Active,Not Active,Not Active,150.998,True,6932556715516.0,8406393829084.0
2026-07-31T02:08:53.873373,2026/07/31 02:08:53.813,0,GPU-2c3c1aab-4401-c49f-e973-2d9a530e6442,NVIDIA B200,949.51,1000.0,100.0,15.0,2916.0,179709.0,183359.0,1965.0,3996.0,1965.0,64.0,P0,0,0,Not Active,Not Active,Not Active,Not Active,Not Active,Not Active,159.527,True,6932556715516.0,8406393829084.0
2026-07-31T02:08:54.015166,2026/07/31 02:08:53.960,0,GPU-2c3c1aab-4401-c49f-e973-2d9a530e6442,NVIDIA B200,949.08,1000.0,100.0,15.0,2916.0,179709.0,183359.0,1965.0,3996.0,1965.0,64.0,P0,0,0,Not Active,Not Active,Not Active,Not Active,Not Active,Not Active,148.91,True,6932556715516.0,8406393829084.0
2026-07-31T02:08:54.157529,2026/07/31 02:08:54.098,0,GPU-2c3c1aab-4401-c49f-e973-2d9a530e6442,NVIDIA B200,948.99,1000.0,100.0,15.0,2916.0,179709.0,183359.0,1965.0,3996.0,1965.0,64.0,P0,0,0,Not Active,Not Active,Not Active,Not Active,Not Active,Not Active,137.651,True,6932556715516.0,8406393829084.0
2026-07-31T02:08:54.307149,2026/07/31 02:08:54.246,0,GPU-2c3c1aab-4401-c49f-e973-2d9a530e6442,NVIDIA B200,948.41,1000.0,100.0,15.0,2916.0,179709.0,183359.0,1965.0,3996.0,1965.0,64.0,P0,0,0,Not Active,Not Active,Not Active,Not Active,Not Active,Not Active,146.49,True,6932556715516.0,8406393829084.0
2026-07-31T02:08:54.451224,2026/07/31 02:08:54.392,0,GPU-2c3c1aab-4401-c49f-e973-2d9a530e6442,NVIDIA B200,949.03,1000.0,100.0,15.0,2916.0,179709.0,183359.0,1965.0,3996.0,1965.0,64.0,P0,0,0,Not Active,Not Active,Not Active,Not Active,Not Active,Not Active,147.389,True,6932556715516.0,8406393829084.0
2026-07-31T02:08:54.596226,2026/07/31 02:08:54.540,0,GPU-2c3c1aab-4401-c49f-e973-2d9a530e6442,NVIDIA B200,948.21,1000.0,100.0,15.0,2916.0,179709.0,183359.0,1965.0,3996.0,1965.0,64.0,P0,0,0,Not Active,Not Active,Not Active,Not Active,Not Active,Not Active,147.071,True,6932556715516.0,8406393829084.0
2026-07-31T02:08:54.744415,2026/07/31 02:08:54.686,0,GPU-2c3c1aab-4401-c49f-e973-2d9a530e6442,NVIDIA B200,948.12,1000.0,100.0,15.0,2916.0,179709.0,183359.0,1965.0,3996.0,1965.0,64.0,P0,0,0,Not Active,Not Active,Not Active,Not Active,Not Active,Not Active,146.623,True,6932556715516.0,8406393829084.0
2026-07-31T02:08:54.881538,2026/07/31 02:08:54.825,0,GPU-2c3c1aab-4401-c49f-e973-2d9a530e6442,NVIDIA B200,948.31,1000.0,100.0,15.0,2916.0,179709.0,183359.0,1965.0,3996.0,1965.0,64.0,P0,0,0,Not Active,Not Active,Not Active,Not Active,Not Active,Not Active,139.778,True,6932556715516.0,8406393829084.0
2026-07-31T02:08:55.033097,2026/07/31 02:08:54.972,0,GPU-2c3c1aab-4401-c49f-e973-2d9a530e6442,NVIDIA B200,948.49,1000.0,100.0,16.0,2916.0,179709.0,183359.0,1965.0,3996.0,1965.0,64.0,P0,0,0,Not Active,Not Active,Not Active,Not Active,Not Active,Not Active,145.814,True,6932556715516.0,8406393829084.0
2026-07-31T02:08:55.179446,2026/07/31 02:08:55.118,0,GPU-2c3c1aab-4401-c49f-e973-2d9a530e6442,NVIDIA B200,948.75,1000.0,100.0,15.0,2916.0,179709.0,183359.0,1965.0,3996.0,1965.0,64.0,P0,0,0,Not Active,Not Active,Not Active,Not Active,Not Active,Not Active,146.216,True,6932556715516.0,8406393829084.0
2026-07-31T02:08:55.330340,2026/07/31 02:08:55.270,0,GPU-2c3c1aab-4401-c49f-e973-2d9a530e6442,NVIDIA B200,948.83,1000.0,100.0,15.0,2916.0,179709.0,183359.0,1965.0,3996.0,1965.0,64.0,P0,0,0,Not Active,Not Active,Not Active,Not Active,Not Active,Not Active,151.274,True,6932556715516.0,8406393829084.0
2026-07-31T02:08:55.474034,2026/07/31 02:08:55.416,0,GPU-2c3c1aab-4401-c49f-e973-2d9a530e6442,NVIDIA B200,948.06,1000.0,100.0,15.0,2916.0,179709.0,183359.0,1965.0,3996.0,1965.0,64.0,P0,0,0,Not Active,Not Active,Not Active,Not Active,Not Active,Not Active,146.715,True,6932556715516.0,8406393829084.0
2026-07-31T02:08:55.616539,2026/07/31 02:08:55.558,0,GPU-2c3c1aab-4401-c49f-e973-2d9a530e6442,NVIDIA B200,948.6,1000.0,100.0,15.0,2916.0,179709.0,183359.0,1965.0,3996.0,1965.0,64.0,P0,0,0,Not Active,Not Active,Not Active,Not Active,Not Active,Not Active,142.056,True,6932556715516.0,8406393829084.0
2026-07-31T02:08:55.810427,2026/07/31 02:08:55.753,0,GPU-2c3c1aab-4401-c49f-e973-2d9a530e6442,NVIDIA B200,948.9,1000.0,100.0,15.0,2916.0,179709.0,183359.0,1965.0,3996.0,1965.0,64.0,P0,0,0,Not Active,Not Active,Not Active,Not Active,Not Active,Not Active,196.494,True,6932556715516.0,8406393829084.0
2026-07-31T02:08:55.954211,2026/07/31 02:08:55.897,0,GPU-2c3c1aab-4401-c49f-e973-2d9a530e6442,NVIDIA B200,948.76,1000.0,100.0,15.0,2916.0,179709.0,183359.0,1965.0,3996.0,1965.0,64.0,P0,0,0,Not Active,Not Active,Not Active,Not Active,Not Active,Not Active,143.633,True,6932556715516.0,8406393829084.0
2026-07-31T02:08:56.102899,2026/07/31 02:08:56.043,0,GPU-2c3c1aab-4401-c49f-e973-2d9a530e6442,NVIDIA B200,948.69,1000.0,100.0,15.0,2916.0,179709.0,183359.0,1965.0,3996.0,1965.0,64.0,P0,0,0,Not Active,Not Active,Not Active,Not Active,Not Active,Not Active,143.41,True,6932556715516.0,8406393829084.0
2026-07-31T02:08:56.245451,2026/07/31 02:08:56.189,0,GPU-2c3c1aab-4401-c49f-e973-2d9a530e6442,NVIDIA B200,948.72,1000.0,100.0,15.0,2916.0,179709.0,183359.0,1965.0,3996.0,1965.0,64.0,P0,0,0,Not Active,Not Active,Not Active,Not Active,Not Active,Not Active,147.545,True,6932556715516.0,8406393829084.0
2026-07-31T02:08:56.389105,2026/07/31 02:08:56.333,0,GPU-2c3c1aab-4401-c49f-e973-2d9a530e6442,NVIDIA B200,948.98,1000.0,100.0,16.0,2916.0,179709.0,183359.0,1965.0,3996.0,1965.0,64.0,P0,0,0,Not Active,Not Active,Not Active,Not Active,Not Active,Not Active,140.132,True,6932556715516.0,8406393829084.0
2026-07-31T02:08:56.539204,2026/07/31 02:08:56.475,0,GPU-2c3c1aab-4401-c49f-e973-2d9a530e6442,NVIDIA B200,948.6,1000.0,100.0,16.0,2916.0,179709.0,183359.0,1965.0,3996.0,1965.0,64.0,P0,0,0,Not Active,Not Active,Not Active,Not Active,Not Active,Not Active,146.204,True,6932556715516.0,8406393829084.0
2026-07-31T02:08:56.682340,2026/07/31 02:08:56.624,0,GPU-2c3c1aab-4401-c49f-e973-2d9a530e6442,NVIDIA B200,948.65,1000.0,100.0,15.0,2916.0,179709.0,183359.0,1965.0,3996.0,1965.0,64.0,P0,0,0,Not Active,Not Active,Not Active,Not Active,Not Active,Not Active,148.468,True,6932556715516.0,8406393829084.0
2026-07-31T02:08:56.831940,2026/07/31 02:08:56.768,0,GPU-2c3c1aab-4401-c49f-e973-2d9a530e6442,NVIDIA B200,948.06,1000.0,100.0,15.0,2916.0,179709.0,183359.0,1965.0,3996.0,1965.0,64.0,P0,0,0,Not Active,Not Active,Not Active,Not Active,Not Active,Not Active,145.053,True,6932556715516.0,8406393829084.0
2026-07-31T02:08:56.986179,2026/07/31 02:08:56.928,0,GPU-2c3c1aab-4401-c49f-e973-2d9a530e6442,NVIDIA B200,948.2,1000.0,100.0,15.0,2916.0,179709.0,183359.0,1965.0,3996.0,1965.0,64.0,P0,0,0,Not Active,Not Active,Not Active,Not Active,Not Active,Not Active,158.186,True,6932556715516.0,8406393829084.0
2026-07-31T02:08:57.131015,2026/07/31 02:08:57.072,0,GPU-2c3c1aab-4401-c49f-e973-2d9a530e6442,NVIDIA B200,947.54,1000.0,100.0,15.0,2916.0,179709.0,183359.0,1965.0,3996.0,1965.0,64.0,P0,0,0,Not Active,Not Active,Not Active,Not Active,Not Active,Not Active,145.288,True,6932556715516.0,8406393829084.0
2026-07-31T02:08:57.271094,2026/07/31 02:08:57.214,0,GPU-2c3c1aab-4401-c49f-e973-2d9a530e6442,NVIDIA B200,947.86,1000.0,100.0,15.0,2916.0,179709.0,183359.0,1965.0,3996.0,1965.0,64.0,P0,0,0,Not Active,Not Active,Not Active,Not Active,Not Active,Not Active,141.766,True,6932556715516.0,8406393829084.0
2026-07-31T02:08:57.644568,2026/07/31 02:08:57.460,0,GPU-2c3c1aab-4401-c49f-e973-2d9a530e6442,NVIDIA B200,948.01,1000.0,100.0,15.0,2916.0,179709.0,183359.0,1965.0,3996.0,1965.0,64.0,P0,0,0,Not Active,Not Active,Not Active,Not Active,Not Active,Not Active,155.949,True,6932556715516.0,8406393829084.0
2026-07-31T02:08:58.013255,2026/07/31 02:08:57.848,0,GPU-2c3c1aab-4401-c49f-e973-2d9a530e6442,NVIDIA B200,948.6,1000.0,100.0,16.0,2916.0,179709.0,183359.0,1965.0,3996.0,1965.0,64.0,P0,0,0,Not Active,Not Active,Not Active,Not Active,Not Active,Not Active,411.344,True,6932556715516.0,8406393829084.0
2026-07-31T02:08:58.164033,2026/07/31 02:08:58.102,0,GPU-2c3c1aab-4401-c49f-e973-2d9a530e6442,NVIDIA B200,948.77,1000.0,100.0,15.0,2916.0,179709.0,183359.0,1965.0,3996.0,1965.0,64.0,P0,0,0,Not Active,Not Active,Not Active,Not Active,Not Active,Not Active,320.951,True,6932556715516.0,8406393829084.0
2026-07-31T02:08:58.308128,2026/07/31 02:08:58.249,0,GPU-2c3c1aab-4401-c49f-e973-2d9a530e6442,NVIDIA B200,948.37,1000.0,100.0,15.0,2916.0,179709.0,183359.0,1965.0,3996.0,1965.0,64.0,P0,0,0,Not Active,Not Active,Not Active,Not Active,Not Active,Not Active,147.959,True,6932556715516.0,8406393829084.0
2026-07-31T02:08:58.460999,2026/07/31 02:08:58.399,0,GPU-2c3c1aab-4401-c49f-e973-2d9a530e6442,NVIDIA B200,948.54,1000.0,100.0,15.0,2916.0,179709.0,183359.0,1965.0,3996.0,1965.0,64.0,P0,0,0,Not Active,Not Active,Not Active,Not Active,Not Active,Not Active,148.855,True,6932556715516.0,8406393829084.0
2026-07-31T02:08:58.597927,2026/07/31 02:08:58.543,0,GPU-2c3c1aab-4401-c49f-e973-2d9a530e6442,NVIDIA B200,947.82,1000.0,100.0,15.0,2916.0,179709.0,183359.0,1965.0,3996.0,1965.0,63.0,P0,0,0,Not Active,Not Active,Not Active,Not Active,Not Active,Not Active,144.548,True,6932556715516.0,8406393829084.0
2026-07-31T02:08:58.748879,2026/07/31 02:08:58.684,0,GPU-2c3c1aab-4401-c49f-e973-2d9a530e6442,NVIDIA B200,947.95,1000.0,100.0,15.0,2916.0,179709.0,183359.0,1965.0,3996.0,1965.0,63.0,P0,0,0,Not Active,Not Active,Not Active,Not Active,Not Active,Not Active,141.146,True,6932556715516.0,8406393829084.0
2026-07-31T02:08:58.894349,2026/07/31 02:08:58.836,0,GPU-2c3c1aab-4401-c49f-e973-2d9a530e6442,NVIDIA B200,947.68,1000.0,100.0,15.0,2916.0,179709.0,183359.0,1965.0,3996.0,1965.0,64.0,P0,0,0,Not Active,Not Active,Not Active,Not Active,Not Active,Not Active,151.344,True,6932556715516.0,8406393829084.0
2026-07-31T02:08:59.040386,2026/07/31 02:08:58.979,0,GPU-2c3c1aab-4401-c49f-e973-2d9a530e6442,NVIDIA B200,947.21,1000.0,100.0,15.0,2916.0,179709.0,183359.0,1965.0,3996.0,1965.0,64.0,P0,0,0,Not Active,Not Active,Not Active,Not Active,Not Active,Not Active,143.019,True,6932556715516.0,8406393829084.0
2026-07-31T02:08:59.184051,2026/07/31 02:08:59.125,0,GPU-2c3c1aab-4401-c49f-e973-2d9a530e6442,NVIDIA B200,947.4,1000.0,100.0,16.0,2916.0,179709.0,183359.0,1965.0,3996.0,1965.0,63.0,P0,0,0,Not Active,Not Active,Not Active,Not Active,Not Active,Not Active,146.814,True,6932556715516.0,8406393829084.0
2026-07-31T02:08:59.332432,2026/07/31 02:08:59.273,0,GPU-2c3c1aab-4401-c49f-e973-2d9a530e6442,NVIDIA B200,947.61,1000.0,100.0,16.0,2916.0,179709.0,183359.0,1965.0,3996.0,1965.0,63.0,P0,0,0,Not Active,Not Active,Not Active,Not Active,Not Active,Not Active,146.994,True,6932556715516.0,8406393829084.0
2026-07-31T02:08:59.480140,2026/07/31 02:08:59.418,0,GPU-2c3c1aab-4401-c49f-e973-2d9a530e6442,NVIDIA B200,947.93,1000.0,100.0,15.0,2916.0,179709.0,183359.0,1965.0,3996.0,1965.0,63.0,P0,0,0,Not Active,Not Active,Not Active,Not Active,Not Active,Not Active,143.983,True,6932556715516.0,8406393829084.0
2026-07-31T02:08:59.630637,2026/07/31 02:08:59.568,0,GPU-2c3c1aab-4401-c49f-e973-2d9a530e6442,NVIDIA B200,947.49,1000.0,100.0,15.0,2916.0,179709.0,183359.0,1965.0,3996.0,1965.0,63.0,P0,0,0,Not Active,Not Active,Not Active,Not Active,Not Active,Not Active,151.124,True,6932556715516.0,8406393829084.0
2026-07-31T02:08:59.774415,2026/07/31 02:08:59.713,0,GPU-2c3c1aab-4401-c49f-e973-2d9a530e6442,NVIDIA B200,946.91,1000.0,100.0,15.0,2916.0,179709.0,183359.0,1965.0,3996.0,1965.0,63.0,P0,0,0,Not Active,Not Active,Not Active,Not Active,Not Active,Not Active,146.236,True,6932556715516.0,8406393829084.0
2026-07-31T02:08:59.915603,2026/07/31 02:08:59.858,0,GPU-2c3c1aab-4401-c49f-e973-2d9a530e6442,NVIDIA B200,947.33,1000.0,100.0,15.0,2916.0,179709.0,183359.0,1965.0,3996.0,1965.0,63.0,P0,0,0,Not Active,Not Active,Not Active,Not Active,Not Active,Not Active,144.825,True,6932556715516.0,8406393829084.0
2026-07-31T02:09:00.058461,2026/07/31 02:08:59.998,0,GPU-2c3c1aab-4401-c49f-e973-2d9a530e6442,NVIDIA B200,947.42,1000.0,100.0,15.0,2916.0,179709.0,183359.0,1965.0,3996.0,1965.0,63.0,P0,0,0,Not Active,Not Active,Not Active,Not Active,Not Active,Not Active,140.088,True,6932556715516.0,8406393829084.0
2026-07-31T02:09:00.205249,2026/07/31 02:09:00.146,0,GPU-2c3c1aab-4401-c49f-e973-2d9a530e6442,NVIDIA B200,946.82,1000.0,100.0,15.0,2916.0,179709.0,183359.0,1965.0,3996.0,1965.0,63.0,P0,0,0,Not Active,Not Active,Not Active,Not Active,Not Active,Not Active,144.059,True,6932556715516.0,8406393829084.0
2026-07-31T02:09:00.352677,2026/07/31 02:09:00.293,0,GPU-2c3c1aab-4401-c49f-e973-2d9a530e6442,NVIDIA B200,946.72,1000.0,100.0,15.0,2916.0,179709.0,183359.0,1965.0,3996.0,1965.0,63.0,P0,0,0,Not Active,Not Active,Not Active,Not Active,Not Active,Not Active,149.978,True,6932556715516.0,8406393829084.0
2026-07-31T02:09:00.520848,2026/07/31 02:09:00.449,0,GPU-2c3c1aab-4401-c49f-e973-2d9a530e6442,NVIDIA B200,946.75,1000.0,100.0,15.0,2916.0,179709.0,183359.0,1965.0,3996.0,1965.0,63.0,P0,0,0,Not Active,Not Active,Not Active,Not Active,Not Active,Not Active,156.633,True,6932556715516.0,8406393829084.0
2026-07-31T02:09:00.667070,2026/07/31 02:09:00.606,0,GPU-2c3c1aab-4401-c49f-e973-2d9a530e6442,NVIDIA B200,947.27,1000.0,100.0,16.0,2916.0,179709.0,183359.0,1965.0,3996.0,1965.0,63.0,P0,0,0,Not Active,Not Active,Not Active,Not Active,Not Active,Not Active,155.905,True,6932556715516.0,8406393829084.0
2026-07-31T02:09:00.872226,2026/07/31 02:09:00.810,0,GPU-2c3c1aab-4401-c49f-e973-2d9a530e6442,NVIDIA B200,947.36,1000.0,100.0,15.0,2916.0,179709.0,183359.0,1965.0,3996.0,1965.0,63.0,P0,0,0,Not Active,Not Active,Not Active,Not Active,Not Active,Not Active,203.978,True,6932556715516.0,8406393829084.0
2026-07-31T02:09:01.024624,2026/07/31 02:09:00.961,0,GPU-2c3c1aab-4401-c49f-e973-2d9a530e6442,NVIDIA B200,947.03,1000.0,100.0,15.0,2916.0,179709.0,183359.0,1965.0,3996.0,1965.0,63.0,P0,0,0,Not Active,Not Active,Not Active,Not Active,Not Active,Not Active,149.171,True,6932556715516.0,8406393829084.0
2026-07-31T02:09:01.174560,2026/07/31 02:09:01.115,0,GPU-2c3c1aab-4401-c49f-e973-2d9a530e6442,NVIDIA B200,946.65,1000.0,100.0,15.0,2916.0,179709.0,183359.0,1965.0,3996.0,1965.0,63.0,P0,0,0,Not Active,Not Active,Not Active,Not Active,Not Active,Not Active,155.197,True,6932556715516.0,8406393829084.0
2026-07-31T02:09:01.316384,2026/07/31 02:09:01.260,0,GPU-2c3c1aab-4401-c49f-e973-2d9a530e6442,NVIDIA B200,946.71,1000.0,100.0,15.0,2916.0,179709.0,183359.0,1965.0,3996.0,1965.0,63.0,P0,0,0,Not Active,Not Active,Not Active,Not Active,Not Active,Not Active,145.775,True,6932556715516.0,8406393829084.0
2026-07-31T02:09:01.457484,2026/07/31 02:09:01.400,0,GPU-2c3c1aab-4401-c49f-e973-2d9a530e6442,NVIDIA B200,947.18,1000.0,100.0,15.0,2916.0,179709.0,183359.0,1965.0,3996.0,1965.0,63.0,P0,0,0,Not Active,Not Active,Not Active,Not Active,Not Active,Not Active,139.731,True,6932556715516.0,8406393829084.0
2026-07-31T02:09:01.603979,2026/07/31 02:09:01.544,0,GPU-2c3c1aab-4401-c49f-e973-2d9a530e6442,NVIDIA B200,946.75,1000.0,100.0,15.0,2916.0,179709.0,183359.0,1965.0,3996.0,1965.0,63.0,P0,0,0,Not Active,Not Active,Not Active,Not Active,Not Active,Not Active,144.327,True,6932556715516.0,8406393829084.0
2026-07-31T02:09:01.751372,2026/07/31 02:09:01.693,0,GPU-2c3c1aab-4401-c49f-e973-2d9a530e6442,NVIDIA B200,946.74,1000.0,100.0,15.0,2916.0,179709.0,183359.0,1965.0,3996.0,1965.0,63.0,P0,0,0,Not Active,Not Active,Not Active,Not Active,Not Active,Not Active,147.326,True,6932556715516.0,8406393829084.0
2026-07-31T02:09:01.884411,2026/07/31 02:09:01.827,0,GPU-2c3c1aab-4401-c49f-e973-2d9a530e6442,NVIDIA B200,946.68,1000.0,100.0,15.0,2916.0,179709.0,183359.0,1965.0,3996.0,1965.0,63.0,P0,0,0,Not Active,Not Active,Not Active,Not Active,Not Active,Not Active,139.407,True,6932556715516.0,8406393829084.0
2026-07-31T02:09:02.040915,2026/07/31 02:09:01.983,0,GPU-2c3c1aab-4401-c49f-e973-2d9a530e6442,NVIDIA B200,946.99,1000.0,100.0,16.0,2916.0,179709.0,183359.0,1965.0,3996.0,1965.0,63.0,P0,0,0,Not Active,Not Active,Not Active,Not Active,Not Active,Not Active,152.801,True,6932556715516.0,8406393829084.0
2026-07-31T02:09:02.192140,2026/07/31 02:09:02.131,0,GPU-2c3c1aab-4401-c49f-e973-2d9a530e6442,NVIDIA B200,947.1,1000.0,100.0,15.0,2916.0,179709.0,183359.0,1965.0,3996.0,1965.0,63.0,P0,0,0,Not Active,Not Active,Not Active,Not Active,Not Active,Not Active,146.702,True,6932556715516.0,8406393829084.0
2026-07-31T02:09:02.342586,2026/07/31 02:09:02.282,0,GPU-2c3c1aab-4401-c49f-e973-2d9a530e6442,NVIDIA B200,947.24,1000.0,100.0,15.0,2916.0,179709.0,183359.0,1965.0,3996.0,1965.0,63.0,P0,0,0,Not Active,Not Active,Not Active,Not Active,Not Active,Not Active,151.103,True,6932556715516.0,8406393829084.0
2026-07-31T02:09:02.488143,2026/07/31 02:09:02.428,0,GPU-2c3c1aab-4401-c49f-e973-2d9a530e6442,NVIDIA B200,946.34,1000.0,100.0,15.0,2916.0,179709.0,183359.0,1965.0,3996.0,1965.0,63.0,P0,0,0,Not Active,Not Active,Not Active,Not Active,Not Active,Not Active,146.167,True,6932556715516.0,8406393829084.0
2026-07-31T02:09:02.634432,2026/07/31 02:09:02.575,0,GPU-2c3c1aab-4401-c49f-e973-2d9a530e6442,NVIDIA B200,946.71,1000.0,100.0,15.0,2916.0,179709.0,183359.0,1965.0,3996.0,1965.0,63.0,P0,0,0,Not Active,Not Active,Not Active,Not Active,Not Active,Not Active,145.73,True,6932556715516.0,8406393829084.0
2026-07-31T02:09:02.989004,2026/07/31 02:09:02.721,0,GPU-2c3c1aab-4401-c49f-e973-2d9a530e6442,NVIDIA B200,946.33,1000.0,100.0,15.0,2916.0,179709.0,183359.0,1965.0,3996.0,1965.0,63.0,P0,0,0,Not Active,Not Active,Not Active,Not Active,Not Active,Not Active,146.233,True,6932556715516.0,8406393829084.0
2026-07-31T02:09:03.341665,2026/07/31 02:09:03.250,0,GPU-2c3c1aab-4401-c49f-e973-2d9a530e6442,NVIDIA B200,945.95,1000.0,100.0,15.0,2916.0,179709.0,183359.0,1965.0,3996.0,1965.0,63.0,P0,0,0,Not Active,Not Active,Not Active,Not Active,Not Active,Not Active,495.64,True,6932556715516.0,8406393829084.0
2026-07-31T02:09:03.497128,2026/07/31 02:09:03.437,0,GPU-2c3c1aab-4401-c49f-e973-2d9a530e6442,NVIDIA B200,946.52,1000.0,100.0,16.0,2916.0,179709.0,183359.0,1965.0,3996.0,1965.0,63.0,P0,0,0,Not Active,Not Active,Not Active,Not Active,Not Active,Not Active,220.421,True,6932556715516.0,8406393829084.0
2026-07-31T02:09:03.643339,2026/07/31 02:09:03.583,0,GPU-2c3c1aab-4401-c49f-e973-2d9a530e6442,NVIDIA B200,946.16,1000.0,100.0,15.0,2916.0,179709.0,183359.0,1965.0,3996.0,1965.0,63.0,P0,0,0,Not Active,Not Active,Not Active,Not Active,Not Active,Not Active,148.535,True,6932556715516.0,8406393829084.0
2026-07-31T02:09:03.789520,2026/07/31 02:09:03.731,0,GPU-2c3c1aab-4401-c49f-e973-2d9a530e6442,NVIDIA B200,945.73,1000.0,100.0,15.0,2916.0,179709.0,183359.0,1965.0,3996.0,1965.0,63.0,P0,0,0,Not Active,Not Active,Not Active,Not Active,Not Active,Not Active,146.707,True,6932556715516.0,8406393829084.0
2026-07-31T02:09:03.934948,2026/07/31 02:09:03.874,0,GPU-2c3c1aab-4401-c49f-e973-2d9a530e6442,NVIDIA B200,945.24,1000.0,100.0,15.0,2916.0,179709.0,183359.0,1965.0,3996.0,1965.0,63.0,P0,0,0,Not Active,Not Active,Not Active,Not Active,Not Active,Not Active,144.028,True,6932556715516.0,8406393829084.0
2026-07-31T02:09:04.079255,2026/07/31 02:09:04.018,0,GPU-2c3c1aab-4401-c49f-e973-2d9a530e6442,NVIDIA B200,945.14,1000.0,100.0,15.0,2916.0,179709.0,183359.0,1965.0,3996.0,1965.0,63.0,P0,0,0,Not Active,Not Active,Not Active,Not Active,Not Active,Not Active,144.015,True,6932556715516.0,8406393829084.0
2026-07-31T02:09:04.226828,2026/07/31 02:09:04.167,0,GPU-2c3c1aab-4401-c49f-e973-2d9a530e6442,NVIDIA B200,945.01,1000.0,100.0,15.0,2916.0,179709.0,183359.0,1965.0,3996.0,1965.0,63.0,P0,0,0,Not Active,Not Active,Not Active,Not Active,Not Active,Not Active,149.417,True,6932556715516.0,8406393829084.0
2026-07-31T02:09:04.382727,2026/07/31 02:09:04.317,0,GPU-2c3c1aab-4401-c49f-e973-2d9a530e6442,NVIDIA B200,945.41,1000.0,100.0,15.0,2916.0,179709.0,183359.0,1965.0,3996.0,1965.0,62.0,P0,0,0,Not Active,Not Active,Not Active,Not Active,Not Active,Not Active,148.573,True,6932556715516.0,8406393829084.0
2026-07-31T02:09:04.557968,2026/07/31 02:09:04.499,0,GPU-2c3c1aab-4401-c49f-e973-2d9a530e6442,NVIDIA B200,944.58,1000.0,100.0,15.0,2916.0,179709.0,183359.0,1965.0,3996.0,1965.0,63.0,P0,0,0,Not Active,Not Active,Not Active,Not Active,Not Active,Not Active,181.448,True,6932556715516.0,8406393829084.0
2026-07-31T02:09:04.706264,2026/07/31 02:09:04.645,0,GPU-2c3c1aab-4401-c49f-e973-2d9a530e6442,NVIDIA B200,944.85,1000.0,100.0,15.0,2916.0,179709.0,183359.0,1965.0,3996.0,1965.0,63.0,P0,0,0,Not Active,Not Active,Not Active,Not Active,Not Active,Not Active,145.917,True,6932556715516.0,8406393829084.0
2026-07-31T02:09:04.854173,2026/07/31 02:09:04.795,0,GPU-2c3c1aab-4401-c49f-e973-2d9a530e6442,NVIDIA B200,944.86,1000.0,100.0,16.0,2916.0,179709.0,183359.0,1965.0,3996.0,1965.0,63.0,P0,0,0,Not Active,Not Active,Not Active,Not Active,Not Active,Not Active,149.869,True,6932556715516.0,8406393829084.0
2026-07-31T02:09:04.996121,2026/07/31 02:09:04.940,0,GPU-2c3c1aab-4401-c49f-e973-2d9a530e6442,NVIDIA B200,945.41,1000.0,100.0,15.0,2916.0,179709.0,183359.0,1965.0,3996.0,1965.0,63.0,P0,0,0,Not Active,Not Active,Not Active,Not Active,Not Active,Not Active,145.555,True,6932556715516.0,8406393829084.0
2026-07-31T02:09:05.144048,2026/07/31 02:09:05.081,0,GPU-2c3c1aab-4401-c49f-e973-2d9a530e6442,NVIDIA B200,945.69,1000.0,100.0,15.0,2916.0,179709.0,183359.0,1965.0,3996.0,1965.0,63.0,P0,0,0,Not Active,Not Active,Not Active,Not Active,Not Active,Not Active,142.579,True,6932556715516.0,8406393829084.0
2026-07-31T02:09:05.286345,2026/07/31 02:09:05.230,0,GPU-2c3c1aab-4401-c49f-e973-2d9a530e6442,NVIDIA B200,944.74,1000.0,100.0,15.0,2916.0,179709.0,183359.0,1965.0,3996.0,1965.0,63.0,P0,0,0,Not Active,Not Active,Not Active,Not Active,Not Active,Not Active,147.772,True,6932556715516.0,8406393829084.0
2026-07-31T02:09:05.428760,2026/07/31 02:09:05.371,0,GPU-2c3c1aab-4401-c49f-e973-2d9a530e6442,NVIDIA B200,944.97,1000.0,100.0,15.0,2916.0,179709.0,183359.0,1965.0,3996.0,1965.0,63.0,P0,0,0,Not Active,Not Active,Not Active,Not Active,Not Active,Not Active,141.957,True,6932556715516.0,8406393829084.0
2026-07-31T02:09:05.574514,2026/07/31 02:09:05.515,0,GPU-2c3c1aab-4401-c49f-e973-2d9a530e6442,NVIDIA B200,945.26,1000.0,100.0,15.0,2916.0,179709.0,183359.0,1965.0,3996.0,1965.0,62.0,P0,0,0,Not Active,Not Active,Not Active,Not Active,Not Active,Not Active,142.199,True,6932556715516.0,8406393829084.0
2026-07-31T02:09:05.718979,2026/07/31 02:09:05.661,0,GPU-2c3c1aab-4401-c49f-e973-2d9a530e6442,NVIDIA B200,945.42,1000.0,100.0,15.0,2916.0,179709.0,183359.0,1965.0,3996.0,1965.0,62.0,P0,0,0,Not Active,Not Active,Not Active,Not Active,Not Active,Not Active,146.723,True,6932556715516.0,8406393829084.0
2026-07-31T02:09:05.917101,2026/07/31 02:09:05.860,0,GPU-2c3c1aab-4401-c49f-e973-2d9a530e6442,NVIDIA B200,944.71,1000.0,100.0,15.0,2916.0,179709.0,183359.0,1965.0,3996.0,1965.0,63.0,P0,0,0,Not Active,Not Active,Not Active,Not Active,Not Active,Not Active,200.11,True,6932556715516.0,8406393829084.0
2026-07-31T02:09:06.069144,2026/07/31 02:09:06.007,0,GPU-2c3c1aab-4401-c49f-e973-2d9a530e6442,NVIDIA B200,944.48,1000.0,100.0,15.0,2916.0,179709.0,183359.0,1965.0,3996.0,1965.0,63.0,P0,0,0,Not Active,Not Active,Not Active,Not Active,Not Active,Not Active,144.284,True,6932556715516.0,8406393829084.0
2026-07-31T02:09:06.218455,2026/07/31 02:09:06.161,0,GPU-2c3c1aab-4401-c49f-e973-2d9a530e6442,NVIDIA B200,944.6,1000.0,100.0,16.0,2916.0,179709.0,183359.0,1965.0,3996.0,1965.0,62.0,P0,0,0,Not Active,Not Active,Not Active,Not Active,Not Active,Not Active,155.606,True,6932556715516.0,8406393829084.0
2026-07-31T02:09:06.375119,2026/07/31 02:09:06.315,0,GPU-2c3c1aab-4401-c49f-e973-2d9a530e6442,NVIDIA B200,944.98,1000.0,100.0,15.0,2916.0,179709.0,183359.0,1965.0,3996.0,1965.0,62.0,P0,0,0,Not Active,Not Active,Not Active,Not Active,Not Active,Not Active,152.251,True,6932556715516.0,8406393829084.0
2026-07-31T02:09:06.522344,2026/07/31 02:09:06.465,0,GPU-2c3c1aab-4401-c49f-e973-2d9a530e6442,NVIDIA B200,944.53,1000.0,100.0,15.0,2916.0,179709.0,183359.0,1965.0,3996.0,1965.0,62.0,P0,0,0,Not Active,Not Active,Not Active,Not Active,Not Active,Not Active,150.081,True,6932556715516.0,8406393829084.0
2026-07-31T02:09:06.669170,2026/07/31 02:09:06.610,0,GPU-2c3c1aab-4401-c49f-e973-2d9a530e6442,NVIDIA B200,944.24,1000.0,100.0,15.0,2916.0,179709.0,183359.0,1965.0,3996.0,1965.0,62.0,P0,0,0,Not Active,Not Active,Not Active,Not Active,Not Active,Not Active,144.988,True,6932556715516.0,8406393829084.0
2026-07-31T02:09:06.818915,2026/07/31 02:09:06.762,0,GPU-2c3c1aab-4401-c49f-e973-2d9a530e6442,NVIDIA B200,943.56,1000.0,100.0,15.0,2916.0,179709.0,183359.0,1965.0,3996.0,1965.0,62.0,P0,0,0,Not Active,Not Active,Not Active,Not Active,Not Active,Not Active,153.671,True,6932556715516.0,8406393829084.0
2026-07-31T02:09:06.968356,2026/07/31 02:09:06.905,0,GPU-2c3c1aab-4401-c49f-e973-2d9a530e6442,NVIDIA B200,944.26,1000.0,100.0,15.0,2916.0,179709.0,183359.0,1965.0,3996.0,1965.0,62.0,P0,0,0,Not Active,Not Active,Not Active,Not Active,Not Active,Not Active,143.156,True,6932556715516.0,8406393829084.0
2026-07-31T02:09:07.112234,2026/07/31 02:09:07.054,0,GPU-2c3c1aab-4401-c49f-e973-2d9a530e6442,NVIDIA B200,944.0,1000.0,100.0,15.0,2916.0,179709.0,183359.0,1965.0,3996.0,1965.0,62.0,P0,0,0,Not Active,Not Active,Not Active,Not Active,Not Active,Not Active,148.956,True,6932556715516.0,8406393829084.0
2026-07-31T02:09:07.263111,2026/07/31 02:09:07.202,0,GPU-2c3c1aab-4401-c49f-e973-2d9a530e6442,NVIDIA B200,943.86,1000.0,100.0,15.0,2916.0,179709.0,183359.0,1965.0,3996.0,1965.0,62.0,P0,0,0,Not Active,Not Active,Not Active,Not Active,Not Active,Not Active,146.87,True,6932556715516.0,8406393829084.0
2026-07-31T02:09:07.412033,2026/07/31 02:09:07.351,0,GPU-2c3c1aab-4401-c49f-e973-2d9a530e6442,NVIDIA B200,943.89,1000.0,100.0,15.0,2916.0,179709.0,183359.0,1965.0,3996.0,1965.0,62.0,P0,0,0,Not Active,Not Active,Not Active,Not Active,Not Active,Not Active,148.326,True,6932556715516.0,8406393829084.0
2026-07-31T02:09:07.556476,2026/07/31 02:09:07.499,0,GPU-2c3c1aab-4401-c49f-e973-2d9a530e6442,NVIDIA B200,943.72,1000.0,100.0,15.0,2916.0,179709.0,183359.0,1965.0,3996.0,1965.0,62.0,P0,0,0,Not Active,Not Active,Not Active,Not Active,Not Active,Not Active,150.003,True,6932556715516.0,8406393829084.0
2026-07-31T02:09:07.699493,2026/07/31 02:09:07.642,0,GPU-2c3c1aab-4401-c49f-e973-2d9a530e6442,NVIDIA B200,944.15,1000.0,100.0,16.0,2916.0,179709.0,183359.0,1965.0,3996.0,1965.0,62.0,P0,0,0,Not Active,Not Active,Not Active,Not Active,Not Active,Not Active,142.794,True,6932556715516.0,8406393829084.0
2026-07-31T02:09:07.854422,2026/07/31 02:09:07.795,0,GPU-2c3c1aab-4401-c49f-e973-2d9a530e6442,NVIDIA B200,943.91,1000.0,100.0,15.0,2916.0,179709.0,183359.0,1965.0,3996.0,1965.0,62.0,P0,0,0,Not Active,Not Active,Not Active,Not Active,Not Active,Not Active,151.925,True,6932556715516.0,8406393829084.0
2026-07-31T02:09:08.006154,2026/07/31 02:09:07.949,0,GPU-2c3c1aab-4401-c49f-e973-2d9a530e6442,NVIDIA B200,944.0,1000.0,100.0,15.0,2916.0,179709.0,183359.0,1965.0,3996.0,1965.0,62.0,P0,0,0,Not Active,Not Active,Not Active,Not Active,Not Active,Not Active,153.122,True,6932556715516.0,8406393829084.0
2026-07-31T02:09:08.149029,2026/07/31 02:09:08.090,0,GPU-2c3c1aab-4401-c49f-e973-2d9a530e6442,NVIDIA B200,943.55,1000.0,100.0,15.0,2916.0,179709.0,183359.0,1965.0,3996.0,1965.0,62.0,P0,0,0,Not Active,Not Active,Not Active,Not Active,Not Active,Not Active,146.592,True,6932556715516.0,8406393829084.0
2026-07-31T02:09:08.472854,2026/07/31 02:09:08.294,0,GPU-2c3c1aab-4401-c49f-e973-2d9a530e6442,NVIDIA B200,944.16,1000.0,100.0,15.0,2916.0,179709.0,183359.0,1965.0,3996.0,1965.0,62.0,P0,0,0,Not Active,Not Active,Not Active,Not Active,Not Active,Not Active,200.324,True,6932556715516.0,8406393829084.0
2026-07-31T02:09:08.776907,2026/07/31 02:09:08.650,0,GPU-2c3c1aab-4401-c49f-e973-2d9a530e6442,NVIDIA B200,944.32,1000.0,100.0,15.0,2916.0,179709.0,183359.0,1965.0,3996.0,1965.0,62.0,P0,0,0,Not Active,Not Active,Not Active,Not Active,Not Active,Not Active,308.561,True,6932556715516.0,8406393829084.0
2026-07-31T02:09:08.944648,2026/07/31 02:09:08.890,0,GPU-2c3c1aab-4401-c49f-e973-2d9a530e6442,NVIDIA B200,944.05,1000.0,100.0,15.0,2916.0,179709.0,183359.0,1965.0,3996.0,1965.0,62.0,P0,0,0,Not Active,Not Active,Not Active,Not Active,Not Active,Not Active,288.848,True,6932556715516.0,8406393829084.0
2026-07-31T02:09:09.080170,2026/07/31 02:09:09.020,0,GPU-2c3c1aab-4401-c49f-e973-2d9a530e6442,NVIDIA B200,944.57,1000.0,100.0,16.0,2916.0,179709.0,183359.0,1965.0,3996.0,1965.0,62.0,P0,0,0,Not Active,Not Active,Not Active,Not Active,Not Active,Not Active,132.108,True,6932556715516.0,8406393829084.0
2026-07-31T02:09:09.230067,2026/07/31 02:09:09.172,0,GPU-2c3c1aab-4401-c49f-e973-2d9a530e6442,NVIDIA B200,944.57,1000.0,100.0,15.0,2916.0,179709.0,183359.0,1965.0,3996.0,1965.0,62.0,P0,0,0,Not Active,Not Active,Not Active,Not Active,Not Active,Not Active,149.483,True,6932556715516.0,8406393829084.0
2026-07-31T02:09:09.375557,2026/07/31 02:09:09.317,0,GPU-2c3c1aab-4401-c49f-e973-2d9a530e6442,NVIDIA B200,944.79,1000.0,100.0,15.0,2916.0,179709.0,183359.0,1965.0,3996.0,1965.0,62.0,P0,0,0,Not Active,Not Active,Not Active,Not Active,Not Active,Not Active,144.106,True,6932556715516.0,8406393829084.0
2026-07-31T02:09:09.515446,2026/07/31 02:09:09.457,0,GPU-2c3c1aab-4401-c49f-e973-2d9a530e6442,NVIDIA B200,944.38,1000.0,100.0,15.0,2916.0,179709.0,183359.0,1965.0,3996.0,1965.0,62.0,P0,0,0,Not Active,Not Active,Not Active,Not Active,Not Active,Not Active,139.771,True,6932556715516.0,8406393829084.0
2026-07-31T02:09:09.672153,2026/07/31 02:09:09.609,0,GPU-2c3c1aab-4401-c49f-e973-2d9a530e6442,NVIDIA B200,943.9,1000.0,100.0,15.0,2916.0,179709.0,183359.0,1965.0,3996.0,1965.0,62.0,P0,0,0,Not Active,Not Active,Not Active,Not Active,Not Active,Not Active,151.353,True,6932556715516.0,8406393829084.0
2026-07-31T02:09:09.822550,2026/07/31 02:09:09.764,0,GPU-2c3c1aab-4401-c49f-e973-2d9a530e6442,NVIDIA B200,943.58,1000.0,100.0,15.0,2916.0,179709.0,183359.0,1965.0,3996.0,1965.0,62.0,P0,0,0,Not Active,Not Active,Not Active,Not Active,Not Active,Not Active,155.918,True,6932556715516.0,8406393829084.0
2026-07-31T02:09:09.970188,2026/07/31 02:09:09.911,0,GPU-2c3c1aab-4401-c49f-e973-2d9a530e6442,NVIDIA B200,944.21,1000.0,100.0,15.0,2916.0,179709.0,183359.0,1965.0,3996.0,1965.0,62.0,P0,0,0,Not Active,Not Active,Not Active,Not Active,Not Active,Not Active,147.791,True,6932556715516.0,8406393829084.0
2026-07-31T02:09:10.123199,2026/07/31 02:09:10.064,0,GPU-2c3c1aab-4401-c49f-e973-2d9a530e6442,NVIDIA B200,944.08,1000.0,100.0,15.0,2916.0,179709.0,183359.0,1965.0,3996.0,1965.0,62.0,P0,0,0,Not Active,Not Active,Not Active,Not Active,Not Active,Not Active,152.232,True,6932556715516.0,8406393829084.0
2026-07-31T02:09:10.270611,2026/07/31 02:09:10.207,0,GPU-2c3c1aab-4401-c49f-e973-2d9a530e6442,NVIDIA B200,943.84,1000.0,100.0,15.0,2916.0,179709.0,183359.0,1965.0,3996.0,1965.0,62.0,P0,0,0,Not Active,Not Active,Not Active,Not Active,Not Active,Not Active,143.692,True,6932556715516.0,8406393829084.0
2026-07-31T02:09:10.412268,2026/07/31 02:09:10.357,0,GPU-2c3c1aab-4401-c49f-e973-2d9a530e6442,NVIDIA B200,944.28,1000.0,100.0,16.0,2916.0,179709.0,183359.0,1965.0,3996.0,1965.0,62.0,P0,0,0,Not Active,Not Active,Not Active,Not Active,Not Active,Not Active,149.763,True,6932556715516.0,8406393829084.0
2026-07-31T02:09:10.557339,2026/07/31 02:09:10.499,0,GPU-2c3c1aab-4401-c49f-e973-2d9a530e6442,NVIDIA B200,944.34,1000.0,100.0,16.0,2916.0,179709.0,183359.0,1965.0,3996.0,1965.0,62.0,P0,0,0,Not Active,Not Active,Not Active,Not Active,Not Active,Not Active,140.63,True,6932556715516.0,8406393829084.0
2026-07-31T02:09:10.708908,2026/07/31 02:09:10.650,0,GPU-2c3c1aab-4401-c49f-e973-2d9a530e6442,NVIDIA B200,944.19,1000.0,100.0,15.0,2916.0,179709.0,183359.0,1965.0,3996.0,1965.0,62.0,P0,0,0,Not Active,Not Active,Not Active,Not Active,Not Active,Not Active,152.252,True,6932556715516.0,8406393829084.0
2026-07-31T02:09:10.856580,2026/07/31 02:09:10.794,0,GPU-2c3c1aab-4401-c49f-e973-2d9a530e6442,NVIDIA B200,944.17,1000.0,100.0,15.0,2916.0,179709.0,183359.0,1965.0,3996.0,1965.0,62.0,P0,0,0,Not Active,Not Active,Not Active,Not Active,Not Active,Not Active,145.107,True,6932556715516.0,8406393829084.0
2026-07-31T02:09:11.060563,2026/07/31 02:09:11.001,0,GPU-2c3c1aab-4401-c49f-e973-2d9a530e6442,NVIDIA B200,943.6,1000.0,100.0,15.0,2916.0,179709.0,183359.0,1965.0,3996.0,1965.0,62.0,P0,0,0,Not Active,Not Active,Not Active,Not Active,Not Active,Not Active,206.297,True,6932556715516.0,8406393829084.0
2026-07-31T02:09:11.205996,2026/07/31 02:09:11.149,0,GPU-2c3c1aab-4401-c49f-e973-2d9a530e6442,NVIDIA B200,942.95,1000.0,100.0,15.0,2916.0,179709.0,183359.0,1965.0,3996.0,1965.0,62.0,P0,0,0,Not Active,Not Active,Not Active,Not Active,Not Active,Not Active,148.214,True,6932556715516.0,8406393829084.0
2026-07-31T02:09:11.355928,2026/07/31 02:09:11.292,0,GPU-2c3c1aab-4401-c49f-e973-2d9a530e6442,NVIDIA B200,943.69,1000.0,100.0,15.0,2916.0,179709.0,183359.0,1965.0,3996.0,1965.0,62.0,P0,0,0,Not Active,Not Active,Not Active,Not Active,Not Active,Not Active,142.833,True,6932556715516.0,8406393829084.0
2026-07-31T02:09:11.499421,2026/07/31 02:09:11.442,0,GPU-2c3c1aab-4401-c49f-e973-2d9a530e6442,NVIDIA B200,942.89,1000.0,100.0,15.0,2916.0,179709.0,183359.0,1965.0,3996.0,1965.0,62.0,P0,0,0,Not Active,Not Active,Not Active,Not Active,Not Active,Not Active,148.12,True,6932556715516.0,8406393829084.0
2026-07-31T02:09:11.659329,2026/07/31 02:09:11.600,0,GPU-2c3c1aab-4401-c49f-e973-2d9a530e6442,NVIDIA B200,942.96,1000.0,100.0,15.0,2916.0,179709.0,183359.0,1965.0,3996.0,1965.0,62.0,P0,0,0,Not Active,Not Active,Not Active,Not Active,Not Active,Not Active,159.414,True,6932556715516.0,8406393829084.0
2026-07-31T02:09:11.811037,2026/07/31 02:09:11.749,0,GPU-2c3c1aab-4401-c49f-e973-2d9a530e6442,NVIDIA B200,943.53,1000.0,100.0,16.0,2916.0,179709.0,183359.0,1965.0,3996.0,1965.0,62.0,P0,0,0,Not Active,Not Active,Not Active,Not Active,Not Active,Not Active,147.42,True,6932556715516.0,8406393829084.0
2026-07-31T02:09:11.964413,2026/07/31 02:09:11.901,0,GPU-2c3c1aab-4401-c49f-e973-2d9a530e6442,NVIDIA B200,943.89,1000.0,100.0,16.0,2916.0,179709.0,183359.0,1965.0,3996.0,1965.0,62.0,P0,0,0,Not Active,Not Active,Not Active,Not Active,Not Active,Not Active,151.332,True,6932556715516.0,8406393829084.0
2026-07-31T02:09:12.120451,2026/07/31 02:09:12.060,0,GPU-2c3c1aab-4401-c49f-e973-2d9a530e6442,NVIDIA B200,943.63,1000.0,100.0,15.0,2916.0,179709.0,183359.0,1965.0,3996.0,1965.0,62.0,P0,0,0,Not Active,Not Active,Not Active,Not Active,Not Active,Not Active,158.739,True,6932556715516.0,8406393829084.0
2026-07-31T02:09:12.272034,2026/07/31 02:09:12.211,0,GPU-2c3c1aab-4401-c49f-e973-2d9a530e6442,NVIDIA B200,943.75,1000.0,100.0,15.0,2916.0,179709.0,183359.0,1965.0,3996.0,1965.0,62.0,P0,0,0,Not Active,Not Active,Not Active,Not Active,Not Active,Not Active,154.03,True,6932556715516.0,8406393829084.0
2026-07-31T02:09:12.413383,2026/07/31 02:09:12.356,0,GPU-2c3c1aab-4401-c49f-e973-2d9a530e6442,NVIDIA B200,943.31,1000.0,100.0,15.0,2916.0,179709.0,183359.0,1965.0,3996.0,1965.0,62.0,P0,0,0,Not Active,Not Active,Not Active,Not Active,Not Active,Not Active,145.247,True,6932556715516.0,8406393829084.0
2026-07-31T02:09:12.560373,2026/07/31 02:09:12.501,0,GPU-2c3c1aab-4401-c49f-e973-2d9a530e6442,NVIDIA B200,943.44,1000.0,100.0,15.0,2916.0,179709.0,183359.0,1965.0,3996.0,1965.0,62.0,P0,0,0,Not Active,Not Active,Not Active,Not Active,Not Active,Not Active,145.048,True,6932556715516.0,8406393829084.0
2026-07-31T02:09:12.705217,2026/07/31 02:09:12.648,0,GPU-2c3c1aab-4401-c49f-e973-2d9a530e6442,NVIDIA B200,943.23,1000.0,100.0,15.0,2916.0,179709.0,183359.0,1965.0,3996.0,1965.0,62.0,P0,0,0,Not Active,Not Active,Not Active,Not Active,Not Active,Not Active,145.943,True,6932556715516.0,8406393829084.0
2026-07-31T02:09:12.848157,2026/07/31 02:09:12.788,0,GPU-2c3c1aab-4401-c49f-e973-2d9a530e6442,NVIDIA B200,943.1,1000.0,100.0,15.0,2916.0,179709.0,183359.0,1965.0,3996.0,1965.0,62.0,P0,0,0,Not Active,Not Active,Not Active,Not Active,Not Active,Not Active,140.714,True,6932556715516.0,8406393829084.0
2026-07-31T02:09:13.004405,2026/07/31 02:09:12.943,0,GPU-2c3c1aab-4401-c49f-e973-2d9a530e6442,NVIDIA B200,943.01,1000.0,100.0,15.0,2916.0,179709.0,183359.0,1965.0,3996.0,1965.0,62.0,P0,0,0,Not Active,Not Active,Not Active,Not Active,Not Active,Not Active,152.106,True,6932556715516.0,8406393829084.0
2026-07-31T02:09:13.156200,2026/07/31 02:09:13.095,0,GPU-2c3c1aab-4401-c49f-e973-2d9a530e6442,NVIDIA B200,943.13,1000.0,100.0,15.0,2916.0,179709.0,183359.0,1965.0,3996.0,1965.0,62.0,P0,0,0,Not Active,Not Active,Not Active,Not Active,Not Active,Not Active,153.551,True,6932556715516.0,8406393829084.0
2026-07-31T02:09:13.305469,2026/07/31 02:09:13.247,0,GPU-2c3c1aab-4401-c49f-e973-2d9a530e6442,NVIDIA B200,943.44,1000.0,100.0,16.0,2916.0,179709.0,183359.0,1965.0,3996.0,1965.0,62.0,P0,0,0,Not Active,Not Active,Not Active,Not Active,Not Active,Not Active,150.309,True,6932556715516.0,8406393829084.0
2026-07-31T02:09:13.452590,2026/07/31 02:09:13.393,0,GPU-2c3c1aab-4401-c49f-e973-2d9a530e6442,NVIDIA B200,943.47,1000.0,100.0,15.0,2916.0,179709.0,183359.0,1965.0,3996.0,1965.0,62.0,P0,0,0,Not Active,Not Active,Not Active,Not Active,Not Active,Not Active,148.081,True,6932556715516.0,8406393829084.0
2026-07-31T02:09:13.778915,2026/07/31 02:09:13.609,0,GPU-2c3c1aab-4401-c49f-e973-2d9a530e6442,NVIDIA B200,943.56,1000.0,100.0,15.0,2916.0,179709.0,183359.0,1965.0,3996.0,1965.0,62.0,P0,0,0,Not Active,Not Active,Not Active,Not Active,Not Active,Not Active,201.909,True,6932556715516.0,8406393829084.0
2026-07-31T02:09:14.067442,2026/07/31 02:09:13.904,0,GPU-2c3c1aab-4401-c49f-e973-2d9a530e6442,NVIDIA B200,943.27,1000.0,100.0,15.0,2916.0,179709.0,183359.0,1965.0,3996.0,1965.0,62.0,P0,0,0,Not Active,Not Active,Not Active,Not Active,Not Active,Not Active,308.173,True,6932556715516.0,8406393829084.0
2026-07-31T02:09:14.257833,2026/07/31 02:09:14.194,0,GPU-2c3c1aab-4401-c49f-e973-2d9a530e6442,NVIDIA B200,942.78,1000.0,100.0,15.0,2916.0,179709.0,183359.0,1965.0,3996.0,1965.0,61.0,P0,0,0,Not Active,Not Active,Not Active,Not Active,Not Active,Not Active,289.849,True,6932556715516.0,8406393829084.0
2026-07-31T02:09:14.404184,2026/07/31 02:09:14.346,0,GPU-2c3c1aab-4401-c49f-e973-2d9a530e6442,NVIDIA B200,942.5,1000.0,100.0,15.0,2916.0,179709.0,183359.0,1965.0,3996.0,1965.0,62.0,P0,0,0,Not Active,Not Active,Not Active,Not Active,Not Active,Not Active,151.775,True,6932556715516.0,8406393829084.0
2026-07-31T02:09:14.551209,2026/07/31 02:09:14.492,0,GPU-2c3c1aab-4401-c49f-e973-2d9a530e6442,NVIDIA B200,942.41,1000.0,100.0,15.0,2916.0,179709.0,183359.0,1965.0,3996.0,1965.0,62.0,P0,0,0,Not Active,Not Active,Not Active,Not Active,Not Active,Not Active,148.093,True,6932556715516.0,8406393829084.0
2026-07-31T02:09:14.697076,2026/07/31 02:09:14.639,0,GPU-2c3c1aab-4401-c49f-e973-2d9a530e6442,NVIDIA B200,942.69,1000.0,100.0,15.0,2916.0,179709.0,183359.0,1965.0,3996.0,1965.0,62.0,P0,0,0,Not Active,Not Active,Not Active,Not Active,Not Active,Not Active,147.766,True,6932556715516.0,8406393829084.0
2026-07-31T02:09:14.860066,2026/07/31 02:09:14.792,0,GPU-2c3c1aab-4401-c49f-e973-2d9a530e6442,NVIDIA B200,942.83,1000.0,100.0,15.0,2916.0,179709.0,183359.0,1965.0,3996.0,1965.0,62.0,P0,0,0,Not Active,Not Active,Not Active,Not Active,Not Active,Not Active,151.068,True,6932556715516.0,8406393829084.0
2026-07-31T02:09:15.000652,2026/07/31 02:09:14.944,0,GPU-2c3c1aab-4401-c49f-e973-2d9a530e6442,NVIDIA B200,943.0,1000.0,100.0,15.0,2916.0,179709.0,183359.0,1965.0,3996.0,1965.0,62.0,P0,0,0,Not Active,Not Active,Not Active,Not Active,Not Active,Not Active,152.804,True,6932556715516.0,8406393829084.0
2026-07-31T02:09:15.149626,2026/07/31 02:09:15.092,0,GPU-2c3c1aab-4401-c49f-e973-2d9a530e6442,NVIDIA B200,942.25,1000.0,100.0,15.0,2916.0,179709.0,183359.0,1965.0,3996.0,1965.0,62.0,P0,0,0,Not Active,Not Active,Not Active,Not Active,Not Active,Not Active,148.857,True,6932556715516.0,8406393829084.0
2026-07-31T02:09:15.294001,2026/07/31 02:09:15.233,0,GPU-2c3c1aab-4401-c49f-e973-2d9a530e6442,NVIDIA B200,942.7,1000.0,100.0,15.0,2916.0,179709.0,183359.0,1965.0,3996.0,1965.0,62.0,P0,0,0,Not Active,Not Active,Not Active,Not Active,Not Active,Not Active,139.332,True,6932556715516.0,8406393829084.0
2026-07-31T02:09:15.442388,2026/07/31 02:09:15.380,0,GPU-2c3c1aab-4401-c49f-e973-2d9a530e6442,NVIDIA B200,942.69,1000.0,100.0,15.0,2916.0,179709.0,183359.0,1965.0,3996.0,1965.0,62.0,P0,0,0,Not Active,Not Active,Not Active,Not Active,Not Active,Not Active,148.499,True,6932556715516.0,8406393829084.0
2026-07-31T02:09:15.586914,2026/07/31 02:09:15.526,0,GPU-2c3c1aab-4401-c49f-e973-2d9a530e6442,NVIDIA B200,942.7,1000.0,100.0,15.0,2916.0,179709.0,183359.0,1965.0,3996.0,1965.0,61.0,P0,0,0,Not Active,Not Active,Not Active,Not Active,Not Active,Not Active,146.653,True,6932556715516.0,8406393829084.0
2026-07-31T02:09:15.731964,2026/07/31 02:09:15.674,0,GPU-2c3c1aab-4401-c49f-e973-2d9a530e6442,NVIDIA B200,942.58,1000.0,100.0,15.0,2916.0,179709.0,183359.0,1965.0,3996.0,1965.0,62.0,P0,0,0,Not Active,Not Active,Not Active,Not Active,Not Active,Not Active,147.999,True,6932556715516.0,8406393829084.0
2026-07-31T02:09:15.876373,2026/07/31 02:09:15.818,0,GPU-2c3c1aab-4401-c49f-e973-2d9a530e6442,NVIDIA B200,942.45,1000.0,100.0,15.0,2916.0,179709.0,183359.0,1965.0,3996.0,1965.0,62.0,P0,0,0,Not Active,Not Active,Not Active,Not Active,Not Active,Not Active,142.187,True,6932556715516.0,8406393829084.0
2026-07-31T02:09:16.084619,2026/07/31 02:09:16.018,0,GPU-2c3c1aab-4401-c49f-e973-2d9a530e6442,NVIDIA B200,942.3,1000.0,100.0,16.0,2916.0,179709.0,183359.0,1965.0,3996.0,1965.0,62.0,P0,0,0,Not Active,Not Active,Not Active,Not Active,Not Active,Not Active,201.155,True,6932556715516.0,8406393829084.0
2026-07-31T02:09:16.228215,2026/07/31 02:09:16.170,0,GPU-2c3c1aab-4401-c49f-e973-2d9a530e6442,NVIDIA B200,942.55,1000.0,100.0,15.0,2916.0,179709.0,183359.0,1965.0,3996.0,1965.0,62.0,P0,0,0,Not Active,Not Active,Not Active,Not Active,Not Active,Not Active,152.218,True,6932556715516.0,8406393829084.0
2026-07-31T02:09:16.371580,2026/07/31 02:09:16.313,0,GPU-2c3c1aab-4401-c49f-e973-2d9a530e6442,NVIDIA B200,942.8,1000.0,100.0,15.0,2916.0,179709.0,183359.0,1965.0,3996.0,1965.0,62.0,P0,0,0,Not Active,Not Active,Not Active,Not Active,Not Active,Not Active,142.638,True,6932556715516.0,8406393829084.0
2026-07-31T02:09:16.535399,2026/07/31 02:09:16.474,0,GPU-2c3c1aab-4401-c49f-e973-2d9a530e6442,NVIDIA B200,942.27,1000.0,100.0,15.0,2916.0,179709.0,183359.0,1965.0,3996.0,1965.0,62.0,P0,0,0,Not Active,Not Active,Not Active,Not Active,Not Active,Not Active,157.479,True,6932556715516.0,8406393829084.0
2026-07-31T02:09:16.691430,2026/07/31 02:09:16.629,0,GPU-2c3c1aab-4401-c49f-e973-2d9a530e6442,NVIDIA B200,942.26,1000.0,100.0,15.0,2916.0,179709.0,183359.0,1965.0,3996.0,1965.0,62.0,P0,0,0,Not Active,Not Active,Not Active,Not Active,Not Active,Not Active,156.452,True,6932556715516.0,8406393829084.0
2026-07-31T02:09:16.843283,2026/07/31 02:09:16.782,0,GPU-2c3c1aab-4401-c49f-e973-2d9a530e6442,NVIDIA B200,941.73,1000.0,100.0,15.0,2916.0,179709.0,183359.0,1965.0,3996.0,1965.0,62.0,P0,0,0,Not Active,Not Active,Not Active,Not Active,Not Active,Not Active,154.598,True,6932556715516.0,8406393829084.0
2026-07-31T02:09:16.985046,2026/07/31 02:09:16.928,0,GPU-2c3c1aab-4401-c49f-e973-2d9a530e6442,NVIDIA B200,942.09,1000.0,100.0,15.0,2916.0,179709.0,183359.0,1965.0,3996.0,1965.0,61.0,P0,0,0,Not Active,Not Active,Not Active,Not Active,Not Active,Not Active,146.418,True,6932556715516.0,8406393829084.0
2026-07-31T02:09:17.128427,2026/07/31 02:09:17.069,0,GPU-2c3c1aab-4401-c49f-e973-2d9a530e6442,NVIDIA B200,941.69,1000.0,100.0,15.0,2916.0,179709.0,183359.0,1965.0,3996.0,1965.0,61.0,P0,0,0,Not Active,Not Active,Not Active,Not Active,Not Active,Not Active,141.697,True,6932556715516.0,8406393829084.0
2026-07-31T02:09:17.276065,2026/07/31 02:09:17.214,0,GPU-2c3c1aab-4401-c49f-e973-2d9a530e6442,NVIDIA B200,942.08,1000.0,100.0,15.0,2916.0,179709.0,183359.0,1965.0,3996.0,1965.0,62.0,P0,0,0,Not Active,Not Active,Not Active,Not Active,Not Active,Not Active,144.455,True,6932556715516.0,8406393829084.0
2026-07-31T02:09:17.427546,2026/07/31 02:09:17.367,0,GPU-2c3c1aab-4401-c49f-e973-2d9a530e6442,NVIDIA B200,942.1,1000.0,100.0,15.0,2916.0,179709.0,183359.0,1965.0,3996.0,1965.0,62.0,P0,0,0,Not Active,Not Active,Not Active,Not Active,Not Active,Not Active,153.149,True,6932556715516.0,8406393829084.0
2026-07-31T02:09:17.568362,2026/07/31 02:09:17.509,0,GPU-2c3c1aab-4401-c49f-e973-2d9a530e6442,NVIDIA B200,942.93,1000.0,100.0,15.0,2916.0,179709.0,183359.0,1965.0,3996.0,1965.0,62.0,P0,0,0,Not Active,Not Active,Not Active,Not Active,Not Active,Not Active,139.358,True,6932556715516.0,8406393829084.0
2026-07-31T02:09:17.716347,2026/07/31 02:09:17.657,0,GPU-2c3c1aab-4401-c49f-e973-2d9a530e6442,NVIDIA B200,942.89,1000.0,100.0,15.0,2916.0,179709.0,183359.0,1965.0,3996.0,1965.0,62.0,P0,0,0,Not Active,Not Active,Not Active,Not Active,Not Active,Not Active,148.315,True,6932556715516.0,8406393829084.0
2026-07-31T02:09:17.861218,2026/07/31 02:09:17.802,0,GPU-2c3c1aab-4401-c49f-e973-2d9a530e6442,NVIDIA B200,943.09,1000.0,100.0,15.0,2916.0,179709.0,183359.0,1965.0,3996.0,1965.0,62.0,P0,0,0,Not Active,Not Active,Not Active,Not Active,Not Active,Not Active,147.229,True,6932556715516.0,8406393829084.0
2026-07-31T02:09:18.007235,2026/07/31 02:09:17.947,0,GPU-2c3c1aab-4401-c49f-e973-2d9a530e6442,NVIDIA B200,942.28,1000.0,100.0,15.0,2916.0,179709.0,183359.0,1965.0,3996.0,1965.0,62.0,P0,0,0,Not Active,Not Active,Not Active,Not Active,Not Active,Not Active,144.888,True,6932556715516.0,8406393829084.0
2026-07-31T02:09:18.153576,2026/07/31 02:09:18.095,0,GPU-2c3c1aab-4401-c49f-e973-2d9a530e6442,NVIDIA B200,942.39,1000.0,100.0,15.0,2916.0,179709.0,183359.0,1965.0,3996.0,1965.0,62.0,P0,0,0,Not Active,Not Active,Not Active,Not Active,Not Active,Not Active,148.19,True,6932556715516.0,8406393829084.0
2026-07-31T02:09:18.297099,2026/07/31 02:09:18.237,0,GPU-2c3c1aab-4401-c49f-e973-2d9a530e6442,NVIDIA B200,942.42,1000.0,100.0,15.0,2916.0,179709.0,183359.0,1965.0,3996.0,1965.0,61.0,P0,0,0,Not Active,Not Active,Not Active,Not Active,Not Active,Not Active,142.579,True,6932556715516.0,8406393829084.0
2026-07-31T02:09:18.444760,2026/07/31 02:09:18.383,0,GPU-2c3c1aab-4401-c49f-e973-2d9a530e6442,NVIDIA B200,942.82,1000.0,100.0,15.0,2916.0,179709.0,183359.0,1965.0,3996.0,1965.0,61.0,P0,0,0,Not Active,Not Active,Not Active,Not Active,Not Active,Not Active,145.297,True,6932556715516.0,8406393829084.0
2026-07-31T02:09:18.592229,2026/07/31 02:09:18.535,0,GPU-2c3c1aab-4401-c49f-e973-2d9a530e6442,NVIDIA B200,942.09,1000.0,100.0,15.0,2916.0,179709.0,183359.0,1965.0,3996.0,1965.0,62.0,P0,0,0,Not Active,Not Active,Not Active,Not Active,Not Active,Not Active,148.95,True,6932556715516.0,8406393829084.0
2026-07-31T02:09:18.785519,2026/07/31 02:09:18.677,0,GPU-2c3c1aab-4401-c49f-e973-2d9a530e6442,NVIDIA B200,942.5,1000.0,100.0,15.0,2916.0,179709.0,183359.0,1965.0,3996.0,1965.0,62.0,P0,0,0,Not Active,Not Active,Not Active,Not Active,Not Active,Not Active,145.134,True,6932556715516.0,8406393829084.0
2026-07-31T02:09:19.000982,2026/07/31 02:09:18.888,0,GPU-2c3c1aab-4401-c49f-e973-2d9a530e6442,NVIDIA B200,942.59,1000.0,100.0,15.0,2916.0,179709.0,183359.0,1965.0,3996.0,1965.0,62.0,P0,0,0,Not Active,Not Active,Not Active,Not Active,Not Active,Not Active,212.501,True,6932556715516.0,8406393829084.0
2026-07-31T02:09:19.200083,2026/07/31 02:09:19.122,0,GPU-2c3c1aab-4401-c49f-e973-2d9a530e6442,NVIDIA B200,943.01,1000.0,100.0,15.0,2916.0,179709.0,183359.0,1965.0,3996.0,1965.0,62.0,P0,0,0,Not Active,Not Active,Not Active,Not Active,Not Active,Not Active,233.404,True,6932556715516.0,8406393829084.0
2026-07-31T02:09:19.509499,2026/07/31 02:09:19.405,0,GPU-2c3c1aab-4401-c49f-e973-2d9a530e6442,NVIDIA B200,942.37,1000.0,100.0,15.0,2916.0,179709.0,183359.0,1965.0,3996.0,1965.0,62.0,P0,0,0,Not Active,Not Active,Not Active,Not Active,Not Active,Not Active,281.076,True,6932556715516.0,8406393829084.0
2026-07-31T02:09:19.653814,2026/07/31 02:09:19.594,0,GPU-2c3c1aab-4401-c49f-e973-2d9a530e6442,NVIDIA B200,942.51,1000.0,100.0,15.0,2916.0,179709.0,183359.0,1965.0,3996.0,1965.0,62.0,P0,0,0,Not Active,Not Active,Not Active,Not Active,Not Active,Not Active,189.955,True,6932556715516.0,8406393829084.0
2026-07-31T02:09:19.796399,2026/07/31 02:09:19.737,0,GPU-2c3c1aab-4401-c49f-e973-2d9a530e6442,NVIDIA B200,943.02,1000.0,100.0,15.0,2916.0,179709.0,183359.0,1965.0,3996.0,1965.0,61.0,P0,0,0,Not Active,Not Active,Not Active,Not Active,Not Active,Not Active,142.298,True,6932556715516.0,8406393829084.0
2026-07-31T02:09:19.946348,2026/07/31 02:09:19.885,0,GPU-2c3c1aab-4401-c49f-e973-2d9a530e6442,NVIDIA B200,942.5,1000.0,100.0,15.0,2916.0,179709.0,183359.0,1965.0,3996.0,1965.0,61.0,P0,0,0,Not Active,Not Active,Not Active,Not Active,Not Active,Not Active,148.978,True,6932556715516.0,8406393829084.0
2026-07-31T02:09:20.097512,2026/07/31 02:09:20.038,0,GPU-2c3c1aab-4401-c49f-e973-2d9a530e6442,NVIDIA B200,942.41,1000.0,100.0,15.0,2916.0,179709.0,183359.0,1965.0,3996.0,1965.0,62.0,P0,0,0,Not Active,Not Active,Not Active,Not Active,Not Active,Not Active,150.798,True,6932556715516.0,8406393829084.0
2026-07-31T02:09:20.253263,2026/07/31 02:09:20.191,0,GPU-2c3c1aab-4401-c49f-e973-2d9a530e6442,NVIDIA B200,942.02,1000.0,100.0,15.0,2916.0,179709.0,183359.0,1965.0,3996.0,1965.0,62.0,P0,0,0,Not Active,Not Active,Not Active,Not Active,Not Active,Not Active,152.682,True,6932556715516.0,8406393829084.0
2026-07-31T02:09:20.399328,2026/07/31 02:09:20.339,0,GPU-2c3c1aab-4401-c49f-e973-2d9a530e6442,NVIDIA B200,942.52,1000.0,100.0,15.0,2916.0,179709.0,183359.0,1965.0,3996.0,1965.0,62.0,P0,0,0,Not Active,Not Active,Not Active,Not Active,Not Active,Not Active,149.051,True,6932556715516.0,8406393829084.0
2026-07-31T02:09:20.549085,2026/07/31 02:09:20.489,0,GPU-2c3c1aab-4401-c49f-e973-2d9a530e6442,NVIDIA B200,941.63,1000.0,100.0,15.0,2916.0,179709.0,183359.0,1965.0,3996.0,1965.0,62.0,P0,0,0,Not Active,Not Active,Not Active,Not Active,Not Active,Not Active,147.039,True,6932556715516.0,8406393829084.0
2026-07-31T02:09:20.695360,2026/07/31 02:09:20.635,0,GPU-2c3c1aab-4401-c49f-e973-2d9a530e6442,NVIDIA B200,941.92,1000.0,100.0,15.0,2916.0,179709.0,183359.0,1965.0,3996.0,1965.0,62.0,P0,0,0,Not Active,Not Active,Not Active,Not Active,Not Active,Not Active,149.684,True,6932556715516.0,8406393829084.0
2026-07-31T02:09:20.856547,2026/07/31 02:09:20.785,0,GPU-2c3c1aab-4401-c49f-e973-2d9a530e6442,NVIDIA B200,941.24,1000.0,100.0,15.0,2916.0,179709.0,183359.0,1965.0,3996.0,1965.0,62.0,P0,0,0,Not Active,Not Active,Not Active,Not Active,Not Active,Not Active,149.68,True,6932556715516.0,8406393829084.0
2026-07-31T02:09:20.996194,2026/07/31 02:09:20.940,0,GPU-2c3c1aab-4401-c49f-e973-2d9a530e6442,NVIDIA B200,941.36,1000.0,100.0,15.0,2916.0,179709.0,183359.0,1965.0,3996.0,1965.0,61.0,P0,0,0,Not Active,Not Active,Not Active,Not Active,Not Active,Not Active,155.646,True,6932556715516.0,8406393829084.0
2026-07-31T02:09:21.194232,2026/07/31 02:09:21.138,0,GPU-2c3c1aab-4401-c49f-e973-2d9a530e6442,NVIDIA B200,942.07,1000.0,100.0,15.0,2916.0,179709.0,183359.0,1965.0,3996.0,1965.0,61.0,P0,0,0,Not Active,Not Active,Not Active,Not Active,Not Active,Not Active,197.996,True,6932556715516.0,8406393829084.0
2026-07-31T02:09:21.336226,2026/07/31 02:09:21.280,0,GPU-2c3c1aab-4401-c49f-e973-2d9a530e6442,NVIDIA B200,942.19,1000.0,100.0,15.0,2916.0,179709.0,183359.0,1965.0,3996.0,1965.0,61.0,P0,0,0,Not Active,Not Active,Not Active,Not Active,Not Active,Not Active,143.632,True,6932556715516.0,8406393829084.0
2026-07-31T02:09:21.487218,2026/07/31 02:09:21.426,0,GPU-2c3c1aab-4401-c49f-e973-2d9a530e6442,NVIDIA B200,942.29,1000.0,100.0,15.0,2916.0,179709.0,183359.0,1965.0,3996.0,1965.0,62.0,P0,0,0,Not Active,Not Active,Not Active,Not Active,Not Active,Not Active,141.721,True,6932556715516.0,8406393829084.0
2026-07-31T02:09:21.644539,2026/07/31 02:09:21.584,0,GPU-2c3c1aab-4401-c49f-e973-2d9a530e6442,NVIDIA B200,941.39,1000.0,100.0,15.0,2916.0,179709.0,183359.0,1965.0,3996.0,1965.0,62.0,P0,0,0,Not Active,Not Active,Not Active,Not Active,Not Active,Not Active,159.293,True,6932556715516.0,8406393829084.0
2026-07-31T02:09:21.793403,2026/07/31 02:09:21.735,0,GPU-2c3c1aab-4401-c49f-e973-2d9a530e6442,NVIDIA B200,942.23,1000.0,100.0,15.0,2916.0,179709.0,183359.0,1965.0,3996.0,1965.0,62.0,P0,0,0,Not Active,Not Active,Not Active,Not Active,Not Active,Not Active,147.492,True,6932556715516.0,8406393829084.0
2026-07-31T02:09:21.947045,2026/07/31 02:09:21.884,0,GPU-2c3c1aab-4401-c49f-e973-2d9a530e6442,NVIDIA B200,941.85,1000.0,100.0,15.0,2916.0,179709.0,183359.0,1965.0,3996.0,1965.0,62.0,P0,0,0,Not Active,Not Active,Not Active,Not Active,Not Active,Not Active,152.889,True,6932556715516.0,8406393829084.0
2026-07-31T02:09:22.122160,2026/07/31 02:09:22.047,0,GPU-2c3c1aab-4401-c49f-e973-2d9a530e6442,NVIDIA B200,941.61,1000.0,100.0,15.0,2916.0,179709.0,183359.0,1965.0,3996.0,1965.0,61.0,P0,0,0,Not Active,Not Active,Not Active,Not Active,Not Active,Not Active,150.153,True,6932556715516.0,8406393829084.0
2026-07-31T02:09:22.285258,2026/07/31 02:09:22.221,0,GPU-2c3c1aab-4401-c49f-e973-2d9a530e6442,NVIDIA B200,941.56,1000.0,100.0,15.0,2916.0,179709.0,183359.0,1965.0,3996.0,1965.0,61.0,P0,0,0,Not Active,Not Active,Not Active,Not Active,Not Active,Not Active,188.026,True,6932556715516.0,8406393829084.0
2026-07-31T02:09:22.435462,2026/07/31 02:09:22.373,0,GPU-2c3c1aab-4401-c49f-e973-2d9a530e6442,NVIDIA B200,942.07,1000.0,100.0,15.0,2916.0,179709.0,183359.0,1965.0,3996.0,1965.0,61.0,P0,0,0,Not Active,Not Active,Not Active,Not Active,Not Active,Not Active,151.633,True,6932556715516.0,8406393829084.0
2026-07-31T02:09:22.586316,2026/07/31 02:09:22.524,0,GPU-2c3c1aab-4401-c49f-e973-2d9a530e6442,NVIDIA B200,942.11,1000.0,100.0,15.0,2916.0,179709.0,183359.0,1965.0,3996.0,1965.0,61.0,P0,0,0,Not Active,Not Active,Not Active,Not Active,Not Active,Not Active,150.979,True,6932556715516.0,8406393829084.0
2026-07-31T02:09:22.731460,2026/07/31 02:09:22.671,0,GPU-2c3c1aab-4401-c49f-e973-2d9a530e6442,NVIDIA B200,942.23,1000.0,100.0,15.0,2916.0,179709.0,183359.0,1965.0,3996.0,1965.0,61.0,P0,0,0,Not Active,Not Active,Not Active,Not Active,Not Active,Not Active,146.823,True,6932556715516.0,8406393829084.0
2026-07-31T02:09:22.877370,2026/07/31 02:09:22.817,0,GPU-2c3c1aab-4401-c49f-e973-2d9a530e6442,NVIDIA B200,942.04,1000.0,100.0,15.0,2916.0,179709.0,183359.0,1965.0,3996.0,1965.0,62.0,P0,0,0,Not Active,Not Active,Not Active,Not Active,Not Active,Not Active,146.557,True,6932556715516.0,8406393829084.0
2026-07-31T02:09:23.028258,2026/07/31 02:09:22.971,0,GPU-2c3c1aab-4401-c49f-e973-2d9a530e6442,NVIDIA B200,942.12,1000.0,100.0,15.0,2916.0,179709.0,183359.0,1965.0,3996.0,1965.0,62.0,P0,0,0,Not Active,Not Active,Not Active,Not Active,Not Active,Not Active,153.618,True,6932556715516.0,8406393829084.0
2026-07-31T02:09:23.175869,2026/07/31 02:09:23.116,0,GPU-2c3c1aab-4401-c49f-e973-2d9a530e6442,NVIDIA B200,942.41,1000.0,100.0,15.0,2916.0,179709.0,183359.0,1965.0,3996.0,1965.0,62.0,P0,0,0,Not Active,Not Active,Not Active,Not Active,Not Active,Not Active,144.613,True,6932556715516.0,8406393829084.0
2026-07-31T02:09:23.319995,2026/07/31 02:09:23.263,0,GPU-2c3c1aab-4401-c49f-e973-2d9a530e6442,NVIDIA B200,942.4,1000.0,100.0,15.0,2916.0,179709.0,183359.0,1965.0,3996.0,1965.0,62.0,P0,0,0,Not Active,Not Active,Not Active,Not Active,Not Active,Not Active,147.998,True,6932556715516.0,8406393829084.0
2026-07-31T02:09:23.466245,2026/07/31 02:09:23.406,0,GPU-2c3c1aab-4401-c49f-e973-2d9a530e6442,NVIDIA B200,942.54,1000.0,100.0,15.0,2916.0,179709.0,183359.0,1965.0,3996.0,1965.0,62.0,P0,0,0,Not Active,Not Active,Not Active,Not Active,Not Active,Not Active,142.933,True,6932556715516.0,8406393829084.0
2026-07-31T02:09:23.610465,2026/07/31 02:09:23.550,0,GPU-2c3c1aab-4401-c49f-e973-2d9a530e6442,NVIDIA B200,941.75,1000.0,100.0,15.0,2916.0,179709.0,183359.0,1965.0,3996.0,1965.0,62.0,P0,0,0,Not Active,Not Active,Not Active,Not Active,Not Active,Not Active,143.539,True,6932556715516.0,8406393829084.0
2026-07-31T02:09:23.763134,2026/07/31 02:09:23.702,0,GPU-2c3c1aab-4401-c49f-e973-2d9a530e6442,NVIDIA B200,941.95,1000.0,100.0,15.0,2916.0,179709.0,183359.0,1965.0,3996.0,1965.0,61.0,P0,0,0,Not Active,Not Active,Not Active,Not Active,Not Active,Not Active,150.451,True,6932556715516.0,8406393829084.0
2026-07-31T02:09:23.907130,2026/07/31 02:09:23.850,0,GPU-2c3c1aab-4401-c49f-e973-2d9a530e6442,NVIDIA B200,941.97,1000.0,100.0,15.0,2916.0,179709.0,183359.0,1965.0,3996.0,1965.0,61.0,P0,0,0,Not Active,Not Active,Not Active,Not Active,Not Active,Not Active,145.485,True,6932556715516.0,8406393829084.0
2026-07-31T02:09:24.127930,2026/07/31 02:09:24.055,0,GPU-2c3c1aab-4401-c49f-e973-2d9a530e6442,NVIDIA B200,941.69,1000.0,100.0,15.0,2916.0,179709.0,183359.0,1965.0,3996.0,1965.0,61.0,P0,0,0,Not Active,Not Active,Not Active,Not Active,Not Active,Not Active,200.497,True,6932556715516.0,8406393829084.0
2026-07-31T02:09:24.393193,2026/07/31 02:09:24.219,0,GPU-2c3c1aab-4401-c49f-e973-2d9a530e6442,NVIDIA B200,941.61,1000.0,100.0,15.0,2916.0,179709.0,183359.0,1965.0,3996.0,1965.0,62.0,P0,0,0,Not Active,Not Active,Not Active,Not Active,Not Active,Not Active,170.129,True,6932556715516.0,8406393829084.0
2026-07-31T02:09:24.558900,2026/07/31 02:09:24.499,0,GPU-2c3c1aab-4401-c49f-e973-2d9a530e6442,NVIDIA B200,942.02,1000.0,100.0,15.0,2916.0,179709.0,183359.0,1965.0,3996.0,1965.0,62.0,P0,0,0,Not Active,Not Active,Not Active,Not Active,Not Active,Not Active,281.366,True,6932556715516.0,8406393829084.0
2026-07-31T02:09:24.828487,2026/07/31 02:09:24.770,0,GPU-2c3c1aab-4401-c49f-e973-2d9a530e6442,NVIDIA B200,942.6,1000.0,100.0,15.0,2916.0,179709.0,183359.0,1965.0,3996.0,1965.0,62.0,P0,0,0,Not Active,Not Active,Not Active,Not Active,Not Active,Not Active,250.941,True,6932556715516.0,8406393829084.0
2026-07-31T02:09:24.973347,2026/07/31 02:09:24.914,0,GPU-2c3c1aab-4401-c49f-e973-2d9a530e6442,NVIDIA B200,942.35,1000.0,100.0,15.0,2916.0,179709.0,183359.0,1965.0,3996.0,1965.0,62.0,P0,0,0,Not Active,Not Active,Not Active,Not Active,Not Active,Not Active,165.33,True,6932556715516.0,8406393829084.0
2026-07-31T02:09:25.120118,2026/07/31 02:09:25.061,0,GPU-2c3c1aab-4401-c49f-e973-2d9a530e6442,NVIDIA B200,942.07,1000.0,100.0,15.0,2916.0,179709.0,183359.0,1965.0,3996.0,1965.0,62.0,P0,0,0,Not Active,Not Active,Not Active,Not Active,Not Active,Not Active,145.44,True,6932556715516.0,8406393829084.0
2026-07-31T02:09:25.267265,2026/07/31 02:09:25.207,0,GPU-2c3c1aab-4401-c49f-e973-2d9a530e6442,NVIDIA B200,942.09,1000.0,100.0,15.0,2916.0,179709.0,183359.0,1965.0,3996.0,1965.0,62.0,P0,0,0,Not Active,Not Active,Not Active,Not Active,Not Active,Not Active,146.954,True,6932556715516.0,8406393829084.0
2026-07-31T02:09:25.415670,2026/07/31 02:09:25.358,0,GPU-2c3c1aab-4401-c49f-e973-2d9a530e6442,NVIDIA B200,942.19,1000.0,100.0,15.0,2916.0,179709.0,183359.0,1965.0,3996.0,1965.0,62.0,P0,0,0,Not Active,Not Active,Not Active,Not Active,Not Active,Not Active,150.222,True,6932556715516.0,8406393829084.0
2026-07-31T02:09:25.566445,2026/07/31 02:09:25.507,0,GPU-2c3c1aab-4401-c49f-e973-2d9a530e6442,NVIDIA B200,942.08,1000.0,100.0,15.0,2916.0,179709.0,183359.0,1965.0,3996.0,1965.0,61.0,P0,0,0,Not Active,Not Active,Not Active,Not Active,Not Active,Not Active,149.302,True,6932556715516.0,8406393829084.0
2026-07-31T02:09:25.711518,2026/07/31 02:09:25.654,0,GPU-2c3c1aab-4401-c49f-e973-2d9a530e6442,NVIDIA B200,942.23,1000.0,100.0,15.0,2916.0,179709.0,183359.0,1965.0,3996.0,1965.0,62.0,P0,0,0,Not Active,Not Active,Not Active,Not Active,Not Active,Not Active,147.513,True,6932556715516.0,8406393829084.0
2026-07-31T02:09:25.858651,2026/07/31 02:09:25.799,0,GPU-2c3c1aab-4401-c49f-e973-2d9a530e6442,NVIDIA B200,942.31,1000.0,100.0,15.0,2916.0,179709.0,183359.0,1965.0,3996.0,1965.0,62.0,P0,0,0,Not Active,Not Active,Not Active,Not Active,Not Active,Not Active,143.488,True,6932556715516.0,8406393829084.0
2026-07-31T02:09:26.000165,2026/07/31 02:09:25.944,0,GPU-2c3c1aab-4401-c49f-e973-2d9a530e6442,NVIDIA B200,942.93,1000.0,100.0,15.0,2916.0,179709.0,183359.0,1965.0,3996.0,1965.0,62.0,P0,0,0,Not Active,Not Active,Not Active,Not Active,Not Active,Not Active,145.902,True,6932556715516.0,8406393829084.0
2026-07-31T02:09:26.210410,2026/07/31 02:09:26.152,0,GPU-2c3c1aab-4401-c49f-e973-2d9a530e6442,NVIDIA B200,942.81,1000.0,100.0,15.0,2916.0,179709.0,183359.0,1965.0,3996.0,1965.0,62.0,P0,0,0,Not Active,Not Active,Not Active,Not Active,Not Active,Not Active,202.269,True,6932556715516.0,8406393829084.0
2026-07-31T02:09:26.357433,2026/07/31 02:09:26.297,0,GPU-2c3c1aab-4401-c49f-e973-2d9a530e6442,NVIDIA B200,942.81,1000.0,100.0,15.0,2916.0,179709.0,183359.0,1965.0,3996.0,1965.0,62.0,P0,0,0,Not Active,Not Active,Not Active,Not Active,Not Active,Not Active,151.184,True,6932556715516.0,8406393829084.0
2026-07-31T02:09:26.501881,2026/07/31 02:09:26.443,0,GPU-2c3c1aab-4401-c49f-e973-2d9a530e6442,NVIDIA B200,943.24,1000.0,100.0,15.0,2916.0,179709.0,183359.0,1965.0,3996.0,1965.0,62.0,P0,0,0,Not Active,Not Active,Not Active,Not Active,Not Active,Not Active,145.809,True,6932556715516.0,8406393829084.0
2026-07-31T02:09:26.650425,2026/07/31 02:09:26.591,0,GPU-2c3c1aab-4401-c49f-e973-2d9a530e6442,NVIDIA B200,943.7,1000.0,100.0,15.0,2916.0,179709.0,183359.0,1965.0,3996.0,1965.0,62.0,P0,0,0,Not Active,Not Active,Not Active,Not Active,Not Active,Not Active,148.525,True,6932556715516.0,8406393829084.0
2026-07-31T02:09:26.794149,2026/07/31 02:09:26.735,0,GPU-2c3c1aab-4401-c49f-e973-2d9a530e6442,NVIDIA B200,943.6,1000.0,100.0,15.0,2916.0,179709.0,183359.0,1965.0,3996.0,1965.0,62.0,P0,0,0,Not Active,Not Active,Not Active,Not Active,Not Active,Not Active,144.426,True,6932556715516.0,8406393829084.0
2026-07-31T02:09:26.950066,2026/07/31 02:09:26.891,0,GPU-2c3c1aab-4401-c49f-e973-2d9a530e6442,NVIDIA B200,943.15,1000.0,100.0,15.0,2916.0,179709.0,183359.0,1965.0,3996.0,1965.0,61.0,P0,0,0,Not Active,Not Active,Not Active,Not Active,Not Active,Not Active,155.237,True,6932556715516.0,8406393829084.0
2026-07-31T02:09:27.094220,2026/07/31 02:09:27.036,0,GPU-2c3c1aab-4401-c49f-e973-2d9a530e6442,NVIDIA B200,942.98,1000.0,100.0,15.0,2916.0,179709.0,183359.0,1965.0,3996.0,1965.0,62.0,P0,0,0,Not Active,Not Active,Not Active,Not Active,Not Active,Not Active,145.037,True,6932556715516.0,8406393829084.0
2026-07-31T02:09:27.243096,2026/07/31 02:09:27.183,0,GPU-2c3c1aab-4401-c49f-e973-2d9a530e6442,NVIDIA B200,942.36,1000.0,100.0,15.0,2916.0,179709.0,183359.0,1965.0,3996.0,1965.0,62.0,P0,0,0,Not Active,Not Active,Not Active,Not Active,Not Active,Not Active,146.978,True,6932556715516.0,8406393829084.0
2026-07-31T02:09:27.387365,2026/07/31 02:09:27.327,0,GPU-2c3c1aab-4401-c49f-e973-2d9a530e6442,NVIDIA B200,942.98,1000.0,100.0,15.0,2916.0,179709.0,183359.0,1965.0,3996.0,1965.0,62.0,P0,0,0,Not Active,Not Active,Not Active,Not Active,Not Active,Not Active,144.751,True,6932556715516.0,8406393829084.0
2026-07-31T02:09:27.535547,2026/07/31 02:09:27.477,0,GPU-2c3c1aab-4401-c49f-e973-2d9a530e6442,NVIDIA B200,942.65,1000.0,100.0,16.0,2916.0,179709.0,183359.0,1965.0,3996.0,1965.0,62.0,P0,0,0,Not Active,Not Active,Not Active,Not Active,Not Active,Not Active,147.209,True,6932556715516.0,8406393829084.0
2026-07-31T02:09:27.672599,2026/07/31 02:09:27.616,0,GPU-2c3c1aab-4401-c49f-e973-2d9a530e6442,NVIDIA B200,942.3,1000.0,100.0,15.0,2916.0,179709.0,183359.0,1965.0,3996.0,1965.0,62.0,P0,0,0,Not Active,Not Active,Not Active,Not Active,Not Active,Not Active,144.259,True,6932556715516.0,8406393829084.0
2026-07-31T02:09:27.818460,2026/07/31 02:09:27.760,0,GPU-2c3c1aab-4401-c49f-e973-2d9a530e6442,NVIDIA B200,941.9,1000.0,100.0,15.0,2916.0,179709.0,183359.0,1965.0,3996.0,1965.0,62.0,P0,0,0,Not Active,Not Active,Not Active,Not Active,Not Active,Not Active,140.642,True,6932556715516.0,8406393829084.0
2026-07-31T02:09:27.971558,2026/07/31 02:09:27.914,0,GPU-2c3c1aab-4401-c49f-e973-2d9a530e6442,NVIDIA B200,942.39,1000.0,100.0,15.0,2916.0,179709.0,183359.0,1965.0,3996.0,1965.0,62.0,P0,0,0,Not Active,Not Active,Not Active,Not Active,Not Active,Not Active,148.816,True,6932556715516.0,8406393829084.0
2026-07-31T02:09:28.113082,2026/07/31 02:09:28.056,0,GPU-2c3c1aab-4401-c49f-e973-2d9a530e6442,NVIDIA B200,942.56,1000.0,100.0,15.0,2916.0,179709.0,183359.0,1965.0,3996.0,1965.0,62.0,P0,0,0,Not Active,Not Active,Not Active,Not Active,Not Active,Not Active,146.875,True,6932556715516.0,8406393829084.0
2026-07-31T02:09:28.270156,2026/07/31 02:09:28.208,0,GPU-2c3c1aab-4401-c49f-e973-2d9a530e6442,NVIDIA B200,942.61,1000.0,100.0,15.0,2916.0,179709.0,183359.0,1965.0,3996.0,1965.0,62.0,P0,0,0,Not Active,Not Active,Not Active,Not Active,Not Active,Not Active,151.024,True,6932556715516.0,8406393829084.0
2026-07-31T02:09:28.414419,2026/07/31 02:09:28.359,0,GPU-2c3c1aab-4401-c49f-e973-2d9a530e6442,NVIDIA B200,941.93,1000.0,100.0,15.0,2916.0,179709.0,183359.0,1965.0,3996.0,1965.0,62.0,P0,0,0,Not Active,Not Active,Not Active,Not Active,Not Active,Not Active,153.297,True,6932556715516.0,8406393829084.0
2026-07-31T02:09:28.562012,2026/07/31 02:09:28.503,0,GPU-2c3c1aab-4401-c49f-e973-2d9a530e6442,NVIDIA B200,941.99,1000.0,100.0,15.0,2916.0,179709.0,183359.0,1965.0,3996.0,1965.0,62.0,P0,0,0,Not Active,Not Active,Not Active,Not Active,Not Active,Not Active,143.582,True,6932556715516.0,8406393829084.0
2026-07-31T02:09:28.712548,2026/07/31 02:09:28.654,0,GPU-2c3c1aab-4401-c49f-e973-2d9a530e6442,NVIDIA B200,941.78,1000.0,100.0,15.0,2916.0,179709.0,183359.0,1965.0,3996.0,1965.0,62.0,P0,0,0,Not Active,Not Active,Not Active,Not Active,Not Active,Not Active,147.4,True,6932556715516.0,8406393829084.0
2026-07-31T02:09:28.867113,2026/07/31 02:09:28.807,0,GPU-2c3c1aab-4401-c49f-e973-2d9a530e6442,NVIDIA B200,941.9,1000.0,100.0,16.0,2916.0,179709.0,183359.0,1965.0,3996.0,1965.0,62.0,P0,0,0,Not Active,Not Active,Not Active,Not Active,Not Active,Not Active,154.883,True,6932556715516.0,8406393829084.0
2026-07-31T02:09:29.013014,2026/07/31 02:09:28.954,0,GPU-2c3c1aab-4401-c49f-e973-2d9a530e6442,NVIDIA B200,942.06,1000.0,100.0,15.0,2916.0,179709.0,183359.0,1965.0,3996.0,1965.0,62.0,P0,0,0,Not Active,Not Active,Not Active,Not Active,Not Active,Not Active,145.946,True,6932556715516.0,8406393829084.0
2026-07-31T02:09:29.159650,2026/07/31 02:09:29.098,0,GPU-2c3c1aab-4401-c49f-e973-2d9a530e6442,NVIDIA B200,941.96,1000.0,100.0,15.0,2916.0,179709.0,183359.0,1965.0,3996.0,1965.0,62.0,P0,0,0,Not Active,Not Active,Not Active,Not Active,Not Active,Not Active,147.289,True,6932556715516.0,8406393829084.0
2026-07-31T02:09:29.376435,2026/07/31 02:09:29.300,0,GPU-2c3c1aab-4401-c49f-e973-2d9a530e6442,NVIDIA B200,942.38,1000.0,100.0,15.0,2916.0,179709.0,183359.0,1965.0,3996.0,1965.0,62.0,P0,0,0,Not Active,Not Active,Not Active,Not Active,Not Active,Not Active,197.862,True,6932556715516.0,8406393829084.0
2026-07-31T02:09:29.567508,2026/07/31 02:09:29.468,0,GPU-2c3c1aab-4401-c49f-e973-2d9a530e6442,NVIDIA B200,942.52,1000.0,100.0,15.0,2916.0,179709.0,183359.0,1965.0,3996.0,1965.0,62.0,P0,0,0,Not Active,Not Active,Not Active,Not Active,Not Active,Not Active,172.033,True,6932556715516.0,8406393829084.0
2026-07-31T02:09:29.784367,2026/07/31 02:09:29.716,0,GPU-2c3c1aab-4401-c49f-e973-2d9a530e6442,NVIDIA B200,942.08,1000.0,100.0,15.0,2916.0,179709.0,183359.0,1965.0,3996.0,1965.0,61.0,P0,0,0,Not Active,Not Active,Not Active,Not Active,Not Active,Not Active,234.771,True,6932556715516.0,8406393829084.0
2026-07-31T02:09:30.006245,2026/07/31 02:09:29.870,0,GPU-2c3c1aab-4401-c49f-e973-2d9a530e6442,NVIDIA B200,942.02,1000.0,100.0,15.0,2916.0,179709.0,183359.0,1965.0,3996.0,1965.0,62.0,P0,0,0,Not Active,Not Active,Not Active,Not Active,Not Active,Not Active,164.92,True,6932556715516.0,8406393829084.0
2026-07-31T02:09:30.192173,2026/07/31 02:09:30.132,0,GPU-2c3c1aab-4401-c49f-e973-2d9a530e6442,NVIDIA B200,942.09,1000.0,100.0,15.0,2916.0,179709.0,183359.0,1965.0,3996.0,1965.0,62.0,P0,0,0,Not Active,Not Active,Not Active,Not Active,Not Active,Not Active,262.351,True,6932556715516.0,8406393829084.0
2026-07-31T02:09:30.336091,2026/07/31 02:09:30.278,0,GPU-2c3c1aab-4401-c49f-e973-2d9a530e6442,NVIDIA B200,941.91,1000.0,100.0,15.0,2916.0,179709.0,183359.0,1965.0,3996.0,1965.0,62.0,P0,0,0,Not Active,Not Active,Not Active,Not Active,Not Active,Not Active,147.267,True,6932556715516.0,8406393829084.0
2026-07-31T02:09:30.533057,2026/07/31 02:09:30.459,0,GPU-2c3c1aab-4401-c49f-e973-2d9a530e6442,NVIDIA B200,942.18,1000.0,100.0,15.0,2916.0,179709.0,183359.0,1965.0,3996.0,1965.0,62.0,P0,0,0,Not Active,Not Active,Not Active,Not Active,Not Active,Not Active,180.595,True,6932556715516.0,8406393829084.0
2026-07-31T02:09:30.676059,2026/07/31 02:09:30.618,0,GPU-2c3c1aab-4401-c49f-e973-2d9a530e6442,NVIDIA B200,942.15,1000.0,100.0,15.0,2916.0,179709.0,183359.0,1965.0,3996.0,1965.0,62.0,P0,0,0,Not Active,Not Active,Not Active,Not Active,Not Active,Not Active,160.329,True,6932556715516.0,8406393829084.0
2026-07-31T02:09:30.820149,2026/07/31 02:09:30.762,0,GPU-2c3c1aab-4401-c49f-e973-2d9a530e6442,NVIDIA B200,942.91,1000.0,100.0,15.0,2916.0,179709.0,183359.0,1965.0,3996.0,1965.0,62.0,P0,0,0,Not Active,Not Active,Not Active,Not Active,Not Active,Not Active,143.506,True,6932556715516.0,8406393829084.0
2026-07-31T02:09:30.968224,2026/07/31 02:09:30.910,0,GPU-2c3c1aab-4401-c49f-e973-2d9a530e6442,NVIDIA B200,942.83,1000.0,100.0,15.0,2916.0,179709.0,183359.0,1965.0,3996.0,1965.0,61.0,P0,0,0,Not Active,Not Active,Not Active,Not Active,Not Active,Not Active,148.263,True,6932556715516.0,8406393829084.0
2026-07-31T02:09:31.112977,2026/07/31 02:09:31.057,0,GPU-2c3c1aab-4401-c49f-e973-2d9a530e6442,NVIDIA B200,942.51,1000.0,100.0,15.0,2916.0,179709.0,183359.0,1965.0,3996.0,1965.0,61.0,P0,0,0,Not Active,Not Active,Not Active,Not Active,Not Active,Not Active,146.005,True,6932556715516.0,8406393829084.0
2026-07-31T02:09:31.322535,2026/07/31 02:09:31.263,0,GPU-2c3c1aab-4401-c49f-e973-2d9a530e6442,NVIDIA B200,942.51,1000.0,100.0,15.0,2916.0,179709.0,183359.0,1965.0,3996.0,1965.0,62.0,P0,0,0,Not Active,Not Active,Not Active,Not Active,Not Active,Not Active,203.18,True,6932556715516.0,8406393829084.0
2026-07-31T02:09:31.479488,2026/07/31 02:09:31.417,0,GPU-2c3c1aab-4401-c49f-e973-2d9a530e6442,NVIDIA B200,941.35,1000.0,100.0,15.0,2916.0,179709.0,183359.0,1965.0,3996.0,1965.0,62.0,P0,0,0,Not Active,Not Active,Not Active,Not Active,Not Active,Not Active,154.822,True,6932556715516.0,8406393829084.0
2026-07-31T02:09:31.634129,2026/07/31 02:09:31.574,0,GPU-2c3c1aab-4401-c49f-e973-2d9a530e6442,NVIDIA B200,941.63,1000.0,100.0,15.0,2916.0,179709.0,183359.0,1965.0,3996.0,1965.0,62.0,P0,0,0,Not Active,Not Active,Not Active,Not Active,Not Active,Not Active,156.378,True,6932556715516.0,8406393829084.0
2026-07-31T02:09:31.785523,2026/07/31 02:09:31.727,0,GPU-2c3c1aab-4401-c49f-e973-2d9a530e6442,NVIDIA B200,941.31,1000.0,100.0,15.0,2916.0,179709.0,183359.0,1965.0,3996.0,1965.0,62.0,P0,0,0,Not Active,Not Active,Not Active,Not Active,Not Active,Not Active,152.384,True,6932556715516.0,8406393829084.0
2026-07-31T02:09:31.939191,2026/07/31 02:09:31.879,0,GPU-2c3c1aab-4401-c49f-e973-2d9a530e6442,NVIDIA B200,941.12,1000.0,100.0,15.0,2916.0,179709.0,183359.0,1965.0,3996.0,1965.0,62.0,P0,0,0,Not Active,Not Active,Not Active,Not Active,Not Active,Not Active,151.747,True,6932556715516.0,8406393829084.0
2026-07-31T02:09:32.087261,2026/07/31 02:09:32.029,0,GPU-2c3c1aab-4401-c49f-e973-2d9a530e6442,NVIDIA B200,941.77,1000.0,100.0,15.0,2916.0,179709.0,183359.0,1965.0,3996.0,1965.0,62.0,P0,0,0,Not Active,Not Active,Not Active,Not Active,Not Active,Not Active,150.124,True,6932556715516.0,8406393829084.0
2026-07-31T02:09:32.243268,2026/07/31 02:09:32.184,0,GPU-2c3c1aab-4401-c49f-e973-2d9a530e6442,NVIDIA B200,942.34,1000.0,100.0,15.0,2916.0,179709.0,183359.0,1965.0,3996.0,1965.0,61.0,P0,0,0,Not Active,Not Active,Not Active,Not Active,Not Active,Not Active,154.585,True,6932556715516.0,8406393829084.0
2026-07-31T02:09:32.392921,2026/07/31 02:09:32.336,0,GPU-2c3c1aab-4401-c49f-e973-2d9a530e6442,NVIDIA B200,941.98,1000.0,100.0,15.0,2916.0,179709.0,183359.0,1965.0,3996.0,1965.0,61.0,P0,0,0,Not Active,Not Active,Not Active,Not Active,Not Active,Not Active,154.071,True,6932556715516.0,8406393829084.0
2026-07-31T02:09:32.539175,2026/07/31 02:09:32.482,0,GPU-2c3c1aab-4401-c49f-e973-2d9a530e6442,NVIDIA B200,941.95,1000.0,100.0,15.0,2916.0,179709.0,183359.0,1965.0,3996.0,1965.0,61.0,P0,0,0,Not Active,Not Active,Not Active,Not Active,Not Active,Not Active,145.634,True,6932556715516.0,8406393829084.0
2026-07-31T02:09:32.682961,2026/07/31 02:09:32.623,0,GPU-2c3c1aab-4401-c49f-e973-2d9a530e6442,NVIDIA B200,941.51,1000.0,100.0,15.0,2916.0,179709.0,183359.0,1965.0,3996.0,1965.0,62.0,P0,0,0,Not Active,Not Active,Not Active,Not Active,Not Active,Not Active,143.648,True,6932556715516.0,8406393829084.0
2026-07-31T02:09:32.829879,2026/07/31 02:09:32.769,0,GPU-2c3c1aab-4401-c49f-e973-2d9a530e6442,NVIDIA B200,941.35,1000.0,100.0,15.0,2916.0,179709.0,183359.0,1965.0,3996.0,1965.0,62.0,P0,0,0,Not Active,Not Active,Not Active,Not Active,Not Active,Not Active,146.646,True,6932556715516.0,8406393829084.0
2026-07-31T02:09:32.983266,2026/07/31 02:09:32.924,0,GPU-2c3c1aab-4401-c49f-e973-2d9a530e6442,NVIDIA B200,941.37,1000.0,100.0,15.0,2916.0,179709.0,183359.0,1965.0,3996.0,1965.0,62.0,P0,0,0,Not Active,Not Active,Not Active,Not Active,Not Active,Not Active,151.315,True,6932556715516.0,8406393829084.0
2026-07-31T02:09:33.130060,2026/07/31 02:09:33.072,0,GPU-2c3c1aab-4401-c49f-e973-2d9a530e6442,NVIDIA B200,940.89,1000.0,100.0,15.0,2916.0,179709.0,183359.0,1965.0,3996.0,1965.0,61.0,P0,0,0,Not Active,Not Active,Not Active,Not Active,Not Active,Not Active,150.394,True,6932556715516.0,8406393829084.0
2026-07-31T02:09:33.275035,2026/07/31 02:09:33.218,0,GPU-2c3c1aab-4401-c49f-e973-2d9a530e6442,NVIDIA B200,941.05,1000.0,100.0,15.0,2916.0,179709.0,183359.0,1965.0,3996.0,1965.0,61.0,P0,0,0,Not Active,Not Active,Not Active,Not Active,Not Active,Not Active,146.735,True,6932556715516.0,8406393829084.0
2026-07-31T02:09:33.425124,2026/07/31 02:09:33.362,0,GPU-2c3c1aab-4401-c49f-e973-2d9a530e6442,NVIDIA B200,941.6,1000.0,100.0,15.0,2916.0,179709.0,183359.0,1965.0,3996.0,1965.0,61.0,P0,0,0,Not Active,Not Active,Not Active,Not Active,Not Active,Not Active,141.298,True,6932556715516.0,8406393829084.0
2026-07-31T02:09:33.572065,2026/07/31 02:09:33.516,0,GPU-2c3c1aab-4401-c49f-e973-2d9a530e6442,NVIDIA B200,941.63,1000.0,100.0,15.0,2916.0,179709.0,183359.0,1965.0,3996.0,1965.0,61.0,P0,0,0,Not Active,Not Active,Not Active,Not Active,Not Active,Not Active,156.61,True,6932556715516.0,8406393829084.0
2026-07-31T02:09:33.722551,2026/07/31 02:09:33.663,0,GPU-2c3c1aab-4401-c49f-e973-2d9a530e6442,NVIDIA B200,942.05,1000.0,100.0,15.0,2916.0,179709.0,183359.0,1965.0,3996.0,1965.0,61.0,P0,0,0,Not Active,Not Active,Not Active,Not Active,Not Active,Not Active,146.505,True,6932556715516.0,8406393829084.0
2026-07-31T02:09:33.869505,2026/07/31 02:09:33.810,0,GPU-2c3c1aab-4401-c49f-e973-2d9a530e6442,NVIDIA B200,942.53,1000.0,100.0,15.0,2916.0,179709.0,183359.0,1965.0,3996.0,1965.0,61.0,P0,0,0,Not Active,Not Active,Not Active,Not Active,Not Active,Not Active,147.769,True,6932556715516.0,8406393829084.0
2026-07-31T02:09:34.015279,2026/07/31 02:09:33.957,0,GPU-2c3c1aab-4401-c49f-e973-2d9a530e6442,NVIDIA B200,942.19,1000.0,100.0,15.0,2916.0,179709.0,183359.0,1965.0,3996.0,1965.0,61.0,P0,0,0,Not Active,Not Active,Not Active,Not Active,Not Active,Not Active,144.084,True,6932556715516.0,8406393829084.0
2026-07-31T02:09:34.162289,2026/07/31 02:09:34.103,0,GPU-2c3c1aab-4401-c49f-e973-2d9a530e6442,NVIDIA B200,942.06,1000.0,100.0,15.0,2916.0,179709.0,183359.0,1965.0,3996.0,1965.0,61.0,P0,0,0,Not Active,Not Active,Not Active,Not Active,Not Active,Not Active,147.934,True,6932556715516.0,8406393829084.0
2026-07-31T02:09:34.303240,2026/07/31 02:09:34.247,0,GPU-2c3c1aab-4401-c49f-e973-2d9a530e6442,NVIDIA B200,942.14,1000.0,100.0,15.0,2916.0,179709.0,183359.0,1965.0,3996.0,1965.0,61.0,P0,0,0,Not Active,Not Active,Not Active,Not Active,Not Active,Not Active,144.599,True,6932556715516.0,8406393829084.0
2026-07-31T02:09:34.486076,2026/07/31 02:09:34.393,0,GPU-2c3c1aab-4401-c49f-e973-2d9a530e6442,NVIDIA B200,941.48,1000.0,100.0,15.0,2916.0,179709.0,183359.0,1965.0,3996.0,1965.0,61.0,P0,0,0,Not Active,Not Active,Not Active,Not Active,Not Active,Not Active,144.415,True,6932556715516.0,8406393829084.0
2026-07-31T02:09:34.662384,2026/07/31 02:09:34.597,0,GPU-2c3c1aab-4401-c49f-e973-2d9a530e6442,NVIDIA B200,941.25,1000.0,100.0,15.0,2916.0,179709.0,183359.0,1965.0,3996.0,1965.0,61.0,P0,0,0,Not Active,Not Active,Not Active,Not Active,Not Active,Not Active,199.732,True,6932556715516.0,8406393829084.0
2026-07-31T02:09:34.853091,2026/07/31 02:09:34.754,0,GPU-2c3c1aab-4401-c49f-e973-2d9a530e6442,NVIDIA B200,941.71,1000.0,100.0,15.0,2916.0,179709.0,183359.0,1965.0,3996.0,1965.0,61.0,P0,0,0,Not Active,Not Active,Not Active,Not Active,Not Active,Not Active,161.236,True,6932556715516.0,8406393829084.0
2026-07-31T02:09:35.076414,2026/07/31 02:09:35.017,0,GPU-2c3c1aab-4401-c49f-e973-2d9a530e6442,NVIDIA B200,941.97,1000.0,100.0,15.0,2916.0,179709.0,183359.0,1965.0,3996.0,1965.0,61.0,P0,0,0,Not Active,Not Active,Not Active,Not Active,Not Active,Not Active,256.093,True,6932556715516.0,8406393829084.0
2026-07-31T02:09:35.313894,2026/07/31 02:09:35.167,0,GPU-2c3c1aab-4401-c49f-e973-2d9a530e6442,NVIDIA B200,941.96,1000.0,100.0,15.0,2916.0,179709.0,183359.0,1965.0,3996.0,1965.0,61.0,P0,0,0,Not Active,Not Active,Not Active,Not Active,Not Active,Not Active,156.527,True,6932556715516.0,8406393829084.0
2026-07-31T02:09:35.486107,2026/07/31 02:09:35.426,0,GPU-2c3c1aab-4401-c49f-e973-2d9a530e6442,NVIDIA B200,941.61,1000.0,100.0,15.0,2916.0,179709.0,183359.0,1965.0,3996.0,1965.0,61.0,P0,0,0,Not Active,Not Active,Not Active,Not Active,Not Active,Not Active,258.593,True,6932556715516.0,8406393829084.0
2026-07-31T02:09:35.631126,2026/07/31 02:09:35.573,0,GPU-2c3c1aab-4401-c49f-e973-2d9a530e6442,NVIDIA B200,941.33,1000.0,100.0,15.0,2916.0,179709.0,183359.0,1965.0,3996.0,1965.0,61.0,P0,0,0,Not Active,Not Active,Not Active,Not Active,Not Active,Not Active,149.35,True,6932556715516.0,8406393829084.0
2026-07-31T02:09:35.776084,2026/07/31 02:09:35.715,0,GPU-2c3c1aab-4401-c49f-e973-2d9a530e6442,NVIDIA B200,942.03,1000.0,100.0,15.0,2916.0,179709.0,183359.0,1965.0,3996.0,1965.0,61.0,P0,0,0,Not Active,Not Active,Not Active,Not Active,Not Active,Not Active,141.376,True,6932556715516.0,8406393829084.0
2026-07-31T02:09:35.922066,2026/07/31 02:09:35.860,0,GPU-2c3c1aab-4401-c49f-e973-2d9a530e6442,NVIDIA B200,941.82,1000.0,100.0,15.0,2916.0,179709.0,183359.0,1965.0,3996.0,1965.0,61.0,P0,0,0,Not Active,Not Active,Not Active,Not Active,Not Active,Not Active,145.981,True,6932556715516.0,8406393829084.0
2026-07-31T02:09:36.064485,2026/07/31 02:09:36.005,0,GPU-2c3c1aab-4401-c49f-e973-2d9a530e6442,NVIDIA B200,941.63,1000.0,100.0,15.0,2916.0,179709.0,183359.0,1965.0,3996.0,1965.0,61.0,P0,0,0,Not Active,Not Active,Not Active,Not Active,Not Active,Not Active,145.13,True,6932556715516.0,8406393829084.0
2026-07-31T02:09:36.206224,2026/07/31 02:09:36.147,0,GPU-2c3c1aab-4401-c49f-e973-2d9a530e6442,NVIDIA B200,942.01,1000.0,100.0,15.0,2916.0,179709.0,183359.0,1965.0,3996.0,1965.0,61.0,P0,0,0,Not Active,Not Active,Not Active,Not Active,Not Active,Not Active,141.41,True,6932556715516.0,8406393829084.0
2026-07-31T02:09:36.407627,2026/07/31 02:09:36.347,0,GPU-2c3c1aab-4401-c49f-e973-2d9a530e6442,NVIDIA B200,942.04,1000.0,100.0,15.0,2916.0,179709.0,183359.0,1965.0,3996.0,1965.0,61.0,P0,0,0,Not Active,Not Active,Not Active,Not Active,Not Active,Not Active,199.735,True,6932556715516.0,8406393829084.0
2026-07-31T02:09:36.556101,2026/07/31 02:09:36.494,0,GPU-2c3c1aab-4401-c49f-e973-2d9a530e6442,NVIDIA B200,942.21,1000.0,100.0,15.0,2916.0,179709.0,183359.0,1965.0,3996.0,1965.0,61.0,P0,0,0,Not Active,Not Active,Not Active,Not Active,Not Active,Not Active,147.193,True,6932556715516.0,8406393829084.0
2026-07-31T02:09:36.701081,2026/07/31 02:09:36.642,0,GPU-2c3c1aab-4401-c49f-e973-2d9a530e6442,NVIDIA B200,942.3,1000.0,100.0,15.0,2916.0,179709.0,183359.0,1965.0,3996.0,1965.0,61.0,P0,0,0,Not Active,Not Active,Not Active,Not Active,Not Active,Not Active,146.585,True,6932556715516.0,8406393829084.0
2026-07-31T02:09:36.845138,2026/07/31 02:09:36.788,0,GPU-2c3c1aab-4401-c49f-e973-2d9a530e6442,NVIDIA B200,941.94,1000.0,100.0,15.0,2916.0,179709.0,183359.0,1965.0,3996.0,1965.0,61.0,P0,0,0,Not Active,Not Active,Not Active,Not Active,Not Active,Not Active,147.755,True,6932556715516.0,8406393829084.0
2026-07-31T02:09:36.987287,2026/07/31 02:09:36.930,0,GPU-2c3c1aab-4401-c49f-e973-2d9a530e6442,NVIDIA B200,941.99,1000.0,100.0,15.0,2916.0,179709.0,183359.0,1965.0,3996.0,1965.0,61.0,P0,0,0,Not Active,Not Active,Not Active,Not Active,Not Active,Not Active,141.8,True,6932556715516.0,8406393829084.0
2026-07-31T02:09:37.133518,2026/07/31 02:09:37.075,0,GPU-2c3c1aab-4401-c49f-e973-2d9a530e6442,NVIDIA B200,942.09,1000.0,100.0,15.0,2916.0,179709.0,183359.0,1965.0,3996.0,1965.0,61.0,P0,0,0,Not Active,Not Active,Not Active,Not Active,Not Active,Not Active,143.469,True,6932556715516.0,8406393829084.0
2026-07-31T02:09:37.278658,2026/07/31 02:09:37.219,0,GPU-2c3c1aab-4401-c49f-e973-2d9a530e6442,NVIDIA B200,941.69,1000.0,100.0,15.0,2916.0,179709.0,183359.0,1965.0,3996.0,1965.0,61.0,P0,0,0,Not Active,Not Active,Not Active,Not Active,Not Active,Not Active,145.129,True,6932556715516.0,8406393829084.0
2026-07-31T02:09:37.418956,2026/07/31 02:09:37.361,0,GPU-2c3c1aab-4401-c49f-e973-2d9a530e6442,NVIDIA B200,941.89,1000.0,100.0,15.0,2916.0,179709.0,183359.0,1965.0,3996.0,1965.0,61.0,P0,0,0,Not Active,Not Active,Not Active,Not Active,Not Active,Not Active,140.689,True,6932556715516.0,8406393829084.0
2026-07-31T02:09:37.568420,2026/07/31 02:09:37.504,0,GPU-2c3c1aab-4401-c49f-e973-2d9a530e6442,NVIDIA B200,941.23,1000.0,100.0,15.0,2916.0,179709.0,183359.0,1965.0,3996.0,1965.0,61.0,P0,0,0,Not Active,Not Active,Not Active,Not Active,Not Active,Not Active,144.56,True,6932556715516.0,8406393829084.0
2026-07-31T02:09:37.712568,2026/07/31 02:09:37.655,0,GPU-2c3c1aab-4401-c49f-e973-2d9a530e6442,NVIDIA B200,941.68,1000.0,100.0,15.0,2916.0,179709.0,183359.0,1965.0,3996.0,1965.0,61.0,P0,0,0,Not Active,Not Active,Not Active,Not Active,Not Active,Not Active,148.622,True,6932556715516.0,8406393829084.0
2026-07-31T02:09:37.857179,2026/07/31 02:09:37.798,0,GPU-2c3c1aab-4401-c49f-e973-2d9a530e6442,NVIDIA B200,941.89,1000.0,100.0,15.0,2916.0,179709.0,183359.0,1965.0,3996.0,1965.0,61.0,P0,0,0,Not Active,Not Active,Not Active,Not Active,Not Active,Not Active,143.542,True,6932556715516.0,8406393829084.0
2026-07-31T02:09:38.002545,2026/07/31 02:09:37.942,0,GPU-2c3c1aab-4401-c49f-e973-2d9a530e6442,NVIDIA B200,942.07,1000.0,100.0,15.0,2916.0,179709.0,183359.0,1965.0,3996.0,1965.0,61.0,P0,0,0,Not Active,Not Active,Not Active,Not Active,Not Active,Not Active,144.305,True,6932556715516.0,8406393829084.0
2026-07-31T02:09:38.150222,2026/07/31 02:09:38.091,0,GPU-2c3c1aab-4401-c49f-e973-2d9a530e6442,NVIDIA B200,941.24,1000.0,100.0,15.0,2916.0,179709.0,183359.0,1965.0,3996.0,1965.0,61.0,P0,0,0,Not Active,Not Active,Not Active,Not Active,Not Active,Not Active,149.198,True,6932556715516.0,8406393829084.0
2026-07-31T02:09:38.297533,2026/07/31 02:09:38.235,0,GPU-2c3c1aab-4401-c49f-e973-2d9a530e6442,NVIDIA B200,941.59,1000.0,100.0,15.0,2916.0,179709.0,183359.0,1965.0,3996.0,1965.0,61.0,P0,0,0,Not Active,Not Active,Not Active,Not Active,Not Active,Not Active,145.073,True,6932556715516.0,8406393829084.0
2026-07-31T02:09:38.440541,2026/07/31 02:09:38.383,0,GPU-2c3c1aab-4401-c49f-e973-2d9a530e6442,NVIDIA B200,941.44,1000.0,100.0,15.0,2916.0,179709.0,183359.0,1965.0,3996.0,1965.0,61.0,P0,0,0,Not Active,Not Active,Not Active,Not Active,Not Active,Not Active,146.735,True,6932556715516.0,8406393829084.0
2026-07-31T02:09:38.586395,2026/07/31 02:09:38.524,0,GPU-2c3c1aab-4401-c49f-e973-2d9a530e6442,NVIDIA B200,941.65,1000.0,100.0,15.0,2916.0,179709.0,183359.0,1965.0,3996.0,1965.0,61.0,P0,0,0,Not Active,Not Active,Not Active,Not Active,Not Active,Not Active,143.324,True,6932556715516.0,8406393829084.0
2026-07-31T02:09:38.735011,2026/07/31 02:09:38.674,0,GPU-2c3c1aab-4401-c49f-e973-2d9a530e6442,NVIDIA B200,941.2,1000.0,100.0,15.0,2916.0,179709.0,183359.0,1965.0,3996.0,1965.0,61.0,P0,0,0,Not Active,Not Active,Not Active,Not Active,Not Active,Not Active,148.761,True,6932556715516.0,8406393829084.0
2026-07-31T02:09:38.898173,2026/07/31 02:09:38.831,0,GPU-2c3c1aab-4401-c49f-e973-2d9a530e6442,NVIDIA B200,941.04,1000.0,100.0,15.0,2916.0,179709.0,183359.0,1965.0,3996.0,1965.0,61.0,P0,0,0,Not Active,Not Active,Not Active,Not Active,Not Active,Not Active,146.925,True,6932556715516.0,8406393829084.0
2026-07-31T02:09:39.044428,2026/07/31 02:09:38.984,0,GPU-2c3c1aab-4401-c49f-e973-2d9a530e6442,NVIDIA B200,941.03,1000.0,100.0,15.0,2916.0,179709.0,183359.0,1965.0,3996.0,1965.0,61.0,P0,0,0,Not Active,Not Active,Not Active,Not Active,Not Active,Not Active,162.866,True,6932556715516.0,8406393829084.0
2026-07-31T02:09:39.220248,2026/07/31 02:09:39.131,0,GPU-2c3c1aab-4401-c49f-e973-2d9a530e6442,NVIDIA B200,941.37,1000.0,100.0,15.0,2916.0,179709.0,183359.0,1965.0,3996.0,1965.0,61.0,P0,0,0,Not Active,Not Active,Not Active,Not Active,Not Active,Not Active,145.431,True,6932556715516.0,8406393829084.0
2026-07-31T02:09:39.458753,2026/07/31 02:09:39.345,0,GPU-2c3c1aab-4401-c49f-e973-2d9a530e6442,NVIDIA B200,941.3,1000.0,100.0,15.0,2916.0,179709.0,183359.0,1965.0,3996.0,1965.0,61.0,P0,0,0,Not Active,Not Active,Not Active,Not Active,Not Active,Not Active,204.371,True,6932556715516.0,8406393829084.0
2026-07-31T02:09:39.645419,2026/07/31 02:09:39.570,0,GPU-2c3c1aab-4401-c49f-e973-2d9a530e6442,NVIDIA B200,941.31,1000.0,100.0,15.0,2916.0,179709.0,183359.0,1965.0,3996.0,1965.0,61.0,P0,0,0,Not Active,Not Active,Not Active,Not Active,Not Active,Not Active,230.2,True,6932556715516.0,8406393829084.0
2026-07-31T02:09:39.846871,2026/07/31 02:09:39.775,0,GPU-2c3c1aab-4401-c49f-e973-2d9a530e6442,NVIDIA B200,941.66,1000.0,100.0,15.0,2916.0,179709.0,183359.0,1965.0,3996.0,1965.0,61.0,P0,0,0,Not Active,Not Active,Not Active,Not Active,Not Active,Not Active,176.201,True,6932556715516.0,8406393829084.0
2026-07-31T02:09:39.991107,2026/07/31 02:09:39.931,0,GPU-2c3c1aab-4401-c49f-e973-2d9a530e6442,NVIDIA B200,941.36,1000.0,100.0,15.0,2916.0,179709.0,183359.0,1965.0,3996.0,1965.0,61.0,P0,0,0,Not Active,Not Active,Not Active,Not Active,Not Active,Not Active,190.042,True,6932556715516.0,8406393829084.0
2026-07-31T02:09:40.269679,2026/07/31 02:09:40.104,0,GPU-2c3c1aab-4401-c49f-e973-2d9a530e6442,NVIDIA B200,941.07,1000.0,100.0,15.0,2916.0,179709.0,183359.0,1965.0,3996.0,1965.0,61.0,P0,0,0,Not Active,Not Active,Not Active,Not Active,Not Active,Not Active,147.006,True,6932556715516.0,8406393829084.0
2026-07-31T02:09:40.435599,2026/07/31 02:09:40.378,0,GPU-2c3c1aab-4401-c49f-e973-2d9a530e6442,NVIDIA B200,941.91,1000.0,100.0,15.0,2916.0,179709.0,183359.0,1965.0,3996.0,1965.0,61.0,P0,0,0,Not Active,Not Active,Not Active,Not Active,Not Active,Not Active,298.591,True,6932556715516.0,8406393829084.0
2026-07-31T02:09:40.675202,2026/07/31 02:09:40.606,0,GPU-2c3c1aab-4401-c49f-e973-2d9a530e6442,NVIDIA B200,942.02,1000.0,100.0,15.0,2916.0,179709.0,183359.0,1965.0,3996.0,1965.0,61.0,P0,0,0,Not Active,Not Active,Not Active,Not Active,Not Active,Not Active,228.537,True,6932556715516.0,8406393829084.0
2026-07-31T02:09:40.837993,2026/07/31 02:09:40.777,0,GPU-2c3c1aab-4401-c49f-e973-2d9a530e6442,NVIDIA B200,941.85,1000.0,100.0,15.0,2916.0,179709.0,183359.0,1965.0,3996.0,1965.0,61.0,P0,0,0,Not Active,Not Active,Not Active,Not Active,Not Active,Not Active,171.726,True,6932556715516.0,8406393829084.0
2026-07-31T02:09:40.989114,2026/07/31 02:09:40.929,0,GPU-2c3c1aab-4401-c49f-e973-2d9a530e6442,NVIDIA B200,941.49,1000.0,100.0,15.0,2916.0,179709.0,183359.0,1965.0,3996.0,1965.0,61.0,P0,0,0,Not Active,Not Active,Not Active,Not Active,Not Active,Not Active,151.785,True,6932556715516.0,8406393829084.0
2026-07-31T02:09:41.133208,2026/07/31 02:09:41.076,0,GPU-2c3c1aab-4401-c49f-e973-2d9a530e6442,NVIDIA B200,941.53,1000.0,100.0,15.0,2916.0,179709.0,183359.0,1965.0,3996.0,1965.0,61.0,P0,0,0,Not Active,Not Active,Not Active,Not Active,Not Active,Not Active,149.396,True,6932556715516.0,8406393829084.0
2026-07-31T02:09:41.277537,2026/07/31 02:09:41.220,0,GPU-2c3c1aab-4401-c49f-e973-2d9a530e6442,NVIDIA B200,941.94,1000.0,100.0,16.0,2916.0,179709.0,183359.0,1965.0,3996.0,1965.0,61.0,P0,0,0,Not Active,Not Active,Not Active,Not Active,Not Active,Not Active,143.885,True,6932556715516.0,8406393829084.0
2026-07-31T02:09:41.466529,2026/07/31 02:09:41.411,0,GPU-2c3c1aab-4401-c49f-e973-2d9a530e6442,NVIDIA B200,941.43,1000.0,100.0,15.0,2916.0,179709.0,183359.0,1965.0,3996.0,1965.0,61.0,P0,0,0,Not Active,Not Active,Not Active,Not Active,Not Active,Not Active,190.041,True,6932556715516.0,8406393829084.0
2026-07-31T02:09:41.605950,2026/07/31 02:09:41.550,0,GPU-2c3c1aab-4401-c49f-e973-2d9a530e6442,NVIDIA B200,941.49,1000.0,100.0,15.0,2916.0,179709.0,183359.0,1965.0,3996.0,1965.0,61.0,P0,0,0,Not Active,Not Active,Not Active,Not Active,Not Active,Not Active,137.984,True,6932556715516.0,8406393829084.0
2026-07-31T02:09:41.749188,2026/07/31 02:09:41.690,0,GPU-2c3c1aab-4401-c49f-e973-2d9a530e6442,NVIDIA B200,941.56,1000.0,100.0,15.0,2916.0,179709.0,183359.0,1965.0,3996.0,1965.0,61.0,P0,0,0,Not Active,Not Active,Not Active,Not Active,Not Active,Not Active,139.886,True,6932556715516.0,8406393829084.0
2026-07-31T02:09:41.893179,2026/07/31 02:09:41.834,0,GPU-2c3c1aab-4401-c49f-e973-2d9a530e6442,NVIDIA B200,941.48,1000.0,100.0,15.0,2916.0,179709.0,183359.0,1965.0,3996.0,1965.0,61.0,P0,0,0,Not Active,Not Active,Not Active,Not Active,Not Active,Not Active,144.72,True,6932556715516.0,8406393829084.0
2026-07-31T02:09:42.035393,2026/07/31 02:09:41.976,0,GPU-2c3c1aab-4401-c49f-e973-2d9a530e6442,NVIDIA B200,941.56,1000.0,100.0,15.0,2916.0,179709.0,183359.0,1965.0,3996.0,1965.0,61.0,P0,0,0,Not Active,Not Active,Not Active,Not Active,Not Active,Not Active,143.32,True,6932556715516.0,8406393829084.0
2026-07-31T02:09:42.179204,2026/07/31 02:09:42.121,0,GPU-2c3c1aab-4401-c49f-e973-2d9a530e6442,NVIDIA B200,941.89,1000.0,100.0,15.0,2916.0,179709.0,183359.0,1965.0,3996.0,1965.0,61.0,P0,0,0,Not Active,Not Active,Not Active,Not Active,Not Active,Not Active,145.662,True,6932556715516.0,8406393829084.0
2026-07-31T02:09:42.327685,2026/07/31 02:09:42.268,0,GPU-2c3c1aab-4401-c49f-e973-2d9a530e6442,NVIDIA B200,941.12,1000.0,100.0,15.0,2916.0,179709.0,183359.0,1965.0,3996.0,1965.0,61.0,P0,0,0,Not Active,Not Active,Not Active,Not Active,Not Active,Not Active,145.54,True,6932556715516.0,8406393829084.0
2026-07-31T02:09:42.475407,2026/07/31 02:09:42.416,0,GPU-2c3c1aab-4401-c49f-e973-2d9a530e6442,NVIDIA B200,941.05,1000.0,100.0,15.0,2916.0,179709.0,183359.0,1965.0,3996.0,1965.0,61.0,P0,0,0,Not Active,Not Active,Not Active,Not Active,Not Active,Not Active,149.17,True,6932556715516.0,8406393829084.0
2026-07-31T02:09:42.624398,2026/07/31 02:09:42.566,0,GPU-2c3c1aab-4401-c49f-e973-2d9a530e6442,NVIDIA B200,941.24,1000.0,100.0,16.0,2916.0,179709.0,183359.0,1965.0,3996.0,1965.0,61.0,P0,0,0,Not Active,Not Active,Not Active,Not Active,Not Active,Not Active,148.801,True,6932556715516.0,8406393829084.0
2026-07-31T02:09:42.767430,2026/07/31 02:09:42.710,0,GPU-2c3c1aab-4401-c49f-e973-2d9a530e6442,NVIDIA B200,941.42,1000.0,100.0,16.0,2916.0,179709.0,183359.0,1965.0,3996.0,1965.0,61.0,P0,0,0,Not Active,Not Active,Not Active,Not Active,Not Active,Not Active,144.283,True,6932556715516.0,8406393829084.0
2026-07-31T02:09:42.908471,2026/07/31 02:09:42.849,0,GPU-2c3c1aab-4401-c49f-e973-2d9a530e6442,NVIDIA B200,941.45,1000.0,100.0,15.0,2916.0,179709.0,183359.0,1965.0,3996.0,1965.0,61.0,P0,0,0,Not Active,Not Active,Not Active,Not Active,Not Active,Not Active,138.42,True,6932556715516.0,8406393829084.0
2026-07-31T02:09:43.049379,2026/07/31 02:09:42.992,0,GPU-2c3c1aab-4401-c49f-e973-2d9a530e6442,NVIDIA B200,941.31,1000.0,100.0,15.0,2916.0,179709.0,183359.0,1965.0,3996.0,1965.0,61.0,P0,0,0,Not Active,Not Active,Not Active,Not Active,Not Active,Not Active,144.217,True,6932556715516.0,8406393829084.0
2026-07-31T02:09:43.198169,2026/07/31 02:09:43.135,0,GPU-2c3c1aab-4401-c49f-e973-2d9a530e6442,NVIDIA B200,941.45,1000.0,100.0,15.0,2916.0,179709.0,183359.0,1965.0,3996.0,1965.0,61.0,P0,0,0,Not Active,Not Active,Not Active,Not Active,Not Active,Not Active,141.069,True,6932556715516.0,8406393829084.0
2026-07-31T02:09:43.337080,2026/07/31 02:09:43.280,0,GPU-2c3c1aab-4401-c49f-e973-2d9a530e6442,NVIDIA B200,941.92,1000.0,100.0,15.0,2916.0,179709.0,183359.0,1965.0,3996.0,1965.0,61.0,P0,0,0,Not Active,Not Active,Not Active,Not Active,Not Active,Not Active,145.387,True,6932556715516.0,8406393829084.0
2026-07-31T02:09:43.477119,2026/07/31 02:09:43.420,0,GPU-2c3c1aab-4401-c49f-e973-2d9a530e6442,NVIDIA B200,941.96,1000.0,100.0,15.0,2916.0,179709.0,183359.0,1965.0,3996.0,1965.0,61.0,P0,0,0,Not Active,Not Active,Not Active,Not Active,Not Active,Not Active,140.655,True,6932556715516.0,8406393829084.0
2026-07-31T02:09:43.616037,2026/07/31 02:09:43.559,0,GPU-2c3c1aab-4401-c49f-e973-2d9a530e6442,NVIDIA B200,941.66,1000.0,100.0,15.0,2916.0,179709.0,183359.0,1965.0,3996.0,1965.0,61.0,P0,0,0,Not Active,Not Active,Not Active,Not Active,Not Active,Not Active,139.488,True,6932556715516.0,8406393829084.0
2026-07-31T02:09:43.762792,2026/07/31 02:09:43.697,0,GPU-2c3c1aab-4401-c49f-e973-2d9a530e6442,NVIDIA B200,941.36,1000.0,100.0,15.0,2916.0,179709.0,183359.0,1965.0,3996.0,1965.0,61.0,P0,0,0,Not Active,Not Active,Not Active,Not Active,Not Active,Not Active,138.806,True,6932556715516.0,8406393829084.0
2026-07-31T02:09:43.909168,2026/07/31 02:09:43.849,0,GPU-2c3c1aab-4401-c49f-e973-2d9a530e6442,NVIDIA B200,940.98,1000.0,100.0,15.0,2916.0,179709.0,183359.0,1965.0,3996.0,1965.0,61.0,P0,0,0,Not Active,Not Active,Not Active,Not Active,Not Active,Not Active,148.887,True,6932556715516.0,8406393829084.0
2026-07-31T02:09:44.063883,2026/07/31 02:09:44.000,0,GPU-2c3c1aab-4401-c49f-e973-2d9a530e6442,NVIDIA B200,940.82,1000.0,100.0,15.0,2916.0,179709.0,183359.0,1965.0,3996.0,1965.0,61.0,P0,0,0,Not Active,Not Active,Not Active,Not Active,Not Active,Not Active,151.972,True,6932556715516.0,8406393829084.0
2026-07-31T02:09:44.212276,2026/07/31 02:09:44.149,0,GPU-2c3c1aab-4401-c49f-e973-2d9a530e6442,NVIDIA B200,940.83,1000.0,100.0,15.0,2916.0,179709.0,183359.0,1965.0,3996.0,1965.0,61.0,P0,0,0,Not Active,Not Active,Not Active,Not Active,Not Active,Not Active,150.122,True,6932556715516.0,8406393829084.0
2026-07-31T02:09:44.359635,2026/07/31 02:09:44.299,0,GPU-2c3c1aab-4401-c49f-e973-2d9a530e6442,NVIDIA B200,941.08,1000.0,100.0,15.0,2916.0,179709.0,183359.0,1965.0,3996.0,1965.0,61.0,P0,0,0,Not Active,Not Active,Not Active,Not Active,Not Active,Not Active,150.207,True,6932556715516.0,8406393829084.0
2026-07-31T02:09:44.501446,2026/07/31 02:09:44.440,0,GPU-2c3c1aab-4401-c49f-e973-2d9a530e6442,NVIDIA B200,940.88,1000.0,100.0,15.0,2916.0,179709.0,183359.0,1965.0,3996.0,1965.0,61.0,P0,0,0,Not Active,Not Active,Not Active,Not Active,Not Active,Not Active,141.459,True,6932556715516.0,8406393829084.0
2026-07-31T02:09:44.647555,2026/07/31 02:09:44.590,0,GPU-2c3c1aab-4401-c49f-e973-2d9a530e6442,NVIDIA B200,941.4,1000.0,100.0,15.0,2916.0,179709.0,183359.0,1965.0,3996.0,1965.0,61.0,P0,0,0,Not Active,Not Active,Not Active,Not Active,Not Active,Not Active,149.85,True,6932556715516.0,8406393829084.0
2026-07-31T02:09:44.793355,2026/07/31 02:09:44.737,0,GPU-2c3c1aab-4401-c49f-e973-2d9a530e6442,NVIDIA B200,941.28,1000.0,100.0,15.0,2916.0,179709.0,183359.0,1965.0,3996.0,1965.0,61.0,P0,0,0,Not Active,Not Active,Not Active,Not Active,Not Active,Not Active,146.284,True,6932556715516.0,8406393829084.0
2026-07-31T02:09:44.945145,2026/07/31 02:09:44.887,0,GPU-2c3c1aab-4401-c49f-e973-2d9a530e6442,NVIDIA B200,941.65,1000.0,100.0,15.0,2916.0,179709.0,183359.0,1965.0,3996.0,1965.0,61.0,P0,0,0,Not Active,Not Active,Not Active,Not Active,Not Active,Not Active,150.214,True,6932556715516.0,8406393829084.0
2026-07-31T02:09:45.162215,2026/07/31 02:09:45.098,0,GPU-2c3c1aab-4401-c49f-e973-2d9a530e6442,NVIDIA B200,940.81,1000.0,100.0,15.0,2916.0,179709.0,183359.0,1965.0,3996.0,1965.0,61.0,P0,0,0,Not Active,Not Active,Not Active,Not Active,Not Active,Not Active,196.029,True,6932556715516.0,8406393829084.0
2026-07-31T02:09:45.311126,2026/07/31 02:09:45.254,0,GPU-2c3c1aab-4401-c49f-e973-2d9a530e6442,NVIDIA B200,940.91,1000.0,100.0,15.0,2916.0,179709.0,183359.0,1965.0,3996.0,1965.0,61.0,P0,0,0,Not Active,Not Active,Not Active,Not Active,Not Active,Not Active,171.815,True,6932556715516.0,8406393829084.0
2026-07-31T02:09:45.570671,2026/07/31 02:09:45.472,0,GPU-2c3c1aab-4401-c49f-e973-2d9a530e6442,NVIDIA B200,941.52,1000.0,100.0,16.0,2916.0,179709.0,183359.0,1965.0,3996.0,1965.0,61.0,P0,0,0,Not Active,Not Active,Not Active,Not Active,Not Active,Not Active,157.128,True,6932556715516.0,8406393829084.0
2026-07-31T02:09:45.722120,2026/07/31 02:09:45.664,0,GPU-2c3c1aab-4401-c49f-e973-2d9a530e6442,NVIDIA B200,941.6,1000.0,100.0,15.0,2916.0,179709.0,183359.0,1965.0,3996.0,1965.0,61.0,P0,0,0,Not Active,Not Active,Not Active,Not Active,Not Active,Not Active,250.634,True,6932556715516.0,8406393829084.0
2026-07-31T02:09:45.999611,2026/07/31 02:09:45.841,0,GPU-2c3c1aab-4401-c49f-e973-2d9a530e6442,NVIDIA B200,941.09,1000.0,100.0,15.0,2916.0,179709.0,183359.0,1965.0,3996.0,1965.0,61.0,P0,0,0,Not Active,Not Active,Not Active,Not Active,Not Active,Not Active,147.439,True,6932556715516.0,8406393829084.0
2026-07-31T02:09:46.161193,2026/07/31 02:09:46.097,0,GPU-2c3c1aab-4401-c49f-e973-2d9a530e6442,NVIDIA B200,941.79,1000.0,100.0,15.0,2916.0,179709.0,183359.0,1965.0,3996.0,1965.0,61.0,P0,0,0,Not Active,Not Active,Not Active,Not Active,Not Active,Not Active,286.68,True,6932556715516.0,8406393829084.0
2026-07-31T02:09:46.310155,2026/07/31 02:09:46.248,0,GPU-2c3c1aab-4401-c49f-e973-2d9a530e6442,NVIDIA B200,941.77,1000.0,100.0,15.0,2916.0,179709.0,183359.0,1965.0,3996.0,1965.0,61.0,P0,0,0,Not Active,Not Active,Not Active,Not Active,Not Active,Not Active,150.665,True,6932556715516.0,8406393829084.0
2026-07-31T02:09:46.518074,2026/07/31 02:09:46.461,0,GPU-2c3c1aab-4401-c49f-e973-2d9a530e6442,NVIDIA B200,941.45,1000.0,100.0,15.0,2916.0,179709.0,183359.0,1965.0,3996.0,1965.0,61.0,P0,0,0,Not Active,Not Active,Not Active,Not Active,Not Active,Not Active,211.187,True,6932556715516.0,8406393829084.0
2026-07-31T02:09:46.663843,2026/07/31 02:09:46.600,0,GPU-2c3c1aab-4401-c49f-e973-2d9a530e6442,NVIDIA B200,941.52,1000.0,100.0,15.0,2916.0,179709.0,183359.0,1965.0,3996.0,1965.0,61.0,P0,0,0,Not Active,Not Active,Not Active,Not Active,Not Active,Not Active,141.03,True,6932556715516.0,8406393829084.0
2026-07-31T02:09:46.808486,2026/07/31 02:09:46.749,0,GPU-2c3c1aab-4401-c49f-e973-2d9a530e6442,NVIDIA B200,941.23,1000.0,100.0,16.0,2916.0,179709.0,183359.0,1965.0,3996.0,1965.0,61.0,P0,0,0,Not Active,Not Active,Not Active,Not Active,Not Active,Not Active,147.778,True,6932556715516.0,8406393829084.0
2026-07-31T02:09:46.951190,2026/07/31 02:09:46.893,0,GPU-2c3c1aab-4401-c49f-e973-2d9a530e6442,NVIDIA B200,941.82,1000.0,100.0,16.0,2916.0,179709.0,183359.0,1965.0,3996.0,1965.0,61.0,P0,0,0,Not Active,Not Active,Not Active,Not Active,Not Active,Not Active,143.995,True,6932556715516.0,8406393829084.0
2026-07-31T02:09:47.092008,2026/07/31 02:09:47.033,0,GPU-2c3c1aab-4401-c49f-e973-2d9a530e6442,NVIDIA B200,941.25,1000.0,100.0,15.0,2916.0,179709.0,183359.0,1965.0,3996.0,1965.0,61.0,P0,0,0,Not Active,Not Active,Not Active,Not Active,Not Active,Not Active,142.282,True,6932556715516.0,8406393829084.0
2026-07-31T02:09:47.245138,2026/07/31 02:09:47.183,0,GPU-2c3c1aab-4401-c49f-e973-2d9a530e6442,NVIDIA B200,941.52,1000.0,100.0,15.0,2916.0,179709.0,183359.0,1965.0,3996.0,1965.0,61.0,P0,0,0,Not Active,Not Active,Not Active,Not Active,Not Active,Not Active,148.571,True,6932556715516.0,8406393829084.0
2026-07-31T02:09:47.386114,2026/07/31 02:09:47.330,0,GPU-2c3c1aab-4401-c49f-e973-2d9a530e6442,NVIDIA B200,941.06,1000.0,100.0,15.0,2916.0,179709.0,183359.0,1965.0,3996.0,1965.0,61.0,P0,0,0,Not Active,Not Active,Not Active,Not Active,Not Active,Not Active,148.572,True,6932556715516.0,8406393829084.0
2026-07-31T02:09:47.536579,2026/07/31 02:09:47.477,0,GPU-2c3c1aab-4401-c49f-e973-2d9a530e6442,NVIDIA B200,940.86,1000.0,100.0,15.0,2916.0,179709.0,183359.0,1965.0,3996.0,1965.0,61.0,P0,0,0,Not Active,Not Active,Not Active,Not Active,Not Active,Not Active,142.055,True,6932556715516.0,8406393829084.0
2026-07-31T02:09:47.680993,2026/07/31 02:09:47.620,0,GPU-2c3c1aab-4401-c49f-e973-2d9a530e6442,NVIDIA B200,940.78,1000.0,100.0,15.0,2916.0,179709.0,183359.0,1965.0,3996.0,1965.0,61.0,P0,0,0,Not Active,Not Active,Not Active,Not Active,Not Active,Not Active,147.762,True,6932556715516.0,8406393829084.0
2026-07-31T02:09:47.825211,2026/07/31 02:09:47.767,0,GPU-2c3c1aab-4401-c49f-e973-2d9a530e6442,NVIDIA B200,940.58,1000.0,100.0,15.0,2916.0,179709.0,183359.0,1965.0,3996.0,1965.0,61.0,P0,0,0,Not Active,Not Active,Not Active,Not Active,Not Active,Not Active,146.086,True,6932556715516.0,8406393829084.0
2026-07-31T02:09:47.971032,2026/07/31 02:09:47.912,0,GPU-2c3c1aab-4401-c49f-e973-2d9a530e6442,NVIDIA B200,940.73,1000.0,100.0,15.0,2916.0,179709.0,183359.0,1965.0,3996.0,1965.0,61.0,P0,0,0,Not Active,Not Active,Not Active,Not Active,Not Active,Not Active,143.894,True,6932556715516.0,8406393829084.0
2026-07-31T02:09:48.114993,2026/07/31 02:09:48.057,0,GPU-2c3c1aab-4401-c49f-e973-2d9a530e6442,NVIDIA B200,940.63,1000.0,100.0,15.0,2916.0,179709.0,183359.0,1965.0,3996.0,1965.0,61.0,P0,0,0,Not Active,Not Active,Not Active,Not Active,Not Active,Not Active,146.036,True,6932556715516.0,8406393829084.0
2026-07-31T02:09:48.255085,2026/07/31 02:09:48.198,0,GPU-2c3c1aab-4401-c49f-e973-2d9a530e6442,NVIDIA B200,941.24,1000.0,100.0,15.0,2916.0,179709.0,183359.0,1965.0,3996.0,1965.0,61.0,P0,0,0,Not Active,Not Active,Not Active,Not Active,Not Active,Not Active,142.542,True,6932556715516.0,8406393829084.0
2026-07-31T02:09:48.398884,2026/07/31 02:09:48.340,0,GPU-2c3c1aab-4401-c49f-e973-2d9a530e6442,NVIDIA B200,940.8,1000.0,100.0,15.0,2916.0,179709.0,183359.0,1965.0,3996.0,1965.0,61.0,P0,0,0,Not Active,Not Active,Not Active,Not Active,Not Active,Not Active,140.807,True,6932556715516.0,8406393829084.0
2026-07-31T02:09:48.538205,2026/07/31 02:09:48.483,0,GPU-2c3c1aab-4401-c49f-e973-2d9a530e6442,NVIDIA B200,940.54,1000.0,100.0,15.0,2916.0,179709.0,183359.0,1965.0,3996.0,1965.0,61.0,P0,0,0,Not Active,Not Active,Not Active,Not Active,Not Active,Not Active,143.381,True,6932556715516.0,8406393829084.0
2026-07-31T02:09:48.684127,2026/07/31 02:09:48.624,0,GPU-2c3c1aab-4401-c49f-e973-2d9a530e6442,NVIDIA B200,941.16,1000.0,100.0,15.0,2916.0,179709.0,183359.0,1965.0,3996.0,1965.0,61.0,P0,0,0,Not Active,Not Active,Not Active,Not Active,Not Active,Not Active,139.101,True,6932556715516.0,8406393829084.0
2026-07-31T02:09:48.825671,2026/07/31 02:09:48.767,0,GPU-2c3c1aab-4401-c49f-e973-2d9a530e6442,NVIDIA B200,941.22,1000.0,100.0,15.0,2916.0,179709.0,183359.0,1965.0,3996.0,1965.0,61.0,P0,0,0,Not Active,Not Active,Not Active,Not Active,Not Active,Not Active,143.123,True,6932556715516.0,8406393829084.0
2026-07-31T02:09:48.971965,2026/07/31 02:09:48.913,0,GPU-2c3c1aab-4401-c49f-e973-2d9a530e6442,NVIDIA B200,940.72,1000.0,100.0,15.0,2916.0,179709.0,183359.0,1965.0,3996.0,1965.0,61.0,P0,0,0,Not Active,Not Active,Not Active,Not Active,Not Active,Not Active,147.578,True,6932556715516.0,8406393829084.0
2026-07-31T02:09:49.112531,2026/07/31 02:09:49.055,0,GPU-2c3c1aab-4401-c49f-e973-2d9a530e6442,NVIDIA B200,940.91,1000.0,100.0,15.0,2916.0,179709.0,183359.0,1965.0,3996.0,1965.0,61.0,P0,0,0,Not Active,Not Active,Not Active,Not Active,Not Active,Not Active,141.551,True,6932556715516.0,8406393829084.0
2026-07-31T02:09:49.257007,2026/07/31 02:09:49.199,0,GPU-2c3c1aab-4401-c49f-e973-2d9a530e6442,NVIDIA B200,940.33,1000.0,100.0,15.0,2916.0,179709.0,183359.0,1965.0,3996.0,1965.0,61.0,P0,0,0,Not Active,Not Active,Not Active,Not Active,Not Active,Not Active,142.238,True,6932556715516.0,8406393829084.0
2026-07-31T02:09:49.415350,2026/07/31 02:09:49.357,0,GPU-2c3c1aab-4401-c49f-e973-2d9a530e6442,NVIDIA B200,941.05,1000.0,100.0,15.0,2916.0,179709.0,183359.0,1965.0,3996.0,1965.0,61.0,P0,0,0,Not Active,Not Active,Not Active,Not Active,Not Active,Not Active,159.691,True,6932556715516.0,8406393829084.0
2026-07-31T02:09:49.565370,2026/07/31 02:09:49.502,0,GPU-2c3c1aab-4401-c49f-e973-2d9a530e6442,NVIDIA B200,940.8,1000.0,100.0,15.0,2916.0,179709.0,183359.0,1965.0,3996.0,1965.0,61.0,P0,0,0,Not Active,Not Active,Not Active,Not Active,Not Active,Not Active,142.929,True,6932556715516.0,8406393829084.0
2026-07-31T02:09:49.706276,2026/07/31 02:09:49.648,0,GPU-2c3c1aab-4401-c49f-e973-2d9a530e6442,NVIDIA B200,941.11,1000.0,100.0,16.0,2916.0,179709.0,183359.0,1965.0,3996.0,1965.0,61.0,P0,0,0,Not Active,Not Active,Not Active,Not Active,Not Active,Not Active,148.598,True,6932556715516.0,8406393829084.0
2026-07-31T02:09:49.849516,2026/07/31 02:09:49.791,0,GPU-2c3c1aab-4401-c49f-e973-2d9a530e6442,NVIDIA B200,940.16,1000.0,100.0,15.0,2916.0,179709.0,183359.0,1965.0,3996.0,1965.0,61.0,P0,0,0,Not Active,Not Active,Not Active,Not Active,Not Active,Not Active,143.62,True,6932556715516.0,8406393829084.0
2026-07-31T02:09:49.993062,2026/07/31 02:09:49.932,0,GPU-2c3c1aab-4401-c49f-e973-2d9a530e6442,NVIDIA B200,940.36,1000.0,100.0,15.0,2916.0,179709.0,183359.0,1965.0,3996.0,1965.0,61.0,P0,0,0,Not Active,Not Active,Not Active,Not Active,Not Active,Not Active,140.765,True,6932556715516.0,8406393829084.0
2026-07-31T02:09:50.141616,2026/07/31 02:09:50.084,0,GPU-2c3c1aab-4401-c49f-e973-2d9a530e6442,NVIDIA B200,940.51,1000.0,100.0,15.0,2916.0,179709.0,183359.0,1965.0,3996.0,1965.0,61.0,P0,0,0,Not Active,Not Active,Not Active,Not Active,Not Active,Not Active,151.189,True,6932556715516.0,8406393829084.0
2026-07-31T02:09:50.354841,2026/07/31 02:09:50.285,0,GPU-2c3c1aab-4401-c49f-e973-2d9a530e6442,NVIDIA B200,940.43,1000.0,100.0,15.0,2916.0,179709.0,183359.0,1965.0,3996.0,1965.0,61.0,P0,0,0,Not Active,Not Active,Not Active,Not Active,Not Active,Not Active,174.075,True,6932556715516.0,8406393829084.0
2026-07-31T02:09:50.497526,2026/07/31 02:09:50.440,0,GPU-2c3c1aab-4401-c49f-e973-2d9a530e6442,NVIDIA B200,940.73,1000.0,100.0,15.0,2916.0,179709.0,183359.0,1965.0,3996.0,1965.0,61.0,P0,0,0,Not Active,Not Active,Not Active,Not Active,Not Active,Not Active,180.561,True,6932556715516.0,8406393829084.0
2026-07-31T02:09:50.642363,2026/07/31 02:09:50.581,0,GPU-2c3c1aab-4401-c49f-e973-2d9a530e6442,NVIDIA B200,940.34,1000.0,100.0,15.0,2916.0,179709.0,183359.0,1965.0,3996.0,1965.0,61.0,P0,0,0,Not Active,Not Active,Not Active,Not Active,Not Active,Not Active,143.468,True,6932556715516.0,8406393829084.0
2026-07-31T02:09:50.929263,2026/07/31 02:09:50.821,0,GPU-2c3c1aab-4401-c49f-e973-2d9a530e6442,NVIDIA B200,940.86,1000.0,100.0,15.0,2916.0,179709.0,183359.0,1965.0,3996.0,1965.0,61.0,P0,0,0,Not Active,Not Active,Not Active,Not Active,Not Active,Not Active,221.036,True,6932556715516.0,8406393829084.0
2026-07-31T02:09:51.080180,2026/07/31 02:09:51.019,0,GPU-2c3c1aab-4401-c49f-e973-2d9a530e6442,NVIDIA B200,941.2,1000.0,100.0,15.0,2916.0,179709.0,183359.0,1965.0,3996.0,1965.0,61.0,P0,0,0,Not Active,Not Active,Not Active,Not Active,Not Active,Not Active,214.151,True,6932556715516.0,8406393829084.0
2026-07-31T02:09:51.364996,2026/07/31 02:09:51.272,0,GPU-2c3c1aab-4401-c49f-e973-2d9a530e6442,NVIDIA B200,940.24,1000.0,100.0,15.0,2916.0,179709.0,183359.0,1965.0,3996.0,1965.0,61.0,P0,0,0,Not Active,Not Active,Not Active,Not Active,Not Active,Not Active,251.475,True,6932556715516.0,8406393829084.0
2026-07-31T02:09:51.576285,2026/07/31 02:09:51.504,0,GPU-2c3c1aab-4401-c49f-e973-2d9a530e6442,NVIDIA B200,940.01,1000.0,100.0,15.0,2916.0,179709.0,183359.0,1965.0,3996.0,1965.0,61.0,P0,0,0,Not Active,Not Active,Not Active,Not Active,Not Active,Not Active,236.547,True,6932556715516.0,8406393829084.0
2026-07-31T02:09:51.735129,2026/07/31 02:09:51.678,0,GPU-2c3c1aab-4401-c49f-e973-2d9a530e6442,NVIDIA B200,940.3,1000.0,100.0,15.0,2916.0,179709.0,183359.0,1965.0,3996.0,1965.0,61.0,P0,0,0,Not Active,Not Active,Not Active,Not Active,Not Active,Not Active,152.567,True,6932556715516.0,8406393829084.0
2026-07-31T02:09:51.882278,2026/07/31 02:09:51.821,0,GPU-2c3c1aab-4401-c49f-e973-2d9a530e6442,NVIDIA B200,940.22,1000.0,100.0,15.0,2916.0,179709.0,183359.0,1965.0,3996.0,1965.0,61.0,P0,0,0,Not Active,Not Active,Not Active,Not Active,Not Active,Not Active,163.75,True,6932556715516.0,8406393829084.0
2026-07-31T02:09:52.038868,2026/07/31 02:09:51.969,0,GPU-2c3c1aab-4401-c49f-e973-2d9a530e6442,NVIDIA B200,939.69,1000.0,100.0,15.0,2916.0,179709.0,183359.0,1965.0,3996.0,1965.0,61.0,P0,0,0,Not Active,Not Active,Not Active,Not Active,Not Active,Not Active,145.328,True,6932556715516.0,8406393829084.0
2026-07-31T02:09:52.209873,2026/07/31 02:09:52.148,0,GPU-2c3c1aab-4401-c49f-e973-2d9a530e6442,NVIDIA B200,940.1,1000.0,100.0,15.0,2916.0,179709.0,183359.0,1965.0,3996.0,1965.0,61.0,P0,0,0,Not Active,Not Active,Not Active,Not Active,Not Active,Not Active,171.142,True,6932556715516.0,8406393829084.0
2026-07-31T02:09:52.354995,2026/07/31 02:09:52.298,0,GPU-2c3c1aab-4401-c49f-e973-2d9a530e6442,NVIDIA B200,940.01,1000.0,100.0,15.0,2916.0,179709.0,183359.0,1965.0,3996.0,1965.0,61.0,P0,0,0,Not Active,Not Active,Not Active,Not Active,Not Active,Not Active,161.726,True,6932556715516.0,8406393829084.0
2026-07-31T02:09:52.496574,2026/07/31 02:09:52.437,0,GPU-2c3c1aab-4401-c49f-e973-2d9a530e6442,NVIDIA B200,940.27,1000.0,100.0,16.0,2916.0,179709.0,183359.0,1965.0,3996.0,1965.0,61.0,P0,0,0,Not Active,Not Active,Not Active,Not Active,Not Active,Not Active,136.799,True,6932556715516.0,8406393829084.0
2026-07-31T02:09:52.640423,2026/07/31 02:09:52.583,0,GPU-2c3c1aab-4401-c49f-e973-2d9a530e6442,NVIDIA B200,939.6,1000.0,100.0,15.0,2916.0,179709.0,183359.0,1965.0,3996.0,1965.0,61.0,P0,0,0,Not Active,Not Active,Not Active,Not Active,Not Active,Not Active,147.001,True,6932556715516.0,8406393829084.0
2026-07-31T02:09:52.784397,2026/07/31 02:09:52.728,0,GPU-2c3c1aab-4401-c49f-e973-2d9a530e6442,NVIDIA B200,939.87,1000.0,100.0,15.0,2916.0,179709.0,183359.0,1965.0,3996.0,1965.0,61.0,P0,0,0,Not Active,Not Active,Not Active,Not Active,Not Active,Not Active,145.672,True,6932556715516.0,8406393829084.0
2026-07-31T02:09:52.926139,2026/07/31 02:09:52.869,0,GPU-2c3c1aab-4401-c49f-e973-2d9a530e6442,NVIDIA B200,939.67,1000.0,100.0,15.0,2916.0,179709.0,183359.0,1965.0,3996.0,1965.0,61.0,P0,0,0,Not Active,Not Active,Not Active,Not Active,Not Active,Not Active,138.457,True,6932556715516.0,8406393829084.0
2026-07-31T02:09:53.068508,2026/07/31 02:09:53.012,0,GPU-2c3c1aab-4401-c49f-e973-2d9a530e6442,NVIDIA B200,939.88,1000.0,100.0,15.0,2916.0,179709.0,183359.0,1965.0,3996.0,1965.0,61.0,P0,0,0,Not Active,Not Active,Not Active,Not Active,Not Active,Not Active,145.424,True,6932556715516.0,8406393829084.0
2026-07-31T02:09:53.220572,2026/07/31 02:09:53.155,0,GPU-2c3c1aab-4401-c49f-e973-2d9a530e6442,NVIDIA B200,940.61,1000.0,100.0,15.0,2916.0,179709.0,183359.0,1965.0,3996.0,1965.0,61.0,P0,0,0,Not Active,Not Active,Not Active,Not Active,Not Active,Not Active,143.593,True,6932556715516.0,8406393829084.0
2026-07-31T02:09:53.376614,2026/07/31 02:09:53.314,0,GPU-2c3c1aab-4401-c49f-e973-2d9a530e6442,NVIDIA B200,940.47,1000.0,100.0,15.0,2916.0,179709.0,183359.0,1965.0,3996.0,1965.0,61.0,P0,0,0,Not Active,Not Active,Not Active,Not Active,Not Active,Not Active,155.857,True,6932556715516.0,8406393829084.0
2026-07-31T02:09:53.534379,2026/07/31 02:09:53.476,0,GPU-2c3c1aab-4401-c49f-e973-2d9a530e6442,NVIDIA B200,941.0,1000.0,100.0,15.0,2916.0,179709.0,183359.0,1965.0,3996.0,1965.0,61.0,P0,0,0,Not Active,Not Active,Not Active,Not Active,Not Active,Not Active,152.537,True,6932556715516.0,8406393829084.0
2026-07-31T02:09:53.677389,2026/07/31 02:09:53.618,0,GPU-2c3c1aab-4401-c49f-e973-2d9a530e6442,NVIDIA B200,940.91,1000.0,100.0,15.0,2916.0,179709.0,183359.0,1965.0,3996.0,1965.0,61.0,P0,0,0,Not Active,Not Active,Not Active,Not Active,Not Active,Not Active,152.91,True,6932556715516.0,8406393829084.0
2026-07-31T02:09:53.818250,2026/07/31 02:09:53.757,0,GPU-2c3c1aab-4401-c49f-e973-2d9a530e6442,NVIDIA B200,940.87,1000.0,100.0,16.0,2916.0,179709.0,183359.0,1965.0,3996.0,1965.0,61.0,P0,0,0,Not Active,Not Active,Not Active,Not Active,Not Active,Not Active,140.553,True,6932556715516.0,8406393829084.0
2026-07-31T02:09:53.966262,2026/07/31 02:09:53.903,0,GPU-2c3c1aab-4401-c49f-e973-2d9a530e6442,NVIDIA B200,940.7,1000.0,100.0,16.0,2916.0,179709.0,183359.0,1965.0,3996.0,1965.0,61.0,P0,0,0,Not Active,Not Active,Not Active,Not Active,Not Active,Not Active,142.814,True,6932556715516.0,8406393829084.0
2026-07-31T02:09:54.112524,2026/07/31 02:09:54.050,0,GPU-2c3c1aab-4401-c49f-e973-2d9a530e6442,NVIDIA B200,939.99,1000.0,100.0,15.0,2916.0,179709.0,183359.0,1965.0,3996.0,1965.0,61.0,P0,0,0,Not Active,Not Active,Not Active,Not Active,Not Active,Not Active,149.871,True,6932556715516.0,8406393829084.0
2026-07-31T02:09:54.265799,2026/07/31 02:09:54.201,0,GPU-2c3c1aab-4401-c49f-e973-2d9a530e6442,NVIDIA B200,939.65,1000.0,100.0,15.0,2916.0,179709.0,183359.0,1965.0,3996.0,1965.0,61.0,P0,0,0,Not Active,Not Active,Not Active,Not Active,Not Active,Not Active,149.848,True,6932556715516.0,8406393829084.0
2026-07-31T02:09:54.411128,2026/07/31 02:09:54.352,0,GPU-2c3c1aab-4401-c49f-e973-2d9a530e6442,NVIDIA B200,939.46,1000.0,100.0,15.0,2916.0,179709.0,183359.0,1965.0,3996.0,1965.0,61.0,P0,0,0,Not Active,Not Active,Not Active,Not Active,Not Active,Not Active,150.76,True,6932556715516.0,8406393829084.0
2026-07-31T02:09:54.566116,2026/07/31 02:09:54.501,0,GPU-2c3c1aab-4401-c49f-e973-2d9a530e6442,NVIDIA B200,939.61,1000.0,100.0,15.0,2916.0,179709.0,183359.0,1965.0,3996.0,1965.0,61.0,P0,0,0,Not Active,Not Active,Not Active,Not Active,Not Active,Not Active,149.387,True,6932556715516.0,8406393829084.0
2026-07-31T02:09:54.707960,2026/07/31 02:09:54.649,0,GPU-2c3c1aab-4401-c49f-e973-2d9a530e6442,NVIDIA B200,939.35,1000.0,100.0,15.0,2916.0,179709.0,183359.0,1965.0,3996.0,1965.0,61.0,P0,0,0,Not Active,Not Active,Not Active,Not Active,Not Active,Not Active,148.568,True,6932556715516.0,8406393829084.0
2026-07-31T02:09:54.848177,2026/07/31 02:09:54.791,0,GPU-2c3c1aab-4401-c49f-e973-2d9a530e6442,NVIDIA B200,939.79,1000.0,100.0,15.0,2916.0,179709.0,183359.0,1965.0,3996.0,1965.0,61.0,P0,0,0,Not Active,Not Active,Not Active,Not Active,Not Active,Not Active,142.765,True,6932556715516.0,8406393829084.0
2026-07-31T02:09:54.998270,2026/07/31 02:09:54.938,0,GPU-2c3c1aab-4401-c49f-e973-2d9a530e6442,NVIDIA B200,939.83,1000.0,100.0,15.0,2916.0,179709.0,183359.0,1965.0,3996.0,1965.0,61.0,P0,0,0,Not Active,Not Active,Not Active,Not Active,Not Active,Not Active,146.716,True,6932556715516.0,8406393829084.0
2026-07-31T02:09:55.142579,2026/07/31 02:09:55.085,0,GPU-2c3c1aab-4401-c49f-e973-2d9a530e6442,NVIDIA B200,940.41,1000.0,100.0,15.0,2916.0,179709.0,183359.0,1965.0,3996.0,1965.0,61.0,P0,0,0,Not Active,Not Active,Not Active,Not Active,Not Active,Not Active,146.621,True,6932556715516.0,8406393829084.0
2026-07-31T02:09:55.285124,2026/07/31 02:09:55.227,0,GPU-2c3c1aab-4401-c49f-e973-2d9a530e6442,NVIDIA B200,940.98,1000.0,100.0,16.0,2916.0,179709.0,183359.0,1965.0,3996.0,1965.0,61.0,P0,0,0,Not Active,Not Active,Not Active,Not Active,Not Active,Not Active,139.873,True,6932556715516.0,8406393829084.0
2026-07-31T02:09:55.430974,2026/07/31 02:09:55.371,0,GPU-2c3c1aab-4401-c49f-e973-2d9a530e6442,NVIDIA B200,940.63,1000.0,100.0,15.0,2916.0,179709.0,183359.0,1965.0,3996.0,1965.0,61.0,P0,0,0,Not Active,Not Active,Not Active,Not Active,Not Active,Not Active,143.063,True,6932556715516.0,8406393829084.0
2026-07-31T02:09:55.645583,2026/07/31 02:09:55.586,0,GPU-2c3c1aab-4401-c49f-e973-2d9a530e6442,NVIDIA B200,940.13,1000.0,100.0,15.0,2916.0,179709.0,183359.0,1965.0,3996.0,1965.0,61.0,P0,0,0,Not Active,Not Active,Not Active,Not Active,Not Active,Not Active,206.059,True,6932556715516.0,8406393829084.0
2026-07-31T02:09:55.799072,2026/07/31 02:09:55.734,0,GPU-2c3c1aab-4401-c49f-e973-2d9a530e6442,NVIDIA B200,941.03,1000.0,100.0,15.0,2916.0,179709.0,183359.0,1965.0,3996.0,1965.0,61.0,P0,0,0,Not Active,Not Active,Not Active,Not Active,Not Active,Not Active,157.819,True,6932556715516.0,8406393829084.0
2026-07-31T02:09:55.942655,2026/07/31 02:09:55.885,0,GPU-2c3c1aab-4401-c49f-e973-2d9a530e6442,NVIDIA B200,940.72,1000.0,100.0,15.0,2916.0,179709.0,183359.0,1965.0,3996.0,1965.0,61.0,P0,0,0,Not Active,Not Active,Not Active,Not Active,Not Active,Not Active,152.652,True,6932556715516.0,8406393829084.0
2026-07-31T02:09:56.195058,2026/07/31 02:09:56.029,0,GPU-2c3c1aab-4401-c49f-e973-2d9a530e6442,NVIDIA B200,940.51,1000.0,100.0,15.0,2916.0,179709.0,183359.0,1965.0,3996.0,1965.0,61.0,P0,0,0,Not Active,Not Active,Not Active,Not Active,Not Active,Not Active,141.347,True,6932556715516.0,8406393829084.0
2026-07-31T02:09:56.367116,2026/07/31 02:09:56.303,0,GPU-2c3c1aab-4401-c49f-e973-2d9a530e6442,NVIDIA B200,941.17,1000.0,100.0,15.0,2916.0,179709.0,183359.0,1965.0,3996.0,1965.0,61.0,P0,0,0,Not Active,Not Active,Not Active,Not Active,Not Active,Not Active,275.996,True,6932556715516.0,8406393829084.0
2026-07-31T02:09:56.685217,2026/07/31 02:09:56.625,0,GPU-2c3c1aab-4401-c49f-e973-2d9a530e6442,NVIDIA B200,941.0,1000.0,100.0,16.0,2916.0,179709.0,183359.0,1965.0,3996.0,1965.0,61.0,P0,0,0,Not Active,Not Active,Not Active,Not Active,Not Active,Not Active,304.371,True,6932556715516.0,8406393829084.0
2026-07-31T02:09:56.828434,2026/07/31 02:09:56.772,0,GPU-2c3c1aab-4401-c49f-e973-2d9a530e6442,NVIDIA B200,939.88,1000.0,100.0,15.0,2916.0,179709.0,183359.0,1965.0,3996.0,1965.0,61.0,P0,0,0,Not Active,Not Active,Not Active,Not Active,Not Active,Not Active,163.701,True,6932556715516.0,8406393829084.0
2026-07-31T02:09:56.984546,2026/07/31 02:09:56.928,0,GPU-2c3c1aab-4401-c49f-e973-2d9a530e6442,NVIDIA B200,940.02,1000.0,100.0,15.0,2916.0,179709.0,183359.0,1965.0,3996.0,1965.0,61.0,P0,0,0,Not Active,Not Active,Not Active,Not Active,Not Active,Not Active,156.072,True,6932556715516.0,8406393829084.0
2026-07-31T02:09:57.130227,2026/07/31 02:09:57.072,0,GPU-2c3c1aab-4401-c49f-e973-2d9a530e6442,NVIDIA B200,939.84,1000.0,100.0,15.0,2916.0,179709.0,183359.0,1965.0,3996.0,1965.0,61.0,P0,0,0,Not Active,Not Active,Not Active,Not Active,Not Active,Not Active,144.005,True,6932556715516.0,8406393829084.0
2026-07-31T02:09:57.278018,2026/07/31 02:09:57.216,0,GPU-2c3c1aab-4401-c49f-e973-2d9a530e6442,NVIDIA B200,939.6,1000.0,100.0,15.0,2916.0,179709.0,183359.0,1965.0,3996.0,1965.0,61.0,P0,0,0,Not Active,Not Active,Not Active,Not Active,Not Active,Not Active,146.239,True,6932556715516.0,8406393829084.0
2026-07-31T02:09:57.441416,2026/07/31 02:09:57.361,0,GPU-2c3c1aab-4401-c49f-e973-2d9a530e6442,NVIDIA B200,939.47,1000.0,100.0,15.0,2916.0,179709.0,183359.0,1965.0,3996.0,1965.0,61.0,P0,0,0,Not Active,Not Active,Not Active,Not Active,Not Active,Not Active,142.459,True,6932556715516.0,8406393829084.0
2026-07-31T02:09:57.595344,2026/07/31 02:09:57.533,0,GPU-2c3c1aab-4401-c49f-e973-2d9a530e6442,NVIDIA B200,939.41,1000.0,100.0,15.0,2916.0,179709.0,183359.0,1965.0,3996.0,1965.0,61.0,P0,0,0,Not Active,Not Active,Not Active,Not Active,Not Active,Not Active,171.397,True,6932556715516.0,8406393829084.0
2026-07-31T02:09:57.745699,2026/07/31 02:09:57.686,0,GPU-2c3c1aab-4401-c49f-e973-2d9a530e6442,NVIDIA B200,940.15,1000.0,100.0,15.0,2916.0,179709.0,183359.0,1965.0,3996.0,1965.0,61.0,P0,0,0,Not Active,Not Active,Not Active,Not Active,Not Active,Not Active,155.492,True,6932556715516.0,8406393829084.0
2026-07-31T02:09:57.889827,2026/07/31 02:09:57.831,0,GPU-2c3c1aab-4401-c49f-e973-2d9a530e6442,NVIDIA B200,940.93,1000.0,100.0,15.0,2916.0,179709.0,183359.0,1965.0,3996.0,1965.0,61.0,P0,0,0,Not Active,Not Active,Not Active,Not Active,Not Active,Not Active,145.233,True,6932556715516.0,8406393829084.0
2026-07-31T02:09:58.048196,2026/07/31 02:09:57.987,0,GPU-2c3c1aab-4401-c49f-e973-2d9a530e6442,NVIDIA B200,940.72,1000.0,100.0,16.0,2916.0,179709.0,183359.0,1965.0,3996.0,1965.0,61.0,P0,0,0,Not Active,Not Active,Not Active,Not Active,Not Active,Not Active,155.313,True,6932556715516.0,8406393829084.0
2026-07-31T02:09:58.187990,2026/07/31 02:09:58.133,0,GPU-2c3c1aab-4401-c49f-e973-2d9a530e6442,NVIDIA B200,940.42,1000.0,100.0,16.0,2916.0,179709.0,183359.0,1965.0,3996.0,1965.0,61.0,P0,0,0,Not Active,Not Active,Not Active,Not Active,Not Active,Not Active,146.594,True,6932556715516.0,8406393829084.0
2026-07-31T02:09:58.331245,2026/07/31 02:09:58.273,0,GPU-2c3c1aab-4401-c49f-e973-2d9a530e6442,NVIDIA B200,939.83,1000.0,100.0,15.0,2916.0,179709.0,183359.0,1965.0,3996.0,1965.0,61.0,P0,0,0,Not Active,Not Active,Not Active,Not Active,Not Active,Not Active,139.906,True,6932556715516.0,8406393829084.0
2026-07-31T02:09:58.478352,2026/07/31 02:09:58.416,0,GPU-2c3c1aab-4401-c49f-e973-2d9a530e6442,NVIDIA B200,939.95,1000.0,100.0,15.0,2916.0,179709.0,183359.0,1965.0,3996.0,1965.0,61.0,P0,0,0,Not Active,Not Active,Not Active,Not Active,Not Active,Not Active,142.83,True,6932556715516.0,8406393829084.0
2026-07-31T02:09:58.620228,2026/07/31 02:09:58.561,0,GPU-2c3c1aab-4401-c49f-e973-2d9a530e6442,NVIDIA B200,939.67,1000.0,100.0,15.0,2916.0,179709.0,183359.0,1965.0,3996.0,1965.0,61.0,P0,0,0,Not Active,Not Active,Not Active,Not Active,Not Active,Not Active,145.249,True,6932556715516.0,8406393829084.0
2026-07-31T02:09:58.759850,2026/07/31 02:09:58.703,0,GPU-2c3c1aab-4401-c49f-e973-2d9a530e6442,NVIDIA B200,939.35,1000.0,100.0,15.0,2916.0,179709.0,183359.0,1965.0,3996.0,1965.0,61.0,P0,0,0,Not Active,Not Active,Not Active,Not Active,Not Active,Not Active,141.983,True,6932556715516.0,8406393829084.0
2026-07-31T02:09:58.900044,2026/07/31 02:09:58.842,0,GPU-2c3c1aab-4401-c49f-e973-2d9a530e6442,NVIDIA B200,939.24,1000.0,100.0,15.0,2916.0,179709.0,183359.0,1965.0,3996.0,1965.0,61.0,P0,0,0,Not Active,Not Active,Not Active,Not Active,Not Active,Not Active,139.191,True,6932556715516.0,8406393829084.0
2026-07-31T02:09:59.046033,2026/07/31 02:09:58.986,0,GPU-2c3c1aab-4401-c49f-e973-2d9a530e6442,NVIDIA B200,939.95,1000.0,100.0,15.0,2916.0,179709.0,183359.0,1965.0,3996.0,1965.0,61.0,P0,0,0,Not Active,Not Active,Not Active,Not Active,Not Active,Not Active,144.343,True,6932556715516.0,8406393829084.0
2026-07-31T02:09:59.193240,2026/07/31 02:09:59.132,0,GPU-2c3c1aab-4401-c49f-e973-2d9a530e6442,NVIDIA B200,940.18,1000.0,100.0,15.0,2916.0,179709.0,183359.0,1965.0,3996.0,1965.0,61.0,P0,0,0,Not Active,Not Active,Not Active,Not Active,Not Active,Not Active,145.366,True,6932556715516.0,8406393829084.0
2026-07-31T02:09:59.337211,2026/07/31 02:09:59.276,0,GPU-2c3c1aab-4401-c49f-e973-2d9a530e6442,NVIDIA B200,941.12,1000.0,100.0,15.0,2916.0,179709.0,183359.0,1965.0,3996.0,1965.0,61.0,P0,0,0,Not Active,Not Active,Not Active,Not Active,Not Active,Not Active,144.542,True,6932556715516.0,8406393829084.0
2026-07-31T02:09:59.487511,2026/07/31 02:09:59.423,0,GPU-2c3c1aab-4401-c49f-e973-2d9a530e6442,NVIDIA B200,940.92,1000.0,100.0,16.0,2916.0,179709.0,183359.0,1965.0,3996.0,1965.0,61.0,P0,0,0,Not Active,Not Active,Not Active,Not Active,Not Active,Not Active,146.968,True,6932556715516.0,8406393829084.0
2026-07-31T02:09:59.629994,2026/07/31 02:09:59.573,0,GPU-2c3c1aab-4401-c49f-e973-2d9a530e6442,NVIDIA B200,940.39,1000.0,100.0,15.0,2916.0,179709.0,183359.0,1965.0,3996.0,1965.0,61.0,P0,0,0,Not Active,Not Active,Not Active,Not Active,Not Active,Not Active,146.681,True,6932556715516.0,8406393829084.0
2026-07-31T02:09:59.780552,2026/07/31 02:09:59.721,0,GPU-2c3c1aab-4401-c49f-e973-2d9a530e6442,NVIDIA B200,940.88,1000.0,100.0,15.0,2916.0,179709.0,183359.0,1965.0,3996.0,1965.0,61.0,P0,0,0,Not Active,Not Active,Not Active,Not Active,Not Active,Not Active,150.297,True,6932556715516.0,8406393829084.0
2026-07-31T02:09:59.929846,2026/07/31 02:09:59.869,0,GPU-2c3c1aab-4401-c49f-e973-2d9a530e6442,NVIDIA B200,940.48,1000.0,100.0,15.0,2916.0,179709.0,183359.0,1965.0,3996.0,1965.0,61.0,P0,0,0,Not Active,Not Active,Not Active,Not Active,Not Active,Not Active,145.894,True,6932556715516.0,8406393829084.0
2026-07-31T02:10:00.079988,2026/07/31 02:10:00.015,0,GPU-2c3c1aab-4401-c49f-e973-2d9a530e6442,NVIDIA B200,940.34,1000.0,100.0,15.0,2916.0,179709.0,183359.0,1965.0,3996.0,1965.0,61.0,P0,0,0,Not Active,Not Active,Not Active,Not Active,Not Active,Not Active,147.109,True,6932556715516.0,8406393829084.0
2026-07-31T02:10:00.222638,2026/07/31 02:10:00.163,0,GPU-2c3c1aab-4401-c49f-e973-2d9a530e6442,NVIDIA B200,940.38,1000.0,100.0,15.0,2916.0,179709.0,183359.0,1965.0,3996.0,1965.0,61.0,P0,0,0,Not Active,Not Active,Not Active,Not Active,Not Active,Not Active,150.15,True,6932556715516.0,8406393829084.0
2026-07-31T02:10:00.369656,2026/07/31 02:10:00.307,0,GPU-2c3c1aab-4401-c49f-e973-2d9a530e6442,NVIDIA B200,939.83,1000.0,100.0,15.0,2916.0,179709.0,183359.0,1965.0,3996.0,1965.0,61.0,P0,0,0,Not Active,Not Active,Not Active,Not Active,Not Active,Not Active,143.678,True,6932556715516.0,8406393829084.0
2026-07-31T02:10:00.551373,2026/07/31 02:10:00.483,0,GPU-2c3c1aab-4401-c49f-e973-2d9a530e6442,NVIDIA B200,940.43,1000.0,100.0,15.0,2916.0,179709.0,183359.0,1965.0,3996.0,1965.0,61.0,P0,0,0,Not Active,Not Active,Not Active,Not Active,Not Active,Not Active,175.794,True,6932556715516.0,8406393829084.0
2026-07-31T02:10:00.748435,2026/07/31 02:10:00.643,0,GPU-2c3c1aab-4401-c49f-e973-2d9a530e6442,NVIDIA B200,941.01,1000.0,100.0,15.0,2916.0,179709.0,183359.0,1965.0,3996.0,1965.0,61.0,P0,0,0,Not Active,Not Active,Not Active,Not Active,Not Active,Not Active,157.296,True,6932556715516.0,8406393829084.0
2026-07-31T02:10:00.911512,2026/07/31 02:10:00.851,0,GPU-2c3c1aab-4401-c49f-e973-2d9a530e6442,NVIDIA B200,941.06,1000.0,100.0,15.0,2916.0,179709.0,183359.0,1965.0,3996.0,1965.0,61.0,P0,0,0,Not Active,Not Active,Not Active,Not Active,Not Active,Not Active,208.837,True,6932556715516.0,8406393829084.0
2026-07-31T02:10:01.057657,2026/07/31 02:10:00.998,0,GPU-2c3c1aab-4401-c49f-e973-2d9a530e6442,NVIDIA B200,940.17,1000.0,100.0,15.0,2916.0,179709.0,183359.0,1965.0,3996.0,1965.0,61.0,P0,0,0,Not Active,Not Active,Not Active,Not Active,Not Active,Not Active,149.21,True,6932556715516.0,8406393829084.0
2026-07-31T02:10:01.201563,2026/07/31 02:10:01.140,0,GPU-2c3c1aab-4401-c49f-e973-2d9a530e6442,NVIDIA B200,940.04,1000.0,100.0,15.0,2916.0,179709.0,183359.0,1965.0,3996.0,1965.0,61.0,P0,0,0,Not Active,Not Active,Not Active,Not Active,Not Active,Not Active,141.897,True,6932556715516.0,8406393829084.0
2026-07-31T02:10:01.424500,2026/07/31 02:10:01.288,0,GPU-2c3c1aab-4401-c49f-e973-2d9a530e6442,NVIDIA B200,940.5,1000.0,100.0,15.0,2916.0,179709.0,183359.0,1965.0,3996.0,1965.0,61.0,P0,0,0,Not Active,Not Active,Not Active,Not Active,Not Active,Not Active,147.578,True,6932556715516.0,8406393829084.0
2026-07-31T02:10:01.681580,2026/07/31 02:10:01.619,0,GPU-2c3c1aab-4401-c49f-e973-2d9a530e6442,NVIDIA B200,940.4,1000.0,100.0,15.0,2916.0,179709.0,183359.0,1965.0,3996.0,1965.0,61.0,P0,0,0,Not Active,Not Active,Not Active,Not Active,Not Active,Not Active,332.16,True,6932556715516.0,8406393829084.0
2026-07-31T02:10:01.966647,2026/07/31 02:10:01.879,0,GPU-2c3c1aab-4401-c49f-e973-2d9a530e6442,NVIDIA B200,941.18,1000.0,100.0,15.0,2916.0,179709.0,183359.0,1965.0,3996.0,1965.0,61.0,P0,0,0,Not Active,Not Active,Not Active,Not Active,Not Active,Not Active,258.569,True,6932556715516.0,8406393829084.0
2026-07-31T02:10:02.106156,2026/07/31 02:10:02.043,0,GPU-2c3c1aab-4401-c49f-e973-2d9a530e6442,NVIDIA B200,940.89,1000.0,100.0,15.0,2916.0,179709.0,183359.0,1965.0,3996.0,1965.0,61.0,P0,0,0,Not Active,Not Active,Not Active,Not Active,Not Active,Not Active,166.646,True,6932556715516.0,8406393829084.0
2026-07-31T02:10:02.256358,2026/07/31 02:10:02.200,0,GPU-2c3c1aab-4401-c49f-e973-2d9a530e6442,NVIDIA B200,940.92,1000.0,100.0,15.0,2916.0,179709.0,183359.0,1965.0,3996.0,1965.0,61.0,P0,0,0,Not Active,Not Active,Not Active,Not Active,Not Active,Not Active,153.963,True,6932556715516.0,8406393829084.0
2026-07-31T02:10:02.404997,2026/07/31 02:10:02.342,0,GPU-2c3c1aab-4401-c49f-e973-2d9a530e6442,NVIDIA B200,940.57,1000.0,100.0,15.0,2916.0,179709.0,183359.0,1965.0,3996.0,1965.0,61.0,P0,0,0,Not Active,Not Active,Not Active,Not Active,Not Active,Not Active,140.625,True,6932556715516.0,8406393829084.0
2026-07-31T02:10:02.546119,2026/07/31 02:10:02.489,0,GPU-2c3c1aab-4401-c49f-e973-2d9a530e6442,NVIDIA B200,940.47,1000.0,100.0,15.0,2916.0,179709.0,183359.0,1965.0,3996.0,1965.0,61.0,P0,0,0,Not Active,Not Active,Not Active,Not Active,Not Active,Not Active,149.389,True,6932556715516.0,8406393829084.0
2026-07-31T02:10:02.694625,2026/07/31 02:10:02.634,0,GPU-2c3c1aab-4401-c49f-e973-2d9a530e6442,NVIDIA B200,940.52,1000.0,100.0,15.0,2916.0,179709.0,183359.0,1965.0,3996.0,1965.0,61.0,P0,0,0,Not Active,Not Active,Not Active,Not Active,Not Active,Not Active,143.21,True,6932556715516.0,8406393829084.0
2026-07-31T02:10:02.838981,2026/07/31 02:10:02.779,0,GPU-2c3c1aab-4401-c49f-e973-2d9a530e6442,NVIDIA B200,940.82,1000.0,100.0,15.0,2916.0,179709.0,183359.0,1965.0,3996.0,1965.0,61.0,P0,0,0,Not Active,Not Active,Not Active,Not Active,Not Active,Not Active,145.988,True,6932556715516.0,8406393829084.0
2026-07-31T02:10:02.989170,2026/07/31 02:10:02.931,0,GPU-2c3c1aab-4401-c49f-e973-2d9a530e6442,NVIDIA B200,940.5,1000.0,100.0,15.0,2916.0,179709.0,183359.0,1965.0,3996.0,1965.0,61.0,P0,0,0,Not Active,Not Active,Not Active,Not Active,Not Active,Not Active,152.02,True,6932556715516.0,8406393829084.0
2026-07-31T02:10:03.134150,2026/07/31 02:10:03.076,0,GPU-2c3c1aab-4401-c49f-e973-2d9a530e6442,NVIDIA B200,940.14,1000.0,100.0,15.0,2916.0,179709.0,183359.0,1965.0,3996.0,1965.0,61.0,P0,0,0,Not Active,Not Active,Not Active,Not Active,Not Active,Not Active,143.484,True,6932556715516.0,8406393829084.0
2026-07-31T02:10:03.280167,2026/07/31 02:10:03.220,0,GPU-2c3c1aab-4401-c49f-e973-2d9a530e6442,NVIDIA B200,941.09,1000.0,100.0,15.0,2916.0,179709.0,183359.0,1965.0,3996.0,1965.0,61.0,P0,0,0,Not Active,Not Active,Not Active,Not Active,Not Active,Not Active,146.373,True,6932556715516.0,8406393829084.0
2026-07-31T02:10:03.427233,2026/07/31 02:10:03.369,0,GPU-2c3c1aab-4401-c49f-e973-2d9a530e6442,NVIDIA B200,940.92,1000.0,100.0,15.0,2916.0,179709.0,183359.0,1965.0,3996.0,1965.0,61.0,P0,0,0,Not Active,Not Active,Not Active,Not Active,Not Active,Not Active,145.185,True,6932556715516.0,8406393829084.0
2026-07-31T02:10:03.575144,2026/07/31 02:10:03.512,0,GPU-2c3c1aab-4401-c49f-e973-2d9a530e6442,NVIDIA B200,941.11,1000.0,100.0,15.0,2916.0,179709.0,183359.0,1965.0,3996.0,1965.0,61.0,P0,0,0,Not Active,Not Active,Not Active,Not Active,Not Active,Not Active,144.948,True,6932556715516.0,8406393829084.0
2026-07-31T02:10:03.720012,2026/07/31 02:10:03.661,0,GPU-2c3c1aab-4401-c49f-e973-2d9a530e6442,NVIDIA B200,940.33,1000.0,100.0,15.0,2916.0,179709.0,183359.0,1965.0,3996.0,1965.0,61.0,P0,0,0,Not Active,Not Active,Not Active,Not Active,Not Active,Not Active,149.925,True,6932556715516.0,8406393829084.0
2026-07-31T02:10:03.867734,2026/07/31 02:10:03.805,0,GPU-2c3c1aab-4401-c49f-e973-2d9a530e6442,NVIDIA B200,940.9,1000.0,100.0,15.0,2916.0,179709.0,183359.0,1965.0,3996.0,1965.0,61.0,P0,0,0,Not Active,Not Active,Not Active,Not Active,Not Active,Not Active,145.909,True,6932556715516.0,8406393829084.0
2026-07-31T02:10:04.011899,2026/07/31 02:10:03.952,0,GPU-2c3c1aab-4401-c49f-e973-2d9a530e6442,NVIDIA B200,940.5,1000.0,100.0,15.0,2916.0,179709.0,183359.0,1965.0,3996.0,1965.0,61.0,P0,0,0,Not Active,Not Active,Not Active,Not Active,Not Active,Not Active,146.181,True,6932556715516.0,8406393829084.0
2026-07-31T02:10:04.157181,2026/07/31 02:10:04.097,0,GPU-2c3c1aab-4401-c49f-e973-2d9a530e6442,NVIDIA B200,940.97,1000.0,100.0,15.0,2916.0,179709.0,183359.0,1965.0,3996.0,1965.0,61.0,P0,0,0,Not Active,Not Active,Not Active,Not Active,Not Active,Not Active,145.881,True,6932556715516.0,8406393829084.0
2026-07-31T02:10:04.302637,2026/07/31 02:10:04.243,0,GPU-2c3c1aab-4401-c49f-e973-2d9a530e6442,NVIDIA B200,940.4,1000.0,100.0,15.0,2916.0,179709.0,183359.0,1965.0,3996.0,1965.0,61.0,P0,0,0,Not Active,Not Active,Not Active,Not Active,Not Active,Not Active,144.456,True,6932556715516.0,8406393829084.0
2026-07-31T02:10:04.448449,2026/07/31 02:10:04.389,0,GPU-2c3c1aab-4401-c49f-e973-2d9a530e6442,NVIDIA B200,940.72,1000.0,100.0,15.0,2916.0,179709.0,183359.0,1965.0,3996.0,1965.0,61.0,P0,0,0,Not Active,Not Active,Not Active,Not Active,Not Active,Not Active,147.258,True,6932556715516.0,8406393829084.0
2026-07-31T02:10:04.592237,2026/07/31 02:10:04.534,0,GPU-2c3c1aab-4401-c49f-e973-2d9a530e6442,NVIDIA B200,940.35,1000.0,100.0,15.0,2916.0,179709.0,183359.0,1965.0,3996.0,1965.0,61.0,P0,0,0,Not Active,Not Active,Not Active,Not Active,Not Active,Not Active,143.428,True,6932556715516.0,8406393829084.0
2026-07-31T02:10:04.732977,2026/07/31 02:10:04.676,0,GPU-2c3c1aab-4401-c49f-e973-2d9a530e6442,NVIDIA B200,940.94,1000.0,100.0,15.0,2916.0,179709.0,183359.0,1965.0,3996.0,1965.0,61.0,P0,0,0,Not Active,Not Active,Not Active,Not Active,Not Active,Not Active,141.789,True,6932556715516.0,8406393829084.0
2026-07-31T02:10:04.875533,2026/07/31 02:10:04.814,0,GPU-2c3c1aab-4401-c49f-e973-2d9a530e6442,NVIDIA B200,940.25,1000.0,100.0,15.0,2916.0,179709.0,183359.0,1965.0,3996.0,1965.0,61.0,P0,0,0,Not Active,Not Active,Not Active,Not Active,Not Active,Not Active,139.916,True,6932556715516.0,8406393829084.0
2026-07-31T02:10:05.017991,2026/07/31 02:10:04.958,0,GPU-2c3c1aab-4401-c49f-e973-2d9a530e6442,NVIDIA B200,940.92,1000.0,100.0,15.0,2916.0,179709.0,183359.0,1965.0,3996.0,1965.0,61.0,P0,0,0,Not Active,Not Active,Not Active,Not Active,Not Active,Not Active,143.884,True,6932556715516.0,8406393829084.0
2026-07-31T02:10:05.163425,2026/07/31 02:10:05.102,0,GPU-2c3c1aab-4401-c49f-e973-2d9a530e6442,NVIDIA B200,940.17,1000.0,100.0,15.0,2916.0,179709.0,183359.0,1965.0,3996.0,1965.0,61.0,P0,0,0,Not Active,Not Active,Not Active,Not Active,Not Active,Not Active,142.997,True,6932556715516.0,8406393829084.0
2026-07-31T02:10:05.305272,2026/07/31 02:10:05.247,0,GPU-2c3c1aab-4401-c49f-e973-2d9a530e6442,NVIDIA B200,940.72,1000.0,100.0,15.0,2916.0,179709.0,183359.0,1965.0,3996.0,1965.0,61.0,P0,0,0,Not Active,Not Active,Not Active,Not Active,Not Active,Not Active,145.094,True,6932556715516.0,8406393829084.0
2026-07-31T02:10:05.448368,2026/07/31 02:10:05.391,0,GPU-2c3c1aab-4401-c49f-e973-2d9a530e6442,NVIDIA B200,940.62,1000.0,100.0,15.0,2916.0,179709.0,183359.0,1965.0,3996.0,1965.0,61.0,P0,0,0,Not Active,Not Active,Not Active,Not Active,Not Active,Not Active,144.155,True,6932556715516.0,8406393829084.0
2026-07-31T02:10:05.593235,2026/07/31 02:10:05.534,0,GPU-2c3c1aab-4401-c49f-e973-2d9a530e6442,NVIDIA B200,941.05,1000.0,100.0,15.0,2916.0,179709.0,183359.0,1965.0,3996.0,1965.0,61.0,P0,0,0,Not Active,Not Active,Not Active,Not Active,Not Active,Not Active,143.096,True,6932556715516.0,8406393829084.0
2026-07-31T02:10:05.738352,2026/07/31 02:10:05.680,0,GPU-2c3c1aab-4401-c49f-e973-2d9a530e6442,NVIDIA B200,940.42,1000.0,100.0,15.0,2916.0,179709.0,183359.0,1965.0,3996.0,1965.0,61.0,P0,0,0,Not Active,Not Active,Not Active,Not Active,Not Active,Not Active,143.393,True,6932556715516.0,8406393829084.0
2026-07-31T02:10:05.886432,2026/07/31 02:10:05.827,0,GPU-2c3c1aab-4401-c49f-e973-2d9a530e6442,NVIDIA B200,941.17,1000.0,100.0,15.0,2916.0,179709.0,183359.0,1965.0,3996.0,1965.0,61.0,P0,0,0,Not Active,Not Active,Not Active,Not Active,Not Active,Not Active,149.677,True,6932556715516.0,8406393829084.0
2026-07-31T02:10:06.099011,2026/07/31 02:10:06.039,0,GPU-2c3c1aab-4401-c49f-e973-2d9a530e6442,NVIDIA B200,941.09,1000.0,100.0,15.0,2916.0,179709.0,183359.0,1965.0,3996.0,1965.0,61.0,P0,0,0,Not Active,Not Active,Not Active,Not Active,Not Active,Not Active,196.907,True,6932556715516.0,8406393829084.0
2026-07-31T02:10:06.239904,2026/07/31 02:10:06.180,0,GPU-2c3c1aab-4401-c49f-e973-2d9a530e6442,NVIDIA B200,941.49,1000.0,100.0,16.0,2916.0,179709.0,183359.0,1965.0,3996.0,1965.0,61.0,P0,0,0,Not Active,Not Active,Not Active,Not Active,Not Active,Not Active,156.16,True,6932556715516.0,8406393829084.0
2026-07-31T02:10:06.391282,2026/07/31 02:10:06.332,0,GPU-2c3c1aab-4401-c49f-e973-2d9a530e6442,NVIDIA B200,941.62,1000.0,100.0,16.0,2916.0,179709.0,183359.0,1965.0,3996.0,1965.0,61.0,P0,0,0,Not Active,Not Active,Not Active,Not Active,Not Active,Not Active,151.889,True,6932556715516.0,8406393829084.0
2026-07-31T02:10:06.535232,2026/07/31 02:10:06.477,0,GPU-2c3c1aab-4401-c49f-e973-2d9a530e6442,NVIDIA B200,940.93,1000.0,100.0,15.0,2916.0,179709.0,183359.0,1965.0,3996.0,1965.0,61.0,P0,0,0,Not Active,Not Active,Not Active,Not Active,Not Active,Not Active,144.916,True,6932556715516.0,8406393829084.0
2026-07-31T02:10:06.864710,2026/07/31 02:10:06.691,0,GPU-2c3c1aab-4401-c49f-e973-2d9a530e6442,NVIDIA B200,941.27,1000.0,100.0,15.0,2916.0,179709.0,183359.0,1965.0,3996.0,1965.0,61.0,P0,0,0,Not Active,Not Active,Not Active,Not Active,Not Active,Not Active,199.681,True,6932556715516.0,8406393829084.0
2026-07-31T02:10:07.115685,2026/07/31 02:10:06.967,0,GPU-2c3c1aab-4401-c49f-e973-2d9a530e6442,NVIDIA B200,941.89,1000.0,100.0,15.0,2916.0,179709.0,183359.0,1965.0,3996.0,1965.0,61.0,P0,0,0,Not Active,Not Active,Not Active,Not Active,Not Active,Not Active,288.207,True,6932556715516.0,8406393829084.0
2026-07-31T02:10:07.277082,2026/07/31 02:10:07.219,0,GPU-2c3c1aab-4401-c49f-e973-2d9a530e6442,NVIDIA B200,940.94,1000.0,100.0,15.0,2916.0,179709.0,183359.0,1965.0,3996.0,1965.0,61.0,P0,0,0,Not Active,Not Active,Not Active,Not Active,Not Active,Not Active,253.939,True,6932556715516.0,8406393829084.0
2026-07-31T02:10:07.423822,2026/07/31 02:10:07.362,0,GPU-2c3c1aab-4401-c49f-e973-2d9a530e6442,NVIDIA B200,940.91,1000.0,100.0,15.0,2916.0,179709.0,183359.0,1965.0,3996.0,1965.0,61.0,P0,0,0,Not Active,Not Active,Not Active,Not Active,Not Active,Not Active,141.815,True,6932556715516.0,8406393829084.0
2026-07-31T02:10:07.569168,2026/07/31 02:10:07.511,0,GPU-2c3c1aab-4401-c49f-e973-2d9a530e6442,NVIDIA B200,941.42,1000.0,100.0,15.0,2916.0,179709.0,183359.0,1965.0,3996.0,1965.0,61.0,P0,0,0,Not Active,Not Active,Not Active,Not Active,Not Active,Not Active,148.835,True,6932556715516.0,8406393829084.0
2026-07-31T02:10:07.715464,2026/07/31 02:10:07.656,0,GPU-2c3c1aab-4401-c49f-e973-2d9a530e6442,NVIDIA B200,941.22,1000.0,100.0,16.0,2916.0,179709.0,183359.0,1965.0,3996.0,1965.0,61.0,P0,0,0,Not Active,Not Active,Not Active,Not Active,Not Active,Not Active,143.587,True,6932556715516.0,8406393829084.0
2026-07-31T02:10:07.858158,2026/07/31 02:10:07.802,0,GPU-2c3c1aab-4401-c49f-e973-2d9a530e6442,NVIDIA B200,941.05,1000.0,100.0,15.0,2916.0,179709.0,183359.0,1965.0,3996.0,1965.0,61.0,P0,0,0,Not Active,Not Active,Not Active,Not Active,Not Active,Not Active,148.016,True,6932556715516.0,8406393829084.0
2026-07-31T02:10:08.001168,2026/07/31 02:10:07.946,0,GPU-2c3c1aab-4401-c49f-e973-2d9a530e6442,NVIDIA B200,940.72,1000.0,100.0,15.0,2916.0,179709.0,183359.0,1965.0,3996.0,1965.0,61.0,P0,0,0,Not Active,Not Active,Not Active,Not Active,Not Active,Not Active,143.828,True,6932556715516.0,8406393829084.0
2026-07-31T02:10:08.139507,2026/07/31 02:10:08.082,0,GPU-2c3c1aab-4401-c49f-e973-2d9a530e6442,NVIDIA B200,941.2,1000.0,100.0,15.0,2916.0,179709.0,183359.0,1965.0,3996.0,1965.0,61.0,P0,0,0,Not Active,Not Active,Not Active,Not Active,Not Active,Not Active,134.137,True,6932556715516.0,8406393829084.0
2026-07-31T02:10:08.286230,2026/07/31 02:10:08.227,0,GPU-2c3c1aab-4401-c49f-e973-2d9a530e6442,NVIDIA B200,941.78,1000.0,100.0,15.0,2916.0,179709.0,183359.0,1965.0,3996.0,1965.0,61.0,P0,0,0,Not Active,Not Active,Not Active,Not Active,Not Active,Not Active,148.522,True,6932556715516.0,8406393829084.0
2026-07-31T02:10:08.441163,2026/07/31 02:10:08.379,0,GPU-2c3c1aab-4401-c49f-e973-2d9a530e6442,NVIDIA B200,941.55,1000.0,100.0,15.0,2916.0,179709.0,183359.0,1965.0,3996.0,1965.0,61.0,P0,0,0,Not Active,Not Active,Not Active,Not Active,Not Active,Not Active,144.508,True,6932556715516.0,8406393829084.0
2026-07-31T02:10:08.593143,2026/07/31 02:10:08.529,0,GPU-2c3c1aab-4401-c49f-e973-2d9a530e6442,NVIDIA B200,941.47,1000.0,100.0,15.0,2916.0,179709.0,183359.0,1965.0,3996.0,1965.0,61.0,P0,0,0,Not Active,Not Active,Not Active,Not Active,Not Active,Not Active,155.763,True,6932556715516.0,8406393829084.0
2026-07-31T02:10:08.735259,2026/07/31 02:10:08.679,0,GPU-2c3c1aab-4401-c49f-e973-2d9a530e6442,NVIDIA B200,941.3,1000.0,100.0,15.0,2916.0,179709.0,183359.0,1965.0,3996.0,1965.0,61.0,P0,0,0,Not Active,Not Active,Not Active,Not Active,Not Active,Not Active,150.31,True,6932556715516.0,8406393829084.0
2026-07-31T02:10:08.894775,2026/07/31 02:10:08.821,0,GPU-2c3c1aab-4401-c49f-e973-2d9a530e6442,NVIDIA B200,941.67,1000.0,100.0,15.0,2916.0,179709.0,183359.0,1965.0,3996.0,1965.0,61.0,P0,0,0,Not Active,Not Active,Not Active,Not Active,Not Active,Not Active,140.823,True,6932556715516.0,8406393829084.0
2026-07-31T02:10:09.042556,2026/07/31 02:10:08.982,0,GPU-2c3c1aab-4401-c49f-e973-2d9a530e6442,NVIDIA B200,941.7,1000.0,100.0,15.0,2916.0,179709.0,183359.0,1965.0,3996.0,1965.0,61.0,P0,0,0,Not Active,Not Active,Not Active,Not Active,Not Active,Not Active,161.709,True,6932556715516.0,8406393829084.0
2026-07-31T02:10:09.186225,2026/07/31 02:10:09.128,0,GPU-2c3c1aab-4401-c49f-e973-2d9a530e6442,NVIDIA B200,941.74,1000.0,100.0,15.0,2916.0,179709.0,183359.0,1965.0,3996.0,1965.0,61.0,P0,0,0,Not Active,Not Active,Not Active,Not Active,Not Active,Not Active,146.838,True,6932556715516.0,8406393829084.0
2026-07-31T02:10:09.339948,2026/07/31 02:10:09.279,0,GPU-2c3c1aab-4401-c49f-e973-2d9a530e6442,NVIDIA B200,941.07,1000.0,100.0,15.0,2916.0,179709.0,183359.0,1965.0,3996.0,1965.0,61.0,P0,0,0,Not Active,Not Active,Not Active,Not Active,Not Active,Not Active,145.027,True,6932556715516.0,8406393829084.0
2026-07-31T02:10:09.490948,2026/07/31 02:10:09.429,0,GPU-2c3c1aab-4401-c49f-e973-2d9a530e6442,NVIDIA B200,941.11,1000.0,100.0,15.0,2916.0,179709.0,183359.0,1965.0,3996.0,1965.0,61.0,P0,0,0,Not Active,Not Active,Not Active,Not Active,Not Active,Not Active,154.6,True,6932556715516.0,8406393829084.0
2026-07-31T02:10:09.639363,2026/07/31 02:10:09.579,0,GPU-2c3c1aab-4401-c49f-e973-2d9a530e6442,NVIDIA B200,941.19,1000.0,100.0,15.0,2916.0,179709.0,183359.0,1965.0,3996.0,1965.0,61.0,P0,0,0,Not Active,Not Active,Not Active,Not Active,Not Active,Not Active,149.446,True,6932556715516.0,8406393829084.0
2026-07-31T02:10:09.785614,2026/07/31 02:10:09.725,0,GPU-2c3c1aab-4401-c49f-e973-2d9a530e6442,NVIDIA B200,941.74,1000.0,100.0,15.0,2916.0,179709.0,183359.0,1965.0,3996.0,1965.0,61.0,P0,0,0,Not Active,Not Active,Not Active,Not Active,Not Active,Not Active,147.991,True,6932556715516.0,8406393829084.0
2026-07-31T02:10:09.931997,2026/07/31 02:10:09.870,0,GPU-2c3c1aab-4401-c49f-e973-2d9a530e6442,NVIDIA B200,941.35,1000.0,100.0,15.0,2916.0,179709.0,183359.0,1965.0,3996.0,1965.0,61.0,P0,0,0,Not Active,Not Active,Not Active,Not Active,Not Active,Not Active,145.564,True,6932556715516.0,8406393829084.0
2026-07-31T02:10:10.078579,2026/07/31 02:10:10.015,0,GPU-2c3c1aab-4401-c49f-e973-2d9a530e6442,NVIDIA B200,941.32,1000.0,100.0,15.0,2916.0,179709.0,183359.0,1965.0,3996.0,1965.0,61.0,P0,0,0,Not Active,Not Active,Not Active,Not Active,Not Active,Not Active,143.552,True,6932556715516.0,8406393829084.0
2026-07-31T02:10:10.222091,2026/07/31 02:10:10.160,0,GPU-2c3c1aab-4401-c49f-e973-2d9a530e6442,NVIDIA B200,941.55,1000.0,100.0,15.0,2916.0,179709.0,183359.0,1965.0,3996.0,1965.0,61.0,P0,0,0,Not Active,Not Active,Not Active,Not Active,Not Active,Not Active,143.917,True,6932556715516.0,8406393829084.0
2026-07-31T02:10:10.360738,2026/07/31 02:10:10.307,0,GPU-2c3c1aab-4401-c49f-e973-2d9a530e6442,NVIDIA B200,941.91,1000.0,100.0,15.0,2916.0,179709.0,183359.0,1965.0,3996.0,1965.0,61.0,P0,0,0,Not Active,Not Active,Not Active,Not Active,Not Active,Not Active,151.86,True,6932556715516.0,8406393829084.0
2026-07-31T02:10:10.510508,2026/07/31 02:10:10.451,0,GPU-2c3c1aab-4401-c49f-e973-2d9a530e6442,NVIDIA B200,941.89,1000.0,100.0,15.0,2916.0,179709.0,183359.0,1965.0,3996.0,1965.0,61.0,P0,0,0,Not Active,Not Active,Not Active,Not Active,Not Active,Not Active,139.341,True,6932556715516.0,8406393829084.0
2026-07-31T02:10:10.653961,2026/07/31 02:10:10.594,0,GPU-2c3c1aab-4401-c49f-e973-2d9a530e6442,NVIDIA B200,941.61,1000.0,100.0,15.0,2916.0,179709.0,183359.0,1965.0,3996.0,1965.0,61.0,P0,0,0,Not Active,Not Active,Not Active,Not Active,Not Active,Not Active,144.822,True,6932556715516.0,8406393829084.0
2026-07-31T02:10:10.796045,2026/07/31 02:10:10.736,0,GPU-2c3c1aab-4401-c49f-e973-2d9a530e6442,NVIDIA B200,940.92,1000.0,100.0,15.0,2916.0,179709.0,183359.0,1965.0,3996.0,1965.0,61.0,P0,0,0,Not Active,Not Active,Not Active,Not Active,Not Active,Not Active,142.418,True,6932556715516.0,8406393829084.0
2026-07-31T02:10:10.940138,2026/07/31 02:10:10.883,0,GPU-2c3c1aab-4401-c49f-e973-2d9a530e6442,NVIDIA B200,940.81,1000.0,100.0,15.0,2916.0,179709.0,183359.0,1965.0,3996.0,1965.0,61.0,P0,0,0,Not Active,Not Active,Not Active,Not Active,Not Active,Not Active,146.085,True,6932556715516.0,8406393829084.0
2026-07-31T02:10:11.095270,2026/07/31 02:10:11.028,0,GPU-2c3c1aab-4401-c49f-e973-2d9a530e6442,NVIDIA B200,941.41,1000.0,100.0,15.0,2916.0,179709.0,183359.0,1965.0,3996.0,1965.0,61.0,P0,0,0,Not Active,Not Active,Not Active,Not Active,Not Active,Not Active,144.892,True,6932556715516.0,8406393829084.0
2026-07-31T02:10:11.298377,2026/07/31 02:10:11.228,0,GPU-2c3c1aab-4401-c49f-e973-2d9a530e6442,NVIDIA B200,941.44,1000.0,100.0,15.0,2916.0,179709.0,183359.0,1965.0,3996.0,1965.0,61.0,P0,0,0,Not Active,Not Active,Not Active,Not Active,Not Active,Not Active,200.777,True,6932556715516.0,8406393829084.0
2026-07-31T02:10:11.448454,2026/07/31 02:10:11.387,0,GPU-2c3c1aab-4401-c49f-e973-2d9a530e6442,NVIDIA B200,941.52,1000.0,100.0,15.0,2916.0,179709.0,183359.0,1965.0,3996.0,1965.0,61.0,P0,0,0,Not Active,Not Active,Not Active,Not Active,Not Active,Not Active,156.607,True,6932556715516.0,8406393829084.0
2026-07-31T02:10:11.608026,2026/07/31 02:10:11.549,0,GPU-2c3c1aab-4401-c49f-e973-2d9a530e6442,NVIDIA B200,941.62,1000.0,100.0,15.0,2916.0,179709.0,183359.0,1965.0,3996.0,1965.0,61.0,P0,0,0,Not Active,Not Active,Not Active,Not Active,Not Active,Not Active,151.646,True,6932556715516.0,8406393829084.0
2026-07-31T02:10:11.813254,2026/07/31 02:10:11.752,0,GPU-2c3c1aab-4401-c49f-e973-2d9a530e6442,NVIDIA B200,942.23,1000.0,100.0,15.0,2916.0,179709.0,183359.0,1965.0,3996.0,1965.0,61.0,P0,0,0,Not Active,Not Active,Not Active,Not Active,Not Active,Not Active,213.278,True,6932556715516.0,8406393829084.0
2026-07-31T02:10:11.956499,2026/07/31 02:10:11.899,0,GPU-2c3c1aab-4401-c49f-e973-2d9a530e6442,NVIDIA B200,942.35,1000.0,100.0,15.0,2916.0,179709.0,183359.0,1965.0,3996.0,1965.0,61.0,P0,0,0,Not Active,Not Active,Not Active,Not Active,Not Active,Not Active,147.363,True,6932556715516.0,8406393829084.0
2026-07-31T02:10:12.196990,2026/07/31 02:10:12.113,0,GPU-2c3c1aab-4401-c49f-e973-2d9a530e6442,NVIDIA B200,941.5,1000.0,100.0,15.0,2916.0,179709.0,183359.0,1965.0,3996.0,1965.0,61.0,P0,0,0,Not Active,Not Active,Not Active,Not Active,Not Active,Not Active,170.871,True,6932556715516.0,8406393829084.0
2026-07-31T02:10:12.478933,2026/07/31 02:10:12.322,0,GPU-2c3c1aab-4401-c49f-e973-2d9a530e6442,NVIDIA B200,942.17,1000.0,100.0,15.0,2916.0,179709.0,183359.0,1965.0,3996.0,1965.0,61.0,P0,0,0,Not Active,Not Active,Not Active,Not Active,Not Active,Not Active,228.449,True,6932556715516.0,8406393829084.0
2026-07-31T02:10:12.639379,2026/07/31 02:10:12.579,0,GPU-2c3c1aab-4401-c49f-e973-2d9a530e6442,NVIDIA B200,942.01,1000.0,100.0,15.0,2916.0,179709.0,183359.0,1965.0,3996.0,1965.0,61.0,P0,0,0,Not Active,Not Active,Not Active,Not Active,Not Active,Not Active,279.67,True,6932556715516.0,8406393829084.0
2026-07-31T02:10:12.791925,2026/07/31 02:10:12.731,0,GPU-2c3c1aab-4401-c49f-e973-2d9a530e6442,NVIDIA B200,942.22,1000.0,100.0,15.0,2916.0,179709.0,183359.0,1965.0,3996.0,1965.0,61.0,P0,0,0,Not Active,Not Active,Not Active,Not Active,Not Active,Not Active,152.64,True,6932556715516.0,8406393829084.0
2026-07-31T02:10:12.932253,2026/07/31 02:10:12.875,0,GPU-2c3c1aab-4401-c49f-e973-2d9a530e6442,NVIDIA B200,941.7,1000.0,100.0,15.0,2916.0,179709.0,183359.0,1965.0,3996.0,1965.0,61.0,P0,0,0,Not Active,Not Active,Not Active,Not Active,Not Active,Not Active,146.227,True,6932556715516.0,8406393829084.0
2026-07-31T02:10:13.071395,2026/07/31 02:10:13.014,0,GPU-2c3c1aab-4401-c49f-e973-2d9a530e6442,NVIDIA B200,942.31,1000.0,100.0,15.0,2916.0,179709.0,183359.0,1965.0,3996.0,1965.0,61.0,P0,0,0,Not Active,Not Active,Not Active,Not Active,Not Active,Not Active,138.767,True,6932556715516.0,8406393829084.0
2026-07-31T02:10:13.216145,2026/07/31 02:10:13.156,0,GPU-2c3c1aab-4401-c49f-e973-2d9a530e6442,NVIDIA B200,941.96,1000.0,100.0,15.0,2916.0,179709.0,183359.0,1965.0,3996.0,1965.0,61.0,P0,0,0,Not Active,Not Active,Not Active,Not Active,Not Active,Not Active,142.175,True,6932556715516.0,8406393829084.0
2026-07-31T02:10:13.358240,2026/07/31 02:10:13.299,0,GPU-2c3c1aab-4401-c49f-e973-2d9a530e6442,NVIDIA B200,941.32,1000.0,100.0,16.0,2916.0,179709.0,183359.0,1965.0,3996.0,1965.0,61.0,P0,0,0,Not Active,Not Active,Not Active,Not Active,Not Active,Not Active,143.541,True,6932556715516.0,8406393829084.0
2026-07-31T02:10:13.501573,2026/07/31 02:10:13.442,0,GPU-2c3c1aab-4401-c49f-e973-2d9a530e6442,NVIDIA B200,940.73,1000.0,100.0,15.0,2916.0,179709.0,183359.0,1965.0,3996.0,1965.0,61.0,P0,0,0,Not Active,Not Active,Not Active,Not Active,Not Active,Not Active,143.466,True,6932556715516.0,8406393829084.0
2026-07-31T02:10:13.638346,2026/07/31 02:10:13.583,0,GPU-2c3c1aab-4401-c49f-e973-2d9a530e6442,NVIDIA B200,941.39,1000.0,100.0,15.0,2916.0,179709.0,183359.0,1965.0,3996.0,1965.0,61.0,P0,0,0,Not Active,Not Active,Not Active,Not Active,Not Active,Not Active,138.195,True,6932556715516.0,8406393829084.0
2026-07-31T02:10:13.782576,2026/07/31 02:10:13.721,0,GPU-2c3c1aab-4401-c49f-e973-2d9a530e6442,NVIDIA B200,941.22,1000.0,100.0,15.0,2916.0,179709.0,183359.0,1965.0,3996.0,1965.0,61.0,P0,0,0,Not Active,Not Active,Not Active,Not Active,Not Active,Not Active,140.195,True,6932556715516.0,8406393829084.0
2026-07-31T02:10:13.926083,2026/07/31 02:10:13.868,0,GPU-2c3c1aab-4401-c49f-e973-2d9a530e6442,NVIDIA B200,941.6,1000.0,100.0,15.0,2916.0,179709.0,183359.0,1965.0,3996.0,1965.0,61.0,P0,0,0,Not Active,Not Active,Not Active,Not Active,Not Active,Not Active,146.413,True,6932556715516.0,8406393829084.0
2026-07-31T02:10:14.071084,2026/07/31 02:10:14.014,0,GPU-2c3c1aab-4401-c49f-e973-2d9a530e6442,NVIDIA B200,940.55,1000.0,100.0,15.0,2916.0,179709.0,183359.0,1965.0,3996.0,1965.0,61.0,P0,0,0,Not Active,Not Active,Not Active,Not Active,Not Active,Not Active,145.176,True,6932556715516.0,8406393829084.0
2026-07-31T02:10:14.215940,2026/07/31 02:10:14.156,0,GPU-2c3c1aab-4401-c49f-e973-2d9a530e6442,NVIDIA B200,940.94,1000.0,100.0,15.0,2916.0,179709.0,183359.0,1965.0,3996.0,1965.0,61.0,P0,0,0,Not Active,Not Active,Not Active,Not Active,Not Active,Not Active,140.792,True,6932556715516.0,8406393829084.0
2026-07-31T02:10:14.357129,2026/07/31 02:10:14.300,0,GPU-2c3c1aab-4401-c49f-e973-2d9a530e6442,NVIDIA B200,940.66,1000.0,100.0,15.0,2916.0,179709.0,183359.0,1965.0,3996.0,1965.0,61.0,P0,0,0,Not Active,Not Active,Not Active,Not Active,Not Active,Not Active,146.409,True,6932556715516.0,8406393829084.0
2026-07-31T02:10:14.501395,2026/07/31 02:10:14.442,0,GPU-2c3c1aab-4401-c49f-e973-2d9a530e6442,NVIDIA B200,940.88,1000.0,100.0,15.0,2916.0,179709.0,183359.0,1965.0,3996.0,1965.0,61.0,P0,0,0,Not Active,Not Active,Not Active,Not Active,Not Active,Not Active,139.455,True,6932556715516.0,8406393829084.0
2026-07-31T02:10:14.641209,2026/07/31 02:10:14.584,0,GPU-2c3c1aab-4401-c49f-e973-2d9a530e6442,NVIDIA B200,940.87,1000.0,100.0,15.0,2916.0,179709.0,183359.0,1965.0,3996.0,1965.0,61.0,P0,0,0,Not Active,Not Active,Not Active,Not Active,Not Active,Not Active,145.021,True,6932556715516.0,8406393829084.0
2026-07-31T02:10:14.791022,2026/07/31 02:10:14.731,0,GPU-2c3c1aab-4401-c49f-e973-2d9a530e6442,NVIDIA B200,940.91,1000.0,100.0,15.0,2916.0,179709.0,183359.0,1965.0,3996.0,1965.0,61.0,P0,0,0,Not Active,Not Active,Not Active,Not Active,Not Active,Not Active,143.975,True,6932556715516.0,8406393829084.0
2026-07-31T02:10:14.944390,2026/07/31 02:10:14.884,0,GPU-2c3c1aab-4401-c49f-e973-2d9a530e6442,NVIDIA B200,941.37,1000.0,100.0,15.0,2916.0,179709.0,183359.0,1965.0,3996.0,1965.0,61.0,P0,0,0,Not Active,Not Active,Not Active,Not Active,Not Active,Not Active,153.036,True,6932556715516.0,8406393829084.0
2026-07-31T02:10:15.094361,2026/07/31 02:10:15.027,0,GPU-2c3c1aab-4401-c49f-e973-2d9a530e6442,NVIDIA B200,941.56,1000.0,100.0,15.0,2916.0,179709.0,183359.0,1965.0,3996.0,1965.0,61.0,P0,0,0,Not Active,Not Active,Not Active,Not Active,Not Active,Not Active,145.976,True,6932556715516.0,8406393829084.0
2026-07-31T02:10:15.245452,2026/07/31 02:10:15.185,0,GPU-2c3c1aab-4401-c49f-e973-2d9a530e6442,NVIDIA B200,941.28,1000.0,100.0,15.0,2916.0,179709.0,183359.0,1965.0,3996.0,1965.0,61.0,P0,0,0,Not Active,Not Active,Not Active,Not Active,Not Active,Not Active,153.809,True,6932556715516.0,8406393829084.0
2026-07-31T02:10:15.393259,2026/07/31 02:10:15.334,0,GPU-2c3c1aab-4401-c49f-e973-2d9a530e6442,NVIDIA B200,941.15,1000.0,100.0,15.0,2916.0,179709.0,183359.0,1965.0,3996.0,1965.0,61.0,P0,0,0,Not Active,Not Active,Not Active,Not Active,Not Active,Not Active,151.182,True,6932556715516.0,8406393829084.0
2026-07-31T02:10:15.542796,2026/07/31 02:10:15.485,0,GPU-2c3c1aab-4401-c49f-e973-2d9a530e6442,NVIDIA B200,941.08,1000.0,100.0,15.0,2916.0,179709.0,183359.0,1965.0,3996.0,1965.0,61.0,P0,0,0,Not Active,Not Active,Not Active,Not Active,Not Active,Not Active,147.869,True,6932556715516.0,8406393829084.0
2026-07-31T02:10:15.689368,2026/07/31 02:10:15.629,0,GPU-2c3c1aab-4401-c49f-e973-2d9a530e6442,NVIDIA B200,940.88,1000.0,100.0,15.0,2916.0,179709.0,183359.0,1965.0,3996.0,1965.0,61.0,P0,0,0,Not Active,Not Active,Not Active,Not Active,Not Active,Not Active,148.948,True,6932556715516.0,8406393829084.0
2026-07-31T02:10:15.828378,2026/07/31 02:10:15.768,0,GPU-2c3c1aab-4401-c49f-e973-2d9a530e6442,NVIDIA B200,940.73,1000.0,100.0,15.0,2916.0,179709.0,183359.0,1965.0,3996.0,1965.0,61.0,P0,0,0,Not Active,Not Active,Not Active,Not Active,Not Active,Not Active,141.521,True,6932556715516.0,8406393829084.0
2026-07-31T02:10:15.974150,2026/07/31 02:10:15.916,0,GPU-2c3c1aab-4401-c49f-e973-2d9a530e6442,NVIDIA B200,940.48,1000.0,100.0,15.0,2916.0,179709.0,183359.0,1965.0,3996.0,1965.0,61.0,P0,0,0,Not Active,Not Active,Not Active,Not Active,Not Active,Not Active,144.023,True,6932556715516.0,8406393829084.0
2026-07-31T02:10:16.114470,2026/07/31 02:10:16.055,0,GPU-2c3c1aab-4401-c49f-e973-2d9a530e6442,NVIDIA B200,940.44,1000.0,100.0,15.0,2916.0,179709.0,183359.0,1965.0,3996.0,1965.0,61.0,P0,0,0,Not Active,Not Active,Not Active,Not Active,Not Active,Not Active,141.007,True,6932556715516.0,8406393829084.0
2026-07-31T02:10:16.258421,2026/07/31 02:10:16.199,0,GPU-2c3c1aab-4401-c49f-e973-2d9a530e6442,NVIDIA B200,940.7,1000.0,100.0,15.0,2916.0,179709.0,183359.0,1965.0,3996.0,1965.0,61.0,P0,0,0,Not Active,Not Active,Not Active,Not Active,Not Active,Not Active,143.322,True,6932556715516.0,8406393829084.0
2026-07-31T02:10:16.456500,2026/07/31 02:10:16.345,0,GPU-2c3c1aab-4401-c49f-e973-2d9a530e6442,NVIDIA B200,940.81,1000.0,100.0,15.0,2916.0,179709.0,183359.0,1965.0,3996.0,1965.0,61.0,P0,0,0,Not Active,Not Active,Not Active,Not Active,Not Active,Not Active,143.101,True,6932556715516.0,8406393829084.0
2026-07-31T02:10:16.629397,2026/07/31 02:10:16.566,0,GPU-2c3c1aab-4401-c49f-e973-2d9a530e6442,NVIDIA B200,940.45,1000.0,100.0,15.0,2916.0,179709.0,183359.0,1965.0,3996.0,1965.0,61.0,P0,0,0,Not Active,Not Active,Not Active,Not Active,Not Active,Not Active,221.227,True,6932556715516.0,8406393829084.0
2026-07-31T02:10:16.826137,2026/07/31 02:10:16.769,0,GPU-2c3c1aab-4401-c49f-e973-2d9a530e6442,NVIDIA B200,940.25,1000.0,100.0,15.0,2916.0,179709.0,183359.0,1965.0,3996.0,1965.0,61.0,P0,0,0,Not Active,Not Active,Not Active,Not Active,Not Active,Not Active,205.532,True,6932556715516.0,8406393829084.0
2026-07-31T02:10:16.973365,2026/07/31 02:10:16.915,0,GPU-2c3c1aab-4401-c49f-e973-2d9a530e6442,NVIDIA B200,939.7,1000.0,100.0,15.0,2916.0,179709.0,183359.0,1965.0,3996.0,1965.0,61.0,P0,0,0,Not Active,Not Active,Not Active,Not Active,Not Active,Not Active,144.427,True,6932556715516.0,8406393829084.0
2026-07-31T02:10:17.123361,2026/07/31 02:10:17.063,0,GPU-2c3c1aab-4401-c49f-e973-2d9a530e6442,NVIDIA B200,940.24,1000.0,100.0,15.0,2916.0,179709.0,183359.0,1965.0,3996.0,1965.0,61.0,P0,0,0,Not Active,Not Active,Not Active,Not Active,Not Active,Not Active,150.006,True,6932556715516.0,8406393829084.0
2026-07-31T02:10:17.264514,2026/07/31 02:10:17.207,0,GPU-2c3c1aab-4401-c49f-e973-2d9a530e6442,NVIDIA B200,940.27,1000.0,100.0,15.0,2916.0,179709.0,183359.0,1965.0,3996.0,1965.0,61.0,P0,0,0,Not Active,Not Active,Not Active,Not Active,Not Active,Not Active,143.795,True,6932556715516.0,8406393829084.0
2026-07-31T02:10:17.498501,2026/07/31 02:10:17.419,0,GPU-2c3c1aab-4401-c49f-e973-2d9a530e6442,NVIDIA B200,940.42,1000.0,100.0,16.0,2916.0,179709.0,183359.0,1965.0,3996.0,1965.0,61.0,P0,0,0,Not Active,Not Active,Not Active,Not Active,Not Active,Not Active,197.582,True,6932556715516.0,8406393829084.0
2026-07-31T02:10:17.756992,2026/07/31 02:10:17.674,0,GPU-2c3c1aab-4401-c49f-e973-2d9a530e6442,NVIDIA B200,941.05,1000.0,100.0,15.0,2916.0,179709.0,183359.0,1965.0,3996.0,1965.0,61.0,P0,0,0,Not Active,Not Active,Not Active,Not Active,Not Active,Not Active,232.807,True,6932556715516.0,8406393829084.0
2026-07-31T02:10:17.901293,2026/07/31 02:10:17.840,0,GPU-2c3c1aab-4401-c49f-e973-2d9a530e6442,NVIDIA B200,940.98,1000.0,100.0,15.0,2916.0,179709.0,183359.0,1965.0,3996.0,1965.0,61.0,P0,0,0,Not Active,Not Active,Not Active,Not Active,Not Active,Not Active,203.324,True,6932556715516.0,8406393829084.0
2026-07-31T02:10:18.045183,2026/07/31 02:10:17.987,0,GPU-2c3c1aab-4401-c49f-e973-2d9a530e6442,NVIDIA B200,941.43,1000.0,100.0,15.0,2916.0,179709.0,183359.0,1965.0,3996.0,1965.0,61.0,P0,0,0,Not Active,Not Active,Not Active,Not Active,Not Active,Not Active,144.403,True,6932556715516.0,8406393829084.0
2026-07-31T02:10:18.191227,2026/07/31 02:10:18.132,0,GPU-2c3c1aab-4401-c49f-e973-2d9a530e6442,NVIDIA B200,941.04,1000.0,100.0,15.0,2916.0,179709.0,183359.0,1965.0,3996.0,1965.0,61.0,P0,0,0,Not Active,Not Active,Not Active,Not Active,Not Active,Not Active,146.275,True,6932556715516.0,8406393829084.0
2026-07-31T02:10:18.333524,2026/07/31 02:10:18.273,0,GPU-2c3c1aab-4401-c49f-e973-2d9a530e6442,NVIDIA B200,940.86,1000.0,100.0,15.0,2916.0,179709.0,183359.0,1965.0,3996.0,1965.0,61.0,P0,0,0,Not Active,Not Active,Not Active,Not Active,Not Active,Not Active,141.669,True,6932556715516.0,8406393829084.0
2026-07-31T02:10:18.477380,2026/07/31 02:10:18.419,0,GPU-2c3c1aab-4401-c49f-e973-2d9a530e6442,NVIDIA B200,941.12,1000.0,100.0,15.0,2916.0,179709.0,183359.0,1965.0,3996.0,1965.0,61.0,P0,0,0,Not Active,Not Active,Not Active,Not Active,Not Active,Not Active,145.917,True,6932556715516.0,8406393829084.0
2026-07-31T02:10:18.616145,2026/07/31 02:10:18.560,0,GPU-2c3c1aab-4401-c49f-e973-2d9a530e6442,NVIDIA B200,941.32,1000.0,100.0,15.0,2916.0,179709.0,183359.0,1965.0,3996.0,1965.0,61.0,P0,0,0,Not Active,Not Active,Not Active,Not Active,Not Active,Not Active,140.804,True,6932556715516.0,8406393829084.0
2026-07-31T02:10:18.753874,2026/07/31 02:10:18.696,0,GPU-2c3c1aab-4401-c49f-e973-2d9a530e6442,NVIDIA B200,940.74,1000.0,100.0,15.0,2916.0,179709.0,183359.0,1965.0,3996.0,1965.0,61.0,P0,0,0,Not Active,Not Active,Not Active,Not Active,Not Active,Not Active,135.621,True,6932556715516.0,8406393829084.0
2026-07-31T02:10:18.900328,2026/07/31 02:10:18.840,0,GPU-2c3c1aab-4401-c49f-e973-2d9a530e6442,NVIDIA B200,940.9,1000.0,100.0,15.0,2916.0,179709.0,183359.0,1965.0,3996.0,1965.0,61.0,P0,0,0,Not Active,Not Active,Not Active,Not Active,Not Active,Not Active,144.534,True,6932556715516.0,8406393829084.0
2026-07-31T02:10:19.043514,2026/07/31 02:10:18.986,0,GPU-2c3c1aab-4401-c49f-e973-2d9a530e6442,NVIDIA B200,940.86,1000.0,100.0,15.0,2916.0,179709.0,183359.0,1965.0,3996.0,1965.0,61.0,P0,0,0,Not Active,Not Active,Not Active,Not Active,Not Active,Not Active,143.173,True,6932556715516.0,8406393829084.0
2026-07-31T02:10:19.195342,2026/07/31 02:10:19.130,0,GPU-2c3c1aab-4401-c49f-e973-2d9a530e6442,NVIDIA B200,941.03,1000.0,100.0,15.0,2916.0,179709.0,183359.0,1965.0,3996.0,1965.0,61.0,P0,0,0,Not Active,Not Active,Not Active,Not Active,Not Active,Not Active,143.321,True,6932556715516.0,8406393829084.0
2026-07-31T02:10:19.342074,2026/07/31 02:10:19.277,0,GPU-2c3c1aab-4401-c49f-e973-2d9a530e6442,NVIDIA B200,940.9,1000.0,100.0,15.0,2916.0,179709.0,183359.0,1965.0,3996.0,1965.0,61.0,P0,0,0,Not Active,Not Active,Not Active,Not Active,Not Active,Not Active,151.703,True,6932556715516.0,8406393829084.0
2026-07-31T02:10:19.493137,2026/07/31 02:10:19.429,0,GPU-2c3c1aab-4401-c49f-e973-2d9a530e6442,NVIDIA B200,940.88,1000.0,100.0,15.0,2916.0,179709.0,183359.0,1965.0,3996.0,1965.0,61.0,P0,0,0,Not Active,Not Active,Not Active,Not Active,Not Active,Not Active,149.174,True,6932556715516.0,8406393829084.0
2026-07-31T02:10:19.641193,2026/07/31 02:10:19.582,0,GPU-2c3c1aab-4401-c49f-e973-2d9a530e6442,NVIDIA B200,939.95,1000.0,100.0,15.0,2916.0,179709.0,183359.0,1965.0,3996.0,1965.0,61.0,P0,0,0,Not Active,Not Active,Not Active,Not Active,Not Active,Not Active,152.239,True,6932556715516.0,8406393829084.0
2026-07-31T02:10:19.785207,2026/07/31 02:10:19.724,0,GPU-2c3c1aab-4401-c49f-e973-2d9a530e6442,NVIDIA B200,940.51,1000.0,100.0,15.0,2916.0,179709.0,183359.0,1965.0,3996.0,1965.0,61.0,P0,0,0,Not Active,Not Active,Not Active,Not Active,Not Active,Not Active,144.638,True,6932556715516.0,8406393829084.0
2026-07-31T02:10:19.931359,2026/07/31 02:10:19.872,0,GPU-2c3c1aab-4401-c49f-e973-2d9a530e6442,NVIDIA B200,940.54,1000.0,100.0,15.0,2916.0,179709.0,183359.0,1965.0,3996.0,1965.0,61.0,P0,0,0,Not Active,Not Active,Not Active,Not Active,Not Active,Not Active,145.766,True,6932556715516.0,8406393829084.0
2026-07-31T02:10:20.084393,2026/07/31 02:10:20.019,0,GPU-2c3c1aab-4401-c49f-e973-2d9a530e6442,NVIDIA B200,940.12,1000.0,100.0,15.0,2916.0,179709.0,183359.0,1965.0,3996.0,1965.0,61.0,P0,0,0,Not Active,Not Active,Not Active,Not Active,Not Active,Not Active,148.996,True,6932556715516.0,8406393829084.0
2026-07-31T02:10:20.222186,2026/07/31 02:10:20.165,0,GPU-2c3c1aab-4401-c49f-e973-2d9a530e6442,NVIDIA B200,939.81,1000.0,100.0,15.0,2916.0,179709.0,183359.0,1965.0,3996.0,1965.0,61.0,P0,0,0,Not Active,Not Active,Not Active,Not Active,Not Active,Not Active,147.135,True,6932556715516.0,8406393829084.0
2026-07-31T02:10:20.365194,2026/07/31 02:10:20.305,0,GPU-2c3c1aab-4401-c49f-e973-2d9a530e6442,NVIDIA B200,939.77,1000.0,100.0,15.0,2916.0,179709.0,183359.0,1965.0,3996.0,1965.0,61.0,P0,0,0,Not Active,Not Active,Not Active,Not Active,Not Active,Not Active,138.033,True,6932556715516.0,8406393829084.0
2026-07-31T02:10:20.516792,2026/07/31 02:10:20.452,0,GPU-2c3c1aab-4401-c49f-e973-2d9a530e6442,NVIDIA B200,940.05,1000.0,100.0,15.0,2916.0,179709.0,183359.0,1965.0,3996.0,1965.0,61.0,P0,0,0,Not Active,Not Active,Not Active,Not Active,Not Active,Not Active,147.962,True,6932556715516.0,8406393829084.0
2026-07-31T02:10:20.664270,2026/07/31 02:10:20.603,0,GPU-2c3c1aab-4401-c49f-e973-2d9a530e6442,NVIDIA B200,940.34,1000.0,100.0,15.0,2916.0,179709.0,183359.0,1965.0,3996.0,1965.0,61.0,P0,0,0,Not Active,Not Active,Not Active,Not Active,Not Active,Not Active,149.264,True,6932556715516.0,8406393829084.0
2026-07-31T02:10:20.816516,2026/07/31 02:10:20.757,0,GPU-2c3c1aab-4401-c49f-e973-2d9a530e6442,NVIDIA B200,940.65,1000.0,100.0,15.0,2916.0,179709.0,183359.0,1965.0,3996.0,1965.0,61.0,P0,0,0,Not Active,Not Active,Not Active,Not Active,Not Active,Not Active,156.857,True,6932556715516.0,8406393829084.0
2026-07-31T02:10:20.960602,2026/07/31 02:10:20.903,0,GPU-2c3c1aab-4401-c49f-e973-2d9a530e6442,NVIDIA B200,940.08,1000.0,100.0,15.0,2916.0,179709.0,183359.0,1965.0,3996.0,1965.0,61.0,P0,0,0,Not Active,Not Active,Not Active,Not Active,Not Active,Not Active,144.777,True,6932556715516.0,8406393829084.0
2026-07-31T02:10:21.105266,2026/07/31 02:10:21.047,0,GPU-2c3c1aab-4401-c49f-e973-2d9a530e6442,NVIDIA B200,940.33,1000.0,100.0,15.0,2916.0,179709.0,183359.0,1965.0,3996.0,1965.0,61.0,P0,0,0,Not Active,Not Active,Not Active,Not Active,Not Active,Not Active,142.014,True,6932556715516.0,8406393829084.0
2026-07-31T02:10:21.250270,2026/07/31 02:10:21.193,0,GPU-2c3c1aab-4401-c49f-e973-2d9a530e6442,NVIDIA B200,940.36,1000.0,100.0,15.0,2916.0,179709.0,183359.0,1965.0,3996.0,1965.0,61.0,P0,0,0,Not Active,Not Active,Not Active,Not Active,Not Active,Not Active,146.367,True,6932556715516.0,8406393829084.0
2026-07-31T02:10:21.393337,2026/07/31 02:10:21.334,0,GPU-2c3c1aab-4401-c49f-e973-2d9a530e6442,NVIDIA B200,940.19,1000.0,100.0,15.0,2916.0,179709.0,183359.0,1965.0,3996.0,1965.0,61.0,P0,0,0,Not Active,Not Active,Not Active,Not Active,Not Active,Not Active,142.92,True,6932556715516.0,8406393829084.0
2026-07-31T02:10:21.559504,2026/07/31 02:10:21.483,0,GPU-2c3c1aab-4401-c49f-e973-2d9a530e6442,NVIDIA B200,940.09,1000.0,100.0,15.0,2916.0,179709.0,183359.0,1965.0,3996.0,1965.0,61.0,P0,0,0,Not Active,Not Active,Not Active,Not Active,Not Active,Not Active,145.336,True,6932556715516.0,8406393829084.0
2026-07-31T02:10:21.803459,2026/07/31 02:10:21.661,0,GPU-2c3c1aab-4401-c49f-e973-2d9a530e6442,NVIDIA B200,939.91,1000.0,100.0,15.0,2916.0,179709.0,183359.0,1965.0,3996.0,1965.0,61.0,P0,0,0,Not Active,Not Active,Not Active,Not Active,Not Active,Not Active,162.518,True,6932556715516.0,8406393829084.0
2026-07-31T02:10:22.019942,2026/07/31 02:10:21.963,0,GPU-2c3c1aab-4401-c49f-e973-2d9a530e6442,NVIDIA B200,940.69,1000.0,100.0,15.0,2916.0,179709.0,183359.0,1965.0,3996.0,1965.0,61.0,P0,0,0,Not Active,Not Active,Not Active,Not Active,Not Active,Not Active,319.007,True,6932556715516.0,8406393829084.0
2026-07-31T02:10:22.217264,2026/07/31 02:10:22.156,0,GPU-2c3c1aab-4401-c49f-e973-2d9a530e6442,NVIDIA B200,940.83,1000.0,100.0,15.0,2916.0,179709.0,183359.0,1965.0,3996.0,1965.0,61.0,P0,0,0,Not Active,Not Active,Not Active,Not Active,Not Active,Not Active,179.528,True,6932556715516.0,8406393829084.0
2026-07-31T02:10:22.357247,2026/07/31 02:10:22.302,0,GPU-2c3c1aab-4401-c49f-e973-2d9a530e6442,NVIDIA B200,940.89,1000.0,100.0,15.0,2916.0,179709.0,183359.0,1965.0,3996.0,1965.0,61.0,P0,0,0,Not Active,Not Active,Not Active,Not Active,Not Active,Not Active,161.748,True,6932556715516.0,8406393829084.0
2026-07-31T02:10:22.502246,2026/07/31 02:10:22.443,0,GPU-2c3c1aab-4401-c49f-e973-2d9a530e6442,NVIDIA B200,941.1,1000.0,100.0,15.0,2916.0,179709.0,183359.0,1965.0,3996.0,1965.0,61.0,P0,0,0,Not Active,Not Active,Not Active,Not Active,Not Active,Not Active,140.778,True,6932556715516.0,8406393829084.0
2026-07-31T02:10:22.745429,2026/07/31 02:10:22.585,0,GPU-2c3c1aab-4401-c49f-e973-2d9a530e6442,NVIDIA B200,940.88,1000.0,100.0,15.0,2916.0,179709.0,183359.0,1965.0,3996.0,1965.0,61.0,P0,0,0,Not Active,Not Active,Not Active,Not Active,Not Active,Not Active,140.074,True,6932556715516.0,8406393829084.0
2026-07-31T02:10:23.039125,2026/07/31 02:10:22.918,0,GPU-2c3c1aab-4401-c49f-e973-2d9a530e6442,NVIDIA B200,940.99,1000.0,100.0,15.0,2916.0,179709.0,183359.0,1965.0,3996.0,1965.0,61.0,P0,0,0,Not Active,Not Active,Not Active,Not Active,Not Active,Not Active,294.786,True,6932556715516.0,8406393829084.0
2026-07-31T02:10:23.215601,2026/07/31 02:10:23.153,0,GPU-2c3c1aab-4401-c49f-e973-2d9a530e6442,NVIDIA B200,940.49,1000.0,100.0,15.0,2916.0,179709.0,183359.0,1965.0,3996.0,1965.0,61.0,P0,0,0,Not Active,Not Active,Not Active,Not Active,Not Active,Not Active,274.025,True,6932556715516.0,8406393829084.0
2026-07-31T02:10:23.367730,2026/07/31 02:10:23.303,0,GPU-2c3c1aab-4401-c49f-e973-2d9a530e6442,NVIDIA B200,940.87,1000.0,100.0,15.0,2916.0,179709.0,183359.0,1965.0,3996.0,1965.0,61.0,P0,0,0,Not Active,Not Active,Not Active,Not Active,Not Active,Not Active,151.277,True,6932556715516.0,8406393829084.0
2026-07-31T02:10:23.529481,2026/07/31 02:10:23.456,0,GPU-2c3c1aab-4401-c49f-e973-2d9a530e6442,NVIDIA B200,940.8,1000.0,100.0,15.0,2916.0,179709.0,183359.0,1965.0,3996.0,1965.0,61.0,P0,0,0,Not Active,Not Active,Not Active,Not Active,Not Active,Not Active,152.726,True,6932556715516.0,8406393829084.0
2026-07-31T02:10:23.680149,2026/07/31 02:10:23.616,0,GPU-2c3c1aab-4401-c49f-e973-2d9a530e6442,NVIDIA B200,940.8,1000.0,100.0,15.0,2916.0,179709.0,183359.0,1965.0,3996.0,1965.0,61.0,P0,0,0,Not Active,Not Active,Not Active,Not Active,Not Active,Not Active,159.669,True,6932556715516.0,8406393829084.0
2026-07-31T02:10:23.827359,2026/07/31 02:10:23.765,0,GPU-2c3c1aab-4401-c49f-e973-2d9a530e6442,NVIDIA B200,940.35,1000.0,100.0,15.0,2916.0,179709.0,183359.0,1965.0,3996.0,1965.0,61.0,P0,0,0,Not Active,Not Active,Not Active,Not Active,Not Active,Not Active,149.152,True,6932556715516.0,8406393829084.0
2026-07-31T02:10:23.973630,2026/07/31 02:10:23.914,0,GPU-2c3c1aab-4401-c49f-e973-2d9a530e6442,NVIDIA B200,941.08,1000.0,100.0,15.0,2916.0,179709.0,183359.0,1965.0,3996.0,1965.0,61.0,P0,0,0,Not Active,Not Active,Not Active,Not Active,Not Active,Not Active,147.461,True,6932556715516.0,8406393829084.0
2026-07-31T02:10:24.122154,2026/07/31 02:10:24.059,0,GPU-2c3c1aab-4401-c49f-e973-2d9a530e6442,NVIDIA B200,940.52,1000.0,100.0,15.0,2916.0,179709.0,183359.0,1965.0,3996.0,1965.0,61.0,P0,0,0,Not Active,Not Active,Not Active,Not Active,Not Active,Not Active,146.734,True,6932556715516.0,8406393829084.0
2026-07-31T02:10:24.270086,2026/07/31 02:10:24.211,0,GPU-2c3c1aab-4401-c49f-e973-2d9a530e6442,NVIDIA B200,940.81,1000.0,100.0,15.0,2916.0,179709.0,183359.0,1965.0,3996.0,1965.0,61.0,P0,0,0,Not Active,Not Active,Not Active,Not Active,Not Active,Not Active,147.179,True,6932556715516.0,8406393829084.0
2026-07-31T02:10:24.418042,2026/07/31 02:10:24.356,0,GPU-2c3c1aab-4401-c49f-e973-2d9a530e6442,NVIDIA B200,940.65,1000.0,100.0,15.0,2916.0,179709.0,183359.0,1965.0,3996.0,1965.0,61.0,P0,0,0,Not Active,Not Active,Not Active,Not Active,Not Active,Not Active,148.934,True,6932556715516.0,8406393829084.0
2026-07-31T02:10:24.559910,2026/07/31 02:10:24.504,0,GPU-2c3c1aab-4401-c49f-e973-2d9a530e6442,NVIDIA B200,940.3,1000.0,100.0,15.0,2916.0,179709.0,183359.0,1965.0,3996.0,1965.0,61.0,P0,0,0,Not Active,Not Active,Not Active,Not Active,Not Active,Not Active,148.839,True,6932556715516.0,8406393829084.0
2026-07-31T02:10:24.704089,2026/07/31 02:10:24.649,0,GPU-2c3c1aab-4401-c49f-e973-2d9a530e6442,NVIDIA B200,940.68,1000.0,100.0,15.0,2916.0,179709.0,183359.0,1965.0,3996.0,1965.0,61.0,P0,0,0,Not Active,Not Active,Not Active,Not Active,Not Active,Not Active,143.853,True,6932556715516.0,8406393829084.0
2026-07-31T02:10:24.850535,2026/07/31 02:10:24.791,0,GPU-2c3c1aab-4401-c49f-e973-2d9a530e6442,NVIDIA B200,940.39,1000.0,100.0,15.0,2916.0,179709.0,183359.0,1965.0,3996.0,1965.0,61.0,P0,0,0,Not Active,Not Active,Not Active,Not Active,Not Active,Not Active,139.209,True,6932556715516.0,8406393829084.0
2026-07-31T02:10:24.998486,2026/07/31 02:10:24.938,0,GPU-2c3c1aab-4401-c49f-e973-2d9a530e6442,NVIDIA B200,940.68,1000.0,100.0,15.0,2916.0,179709.0,183359.0,1965.0,3996.0,1965.0,61.0,P0,0,0,Not Active,Not Active,Not Active,Not Active,Not Active,Not Active,151.229,True,6932556715516.0,8406393829084.0
2026-07-31T02:10:25.138481,2026/07/31 02:10:25.079,0,GPU-2c3c1aab-4401-c49f-e973-2d9a530e6442,NVIDIA B200,940.25,1000.0,100.0,15.0,2916.0,179709.0,183359.0,1965.0,3996.0,1965.0,61.0,P0,0,0,Not Active,Not Active,Not Active,Not Active,Not Active,Not Active,140.629,True,6932556715516.0,8406393829084.0
2026-07-31T02:10:25.287890,2026/07/31 02:10:25.223,0,GPU-2c3c1aab-4401-c49f-e973-2d9a530e6442,NVIDIA B200,940.43,1000.0,100.0,15.0,2916.0,179709.0,183359.0,1965.0,3996.0,1965.0,61.0,P0,0,0,Not Active,Not Active,Not Active,Not Active,Not Active,Not Active,144.115,True,6932556715516.0,8406393829084.0
2026-07-31T02:10:25.433278,2026/07/31 02:10:25.372,0,GPU-2c3c1aab-4401-c49f-e973-2d9a530e6442,NVIDIA B200,940.63,1000.0,100.0,15.0,2916.0,179709.0,183359.0,1965.0,3996.0,1965.0,61.0,P0,0,0,Not Active,Not Active,Not Active,Not Active,Not Active,Not Active,148.251,True,6932556715516.0,8406393829084.0
2026-07-31T02:10:25.575177,2026/07/31 02:10:25.516,0,GPU-2c3c1aab-4401-c49f-e973-2d9a530e6442,NVIDIA B200,941.19,1000.0,100.0,15.0,2916.0,179709.0,183359.0,1965.0,3996.0,1965.0,61.0,P0,0,0,Not Active,Not Active,Not Active,Not Active,Not Active,Not Active,144.655,True,6932556715516.0,8406393829084.0
2026-07-31T02:10:25.720653,2026/07/31 02:10:25.661,0,GPU-2c3c1aab-4401-c49f-e973-2d9a530e6442,NVIDIA B200,940.66,1000.0,100.0,15.0,2916.0,179709.0,183359.0,1965.0,3996.0,1965.0,61.0,P0,0,0,Not Active,Not Active,Not Active,Not Active,Not Active,Not Active,143.506,True,6932556715516.0,8406393829084.0
2026-07-31T02:10:25.866386,2026/07/31 02:10:25.807,0,GPU-2c3c1aab-4401-c49f-e973-2d9a530e6442,NVIDIA B200,940.64,1000.0,100.0,15.0,2916.0,179709.0,183359.0,1965.0,3996.0,1965.0,61.0,P0,0,0,Not Active,Not Active,Not Active,Not Active,Not Active,Not Active,147.073,True,6932556715516.0,8406393829084.0
2026-07-31T02:10:26.018187,2026/07/31 02:10:25.955,0,GPU-2c3c1aab-4401-c49f-e973-2d9a530e6442,NVIDIA B200,940.54,1000.0,100.0,15.0,2916.0,179709.0,183359.0,1965.0,3996.0,1965.0,61.0,P0,0,0,Not Active,Not Active,Not Active,Not Active,Not Active,Not Active,147.97,True,6932556715516.0,8406393829084.0
2026-07-31T02:10:26.160857,2026/07/31 02:10:26.100,0,GPU-2c3c1aab-4401-c49f-e973-2d9a530e6442,NVIDIA B200,941.32,1000.0,100.0,15.0,2916.0,179709.0,183359.0,1965.0,3996.0,1965.0,61.0,P0,0,0,Not Active,Not Active,Not Active,Not Active,Not Active,Not Active,144.399,True,6932556715516.0,8406393829084.0
2026-07-31T02:10:26.305066,2026/07/31 02:10:26.246,0,GPU-2c3c1aab-4401-c49f-e973-2d9a530e6442,NVIDIA B200,941.05,1000.0,100.0,15.0,2916.0,179709.0,183359.0,1965.0,3996.0,1965.0,61.0,P0,0,0,Not Active,Not Active,Not Active,Not Active,Not Active,Not Active,146.92,True,6932556715516.0,8406393829084.0
2026-07-31T02:10:26.448351,2026/07/31 02:10:26.392,0,GPU-2c3c1aab-4401-c49f-e973-2d9a530e6442,NVIDIA B200,940.51,1000.0,100.0,15.0,2916.0,179709.0,183359.0,1965.0,3996.0,1965.0,61.0,P0,0,0,Not Active,Not Active,Not Active,Not Active,Not Active,Not Active,146.033,True,6932556715516.0,8406393829084.0
2026-07-31T02:10:26.597077,2026/07/31 02:10:26.538,0,GPU-2c3c1aab-4401-c49f-e973-2d9a530e6442,NVIDIA B200,940.25,1000.0,100.0,15.0,2916.0,179709.0,183359.0,1965.0,3996.0,1965.0,61.0,P0,0,0,Not Active,Not Active,Not Active,Not Active,Not Active,Not Active,144.107,True,6932556715516.0,8406393829084.0
2026-07-31T02:10:26.741360,2026/07/31 02:10:26.685,0,GPU-2c3c1aab-4401-c49f-e973-2d9a530e6442,NVIDIA B200,940.9,1000.0,100.0,15.0,2916.0,179709.0,183359.0,1965.0,3996.0,1965.0,61.0,P0,0,0,Not Active,Not Active,Not Active,Not Active,Not Active,Not Active,146.598,True,6932556715516.0,8406393829084.0
2026-07-31T02:10:26.899565,2026/07/31 02:10:26.824,0,GPU-2c3c1aab-4401-c49f-e973-2d9a530e6442,NVIDIA B200,940.54,1000.0,100.0,15.0,2916.0,179709.0,183359.0,1965.0,3996.0,1965.0,61.0,P0,0,0,Not Active,Not Active,Not Active,Not Active,Not Active,Not Active,141.386,True,6932556715516.0,8406393829084.0
2026-07-31T02:10:27.178094,2026/07/31 02:10:27.120,0,GPU-2c3c1aab-4401-c49f-e973-2d9a530e6442,NVIDIA B200,940.8,1000.0,100.0,16.0,2916.0,179709.0,183359.0,1965.0,3996.0,1965.0,61.0,P0,0,0,Not Active,Not Active,Not Active,Not Active,Not Active,Not Active,290.122,True,6932556715516.0,8406393829084.0
2026-07-31T02:10:27.321084,2026/07/31 02:10:27.262,0,GPU-2c3c1aab-4401-c49f-e973-2d9a530e6442,NVIDIA B200,940.69,1000.0,100.0,15.0,2916.0,179709.0,183359.0,1965.0,3996.0,1965.0,61.0,P0,0,0,Not Active,Not Active,Not Active,Not Active,Not Active,Not Active,148.499,True,6932556715516.0,8406393829084.0
2026-07-31T02:10:27.470366,2026/07/31 02:10:27.406,0,GPU-2c3c1aab-4401-c49f-e973-2d9a530e6442,NVIDIA B200,941.27,1000.0,100.0,15.0,2916.0,179709.0,183359.0,1965.0,3996.0,1965.0,61.0,P0,0,0,Not Active,Not Active,Not Active,Not Active,Not Active,Not Active,143.789,True,6932556715516.0,8406393829084.0
2026-07-31T02:10:27.611121,2026/07/31 02:10:27.552,0,GPU-2c3c1aab-4401-c49f-e973-2d9a530e6442,NVIDIA B200,941.58,1000.0,100.0,15.0,2916.0,179709.0,183359.0,1965.0,3996.0,1965.0,61.0,P0,0,0,Not Active,Not Active,Not Active,Not Active,Not Active,Not Active,145.433,True,6932556715516.0,8406393829084.0
2026-07-31T02:10:27.750423,2026/07/31 02:10:27.694,0,GPU-2c3c1aab-4401-c49f-e973-2d9a530e6442,NVIDIA B200,941.32,1000.0,100.0,15.0,2916.0,179709.0,183359.0,1965.0,3996.0,1965.0,61.0,P0,0,0,Not Active,Not Active,Not Active,Not Active,Not Active,Not Active,141.43,True,6932556715516.0,8406393829084.0
2026-07-31T02:10:27.900235,2026/07/31 02:10:27.840,0,GPU-2c3c1aab-4401-c49f-e973-2d9a530e6442,NVIDIA B200,940.79,1000.0,100.0,15.0,2916.0,179709.0,183359.0,1965.0,3996.0,1965.0,61.0,P0,0,0,Not Active,Not Active,Not Active,Not Active,Not Active,Not Active,144.97,True,6932556715516.0,8406393829084.0
2026-07-31T02:10:28.295451,2026/07/31 02:10:28.142,0,GPU-2c3c1aab-4401-c49f-e973-2d9a530e6442,NVIDIA B200,940.36,1000.0,100.0,15.0,2916.0,179709.0,183359.0,1965.0,3996.0,1965.0,61.0,P0,0,0,Not Active,Not Active,Not Active,Not Active,Not Active,Not Active,268.367,True,6932556715516.0,8406393829084.0
2026-07-31T02:10:28.463024,2026/07/31 02:10:28.407,0,GPU-2c3c1aab-4401-c49f-e973-2d9a530e6442,NVIDIA B200,940.14,1000.0,100.0,16.0,2916.0,179709.0,183359.0,1965.0,3996.0,1965.0,61.0,P0,0,0,Not Active,Not Active,Not Active,Not Active,Not Active,Not Active,300.916,True,6932556715516.0,8406393829084.0
2026-07-31T02:10:28.607062,2026/07/31 02:10:28.549,0,GPU-2c3c1aab-4401-c49f-e973-2d9a530e6442,NVIDIA B200,939.97,1000.0,100.0,16.0,2916.0,179709.0,183359.0,1965.0,3996.0,1965.0,61.0,P0,0,0,Not Active,Not Active,Not Active,Not Active,Not Active,Not Active,141.277,True,6932556715516.0,8406393829084.0
2026-07-31T02:10:28.751116,2026/07/31 02:10:28.693,0,GPU-2c3c1aab-4401-c49f-e973-2d9a530e6442,NVIDIA B200,940.21,1000.0,100.0,15.0,2916.0,179709.0,183359.0,1965.0,3996.0,1965.0,61.0,P0,0,0,Not Active,Not Active,Not Active,Not Active,Not Active,Not Active,141.502,True,6932556715516.0,8406393829084.0
2026-07-31T02:10:28.899479,2026/07/31 02:10:28.837,0,GPU-2c3c1aab-4401-c49f-e973-2d9a530e6442,NVIDIA B200,940.63,1000.0,100.0,15.0,2916.0,179709.0,183359.0,1965.0,3996.0,1965.0,61.0,P0,0,0,Not Active,Not Active,Not Active,Not Active,Not Active,Not Active,146.763,True,6932556715516.0,8406393829084.0
2026-07-31T02:10:29.037535,2026/07/31 02:10:28.981,0,GPU-2c3c1aab-4401-c49f-e973-2d9a530e6442,NVIDIA B200,940.99,1000.0,100.0,15.0,2916.0,179709.0,183359.0,1965.0,3996.0,1965.0,61.0,P0,0,0,Not Active,Not Active,Not Active,Not Active,Not Active,Not Active,144.55,True,6932556715516.0,8406393829084.0
2026-07-31T02:10:29.183616,2026/07/31 02:10:29.124,0,GPU-2c3c1aab-4401-c49f-e973-2d9a530e6442,NVIDIA B200,941.01,1000.0,100.0,15.0,2916.0,179709.0,183359.0,1965.0,3996.0,1965.0,61.0,P0,0,0,Not Active,Not Active,Not Active,Not Active,Not Active,Not Active,142.578,True,6932556715516.0,8406393829084.0
2026-07-31T02:10:29.330251,2026/07/31 02:10:29.268,0,GPU-2c3c1aab-4401-c49f-e973-2d9a530e6442,NVIDIA B200,940.57,1000.0,100.0,15.0,2916.0,179709.0,183359.0,1965.0,3996.0,1965.0,61.0,P0,0,0,Not Active,Not Active,Not Active,Not Active,Not Active,Not Active,142.708,True,6932556715516.0,8406393829084.0
2026-07-31T02:10:29.475124,2026/07/31 02:10:29.418,0,GPU-2c3c1aab-4401-c49f-e973-2d9a530e6442,NVIDIA B200,940.74,1000.0,100.0,15.0,2916.0,179709.0,183359.0,1965.0,3996.0,1965.0,61.0,P0,0,0,Not Active,Not Active,Not Active,Not Active,Not Active,Not Active,151.017,True,6932556715516.0,8406393829084.0
2026-07-31T02:10:29.621022,2026/07/31 02:10:29.562,0,GPU-2c3c1aab-4401-c49f-e973-2d9a530e6442,NVIDIA B200,940.52,1000.0,100.0,15.0,2916.0,179709.0,183359.0,1965.0,3996.0,1965.0,61.0,P0,0,0,Not Active,Not Active,Not Active,Not Active,Not Active,Not Active,144.22,True,6932556715516.0,8406393829084.0
2026-07-31T02:10:29.767793,2026/07/31 02:10:29.709,0,GPU-2c3c1aab-4401-c49f-e973-2d9a530e6442,NVIDIA B200,940.41,1000.0,100.0,15.0,2916.0,179709.0,183359.0,1965.0,3996.0,1965.0,61.0,P0,0,0,Not Active,Not Active,Not Active,Not Active,Not Active,Not Active,145.044,True,6932556715516.0,8406393829084.0
2026-07-31T02:10:29.921561,2026/07/31 02:10:29.859,0,GPU-2c3c1aab-4401-c49f-e973-2d9a530e6442,NVIDIA B200,940.11,1000.0,100.0,16.0,2916.0,179709.0,183359.0,1965.0,3996.0,1965.0,61.0,P0,0,0,Not Active,Not Active,Not Active,Not Active,Not Active,Not Active,150.616,True,6932556715516.0,8406393829084.0
2026-07-31T02:10:30.064206,2026/07/31 02:10:30.007,0,GPU-2c3c1aab-4401-c49f-e973-2d9a530e6442,NVIDIA B200,939.92,1000.0,100.0,15.0,2916.0,179709.0,183359.0,1965.0,3996.0,1965.0,61.0,P0,0,0,Not Active,Not Active,Not Active,Not Active,Not Active,Not Active,149.836,True,6932556715516.0,8406393829084.0
2026-07-31T02:10:30.209021,2026/07/31 02:10:30.152,0,GPU-2c3c1aab-4401-c49f-e973-2d9a530e6442,NVIDIA B200,940.38,1000.0,100.0,15.0,2916.0,179709.0,183359.0,1965.0,3996.0,1965.0,61.0,P0,0,0,Not Active,Not Active,Not Active,Not Active,Not Active,Not Active,144.165,True,6932556715516.0,8406393829084.0
2026-07-31T02:10:30.349373,2026/07/31 02:10:30.294,0,GPU-2c3c1aab-4401-c49f-e973-2d9a530e6442,NVIDIA B200,940.7,1000.0,100.0,15.0,2916.0,179709.0,183359.0,1965.0,3996.0,1965.0,61.0,P0,0,0,Not Active,Not Active,Not Active,Not Active,Not Active,Not Active,138.095,True,6932556715516.0,8406393829084.0
2026-07-31T02:10:30.529277,2026/07/31 02:10:30.449,0,GPU-2c3c1aab-4401-c49f-e973-2d9a530e6442,NVIDIA B200,941.0,1000.0,100.0,15.0,2916.0,179709.0,183359.0,1965.0,3996.0,1965.0,61.0,P0,0,0,Not Active,Not Active,Not Active,Not Active,Not Active,Not Active,149.113,True,6932556715516.0,8406393829084.0
2026-07-31T02:10:30.672126,2026/07/31 02:10:30.615,0,GPU-2c3c1aab-4401-c49f-e973-2d9a530e6442,NVIDIA B200,940.38,1000.0,100.0,15.0,2916.0,179709.0,183359.0,1965.0,3996.0,1965.0,61.0,P0,0,0,Not Active,Not Active,Not Active,Not Active,Not Active,Not Active,176.404,True,6932556715516.0,8406393829084.0
2026-07-31T02:10:30.821825,2026/07/31 02:10:30.760,0,GPU-2c3c1aab-4401-c49f-e973-2d9a530e6442,NVIDIA B200,940.58,1000.0,100.0,15.0,2916.0,179709.0,183359.0,1965.0,3996.0,1965.0,61.0,P0,0,0,Not Active,Not Active,Not Active,Not Active,Not Active,Not Active,143.196,True,6932556715516.0,8406393829084.0
2026-07-31T02:10:30.965272,2026/07/31 02:10:30.908,0,GPU-2c3c1aab-4401-c49f-e973-2d9a530e6442,NVIDIA B200,940.65,1000.0,100.0,15.0,2916.0,179709.0,183359.0,1965.0,3996.0,1965.0,61.0,P0,0,0,Not Active,Not Active,Not Active,Not Active,Not Active,Not Active,149.562,True,6932556715516.0,8406393829084.0
2026-07-31T02:10:31.108100,2026/07/31 02:10:31.048,0,GPU-2c3c1aab-4401-c49f-e973-2d9a530e6442,NVIDIA B200,940.75,1000.0,100.0,15.0,2916.0,179709.0,183359.0,1965.0,3996.0,1965.0,61.0,P0,0,0,Not Active,Not Active,Not Active,Not Active,Not Active,Not Active,139.146,True,6932556715516.0,8406393829084.0
2026-07-31T02:10:31.250104,2026/07/31 02:10:31.194,0,GPU-2c3c1aab-4401-c49f-e973-2d9a530e6442,NVIDIA B200,939.93,1000.0,100.0,15.0,2916.0,179709.0,183359.0,1965.0,3996.0,1965.0,61.0,P0,0,0,Not Active,Not Active,Not Active,Not Active,Not Active,Not Active,142.937,True,6932556715516.0,8406393829084.0
2026-07-31T02:10:31.409400,2026/07/31 02:10:31.345,0,GPU-2c3c1aab-4401-c49f-e973-2d9a530e6442,NVIDIA B200,940.45,1000.0,100.0,15.0,2916.0,179709.0,183359.0,1965.0,3996.0,1965.0,61.0,P0,0,0,Not Active,Not Active,Not Active,Not Active,Not Active,Not Active,152.692,True,6932556715516.0,8406393829084.0
2026-07-31T02:10:31.552283,2026/07/31 02:10:31.496,0,GPU-2c3c1aab-4401-c49f-e973-2d9a530e6442,NVIDIA B200,940.28,1000.0,100.0,15.0,2916.0,179709.0,183359.0,1965.0,3996.0,1965.0,61.0,P0,0,0,Not Active,Not Active,Not Active,Not Active,Not Active,Not Active,153.315,True,6932556715516.0,8406393829084.0
2026-07-31T02:10:31.708259,2026/07/31 02:10:31.647,0,GPU-2c3c1aab-4401-c49f-e973-2d9a530e6442,NVIDIA B200,940.85,1000.0,100.0,15.0,2916.0,179709.0,183359.0,1965.0,3996.0,1965.0,61.0,P0,0,0,Not Active,Not Active,Not Active,Not Active,Not Active,Not Active,146.891,True,6932556715516.0,8406393829084.0
2026-07-31T02:10:31.853117,2026/07/31 02:10:31.795,0,GPU-2c3c1aab-4401-c49f-e973-2d9a530e6442,NVIDIA B200,941.35,1000.0,100.0,15.0,2916.0,179709.0,183359.0,1965.0,3996.0,1965.0,61.0,P0,0,0,Not Active,Not Active,Not Active,Not Active,Not Active,Not Active,148.753,True,6932556715516.0,8406393829084.0
2026-07-31T02:10:32.004549,2026/07/31 02:10:31.944,0,GPU-2c3c1aab-4401-c49f-e973-2d9a530e6442,NVIDIA B200,940.9,1000.0,100.0,15.0,2916.0,179709.0,183359.0,1965.0,3996.0,1965.0,61.0,P0,0,0,Not Active,Not Active,Not Active,Not Active,Not Active,Not Active,149.462,True,6932556715516.0,8406393829084.0
2026-07-31T02:10:32.202347,2026/07/31 02:10:32.146,0,GPU-2c3c1aab-4401-c49f-e973-2d9a530e6442,NVIDIA B200,940.66,1000.0,100.0,15.0,2916.0,179709.0,183359.0,1965.0,3996.0,1965.0,61.0,P0,0,0,Not Active,Not Active,Not Active,Not Active,Not Active,Not Active,202.475,True,6932556715516.0,8406393829084.0
2026-07-31T02:10:32.411816,2026/07/31 02:10:32.351,0,GPU-2c3c1aab-4401-c49f-e973-2d9a530e6442,NVIDIA B200,940.79,1000.0,100.0,15.0,2916.0,179709.0,183359.0,1965.0,3996.0,1965.0,61.0,P0,0,0,Not Active,Not Active,Not Active,Not Active,Not Active,Not Active,196.306,True,6932556715516.0,8406393829084.0
2026-07-31T02:10:32.561107,2026/07/31 02:10:32.502,0,GPU-2c3c1aab-4401-c49f-e973-2d9a530e6442,NVIDIA B200,941.25,1000.0,100.0,15.0,2916.0,179709.0,183359.0,1965.0,3996.0,1965.0,62.0,P0,0,0,Not Active,Not Active,Not Active,Not Active,Not Active,Not Active,157.076,True,6932556715516.0,8406393829084.0
2026-07-31T02:10:32.708976,2026/07/31 02:10:32.645,0,GPU-2c3c1aab-4401-c49f-e973-2d9a530e6442,NVIDIA B200,941.11,1000.0,100.0,16.0,2916.0,179709.0,183359.0,1965.0,3996.0,1965.0,62.0,P0,0,0,Not Active,Not Active,Not Active,Not Active,Not Active,Not Active,145.572,True,6932556715516.0,8406393829084.0
2026-07-31T02:10:32.854940,2026/07/31 02:10:32.795,0,GPU-2c3c1aab-4401-c49f-e973-2d9a530e6442,NVIDIA B200,941.11,1000.0,100.0,15.0,2916.0,179709.0,183359.0,1965.0,3996.0,1965.0,62.0,P0,0,0,Not Active,Not Active,Not Active,Not Active,Not Active,Not Active,151.199,True,6932556715516.0,8406393829084.0
2026-07-31T02:10:33.002150,2026/07/31 02:10:32.940,0,GPU-2c3c1aab-4401-c49f-e973-2d9a530e6442,NVIDIA B200,941.42,1000.0,100.0,15.0,2916.0,179709.0,183359.0,1965.0,3996.0,1965.0,62.0,P0,0,0,Not Active,Not Active,Not Active,Not Active,Not Active,Not Active,145.817,True,6932556715516.0,8406393829084.0
2026-07-31T02:10:33.147533,2026/07/31 02:10:33.089,0,GPU-2c3c1aab-4401-c49f-e973-2d9a530e6442,NVIDIA B200,941.89,1000.0,100.0,15.0,2916.0,179709.0,183359.0,1965.0,3996.0,1965.0,62.0,P0,0,0,Not Active,Not Active,Not Active,Not Active,Not Active,Not Active,143.436,True,6932556715516.0,8406393829084.0
2026-07-31T02:10:33.408869,2026/07/31 02:10:33.258,0,GPU-2c3c1aab-4401-c49f-e973-2d9a530e6442,NVIDIA B200,942.11,1000.0,100.0,15.0,2916.0,179709.0,183359.0,1965.0,3996.0,1965.0,62.0,P0,0,0,Not Active,Not Active,Not Active,Not Active,Not Active,Not Active,151.508,True,6932556715516.0,8406393829084.0
2026-07-31T02:10:33.725954,2026/07/31 02:10:33.648,0,GPU-2c3c1aab-4401-c49f-e973-2d9a530e6442,NVIDIA B200,942.03,1000.0,100.0,15.0,2916.0,179709.0,183359.0,1965.0,3996.0,1965.0,61.0,P0,0,0,Not Active,Not Active,Not Active,Not Active,Not Active,Not Active,397.746,True,6932556715516.0,8406393829084.0
2026-07-31T02:10:33.867285,2026/07/31 02:10:33.811,0,GPU-2c3c1aab-4401-c49f-e973-2d9a530e6442,NVIDIA B200,932.19,1000.0,92.0,15.0,2916.0,179709.0,183359.0,1965.0,3996.0,1965.0,62.0,P0,0,0,Not Active,Not Active,Not Active,Not Active,Not Active,Not Active,177.314,True,6932556715516.0,8406393829084.0
2026-07-31T02:10:34.013821,2026/07/31 02:10:33.953,0,GPU-2c3c1aab-4401-c49f-e973-2d9a530e6442,NVIDIA B200,866.26,1000.0,92.0,15.0,2916.0,179709.0,183359.0,1965.0,3996.0,1965.0,55.0,P0,0,0,Not Active,Not Active,Not Active,Not Active,Not Active,Not Active,142.681,True,6932556715516.0,8406393829084.0
2026-07-31T02:10:34.155088,2026/07/31 02:10:34.098,0,GPU-2c3c1aab-4401-c49f-e973-2d9a530e6442,NVIDIA B200,737.18,1000.0,0.0,0.0,2916.0,179709.0,183359.0,1965.0,3996.0,1965.0,51.0,P0,0,0,Not Active,Not Active,Not Active,Not Active,Not Active,Not Active,145.559,True,6932556715516.0,8406393829084.0
2026-07-31T02:10:34.338595,2026/07/31 02:10:34.280,0,GPU-2c3c1aab-4401-c49f-e973-2d9a530e6442,NVIDIA B200,664.7,1000.0,0.0,0.0,2916.0,179709.0,183359.0,1965.0,3996.0,1965.0,50.0,P0,0,0,Not Active,Not Active,Not Active,Not Active,Not Active,Not Active,179.821,True,6932556715516.0,8406393829084.0
2026-07-31T02:10:34.479020,2026/07/31 02:10:34.425,0,GPU-2c3c1aab-4401-c49f-e973-2d9a530e6442,NVIDIA B200,530.01,1000.0,0.0,0.0,2916.0,179709.0,183359.0,1965.0,3996.0,1965.0,49.0,P0,0,0,Not Active,Not Active,Not Active,Not Active,Not Active,Not Active,147.445,True,6932556715516.0,8406393829084.0
2026-07-31T02:10:34.623879,2026/07/31 02:10:34.564,0,GPU-2c3c1aab-4401-c49f-e973-2d9a530e6442,NVIDIA B200,472.58,1000.0,0.0,0.0,2916.0,179709.0,183359.0,1965.0,3996.0,1965.0,49.0,P0,0,0,Not Active,Not Active,Not Active,Not Active,Not Active,Not Active,137.186,True,6932556715516.0,8406393829084.0
2026-07-31T02:10:34.766215,2026/07/31 02:10:34.711,0,GPU-2c3c1aab-4401-c49f-e973-2d9a530e6442,NVIDIA B200,327.95,1000.0,0.0,0.0,2916.0,179709.0,183359.0,1965.0,3996.0,1965.0,48.0,P0,0,0,Not Active,Not Active,Not Active,Not Active,Not Active,Not Active,147.79,True,6932556715516.0,8406393829084.0
2026-07-31T02:10:34.910665,2026/07/31 02:10:34.852,0,GPU-2c3c1aab-4401-c49f-e973-2d9a530e6442,NVIDIA B200,273.36,1000.0,0.0,0.0,2916.0,179709.0,183359.0,1965.0,3996.0,1965.0,48.0,P0,0,0,Not Active,Not Active,Not Active,Not Active,Not Active,Not Active,142.022,True,6932556715516.0,8406393829084.0
2026-07-31T02:10:35.051921,2026/07/31 02:10:34.997,0,GPU-2c3c1aab-4401-c49f-e973-2d9a530e6442,NVIDIA B200,267.04,1000.0,0.0,0.0,2916.0,179709.0,183359.0,1965.0,3996.0,1965.0,48.0,P0,0,0,Not Active,Not Active,Not Active,Not Active,Not Active,Not Active,142.488,True,6932556715516.0,8406393829084.0
2026-07-31T02:10:35.192682,2026/07/31 02:10:35.134,0,GPU-2c3c1aab-4401-c49f-e973-2d9a530e6442,NVIDIA B200,266.5,1000.0,0.0,0.0,2916.0,179709.0,183359.0,1965.0,3996.0,1965.0,48.0,P0,0,0,Not Active,Not Active,Not Active,Not Active,Not Active,Not Active,139.694,True,6932556715516.0,8406393829084.0
2026-07-31T02:10:35.331051,2026/07/31 02:10:35.273,0,GPU-2c3c1aab-4401-c49f-e973-2d9a530e6442,NVIDIA B200,266.18,1000.0,0.0,0.0,2916.0,179709.0,183359.0,1965.0,3996.0,1965.0,48.0,P0,0,0,Not Active,Not Active,Not Active,Not Active,Not Active,Not Active,139.405,True,6932556715516.0,8406393829084.0
2026-07-31T02:10:35.480234,2026/07/31 02:10:35.421,0,GPU-2c3c1aab-4401-c49f-e973-2d9a530e6442,NVIDIA B200,265.64,1000.0,0.0,0.0,2916.0,179709.0,183359.0,1965.0,3996.0,1965.0,47.0,P0,0,0,Not Active,Not Active,Not Active,Not Active,Not Active,Not Active,144.353,True,6932556715516.0,8406393829084.0
2026-07-31T02:10:35.642876,2026/07/31 02:10:35.589,0,GPU-2c3c1aab-4401-c49f-e973-2d9a530e6442,NVIDIA B200,265.14,1000.0,0.0,0.0,2916.0,179709.0,183359.0,1965.0,3996.0,1965.0,47.0,P0,0,0,Not Active,Not Active,Not Active,Not Active,Not Active,Not Active,168.354,True,6932556715516.0,8406393829084.0
2026-07-31T02:10:35.794653,2026/07/31 02:10:35.735,0,GPU-2c3c1aab-4401-c49f-e973-2d9a530e6442,NVIDIA B200,264.89,1000.0,0.0,0.0,2916.0,179709.0,183359.0,1965.0,3996.0,1965.0,47.0,P0,0,0,Not Active,Not Active,Not Active,Not Active,Not Active,Not Active,147.564,True,6932556715516.0,8406393829084.0
2026-07-31T02:10:35.944228,2026/07/31 02:10:35.884,0,GPU-2c3c1aab-4401-c49f-e973-2d9a530e6442,NVIDIA B200,264.54,1000.0,0.0,0.0,2916.0,179709.0,183359.0,1965.0,3996.0,1965.0,47.0,P0,0,0,Not Active,Not Active,Not Active,Not Active,Not Active,Not Active,147.701,True,6932556715516.0,8406393829084.0
2026-07-31T02:10:36.095059,2026/07/31 02:10:36.035,0,GPU-2c3c1aab-4401-c49f-e973-2d9a530e6442,NVIDIA B200,264.41,1000.0,0.0,0.0,2916.0,179709.0,183359.0,1965.0,3996.0,1965.0,47.0,P0,0,0,Not Active,Not Active,Not Active,Not Active,Not Active,Not Active,150.611,True,6932556715516.0,8406393829084.0
2026-07-31T02:10:36.242104,2026/07/31 02:10:36.182,0,GPU-2c3c1aab-4401-c49f-e973-2d9a530e6442,NVIDIA B200,264.16,1000.0,0.0,0.0,2916.0,179709.0,183359.0,1965.0,3996.0,1965.0,47.0,P0,0,0,Not Active,Not Active,Not Active,Not Active,Not Active,Not Active,148.596,True,6932556715516.0,8406393829084.0
2026-07-31T02:10:36.388383,2026/07/31 02:10:36.333,0,GPU-2c3c1aab-4401-c49f-e973-2d9a530e6442,NVIDIA B200,264.05,1000.0,0.0,0.0,2916.0,179709.0,183359.0,1965.0,3996.0,1965.0,47.0,P0,0,0,Not Active,Not Active,Not Active,Not Active,Not Active,Not Active,152.047,True,6932556715516.0,8406393829084.0
2026-07-31T02:10:36.533392,2026/07/31 02:10:36.474,0,GPU-2c3c1aab-4401-c49f-e973-2d9a530e6442,NVIDIA B200,263.95,1000.0,0.0,0.0,2916.0,179709.0,183359.0,1965.0,3996.0,1965.0,47.0,P0,0,0,Not Active,Not Active,Not Active,Not Active,Not Active,Not Active,141.543,True,6932556715516.0,8406393829084.0
2026-07-31T02:10:36.678249,2026/07/31 02:10:36.620,0,GPU-2c3c1aab-4401-c49f-e973-2d9a530e6442,NVIDIA B200,263.84,1000.0,0.0,0.0,2916.0,179709.0,183359.0,1965.0,3996.0,1965.0,47.0,P0,0,0,Not Active,Not Active,Not Active,Not Active,Not Active,Not Active,145.774,True,6932556715516.0,8406393829084.0
2026-07-31T02:10:36.824339,2026/07/31 02:10:36.765,0,GPU-2c3c1aab-4401-c49f-e973-2d9a530e6442,NVIDIA B200,263.75,1000.0,0.0,0.0,2916.0,179709.0,183359.0,1965.0,3996.0,1965.0,47.0,P0,0,0,Not Active,Not Active,Not Active,Not Active,Not Active,Not Active,143.27,True,6932556715516.0,8406393829084.0
2026-07-31T02:10:36.968157,2026/07/31 02:10:36.912,0,GPU-2c3c1aab-4401-c49f-e973-2d9a530e6442,NVIDIA B200,263.64,1000.0,0.0,0.0,2916.0,179709.0,183359.0,1965.0,3996.0,1965.0,46.0,P0,0,0,Not Active,Not Active,Not Active,Not Active,Not Active,Not Active,147.997,True,6932556715516.0,8406393829084.0
2026-07-31T02:10:37.111177,2026/07/31 02:10:37.054,0,GPU-2c3c1aab-4401-c49f-e973-2d9a530e6442,NVIDIA B200,263.59,1000.0,0.0,0.0,2916.0,179709.0,183359.0,1965.0,3996.0,1965.0,46.0,P0,0,0,Not Active,Not Active,Not Active,Not Active,Not Active,Not Active,142.094,True,6932556715516.0,8406393829084.0
2026-07-31T02:10:37.303045,2026/07/31 02:10:37.245,0,GPU-2c3c1aab-4401-c49f-e973-2d9a530e6442,NVIDIA B200,263.48,1000.0,0.0,0.0,2916.0,179709.0,183359.0,1965.0,3996.0,1965.0,46.0,P0,0,0,Not Active,Not Active,Not Active,Not Active,Not Active,Not Active,191.26,True,6932556715516.0,8406393829084.0
2026-07-31T02:10:37.514898,2026/07/31 02:10:37.391,0,GPU-2c3c1aab-4401-c49f-e973-2d9a530e6442,NVIDIA B200,263.39,1000.0,0.0,0.0,2916.0,179709.0,183359.0,1965.0,3996.0,1965.0,46.0,P0,0,0,Not Active,Not Active,Not Active,Not Active,Not Active,Not Active,144.312,True,6932556715516.0,8406393829084.0
2026-07-31T02:10:37.669883,2026/07/31 02:10:37.613,0,GPU-2c3c1aab-4401-c49f-e973-2d9a530e6442,NVIDIA B200,263.3,1000.0,0.0,0.0,2916.0,179709.0,183359.0,1965.0,3996.0,1965.0,46.0,P0,0,0,Not Active,Not Active,Not Active,Not Active,Not Active,Not Active,223.479,True,6932556715516.0,8406393829084.0
2026-07-31T02:10:37.821718,2026/07/31 02:10:37.761,0,GPU-2c3c1aab-4401-c49f-e973-2d9a530e6442,NVIDIA B200,263.21,1000.0,0.0,0.0,2916.0,179709.0,183359.0,1965.0,3996.0,1965.0,46.0,P0,0,0,Not Active,Not Active,Not Active,Not Active,Not Active,Not Active,146.358,True,6932556715516.0,8406393829084.0
2026-07-31T02:10:37.965147,2026/07/31 02:10:37.908,0,GPU-2c3c1aab-4401-c49f-e973-2d9a530e6442,NVIDIA B200,263.08,1000.0,0.0,0.0,2916.0,179709.0,183359.0,1965.0,3996.0,1965.0,46.0,P0,0,0,Not Active,Not Active,Not Active,Not Active,Not Active,Not Active,148.449,True,6932556715516.0,8406393829084.0
2026-07-31T02:10:38.112129,2026/07/31 02:10:38.053,0,GPU-2c3c1aab-4401-c49f-e973-2d9a530e6442,NVIDIA B200,263.0,1000.0,0.0,0.0,2916.0,179709.0,183359.0,1965.0,3996.0,1965.0,46.0,P0,0,0,Not Active,Not Active,Not Active,Not Active,Not Active,Not Active,145.099,True,6932556715516.0,8406393829084.0
2026-07-31T02:10:38.256065,2026/07/31 02:10:38.199,0,GPU-2c3c1aab-4401-c49f-e973-2d9a530e6442,NVIDIA B200,262.82,1000.0,0.0,0.0,2916.0,179709.0,183359.0,1965.0,3996.0,1965.0,46.0,P0,0,0,Not Active,Not Active,Not Active,Not Active,Not Active,Not Active,143.839,True,6932556715516.0,8406393829084.0
2026-07-31T02:10:38.396381,2026/07/31 02:10:38.340,0,GPU-2c3c1aab-4401-c49f-e973-2d9a530e6442,NVIDIA B200,262.7,1000.0,0.0,0.0,2916.0,179709.0,183359.0,1965.0,3996.0,1965.0,46.0,P0,0,0,Not Active,Not Active,Not Active,Not Active,Not Active,Not Active,146.128,True,6932556715516.0,8406393829084.0
2026-07-31T02:10:38.535524,2026/07/31 02:10:38.477,0,GPU-2c3c1aab-4401-c49f-e973-2d9a530e6442,NVIDIA B200,262.61,1000.0,0.0,0.0,2916.0,179709.0,183359.0,1965.0,3996.0,1965.0,46.0,P0,0,0,Not Active,Not Active,Not Active,Not Active,Not Active,Not Active,134.051,True,6932556715516.0,8406393829084.0
2026-07-31T02:10:38.891537,2026/07/31 02:10:38.691,0,GPU-2c3c1aab-4401-c49f-e973-2d9a530e6442,NVIDIA B200,262.39,1000.0,0.0,0.0,2916.0,179709.0,183359.0,1965.0,3996.0,1965.0,46.0,P0,0,0,Not Active,Not Active,Not Active,Not Active,Not Active,Not Active,211.671,True,6932556715516.0,8406393829084.0
2026-07-31T02:10:39.075103,2026/07/31 02:10:39.019,0,GPU-2c3c1aab-4401-c49f-e973-2d9a530e6442,NVIDIA B200,262.18,1000.0,0.0,0.0,2916.0,179709.0,183359.0,1965.0,3996.0,1965.0,46.0,P0,0,0,Not Active,Not Active,Not Active,Not Active,Not Active,Not Active,328.231,True,6932556715516.0,8406393829084.0
2026-07-31T02:10:39.254751,2026/07/31 02:10:39.164,0,GPU-2c3c1aab-4401-c49f-e973-2d9a530e6442,NVIDIA B200,262.14,1000.0,0.0,0.0,2916.0,179709.0,183359.0,1965.0,3996.0,1965.0,46.0,P0,0,0,Not Active,Not Active,Not Active,Not Active,Not Active,Not Active,147.952,True,6932556715516.0,8406393829084.0
2026-07-31T02:10:39.514134,2026/07/31 02:10:39.420,0,GPU-2c3c1aab-4401-c49f-e973-2d9a530e6442,NVIDIA B200,262.05,1000.0,0.0,0.0,2916.0,179709.0,183359.0,1965.0,3996.0,1965.0,45.0,P0,0,0,Not Active,Not Active,Not Active,Not Active,Not Active,Not Active,232.822,True,6932556715516.0,8406393829084.0
2026-07-31T02:10:39.688850,2026/07/31 02:10:39.631,0,GPU-2c3c1aab-4401-c49f-e973-2d9a530e6442,NVIDIA B200,261.98,1000.0,0.0,0.0,2916.0,179709.0,183359.0,1965.0,3996.0,1965.0,45.0,P0,0,0,Not Active,Not Active,Not Active,Not Active,Not Active,Not Active,233.482,True,6932556715516.0,8406393829084.0
2026-07-31T02:10:39.837166,2026/07/31 02:10:39.779,0,GPU-2c3c1aab-4401-c49f-e973-2d9a530e6442,NVIDIA B200,261.86,1000.0,0.0,0.0,2916.0,179709.0,183359.0,1965.0,3996.0,1965.0,45.0,P0,0,0,Not Active,Not Active,Not Active,Not Active,Not Active,Not Active,147.751,True,6932556715516.0,8406393829084.0
2026-07-31T02:10:39.979030,2026/07/31 02:10:39.923,0,GPU-2c3c1aab-4401-c49f-e973-2d9a530e6442,NVIDIA B200,261.76,1000.0,0.0,0.0,2916.0,179709.0,183359.0,1965.0,3996.0,1965.0,45.0,P0,0,0,Not Active,Not Active,Not Active,Not Active,Not Active,Not Active,143.618,True,6932556715516.0,8406393829084.0
2026-07-31T02:10:40.128642,2026/07/31 02:10:40.069,0,GPU-2c3c1aab-4401-c49f-e973-2d9a530e6442,NVIDIA B200,261.68,1000.0,0.0,0.0,2916.0,179709.0,183359.0,1965.0,3996.0,1965.0,45.0,P0,0,0,Not Active,Not Active,Not Active,Not Active,Not Active,Not Active,146.44,True,6932556715516.0,8406393829084.0
2026-07-31T02:10:40.268913,2026/07/31 02:10:40.211,0,GPU-2c3c1aab-4401-c49f-e973-2d9a530e6442,NVIDIA B200,261.52,1000.0,0.0,0.0,2916.0,179709.0,183359.0,1965.0,3996.0,1965.0,45.0,P0,0,0,Not Active,Not Active,Not Active,Not Active,Not Active,Not Active,140.467,True,6932556715516.0,8406393829084.0
2026-07-31T02:10:40.414286,2026/07/31 02:10:40.356,0,GPU-2c3c1aab-4401-c49f-e973-2d9a530e6442,NVIDIA B200,261.42,1000.0,0.0,0.0,2916.0,179709.0,183359.0,1965.0,3996.0,1965.0,45.0,P0,0,0,Not Active,Not Active,Not Active,Not Active,Not Active,Not Active,145.455,True,6932556715516.0,8406393829084.0
2026-07-31T02:10:40.558574,2026/07/31 02:10:40.502,0,GPU-2c3c1aab-4401-c49f-e973-2d9a530e6442,NVIDIA B200,261.22,1000.0,0.0,0.0,2916.0,179709.0,183359.0,1965.0,3996.0,1965.0,45.0,P0,0,0,Not Active,Not Active,Not Active,Not Active,Not Active,Not Active,145.945,True,6932556715516.0,8406393829084.0
2026-07-31T02:10:40.705445,2026/07/31 02:10:40.645,0,GPU-2c3c1aab-4401-c49f-e973-2d9a530e6442,NVIDIA B200,261.15,1000.0,0.0,0.0,2916.0,179709.0,183359.0,1965.0,3996.0,1965.0,45.0,P0,0,0,Not Active,Not Active,Not Active,Not Active,Not Active,Not Active,144.167,True,6932556715516.0,8406393829084.0
2026-07-31T02:10:40.849559,2026/07/31 02:10:40.791,0,GPU-2c3c1aab-4401-c49f-e973-2d9a530e6442,NVIDIA B200,260.98,1000.0,0.0,0.0,2916.0,179709.0,183359.0,1965.0,3996.0,1965.0,45.0,P0,0,0,Not Active,Not Active,Not Active,Not Active,Not Active,Not Active,144.134,True,6932556715516.0,8406393829084.0
2026-07-31T02:10:40.991928,2026/07/31 02:10:40.935,0,GPU-2c3c1aab-4401-c49f-e973-2d9a530e6442,NVIDIA B200,260.95,1000.0,0.0,0.0,2916.0,179709.0,183359.0,1965.0,3996.0,1965.0,45.0,P0,0,0,Not Active,Not Active,Not Active,Not Active,Not Active,Not Active,146.06,True,6932556715516.0,8406393829084.0
2026-07-31T02:10:41.138915,2026/07/31 02:10:41.080,0,GPU-2c3c1aab-4401-c49f-e973-2d9a530e6442,NVIDIA B200,260.89,1000.0,0.0,0.0,2916.0,179709.0,183359.0,1965.0,3996.0,1965.0,45.0,P0,0,0,Not Active,Not Active,Not Active,Not Active,Not Active,Not Active,144.518,True,6932556715516.0,8406393829084.0
2026-07-31T02:10:41.277938,2026/07/31 02:10:41.222,0,GPU-2c3c1aab-4401-c49f-e973-2d9a530e6442,NVIDIA B200,260.74,1000.0,0.0,0.0,2916.0,179709.0,183359.0,1965.0,3996.0,1965.0,45.0,P0,0,0,Not Active,Not Active,Not Active,Not Active,Not Active,Not Active,142.54,True,6932556715516.0,8406393829084.0
2026-07-31T02:10:41.431956,2026/07/31 02:10:41.369,0,GPU-2c3c1aab-4401-c49f-e973-2d9a530e6442,NVIDIA B200,260.68,1000.0,0.0,0.0,2916.0,179709.0,183359.0,1965.0,3996.0,1965.0,45.0,P0,0,0,Not Active,Not Active,Not Active,Not Active,Not Active,Not Active,146.417,True,6932556715516.0,8406393829084.0
2026-07-31T02:10:41.591071,2026/07/31 02:10:41.523,0,GPU-2c3c1aab-4401-c49f-e973-2d9a530e6442,NVIDIA B200,260.62,1000.0,0.0,0.0,2916.0,179709.0,183359.0,1965.0,3996.0,1965.0,45.0,P0,0,0,Not Active,Not Active,Not Active,Not Active,Not Active,Not Active,154.204,True,6932556715516.0,8406393829084.0
